key,ideaA,ideaB,persona,system_prompt,user_prompt,metadata
"('chinesephilosophy', 'taoism')",taoism,chinese philosophy,novice,v1,v1,"{""model"": null, ""temperature"": null, ""date"": ""2025-09-17T01:47:42.718437+00:00"", ""prompt_version"": ""v1"", ""persona"": ""novice""}"
"('chinesephilosophy', 'taoism')",taoism,chinese philosophy,course_taker,v1,v1,"{""model"": null, ""temperature"": null, ""date"": ""2025-09-17T01:47:42.718721+00:00"", ""prompt_version"": ""v1"", ""persona"": ""course_taker""}"
"('chinesephilosophy', 'taoism')",taoism,chinese philosophy,phd,v1,v1,"{""model"": null, ""temperature"": null, ""date"": ""2025-09-17T01:47:42.718807+00:00"", ""prompt_version"": ""v1"", ""persona"": ""phd""}"
"('chinesephilosophy', 'taoism')",taoism,chinese philosophy,expert,v1,v1,"{""model"": null, ""temperature"": null, ""date"": ""2025-09-17T01:47:42.718883+00:00"", ""prompt_version"": ""v1"", ""persona"": ""expert""}"
"('meaning', 'philosophyoflanguage')",philosophy of language,meaning,novice,v1,v1,"{""model"": null, ""temperature"": null, ""date"": ""2025-09-17T01:47:42.718960+00:00"", ""prompt_version"": ""v1"", ""persona"": ""novice""}"
"('meaning', 'philosophyoflanguage')",philosophy of language,meaning,course_taker,v1,v1,"{""model"": null, ""temperature"": null, ""date"": ""2025-09-17T01:47:42.718998+00:00"", ""prompt_version"": ""v1"", ""persona"": ""course_taker""}"
"('meaning', 'philosophyoflanguage')",philosophy of language,meaning,phd,v1,v1,"{""model"": null, ""temperature"": null, ""date"": ""2025-09-17T01:47:42.719036+00:00"", ""prompt_version"": ""v1"", ""persona"": ""phd""}"
"('meaning', 'philosophyoflanguage')",philosophy of language,meaning,expert,v1,v1,"{""model"": null, ""temperature"": null, ""date"": ""2025-09-17T01:47:42.719071+00:00"", ""prompt_version"": ""v1"", ""persona"": ""expert""}"
"('philosophyofscience', 'philosophyofscienceandthesciences')",philosophy of science and the sciences,philosophy of science,novice,v1,v1,"{""model"": null, ""temperature"": null, ""date"": ""2025-09-17T01:47:42.719137+00:00"", ""prompt_version"": ""v1"", ""persona"": ""novice""}"
"('philosophyofscience', 'philosophyofscienceandthesciences')",philosophy of science and the sciences,philosophy of science,phd,v1,v1,"{""model"": null, ""temperature"": null, ""date"": ""2025-09-17T01:47:42.719174+00:00"", ""prompt_version"": ""v1"", ""persona"": ""phd""}"
"('philosophyofscience', 'philosophyofscienceandthesciences')",philosophy of science and the sciences,philosophy of science,expert,v1,v1,"{""model"": null, ""temperature"": null, ""date"": ""2025-09-17T01:47:42.719210+00:00"", ""prompt_version"": ""v1"", ""persona"": ""expert""}"
"('epistemology', 'epistemologyofscience')",epistemology,epistemology of science,course_taker,v1,v1,"{""model"": null, ""temperature"": null, ""date"": ""2025-09-17T01:47:42.719273+00:00"", ""prompt_version"": ""v1"", ""persona"": ""course_taker""}"
"('epistemology', 'epistemologyofscience')",epistemology,epistemology of science,phd,v1,v1,"{""model"": null, ""temperature"": null, ""date"": ""2025-09-17T01:47:42.719308+00:00"", ""prompt_version"": ""v1"", ""persona"": ""phd""}"
"('epistemology', 'epistemologyofscience')",epistemology,epistemology of science,expert,v1,v1,"{""model"": null, ""temperature"": null, ""date"": ""2025-09-17T01:47:42.719341+00:00"", ""prompt_version"": ""v1"", ""persona"": ""expert""}"
"('metaphysics', 'substance')",metaphysics,substance,course_taker,v1,v1,"{""model"": null, ""temperature"": null, ""date"": ""2025-09-17T01:47:42.719402+00:00"", ""prompt_version"": ""v1"", ""persona"": ""course_taker""}"
"('metaphysics', 'substance')",metaphysics,substance,phd,v1,v1,"{""model"": null, ""temperature"": null, ""date"": ""2025-09-17T01:47:42.719435+00:00"", ""prompt_version"": ""v1"", ""persona"": ""phd""}"
"('metaphysics', 'substance')",metaphysics,substance,expert,v1,v1,"{""model"": null, ""temperature"": null, ""date"": ""2025-09-17T01:47:42.719467+00:00"", ""prompt_version"": ""v1"", ""persona"": ""expert""}"
"('philosophyofbiology', 'philosophyofscienceandthesciences')",philosophy of science and the sciences,philosophy of biology,novice,v1,v1,"{""model"": null, ""temperature"": null, ""date"": ""2025-09-17T01:47:42.719523+00:00"", ""prompt_version"": ""v1"", ""persona"": ""novice""}"
"('philosophyofbiology', 'philosophyofscienceandthesciences')",philosophy of science and the sciences,philosophy of biology,phd,v1,v1,"{""model"": null, ""temperature"": null, ""date"": ""2025-09-17T01:47:42.719555+00:00"", ""prompt_version"": ""v1"", ""persona"": ""phd""}"
"('philosophyofbiology', 'philosophyofscienceandthesciences')",philosophy of science and the sciences,philosophy of biology,expert,v1,v1,"{""model"": null, ""temperature"": null, ""date"": ""2025-09-17T01:47:42.719587+00:00"", ""prompt_version"": ""v1"", ""persona"": ""expert""}"
"('artificialintelligence', 'neuralnetwork')",artificial intelligence,neural network,course_taker,v1,v1,"{""model"": null, ""temperature"": null, ""date"": ""2025-09-17T01:47:42.719649+00:00"", ""prompt_version"": ""v1"", ""persona"": ""course_taker""}"
"('artificialintelligence', 'neuralnetwork')",artificial intelligence,neural network,phd,v1,v1,"{""model"": null, ""temperature"": null, ""date"": ""2025-09-17T01:47:42.719681+00:00"", ""prompt_version"": ""v1"", ""persona"": ""phd""}"
"('artificialintelligence', 'neuralnetwork')",artificial intelligence,neural network,expert,v1,v1,"{""model"": null, ""temperature"": null, ""date"": ""2025-09-17T01:47:42.719712+00:00"", ""prompt_version"": ""v1"", ""persona"": ""expert""}"
"('epistemology', 'moralepistemologyandmoralreasoning')",epistemology,moral epistemology and moral reasoning,novice,v1,v1,"{""model"": null, ""temperature"": null, ""date"": ""2025-09-17T01:47:42.719766+00:00"", ""prompt_version"": ""v1"", ""persona"": ""novice""}"
"('epistemology', 'moralepistemologyandmoralreasoning')",epistemology,moral epistemology and moral reasoning,phd,v1,v1,"{""model"": null, ""temperature"": null, ""date"": ""2025-09-17T01:47:42.719798+00:00"", ""prompt_version"": ""v1"", ""persona"": ""phd""}"
"('epistemology', 'moralepistemologyandmoralreasoning')",epistemology,moral epistemology and moral reasoning,expert,v1,v1,"{""model"": null, ""temperature"": null, ""date"": ""2025-09-17T01:47:42.719829+00:00"", ""prompt_version"": ""v1"", ""persona"": ""expert""}"
"('revisiontheoryoftruth', 'truth')",revision theory of truth,truth,course_taker,v1,v1,"{""model"": null, ""temperature"": null, ""date"": ""2025-09-17T01:47:42.719892+00:00"", ""prompt_version"": ""v1"", ""persona"": ""course_taker""}"
"('revisiontheoryoftruth', 'truth')",revision theory of truth,truth,phd,v1,v1,"{""model"": null, ""temperature"": null, ""date"": ""2025-09-17T01:47:42.719924+00:00"", ""prompt_version"": ""v1"", ""persona"": ""phd""}"
"('revisiontheoryoftruth', 'truth')",revision theory of truth,truth,expert,v1,v1,"{""model"": null, ""temperature"": null, ""date"": ""2025-09-17T01:47:42.719954+00:00"", ""prompt_version"": ""v1"", ""persona"": ""expert""}"
"('philosophyofreligion', 'religion')",philosophy of religion,religion,course_taker,v1,v1,"{""model"": null, ""temperature"": null, ""date"": ""2025-09-17T01:47:42.720014+00:00"", ""prompt_version"": ""v1"", ""persona"": ""course_taker""}"
"('philosophyofreligion', 'religion')",philosophy of religion,religion,phd,v1,v1,"{""model"": null, ""temperature"": null, ""date"": ""2025-09-17T01:47:42.720046+00:00"", ""prompt_version"": ""v1"", ""persona"": ""phd""}"
"('philosophyofreligion', 'religion')",philosophy of religion,religion,expert,v1,v1,"{""model"": null, ""temperature"": null, ""date"": ""2025-09-17T01:47:42.720085+00:00"", ""prompt_version"": ""v1"", ""persona"": ""expert""}"
"('artificialintelligence', 'thinkingmachine')",thinking machine,artificial intelligence,course_taker,v1,v1,"{""model"": null, ""temperature"": null, ""date"": ""2025-09-17T01:47:42.720139+00:00"", ""prompt_version"": ""v1"", ""persona"": ""course_taker""}"
"('artificialintelligence', 'thinkingmachine')",thinking machine,artificial intelligence,phd,v1,v1,"{""model"": null, ""temperature"": null, ""date"": ""2025-09-17T01:47:42.720171+00:00"", ""prompt_version"": ""v1"", ""persona"": ""phd""}"
"('artificialintelligence', 'thinkingmachine')",thinking machine,artificial intelligence,expert,v1,v1,"{""model"": null, ""temperature"": null, ""date"": ""2025-09-17T01:47:42.720250+00:00"", ""prompt_version"": ""v1"", ""persona"": ""expert""}"
"('belief', 'philosophyofreligion')",philosophy of religion,belief,course_taker,v1,v1,"{""model"": null, ""temperature"": null, ""date"": ""2025-09-17T01:47:42.720305+00:00"", ""prompt_version"": ""v1"", ""persona"": ""course_taker""}"
"('belief', 'philosophyofreligion')",philosophy of religion,belief,phd,v1,v1,"{""model"": null, ""temperature"": null, ""date"": ""2025-09-17T01:47:42.720336+00:00"", ""prompt_version"": ""v1"", ""persona"": ""phd""}"
"('belief', 'philosophyofreligion')",philosophy of religion,belief,expert,v1,v1,"{""model"": null, ""temperature"": null, ""date"": ""2025-09-17T01:47:42.720366+00:00"", ""prompt_version"": ""v1"", ""persona"": ""expert""}"
"('chinesephilosophy', 'daoism')",chinese philosophy,daoism,course_taker,v1,v1,"{""model"": null, ""temperature"": null, ""date"": ""2025-09-17T01:47:42.720420+00:00"", ""prompt_version"": ""v1"", ""persona"": ""course_taker""}"
"('chinesephilosophy', 'daoism')",chinese philosophy,daoism,phd,v1,v1,"{""model"": null, ""temperature"": null, ""date"": ""2025-09-17T01:47:42.720451+00:00"", ""prompt_version"": ""v1"", ""persona"": ""phd""}"
"('chinesephilosophy', 'daoism')",chinese philosophy,daoism,expert,v1,v1,"{""model"": null, ""temperature"": null, ""date"": ""2025-09-17T01:47:42.720481+00:00"", ""prompt_version"": ""v1"", ""persona"": ""expert""}"
"('artificialintelligence', 'philosophyofcomputerscience')",artificial intelligence,philosophy of computer science,course_taker,v1,v1,"{""model"": null, ""temperature"": null, ""date"": ""2025-09-17T01:47:42.720534+00:00"", ""prompt_version"": ""v1"", ""persona"": ""course_taker""}"
"('artificialintelligence', 'philosophyofcomputerscience')",artificial intelligence,philosophy of computer science,phd,v1,v1,"{""model"": null, ""temperature"": null, ""date"": ""2025-09-17T01:47:42.720566+00:00"", ""prompt_version"": ""v1"", ""persona"": ""phd""}"
"('artificialintelligence', 'philosophyofcomputerscience')",artificial intelligence,philosophy of computer science,expert,v1,v1,"{""model"": null, ""temperature"": null, ""date"": ""2025-09-17T01:47:42.720597+00:00"", ""prompt_version"": ""v1"", ""persona"": ""expert""}"
"('cognitivescience', 'philosophyofscience')",cognitive science,philosophy of science,course_taker,v1,v1,"{""model"": null, ""temperature"": null, ""date"": ""2025-09-17T01:47:42.720651+00:00"", ""prompt_version"": ""v1"", ""persona"": ""course_taker""}"
"('cognitivescience', 'philosophyofscience')",cognitive science,philosophy of science,phd,v1,v1,"{""model"": null, ""temperature"": null, ""date"": ""2025-09-17T01:47:42.720682+00:00"", ""prompt_version"": ""v1"", ""persona"": ""phd""}"
"('cognitivescience', 'philosophyofscience')",cognitive science,philosophy of science,expert,v1,v1,"{""model"": null, ""temperature"": null, ""date"": ""2025-09-17T01:47:42.720713+00:00"", ""prompt_version"": ""v1"", ""persona"": ""expert""}"
"('philosophyofreligion', 'religiousdiversity')",philosophy of religion,religious diversity,course_taker,v1,v1,"{""model"": null, ""temperature"": null, ""date"": ""2025-09-17T01:47:42.720766+00:00"", ""prompt_version"": ""v1"", ""persona"": ""course_taker""}"
"('philosophyofreligion', 'religiousdiversity')",philosophy of religion,religious diversity,phd,v1,v1,"{""model"": null, ""temperature"": null, ""date"": ""2025-09-17T01:47:42.720797+00:00"", ""prompt_version"": ""v1"", ""persona"": ""phd""}"
"('philosophyofreligion', 'religiousdiversity')",philosophy of religion,religious diversity,expert,v1,v1,"{""model"": null, ""temperature"": null, ""date"": ""2025-09-17T01:47:42.720828+00:00"", ""prompt_version"": ""v1"", ""persona"": ""expert""}"
"('cognitivescience', 'mind')",cognitive science,mind,course_taker,v1,v1,"{""model"": null, ""temperature"": null, ""date"": ""2025-09-17T01:47:42.720882+00:00"", ""prompt_version"": ""v1"", ""persona"": ""course_taker""}"
"('cognitivescience', 'mind')",cognitive science,mind,phd,v1,v1,"{""model"": null, ""temperature"": null, ""date"": ""2025-09-17T01:47:42.720913+00:00"", ""prompt_version"": ""v1"", ""persona"": ""phd""}"
"('cognitivescience', 'mind')",cognitive science,mind,expert,v1,v1,"{""model"": null, ""temperature"": null, ""date"": ""2025-09-17T01:47:42.720942+00:00"", ""prompt_version"": ""v1"", ""persona"": ""expert""}"
"('japaneseconfucianphilosophy', 'japanesephilosophy')",japanese confucian philosophy,japanese philosophy,novice,v1,v1,"{""model"": null, ""temperature"": null, ""date"": ""2025-09-17T01:47:42.720995+00:00"", ""prompt_version"": ""v1"", ""persona"": ""novice""}"
"('japaneseconfucianphilosophy', 'japanesephilosophy')",japanese confucian philosophy,japanese philosophy,phd,v1,v1,"{""model"": null, ""temperature"": null, ""date"": ""2025-09-17T01:47:42.721027+00:00"", ""prompt_version"": ""v1"", ""persona"": ""phd""}"
"('japaneseconfucianphilosophy', 'japanesephilosophy')",japanese confucian philosophy,japanese philosophy,expert,v1,v1,"{""model"": null, ""temperature"": null, ""date"": ""2025-09-17T01:47:42.721057+00:00"", ""prompt_version"": ""v1"", ""persona"": ""expert""}"
"('artificialintelligence', 'logicandartificialintelligence')",artificial intelligence,logic and artificial intelligence,course_taker,v1,v1,"{""model"": null, ""temperature"": null, ""date"": ""2025-09-17T01:47:42.721111+00:00"", ""prompt_version"": ""v1"", ""persona"": ""course_taker""}"
"('artificialintelligence', 'logicandartificialintelligence')",artificial intelligence,logic and artificial intelligence,phd,v1,v1,"{""model"": null, ""temperature"": null, ""date"": ""2025-09-17T01:47:42.721144+00:00"", ""prompt_version"": ""v1"", ""persona"": ""phd""}"
"('artificialintelligence', 'logicandartificialintelligence')",artificial intelligence,logic and artificial intelligence,expert,v1,v1,"{""model"": null, ""temperature"": null, ""date"": ""2025-09-17T01:47:42.721175+00:00"", ""prompt_version"": ""v1"", ""persona"": ""expert""}"
"('cognitivescience', 'philosophyofmind')",cognitive science,philosophy of mind,course_taker,v1,v1,"{""model"": null, ""temperature"": null, ""date"": ""2025-09-17T01:47:42.721236+00:00"", ""prompt_version"": ""v1"", ""persona"": ""course_taker""}"
"('cognitivescience', 'philosophyofmind')",cognitive science,philosophy of mind,phd,v1,v1,"{""model"": null, ""temperature"": null, ""date"": ""2025-09-17T01:47:42.721267+00:00"", ""prompt_version"": ""v1"", ""persona"": ""phd""}"
"('cognitivescience', 'philosophyofmind')",cognitive science,philosophy of mind,expert,v1,v1,"{""model"": null, ""temperature"": null, ""date"": ""2025-09-17T01:47:42.721298+00:00"", ""prompt_version"": ""v1"", ""persona"": ""expert""}"
"('philosophyofmathematics', 'philosophyofscienceandthesciences')",philosophy of science and the sciences,philosophy of mathematics,course_taker,v1,v1,"{""model"": null, ""temperature"": null, ""date"": ""2025-09-17T01:47:42.721351+00:00"", ""prompt_version"": ""v1"", ""persona"": ""course_taker""}"
"('philosophyofmathematics', 'philosophyofscienceandthesciences')",philosophy of science and the sciences,philosophy of mathematics,phd,v1,v1,"{""model"": null, ""temperature"": null, ""date"": ""2025-09-17T01:47:42.721383+00:00"", ""prompt_version"": ""v1"", ""persona"": ""phd""}"
"('philosophyofmathematics', 'philosophyofscienceandthesciences')",philosophy of science and the sciences,philosophy of mathematics,expert,v1,v1,"{""model"": null, ""temperature"": null, ""date"": ""2025-09-17T01:47:42.721415+00:00"", ""prompt_version"": ""v1"", ""persona"": ""expert""}"
"('cognitivescience', 'connectionism')",connectionism,cognitive science,course_taker,v1,v1,"{""model"": null, ""temperature"": null, ""date"": ""2025-09-17T01:47:42.721469+00:00"", ""prompt_version"": ""v1"", ""persona"": ""course_taker""}"
"('cognitivescience', 'connectionism')",connectionism,cognitive science,phd,v1,v1,"{""model"": null, ""temperature"": null, ""date"": ""2025-09-17T01:47:42.721528+00:00"", ""prompt_version"": ""v1"", ""persona"": ""phd""}"
"('cognitivescience', 'connectionism')",connectionism,cognitive science,expert,v1,v1,"{""model"": null, ""temperature"": null, ""date"": ""2025-09-17T01:47:42.721559+00:00"", ""prompt_version"": ""v1"", ""persona"": ""expert""}"
"('feministphilosophyofreligion', 'philosophyofreligion')",philosophy of religion,feminist philosophy of religion,course_taker,v1,v1,"{""model"": null, ""temperature"": null, ""date"": ""2025-09-17T01:47:42.721612+00:00"", ""prompt_version"": ""v1"", ""persona"": ""course_taker""}"
"('feministphilosophyofreligion', 'philosophyofreligion')",philosophy of religion,feminist philosophy of religion,phd,v1,v1,"{""model"": null, ""temperature"": null, ""date"": ""2025-09-17T01:47:42.721644+00:00"", ""prompt_version"": ""v1"", ""persona"": ""phd""}"
"('feministphilosophyofreligion', 'philosophyofreligion')",philosophy of religion,feminist philosophy of religion,expert,v1,v1,"{""model"": null, ""temperature"": null, ""date"": ""2025-09-17T01:47:42.721675+00:00"", ""prompt_version"": ""v1"", ""persona"": ""expert""}"
"('philosophyofreligion', 'religionandscience')",philosophy of religion,religion and science,course_taker,v1,v1,"{""model"": null, ""temperature"": null, ""date"": ""2025-09-17T01:47:42.721728+00:00"", ""prompt_version"": ""v1"", ""persona"": ""course_taker""}"
"('philosophyofreligion', 'religionandscience')",philosophy of religion,religion and science,phd,v1,v1,"{""model"": null, ""temperature"": null, ""date"": ""2025-09-17T01:47:42.721759+00:00"", ""prompt_version"": ""v1"", ""persona"": ""phd""}"
"('philosophyofreligion', 'religionandscience')",philosophy of religion,religion and science,expert,v1,v1,"{""model"": null, ""temperature"": null, ""date"": ""2025-09-17T01:47:42.721789+00:00"", ""prompt_version"": ""v1"", ""persona"": ""expert""}"
"('chinesebuddhism', 'chinesephilosophy')",chinese buddhism,chinese philosophy,novice,v1,v1,"{""model"": null, ""temperature"": null, ""date"": ""2025-09-17T01:47:42.721842+00:00"", ""prompt_version"": ""v1"", ""persona"": ""novice""}"
"('chinesebuddhism', 'chinesephilosophy')",chinese buddhism,chinese philosophy,phd,v1,v1,"{""model"": null, ""temperature"": null, ""date"": ""2025-09-17T01:47:42.721873+00:00"", ""prompt_version"": ""v1"", ""persona"": ""phd""}"
"('chinesebuddhism', 'chinesephilosophy')",chinese buddhism,chinese philosophy,expert,v1,v1,"{""model"": null, ""temperature"": null, ""date"": ""2025-09-17T01:47:42.721903+00:00"", ""prompt_version"": ""v1"", ""persona"": ""expert""}"
"('cognitivescience', 'philosophyofpsychology')",cognitive science,philosophy of psychology,course_taker,v1,v1,"{""model"": null, ""temperature"": null, ""date"": ""2025-09-17T01:47:42.721956+00:00"", ""prompt_version"": ""v1"", ""persona"": ""course_taker""}"
"('cognitivescience', 'philosophyofpsychology')",cognitive science,philosophy of psychology,phd,v1,v1,"{""model"": null, ""temperature"": null, ""date"": ""2025-09-17T01:47:42.721987+00:00"", ""prompt_version"": ""v1"", ""persona"": ""phd""}"
"('cognitivescience', 'philosophyofpsychology')",cognitive science,philosophy of psychology,expert,v1,v1,"{""model"": null, ""temperature"": null, ""date"": ""2025-09-17T01:47:42.722017+00:00"", ""prompt_version"": ""v1"", ""persona"": ""expert""}"
"('cognitivescience', 'representation')",cognitive science,representation,course_taker,v1,v1,"{""model"": null, ""temperature"": null, ""date"": ""2025-09-17T01:47:42.722071+00:00"", ""prompt_version"": ""v1"", ""persona"": ""course_taker""}"
"('cognitivescience', 'representation')",cognitive science,representation,phd,v1,v1,"{""model"": null, ""temperature"": null, ""date"": ""2025-09-17T01:47:42.722101+00:00"", ""prompt_version"": ""v1"", ""persona"": ""phd""}"
"('cognitivescience', 'representation')",cognitive science,representation,expert,v1,v1,"{""model"": null, ""temperature"": null, ""date"": ""2025-09-17T01:47:42.722131+00:00"", ""prompt_version"": ""v1"", ""persona"": ""expert""}"
"('philosophyofscienceandthesciences', 'probabilityandstatistics')",philosophy of science and the sciences,probability and statistics,novice,v1,v1,"{""model"": null, ""temperature"": null, ""date"": ""2025-09-17T01:47:42.722194+00:00"", ""prompt_version"": ""v1"", ""persona"": ""novice""}"
"('philosophyofscienceandthesciences', 'probabilityandstatistics')",philosophy of science and the sciences,probability and statistics,phd,v1,v1,"{""model"": null, ""temperature"": null, ""date"": ""2025-09-17T01:47:42.722229+00:00"", ""prompt_version"": ""v1"", ""persona"": ""phd""}"
"('philosophyofscienceandthesciences', 'probabilityandstatistics')",philosophy of science and the sciences,probability and statistics,expert,v1,v1,"{""model"": null, ""temperature"": null, ""date"": ""2025-09-17T01:47:42.722260+00:00"", ""prompt_version"": ""v1"", ""persona"": ""expert""}"
"('artificialintelligence', 'logic')",artificial intelligence,logic,course_taker,v1,v1,"{""model"": null, ""temperature"": null, ""date"": ""2025-09-17T01:47:42.722314+00:00"", ""prompt_version"": ""v1"", ""persona"": ""course_taker""}"
"('artificialintelligence', 'logic')",artificial intelligence,logic,phd,v1,v1,"{""model"": null, ""temperature"": null, ""date"": ""2025-09-17T01:47:42.722345+00:00"", ""prompt_version"": ""v1"", ""persona"": ""phd""}"
"('artificialintelligence', 'logic')",artificial intelligence,logic,expert,v1,v1,"{""model"": null, ""temperature"": null, ""date"": ""2025-09-17T01:47:42.722374+00:00"", ""prompt_version"": ""v1"", ""persona"": ""expert""}"
"('bioethics', 'biomedicalethics')",biomedical ethics,bioethics,phd,v1,v1,"{""model"": null, ""temperature"": null, ""date"": ""2025-09-17T01:47:42.722427+00:00"", ""prompt_version"": ""v1"", ""persona"": ""phd""}"
"('bioethics', 'biomedicalethics')",biomedical ethics,bioethics,expert,v1,v1,"{""model"": null, ""temperature"": null, ""date"": ""2025-09-17T01:47:42.722457+00:00"", ""prompt_version"": ""v1"", ""persona"": ""expert""}"
"('mentalcontent', 'representation')",representation,mental content,phd,v1,v1,"{""model"": null, ""temperature"": null, ""date"": ""2025-09-17T01:47:42.722510+00:00"", ""prompt_version"": ""v1"", ""persona"": ""phd""}"
"('mentalcontent', 'representation')",representation,mental content,expert,v1,v1,"{""model"": null, ""temperature"": null, ""date"": ""2025-09-17T01:47:42.722542+00:00"", ""prompt_version"": ""v1"", ""persona"": ""expert""}"
"('cognitivescience', 'folkpsychology')",folk psychology,cognitive science,phd,v1,v1,"{""model"": null, ""temperature"": null, ""date"": ""2025-09-17T01:47:42.722595+00:00"", ""prompt_version"": ""v1"", ""persona"": ""phd""}"
"('cognitivescience', 'folkpsychology')",folk psychology,cognitive science,expert,v1,v1,"{""model"": null, ""temperature"": null, ""date"": ""2025-09-17T01:47:42.722626+00:00"", ""prompt_version"": ""v1"", ""persona"": ""expert""}"
"('aristotleonnoncontradiction', 'perception')",aristotle on non-contradiction,perception,phd,v1,v1,"{""model"": null, ""temperature"": null, ""date"": ""2025-09-17T01:47:42.722679+00:00"", ""prompt_version"": ""v1"", ""persona"": ""phd""}"
"('aristotleonnoncontradiction', 'perception')",aristotle on non-contradiction,perception,expert,v1,v1,"{""model"": null, ""temperature"": null, ""date"": ""2025-09-17T01:47:42.722709+00:00"", ""prompt_version"": ""v1"", ""persona"": ""expert""}"
"('epistemology', 'socialphilosophyandpoliticalphilosophy')",social philosophy and political philosophy,epistemology,phd,v1,v1,"{""model"": null, ""temperature"": null, ""date"": ""2025-09-17T01:47:42.723299+00:00"", ""prompt_version"": ""v1"", ""persona"": ""phd""}"
"('epistemology', 'socialphilosophyandpoliticalphilosophy')",social philosophy and political philosophy,epistemology,expert,v1,v1,"{""model"": null, ""temperature"": null, ""date"": ""2025-09-17T01:47:42.723337+00:00"", ""prompt_version"": ""v1"", ""persona"": ""expert""}"
"('epistemology', 'realism')",realism,epistemology,phd,v1,v1,"{""model"": null, ""temperature"": null, ""date"": ""2025-09-17T01:47:42.723421+00:00"", ""prompt_version"": ""v1"", ""persona"": ""phd""}"
"('epistemology', 'realism')",realism,epistemology,expert,v1,v1,"{""model"": null, ""temperature"": null, ""date"": ""2025-09-17T01:47:42.723459+00:00"", ""prompt_version"": ""v1"", ""persona"": ""expert""}"
"('epistemology', 'philosophiesoftheparticularsciences')",philosophies of the particular sciences,epistemology,phd,v1,v1,"{""model"": null, ""temperature"": null, ""date"": ""2025-09-17T01:47:42.723516+00:00"", ""prompt_version"": ""v1"", ""persona"": ""phd""}"
"('epistemology', 'philosophiesoftheparticularsciences')",philosophies of the particular sciences,epistemology,expert,v1,v1,"{""model"": null, ""temperature"": null, ""date"": ""2025-09-17T01:47:42.723547+00:00"", ""prompt_version"": ""v1"", ""persona"": ""expert""}"
"('metaphysics', 'realismandantirealism')",realism and anti-realism,metaphysics,phd,v1,v1,"{""model"": null, ""temperature"": null, ""date"": ""2025-09-17T01:47:42.723601+00:00"", ""prompt_version"": ""v1"", ""persona"": ""phd""}"
"('metaphysics', 'realismandantirealism')",realism and anti-realism,metaphysics,expert,v1,v1,"{""model"": null, ""temperature"": null, ""date"": ""2025-09-17T01:47:42.723631+00:00"", ""prompt_version"": ""v1"", ""persona"": ""expert""}"
"('einsteinsphilosophyofscience', 'philosophyofscienceandthesciences')",einstein's philosophy of science,philosophy of science and the sciences,phd,v1,v1,"{""model"": null, ""temperature"": null, ""date"": ""2025-09-17T01:47:42.723684+00:00"", ""prompt_version"": ""v1"", ""persona"": ""phd""}"
"('einsteinsphilosophyofscience', 'philosophyofscienceandthesciences')",einstein's philosophy of science,philosophy of science and the sciences,expert,v1,v1,"{""model"": null, ""temperature"": null, ""date"": ""2025-09-17T01:47:42.723716+00:00"", ""prompt_version"": ""v1"", ""persona"": ""expert""}"
"('medievaltheoriesofrelations', 'metaphysics')",medieval theories of relations,metaphysics,phd,v1,v1,"{""model"": null, ""temperature"": null, ""date"": ""2025-09-17T01:47:42.723770+00:00"", ""prompt_version"": ""v1"", ""persona"": ""phd""}"
"('medievaltheoriesofrelations', 'metaphysics')",medieval theories of relations,metaphysics,expert,v1,v1,"{""model"": null, ""temperature"": null, ""date"": ""2025-09-17T01:47:42.723801+00:00"", ""prompt_version"": ""v1"", ""persona"": ""expert""}"
"('epistemology', 'probability')",probability,epistemology,phd,v1,v1,"{""model"": null, ""temperature"": null, ""date"": ""2025-09-17T01:47:42.723854+00:00"", ""prompt_version"": ""v1"", ""persona"": ""phd""}"
"('epistemology', 'probability')",probability,epistemology,expert,v1,v1,"{""model"": null, ""temperature"": null, ""date"": ""2025-09-17T01:47:42.723884+00:00"", ""prompt_version"": ""v1"", ""persona"": ""expert""}"
"('epistemologicalproblemsoftestimony', 'epistemology')",epistemological problems of testimony,epistemology,phd,v1,v1,"{""model"": null, ""temperature"": null, ""date"": ""2025-09-17T01:47:42.723936+00:00"", ""prompt_version"": ""v1"", ""persona"": ""phd""}"
"('epistemologicalproblemsoftestimony', 'epistemology')",epistemological problems of testimony,epistemology,expert,v1,v1,"{""model"": null, ""temperature"": null, ""date"": ""2025-09-17T01:47:42.723967+00:00"", ""prompt_version"": ""v1"", ""persona"": ""expert""}"
"('epistemology', 'reliabilism')",reliabilism,epistemology,phd,v1,v1,"{""model"": null, ""temperature"": null, ""date"": ""2025-09-17T01:47:42.724020+00:00"", ""prompt_version"": ""v1"", ""persona"": ""phd""}"
"('epistemology', 'reliabilism')",reliabilism,epistemology,expert,v1,v1,"{""model"": null, ""temperature"": null, ""date"": ""2025-09-17T01:47:42.724050+00:00"", ""prompt_version"": ""v1"", ""persona"": ""expert""}"
"('connectionism', 'connectionistmodel')",connectionism,connectionist model,course_taker,v1,v1,"{""model"": null, ""temperature"": null, ""date"": ""2025-09-17T01:47:42.724103+00:00"", ""prompt_version"": ""v1"", ""persona"": ""course_taker""}"
"('connectionism', 'connectionistmodel')",connectionism,connectionist model,phd,v1,v1,"{""model"": null, ""temperature"": null, ""date"": ""2025-09-17T01:47:42.724134+00:00"", ""prompt_version"": ""v1"", ""persona"": ""phd""}"
"('japanesezenbuddhistphilosophy', 'philosophyofmind')",japanese zen buddhist philosophy,philosophy of mind,phd,v1,v1,"{""model"": null, ""temperature"": null, ""date"": ""2025-09-17T01:47:42.724187+00:00"", ""prompt_version"": ""v1"", ""persona"": ""phd""}"
"('japanesezenbuddhistphilosophy', 'philosophyofmind')",japanese zen buddhist philosophy,philosophy of mind,expert,v1,v1,"{""model"": null, ""temperature"": null, ""date"": ""2025-09-17T01:47:42.724218+00:00"", ""prompt_version"": ""v1"", ""persona"": ""expert""}"
"('autism', 'perception')",autism,perception,phd,v1,v1,"{""model"": null, ""temperature"": null, ""date"": ""2025-09-17T01:47:42.724271+00:00"", ""prompt_version"": ""v1"", ""persona"": ""phd""}"
"('autism', 'perception')",autism,perception,expert,v1,v1,"{""model"": null, ""temperature"": null, ""date"": ""2025-09-17T01:47:42.724308+00:00"", ""prompt_version"": ""v1"", ""persona"": ""expert""}"
"('internalismandexternalism', 'philosophyofmind')",internalism and externalism,philosophy of mind,phd,v1,v1,"{""model"": null, ""temperature"": null, ""date"": ""2025-09-17T01:47:42.724361+00:00"", ""prompt_version"": ""v1"", ""persona"": ""phd""}"
"('internalismandexternalism', 'philosophyofmind')",internalism and externalism,philosophy of mind,expert,v1,v1,"{""model"": null, ""temperature"": null, ""date"": ""2025-09-17T01:47:42.724392+00:00"", ""prompt_version"": ""v1"", ""persona"": ""expert""}"
"('knowledge', 'rationalismvsempiricism')",rationalism vs. empiricism,knowledge,phd,v1,v1,"{""model"": null, ""temperature"": null, ""date"": ""2025-09-17T01:47:42.724445+00:00"", ""prompt_version"": ""v1"", ""persona"": ""phd""}"
"('knowledge', 'rationalismvsempiricism')",rationalism vs. empiricism,knowledge,expert,v1,v1,"{""model"": null, ""temperature"": null, ""date"": ""2025-09-17T01:47:42.724475+00:00"", ""prompt_version"": ""v1"", ""persona"": ""expert""}"
"('higherordertheoriesofconsciousness', 'perception')",higher-order theories of consciousness,perception,phd,v1,v1,"{""model"": null, ""temperature"": null, ""date"": ""2025-09-17T01:47:42.724529+00:00"", ""prompt_version"": ""v1"", ""persona"": ""phd""}"
"('higherordertheoriesofconsciousness', 'perception')",higher-order theories of consciousness,perception,expert,v1,v1,"{""model"": null, ""temperature"": null, ""date"": ""2025-09-17T01:47:42.724559+00:00"", ""prompt_version"": ""v1"", ""persona"": ""expert""}"
"('artisticrepresentation', 'perception')",artistic representation,perception,phd,v1,v1,"{""model"": null, ""temperature"": null, ""date"": ""2025-09-17T01:47:42.724613+00:00"", ""prompt_version"": ""v1"", ""persona"": ""phd""}"
"('artisticrepresentation', 'perception')",artistic representation,perception,expert,v1,v1,"{""model"": null, ""temperature"": null, ""date"": ""2025-09-17T01:47:42.724643+00:00"", ""prompt_version"": ""v1"", ""persona"": ""expert""}"
"('chineseandwestern', 'chinesephilosophy')",chinese and western,chinese philosophy,novice,v1,v1,"{""model"": null, ""temperature"": null, ""date"": ""2025-09-17T01:47:42.724696+00:00"", ""prompt_version"": ""v1"", ""persona"": ""novice""}"
"('chineseandwestern', 'chinesephilosophy')",chinese and western,chinese philosophy,expert,v1,v1,"{""model"": null, ""temperature"": null, ""date"": ""2025-09-17T01:47:42.724727+00:00"", ""prompt_version"": ""v1"", ""persona"": ""expert""}"
"('philosophyofcomputerscience', 'philosophyofmathematics')",philosophy of computer science,philosophy of mathematics,course_taker,v1,v1,"{""model"": null, ""temperature"": null, ""date"": ""2025-09-17T01:47:42.724780+00:00"", ""prompt_version"": ""v1"", ""persona"": ""course_taker""}"
"('philosophyofcomputerscience', 'philosophyofmathematics')",philosophy of computer science,philosophy of mathematics,phd,v1,v1,"{""model"": null, ""temperature"": null, ""date"": ""2025-09-17T01:47:42.724829+00:00"", ""prompt_version"": ""v1"", ""persona"": ""phd""}"
"('epistemologicalproblemsoftestimony', 'perception')",epistemological problems of testimony,perception,phd,v1,v1,"{""model"": null, ""temperature"": null, ""date"": ""2025-09-17T01:47:42.724883+00:00"", ""prompt_version"": ""v1"", ""persona"": ""phd""}"
"('epistemologicalproblemsoftestimony', 'perception')",epistemological problems of testimony,perception,expert,v1,v1,"{""model"": null, ""temperature"": null, ""date"": ""2025-09-17T01:47:42.724914+00:00"", ""prompt_version"": ""v1"", ""persona"": ""expert""}"
"('everettsrelativestateformulationofquantummechanics', 'philosophyofmind')",everett's relative-state formulation of quantum mechanics,philosophy of mind,phd,v1,v1,"{""model"": null, ""temperature"": null, ""date"": ""2025-09-17T01:47:42.724968+00:00"", ""prompt_version"": ""v1"", ""persona"": ""phd""}"
"('everettsrelativestateformulationofquantummechanics', 'philosophyofmind')",everett's relative-state formulation of quantum mechanics,philosophy of mind,expert,v1,v1,"{""model"": null, ""temperature"": null, ""date"": ""2025-09-17T01:47:42.725000+00:00"", ""prompt_version"": ""v1"", ""persona"": ""expert""}"
"('consciousness', 'unityofconsciousness')",unity of consciousness,consciousness,phd,v1,v1,"{""model"": null, ""temperature"": null, ""date"": ""2025-09-17T01:47:42.725054+00:00"", ""prompt_version"": ""v1"", ""persona"": ""phd""}"
"('consciousness', 'unityofconsciousness')",unity of consciousness,consciousness,expert,v1,v1,"{""model"": null, ""temperature"": null, ""date"": ""2025-09-17T01:47:42.725084+00:00"", ""prompt_version"": ""v1"", ""persona"": ""expert""}"
"('foreknowledgeandfreewill', 'freewill')",foreknowledge and free will,free will,phd,v1,v1,"{""model"": null, ""temperature"": null, ""date"": ""2025-09-17T01:47:42.725137+00:00"", ""prompt_version"": ""v1"", ""persona"": ""phd""}"
"('foreknowledgeandfreewill', 'freewill')",foreknowledge and free will,free will,expert,v1,v1,"{""model"": null, ""temperature"": null, ""date"": ""2025-09-17T01:47:42.725168+00:00"", ""prompt_version"": ""v1"", ""persona"": ""expert""}"
"('aristotleslogic', 'metaphysics')",aristotle's logic,metaphysics,phd,v1,v1,"{""model"": null, ""temperature"": null, ""date"": ""2025-09-17T01:47:42.725220+00:00"", ""prompt_version"": ""v1"", ""persona"": ""phd""}"
"('aristotleslogic', 'metaphysics')",aristotle's logic,metaphysics,expert,v1,v1,"{""model"": null, ""temperature"": null, ""date"": ""2025-09-17T01:47:42.725250+00:00"", ""prompt_version"": ""v1"", ""persona"": ""expert""}"
"('intentionality', 'perception')",intentionality,perception,phd,v1,v1,"{""model"": null, ""temperature"": null, ""date"": ""2025-09-17T01:47:42.725303+00:00"", ""prompt_version"": ""v1"", ""persona"": ""phd""}"
"('intentionality', 'perception')",intentionality,perception,expert,v1,v1,"{""model"": null, ""temperature"": null, ""date"": ""2025-09-17T01:47:42.725333+00:00"", ""prompt_version"": ""v1"", ""persona"": ""expert""}"
"('philosophyandchristiantheology', 'philosophyofreligion')",philosophy and christian theology,philosophy of religion,phd,v1,v1,"{""model"": null, ""temperature"": null, ""date"": ""2025-09-17T01:47:42.725401+00:00"", ""prompt_version"": ""v1"", ""persona"": ""phd""}"
"('philosophyandchristiantheology', 'philosophyofreligion')",philosophy and christian theology,philosophy of religion,expert,v1,v1,"{""model"": null, ""temperature"": null, ""date"": ""2025-09-17T01:47:42.725432+00:00"", ""prompt_version"": ""v1"", ""persona"": ""expert""}"
"('computationallinguistics', 'perception')",computational linguistics,perception,phd,v1,v1,"{""model"": null, ""temperature"": null, ""date"": ""2025-09-17T01:47:42.725486+00:00"", ""prompt_version"": ""v1"", ""persona"": ""phd""}"
"('computationallinguistics', 'perception')",computational linguistics,perception,expert,v1,v1,"{""model"": null, ""temperature"": null, ""date"": ""2025-09-17T01:47:42.725517+00:00"", ""prompt_version"": ""v1"", ""persona"": ""expert""}"
"('metaphysics', 'naturaltheology')",natural theology,metaphysics,phd,v1,v1,"{""model"": null, ""temperature"": null, ""date"": ""2025-09-17T01:47:42.725569+00:00"", ""prompt_version"": ""v1"", ""persona"": ""phd""}"
"('metaphysics', 'naturaltheology')",natural theology,metaphysics,expert,v1,v1,"{""model"": null, ""temperature"": null, ""date"": ""2025-09-17T01:47:42.725600+00:00"", ""prompt_version"": ""v1"", ""persona"": ""expert""}"
"('artificialintelligence', 'outputunit')",output unit,artificial intelligence,phd,v1,v1,"{""model"": null, ""temperature"": null, ""date"": ""2025-09-17T01:47:42.725652+00:00"", ""prompt_version"": ""v1"", ""persona"": ""phd""}"
"('artificialintelligence', 'outputunit')",output unit,artificial intelligence,expert,v1,v1,"{""model"": null, ""temperature"": null, ""date"": ""2025-09-17T01:47:42.725682+00:00"", ""prompt_version"": ""v1"", ""persona"": ""expert""}"
"('externalism', 'philosophyofmind')",externalism,philosophy of mind,phd,v1,v1,"{""model"": null, ""temperature"": null, ""date"": ""2025-09-17T01:47:42.725735+00:00"", ""prompt_version"": ""v1"", ""persona"": ""phd""}"
"('externalism', 'philosophyofmind')",externalism,philosophy of mind,expert,v1,v1,"{""model"": null, ""temperature"": null, ""date"": ""2025-09-17T01:47:42.725765+00:00"", ""prompt_version"": ""v1"", ""persona"": ""expert""}"
"('philosophyoflanguage', 'sentence')",sentence,philosophy of language,phd,v1,v1,"{""model"": null, ""temperature"": null, ""date"": ""2025-09-17T01:47:42.725817+00:00"", ""prompt_version"": ""v1"", ""persona"": ""phd""}"
"('philosophyoflanguage', 'sentence')",sentence,philosophy of language,expert,v1,v1,"{""model"": null, ""temperature"": null, ""date"": ""2025-09-17T01:47:42.725848+00:00"", ""prompt_version"": ""v1"", ""persona"": ""expert""}"
"('perception', 'selfknowledge')",self-knowledge,perception,phd,v1,v1,"{""model"": null, ""temperature"": null, ""date"": ""2025-09-17T01:47:42.725900+00:00"", ""prompt_version"": ""v1"", ""persona"": ""phd""}"
"('perception', 'selfknowledge')",self-knowledge,perception,expert,v1,v1,"{""model"": null, ""temperature"": null, ""date"": ""2025-09-17T01:47:42.725930+00:00"", ""prompt_version"": ""v1"", ""persona"": ""expert""}"
"('continuant', 'metaphysics')",continuant,metaphysics,phd,v1,v1,"{""model"": null, ""temperature"": null, ""date"": ""2025-09-17T01:47:42.725982+00:00"", ""prompt_version"": ""v1"", ""persona"": ""phd""}"
"('continuant', 'metaphysics')",continuant,metaphysics,expert,v1,v1,"{""model"": null, ""temperature"": null, ""date"": ""2025-09-17T01:47:42.726012+00:00"", ""prompt_version"": ""v1"", ""persona"": ""expert""}"
"('matter', 'philosophyofreligion')",matter,philosophy of religion,phd,v1,v1,"{""model"": null, ""temperature"": null, ""date"": ""2025-09-17T01:47:42.726064+00:00"", ""prompt_version"": ""v1"", ""persona"": ""phd""}"
"('matter', 'philosophyofreligion')",matter,philosophy of religion,expert,v1,v1,"{""model"": null, ""temperature"": null, ""date"": ""2025-09-17T01:47:42.726094+00:00"", ""prompt_version"": ""v1"", ""persona"": ""expert""}"
"('metaphysics', 'philosophyofart')",philosophy of art,metaphysics,phd,v1,v1,"{""model"": null, ""temperature"": null, ""date"": ""2025-09-17T01:47:42.726146+00:00"", ""prompt_version"": ""v1"", ""persona"": ""phd""}"
"('metaphysics', 'philosophyofart')",philosophy of art,metaphysics,expert,v1,v1,"{""model"": null, ""temperature"": null, ""date"": ""2025-09-17T01:47:42.726176+00:00"", ""prompt_version"": ""v1"", ""persona"": ""expert""}"
"('philosophyofscience', 'philosophyofsocialscience')",philosophy of social science,philosophy of science,phd,v1,v1,"{""model"": null, ""temperature"": null, ""date"": ""2025-09-17T01:47:42.726229+00:00"", ""prompt_version"": ""v1"", ""persona"": ""phd""}"
"('philosophyofscience', 'philosophyofsocialscience')",philosophy of social science,philosophy of science,expert,v1,v1,"{""model"": null, ""temperature"": null, ""date"": ""2025-09-17T01:47:42.726278+00:00"", ""prompt_version"": ""v1"", ""persona"": ""expert""}"
"('aesthetics', 'aestheticsandphilosophyofart')",aesthetics,aesthetics and philosophy of art,phd,v1,v1,"{""model"": null, ""temperature"": null, ""date"": ""2025-09-17T01:47:42.726332+00:00"", ""prompt_version"": ""v1"", ""persona"": ""phd""}"
"('aesthetics', 'aestheticsandphilosophyofart')",aesthetics,aesthetics and philosophy of art,expert,v1,v1,"{""model"": null, ""temperature"": null, ""date"": ""2025-09-17T01:47:42.726363+00:00"", ""prompt_version"": ""v1"", ""persona"": ""expert""}"
"('epistemology', 'probabilityandstatistics')",probability and statistics,epistemology,phd,v1,v1,"{""model"": null, ""temperature"": null, ""date"": ""2025-09-17T01:47:42.726416+00:00"", ""prompt_version"": ""v1"", ""persona"": ""phd""}"
"('epistemology', 'probabilityandstatistics')",probability and statistics,epistemology,expert,v1,v1,"{""model"": null, ""temperature"": null, ""date"": ""2025-09-17T01:47:42.726446+00:00"", ""prompt_version"": ""v1"", ""persona"": ""expert""}"
"('essenceandexistence', 'existence')",essence and existence,existence,phd,v1,v1,"{""model"": null, ""temperature"": null, ""date"": ""2025-09-17T01:47:42.726499+00:00"", ""prompt_version"": ""v1"", ""persona"": ""phd""}"
"('essenceandexistence', 'existence')",essence and existence,existence,expert,v1,v1,"{""model"": null, ""temperature"": null, ""date"": ""2025-09-17T01:47:42.726529+00:00"", ""prompt_version"": ""v1"", ""persona"": ""expert""}"
"('epistemology', 'foundationalism')",foundationalism,epistemology,phd,v1,v1,"{""model"": null, ""temperature"": null, ""date"": ""2025-09-17T01:47:42.726582+00:00"", ""prompt_version"": ""v1"", ""persona"": ""phd""}"
"('epistemology', 'foundationalism')",foundationalism,epistemology,expert,v1,v1,"{""model"": null, ""temperature"": null, ""date"": ""2025-09-17T01:47:42.726612+00:00"", ""prompt_version"": ""v1"", ""persona"": ""expert""}"
"('body', 'philosophyofmind')",body,philosophy of mind,phd,v1,v1,"{""model"": null, ""temperature"": null, ""date"": ""2025-09-17T01:47:42.726664+00:00"", ""prompt_version"": ""v1"", ""persona"": ""phd""}"
"('body', 'philosophyofmind')",body,philosophy of mind,expert,v1,v1,"{""model"": null, ""temperature"": null, ""date"": ""2025-09-17T01:47:42.726694+00:00"", ""prompt_version"": ""v1"", ""persona"": ""expert""}"
"('philosophyofcomputerscience', 'philosophyofscience')",philosophy of computer science,philosophy of science,course_taker,v1,v1,"{""model"": null, ""temperature"": null, ""date"": ""2025-09-17T01:47:42.726747+00:00"", ""prompt_version"": ""v1"", ""persona"": ""course_taker""}"
"('philosophyofcomputerscience', 'philosophyofscience')",philosophy of computer science,philosophy of science,phd,v1,v1,"{""model"": null, ""temperature"": null, ""date"": ""2025-09-17T01:47:42.726778+00:00"", ""prompt_version"": ""v1"", ""persona"": ""phd""}"
"('causalprocesses', 'causation')",causal processes,causation,phd,v1,v1,"{""model"": null, ""temperature"": null, ""date"": ""2025-09-17T01:47:42.726831+00:00"", ""prompt_version"": ""v1"", ""persona"": ""phd""}"
"('causalprocesses', 'causation')",causal processes,causation,expert,v1,v1,"{""model"": null, ""temperature"": null, ""date"": ""2025-09-17T01:47:42.726861+00:00"", ""prompt_version"": ""v1"", ""persona"": ""expert""}"
"('ethics', 'gametheoryinethics')",game theory in ethics,ethics,phd,v1,v1,"{""model"": null, ""temperature"": null, ""date"": ""2025-09-17T01:47:42.726913+00:00"", ""prompt_version"": ""v1"", ""persona"": ""phd""}"
"('ethics', 'gametheoryinethics')",game theory in ethics,ethics,expert,v1,v1,"{""model"": null, ""temperature"": null, ""date"": ""2025-09-17T01:47:42.726943+00:00"", ""prompt_version"": ""v1"", ""persona"": ""expert""}"
"('cognitivescience', 'kantsviewofthemindandconsciousnessofself')",kant's view of the mind and consciousness of self,cognitive science,phd,v1,v1,"{""model"": null, ""temperature"": null, ""date"": ""2025-09-17T01:47:42.726996+00:00"", ""prompt_version"": ""v1"", ""persona"": ""phd""}"
"('cognitivescience', 'kantsviewofthemindandconsciousnessofself')",kant's view of the mind and consciousness of self,cognitive science,expert,v1,v1,"{""model"": null, ""temperature"": null, ""date"": ""2025-09-17T01:47:42.727027+00:00"", ""prompt_version"": ""v1"", ""persona"": ""expert""}"
"('metaphysics', 'realism')",realism,metaphysics,phd,v1,v1,"{""model"": null, ""temperature"": null, ""date"": ""2025-09-17T01:47:42.727083+00:00"", ""prompt_version"": ""v1"", ""persona"": ""phd""}"
"('metaphysics', 'realism')",realism,metaphysics,expert,v1,v1,"{""model"": null, ""temperature"": null, ""date"": ""2025-09-17T01:47:42.727113+00:00"", ""prompt_version"": ""v1"", ""persona"": ""expert""}"
"('perception', 'sensedata')",sense-data,perception,phd,v1,v1,"{""model"": null, ""temperature"": null, ""date"": ""2025-09-17T01:47:42.727165+00:00"", ""prompt_version"": ""v1"", ""persona"": ""phd""}"
"('perception', 'sensedata')",sense-data,perception,expert,v1,v1,"{""model"": null, ""temperature"": null, ""date"": ""2025-09-17T01:47:42.727194+00:00"", ""prompt_version"": ""v1"", ""persona"": ""expert""}"
"('continentalphilosophy', 'philosophyofhistory')",philosophy of history,continental philosophy,phd,v1,v1,"{""model"": null, ""temperature"": null, ""date"": ""2025-09-17T01:47:42.727247+00:00"", ""prompt_version"": ""v1"", ""persona"": ""phd""}"
"('continentalphilosophy', 'philosophyofhistory')",philosophy of history,continental philosophy,expert,v1,v1,"{""model"": null, ""temperature"": null, ""date"": ""2025-09-17T01:47:42.727277+00:00"", ""prompt_version"": ""v1"", ""persona"": ""expert""}"
"('cognitivescience', 'mentalimagery')",mental imagery,cognitive science,phd,v1,v1,"{""model"": null, ""temperature"": null, ""date"": ""2025-09-17T01:47:42.727330+00:00"", ""prompt_version"": ""v1"", ""persona"": ""phd""}"
"('cognitivescience', 'mentalimagery')",mental imagery,cognitive science,expert,v1,v1,"{""model"": null, ""temperature"": null, ""date"": ""2025-09-17T01:47:42.727360+00:00"", ""prompt_version"": ""v1"", ""persona"": ""expert""}"
"('humeonreligion', 'philosophyofreligion')",hume on religion,philosophy of religion,phd,v1,v1,"{""model"": null, ""temperature"": null, ""date"": ""2025-09-17T01:47:42.727413+00:00"", ""prompt_version"": ""v1"", ""persona"": ""phd""}"
"('humeonreligion', 'philosophyofreligion')",hume on religion,philosophy of religion,expert,v1,v1,"{""model"": null, ""temperature"": null, ""date"": ""2025-09-17T01:47:42.727443+00:00"", ""prompt_version"": ""v1"", ""persona"": ""expert""}"
"('epistemology', 'justifiedtruebelief')",justified true belief,epistemology,phd,v1,v1,"{""model"": null, ""temperature"": null, ""date"": ""2025-09-17T01:47:42.727497+00:00"", ""prompt_version"": ""v1"", ""persona"": ""phd""}"
"('epistemology', 'justifiedtruebelief')",justified true belief,epistemology,expert,v1,v1,"{""model"": null, ""temperature"": null, ""date"": ""2025-09-17T01:47:42.727527+00:00"", ""prompt_version"": ""v1"", ""persona"": ""expert""}"
"('bioethics', 'cloning')",cloning,bioethics,phd,v1,v1,"{""model"": null, ""temperature"": null, ""date"": ""2025-09-17T01:47:42.727579+00:00"", ""prompt_version"": ""v1"", ""persona"": ""phd""}"
"('bioethics', 'cloning')",cloning,bioethics,expert,v1,v1,"{""model"": null, ""temperature"": null, ""date"": ""2025-09-17T01:47:42.727609+00:00"", ""prompt_version"": ""v1"", ""persona"": ""expert""}"
"('epistemology', 'knowledge')",knowledge,epistemology,phd,v1,v1,"{""model"": null, ""temperature"": null, ""date"": ""2025-09-17T01:47:42.727661+00:00"", ""prompt_version"": ""v1"", ""persona"": ""phd""}"
"('epistemology', 'knowledge')",knowledge,epistemology,expert,v1,v1,"{""model"": null, ""temperature"": null, ""date"": ""2025-09-17T01:47:42.727690+00:00"", ""prompt_version"": ""v1"", ""persona"": ""expert""}"
"('civildisobedience', 'philosophyoflaw')",philosophy of law,civil disobedience,novice,v1,v1,"{""model"": null, ""temperature"": null, ""date"": ""2025-09-17T01:47:42.727758+00:00"", ""prompt_version"": ""v1"", ""persona"": ""novice""}"
"('civildisobedience', 'philosophyoflaw')",philosophy of law,civil disobedience,phd,v1,v1,"{""model"": null, ""temperature"": null, ""date"": ""2025-09-17T01:47:42.727789+00:00"", ""prompt_version"": ""v1"", ""persona"": ""phd""}"
"('emergence', 'panpsychism')",panpsychism,emergence,phd,v1,v1,"{""model"": null, ""temperature"": null, ""date"": ""2025-09-17T01:47:42.727842+00:00"", ""prompt_version"": ""v1"", ""persona"": ""phd""}"
"('emergence', 'panpsychism')",panpsychism,emergence,expert,v1,v1,"{""model"": null, ""temperature"": null, ""date"": ""2025-09-17T01:47:42.727872+00:00"", ""prompt_version"": ""v1"", ""persona"": ""expert""}"
"('kantsphilosophyofscience', 'metaphysics')",kant's philosophy of science,metaphysics,phd,v1,v1,"{""model"": null, ""temperature"": null, ""date"": ""2025-09-17T01:47:42.727924+00:00"", ""prompt_version"": ""v1"", ""persona"": ""phd""}"
"('kantsphilosophyofscience', 'metaphysics')",kant's philosophy of science,metaphysics,expert,v1,v1,"{""model"": null, ""temperature"": null, ""date"": ""2025-09-17T01:47:42.727954+00:00"", ""prompt_version"": ""v1"", ""persona"": ""expert""}"
"('historyoflogic', 'medievallogic')",medieval logic,history of logic,novice,v1,v1,"{""model"": null, ""temperature"": null, ""date"": ""2025-09-17T01:47:42.728006+00:00"", ""prompt_version"": ""v1"", ""persona"": ""novice""}"
"('historyoflogic', 'medievallogic')",medieval logic,history of logic,phd,v1,v1,"{""model"": null, ""temperature"": null, ""date"": ""2025-09-17T01:47:42.728037+00:00"", ""prompt_version"": ""v1"", ""persona"": ""phd""}"
"('idiolects', 'philosophyoflanguage')",idiolects,philosophy of language,phd,v1,v1,"{""model"": null, ""temperature"": null, ""date"": ""2025-09-17T01:47:42.728090+00:00"", ""prompt_version"": ""v1"", ""persona"": ""phd""}"
"('idiolects', 'philosophyoflanguage')",idiolects,philosophy of language,expert,v1,v1,"{""model"": null, ""temperature"": null, ""date"": ""2025-09-17T01:47:42.728120+00:00"", ""prompt_version"": ""v1"", ""persona"": ""expert""}"
"('divineillumination', 'philosophyofmind')",divine illumination,philosophy of mind,phd,v1,v1,"{""model"": null, ""temperature"": null, ""date"": ""2025-09-17T01:47:42.728173+00:00"", ""prompt_version"": ""v1"", ""persona"": ""phd""}"
"('divineillumination', 'philosophyofmind')",divine illumination,philosophy of mind,expert,v1,v1,"{""model"": null, ""temperature"": null, ""date"": ""2025-09-17T01:47:42.728203+00:00"", ""prompt_version"": ""v1"", ""persona"": ""expert""}"
"('consciousness', 'consciousnessandintentionality')",consciousness and intentionality,consciousness,phd,v1,v1,"{""model"": null, ""temperature"": null, ""date"": ""2025-09-17T01:47:42.728256+00:00"", ""prompt_version"": ""v1"", ""persona"": ""phd""}"
"('consciousness', 'consciousnessandintentionality')",consciousness and intentionality,consciousness,expert,v1,v1,"{""model"": null, ""temperature"": null, ""date"": ""2025-09-17T01:47:42.728287+00:00"", ""prompt_version"": ""v1"", ""persona"": ""expert""}"
"('ethnocentrism', 'philosophyofreligion')",ethnocentrism,philosophy of religion,phd,v1,v1,"{""model"": null, ""temperature"": null, ""date"": ""2025-09-17T01:47:42.728340+00:00"", ""prompt_version"": ""v1"", ""persona"": ""phd""}"
"('ethnocentrism', 'philosophyofreligion')",ethnocentrism,philosophy of religion,expert,v1,v1,"{""model"": null, ""temperature"": null, ""date"": ""2025-09-17T01:47:42.728371+00:00"", ""prompt_version"": ""v1"", ""persona"": ""expert""}"
"('foundationalism', 'skepticism')",foundationalism,skepticism,phd,v1,v1,"{""model"": null, ""temperature"": null, ""date"": ""2025-09-17T01:47:42.728424+00:00"", ""prompt_version"": ""v1"", ""persona"": ""phd""}"
"('foundationalism', 'skepticism')",foundationalism,skepticism,expert,v1,v1,"{""model"": null, ""temperature"": null, ""date"": ""2025-09-17T01:47:42.728453+00:00"", ""prompt_version"": ""v1"", ""persona"": ""expert""}"
"('folkpsychology', 'philosophyofmind')",folk psychology,philosophy of mind,phd,v1,v1,"{""model"": null, ""temperature"": null, ""date"": ""2025-09-17T01:47:42.728506+00:00"", ""prompt_version"": ""v1"", ""persona"": ""phd""}"
"('folkpsychology', 'philosophyofmind')",folk psychology,philosophy of mind,expert,v1,v1,"{""model"": null, ""temperature"": null, ""date"": ""2025-09-17T01:47:42.728536+00:00"", ""prompt_version"": ""v1"", ""persona"": ""expert""}"
"('perception', 'qualia')",qualia,perception,phd,v1,v1,"{""model"": null, ""temperature"": null, ""date"": ""2025-09-17T01:47:42.728589+00:00"", ""prompt_version"": ""v1"", ""persona"": ""phd""}"
"('perception', 'qualia')",qualia,perception,expert,v1,v1,"{""model"": null, ""temperature"": null, ""date"": ""2025-09-17T01:47:42.728618+00:00"", ""prompt_version"": ""v1"", ""persona"": ""expert""}"
"('metaphysics', 'motionandtime')",motion and time,metaphysics,phd,v1,v1,"{""model"": null, ""temperature"": null, ""date"": ""2025-09-17T01:47:42.728670+00:00"", ""prompt_version"": ""v1"", ""persona"": ""phd""}"
"('metaphysics', 'motionandtime')",motion and time,metaphysics,expert,v1,v1,"{""model"": null, ""temperature"": null, ""date"": ""2025-09-17T01:47:42.728700+00:00"", ""prompt_version"": ""v1"", ""persona"": ""expert""}"
"('metaphysics', 'naturalphilosophy')",natural philosophy,metaphysics,phd,v1,v1,"{""model"": null, ""temperature"": null, ""date"": ""2025-09-17T01:47:42.728752+00:00"", ""prompt_version"": ""v1"", ""persona"": ""phd""}"
"('metaphysics', 'naturalphilosophy')",natural philosophy,metaphysics,expert,v1,v1,"{""model"": null, ""temperature"": null, ""date"": ""2025-09-17T01:47:42.728782+00:00"", ""prompt_version"": ""v1"", ""persona"": ""expert""}"
"('pantheism', 'philosophyofreligion')",pantheism,philosophy of religion,phd,v1,v1,"{""model"": null, ""temperature"": null, ""date"": ""2025-09-17T01:47:42.728835+00:00"", ""prompt_version"": ""v1"", ""persona"": ""phd""}"
"('pantheism', 'philosophyofreligion')",pantheism,philosophy of religion,expert,v1,v1,"{""model"": null, ""temperature"": null, ""date"": ""2025-09-17T01:47:42.728865+00:00"", ""prompt_version"": ""v1"", ""persona"": ""expert""}"
"('epistemology', 'naturalizedepistemology')",naturalized epistemology,epistemology,phd,v1,v1,"{""model"": null, ""temperature"": null, ""date"": ""2025-09-17T01:47:42.728921+00:00"", ""prompt_version"": ""v1"", ""persona"": ""phd""}"
"('epistemology', 'naturalizedepistemology')",naturalized epistemology,epistemology,expert,v1,v1,"{""model"": null, ""temperature"": null, ""date"": ""2025-09-17T01:47:42.728951+00:00"", ""prompt_version"": ""v1"", ""persona"": ""expert""}"
"('logos', 'perception')",logos,perception,phd,v1,v1,"{""model"": null, ""temperature"": null, ""date"": ""2025-09-17T01:47:42.729004+00:00"", ""prompt_version"": ""v1"", ""persona"": ""phd""}"
"('logos', 'perception')",logos,perception,expert,v1,v1,"{""model"": null, ""temperature"": null, ""date"": ""2025-09-17T01:47:42.729035+00:00"", ""prompt_version"": ""v1"", ""persona"": ""expert""}"
"('analyticfeminism', 'metaphysics')",analytic feminism,metaphysics,phd,v1,v1,"{""model"": null, ""temperature"": null, ""date"": ""2025-09-17T01:47:42.729087+00:00"", ""prompt_version"": ""v1"", ""persona"": ""phd""}"
"('analyticfeminism', 'metaphysics')",analytic feminism,metaphysics,expert,v1,v1,"{""model"": null, ""temperature"": null, ""date"": ""2025-09-17T01:47:42.729117+00:00"", ""prompt_version"": ""v1"", ""persona"": ""expert""}"
"('chinesephilosophy', 'chinesewesterncomparativephilosophy')",chinese-western comparative philosophy,chinese philosophy,phd,v1,v1,"{""model"": null, ""temperature"": null, ""date"": ""2025-09-17T01:47:42.729170+00:00"", ""prompt_version"": ""v1"", ""persona"": ""phd""}"
"('chinesephilosophy', 'chinesewesterncomparativephilosophy')",chinese-western comparative philosophy,chinese philosophy,expert,v1,v1,"{""model"": null, ""temperature"": null, ""date"": ""2025-09-17T01:47:42.729201+00:00"", ""prompt_version"": ""v1"", ""persona"": ""expert""}"
"('koreanphilosophy', 'perception')",korean philosophy,perception,phd,v1,v1,"{""model"": null, ""temperature"": null, ""date"": ""2025-09-17T01:47:42.729272+00:00"", ""prompt_version"": ""v1"", ""persona"": ""phd""}"
"('koreanphilosophy', 'perception')",korean philosophy,perception,expert,v1,v1,"{""model"": null, ""temperature"": null, ""date"": ""2025-09-17T01:47:42.729302+00:00"", ""prompt_version"": ""v1"", ""persona"": ""expert""}"
"('originofaesthetic', 'philosophyofmind')",origin of aesthetic,philosophy of mind,phd,v1,v1,"{""model"": null, ""temperature"": null, ""date"": ""2025-09-17T01:47:42.729356+00:00"", ""prompt_version"": ""v1"", ""persona"": ""phd""}"
"('originofaesthetic', 'philosophyofmind')",origin of aesthetic,philosophy of mind,expert,v1,v1,"{""model"": null, ""temperature"": null, ""date"": ""2025-09-17T01:47:42.729387+00:00"", ""prompt_version"": ""v1"", ""persona"": ""expert""}"
"('connectionism', 'trainingset')",connectionism,training set,course_taker,v1,v1,"{""model"": null, ""temperature"": null, ""date"": ""2025-09-17T01:47:42.729440+00:00"", ""prompt_version"": ""v1"", ""persona"": ""course_taker""}"
"('connectionism', 'trainingset')",connectionism,training set,phd,v1,v1,"{""model"": null, ""temperature"": null, ""date"": ""2025-09-17T01:47:42.729470+00:00"", ""prompt_version"": ""v1"", ""persona"": ""phd""}"
"('evolution', 'unitsandlevelsofselection')",units and levels of selection,evolution,phd,v1,v1,"{""model"": null, ""temperature"": null, ""date"": ""2025-09-17T01:47:42.729523+00:00"", ""prompt_version"": ""v1"", ""persona"": ""phd""}"
"('evolution', 'unitsandlevelsofselection')",units and levels of selection,evolution,expert,v1,v1,"{""model"": null, ""temperature"": null, ""date"": ""2025-09-17T01:47:42.729554+00:00"", ""prompt_version"": ""v1"", ""persona"": ""expert""}"
"('consciousness', 'consciousnessandcontent')",consciousness and content,consciousness,phd,v1,v1,"{""model"": null, ""temperature"": null, ""date"": ""2025-09-17T01:47:42.729608+00:00"", ""prompt_version"": ""v1"", ""persona"": ""phd""}"
"('consciousness', 'consciousnessandcontent')",consciousness and content,consciousness,expert,v1,v1,"{""model"": null, ""temperature"": null, ""date"": ""2025-09-17T01:47:42.729638+00:00"", ""prompt_version"": ""v1"", ""persona"": ""expert""}"
"('perception', 'philosophyofphysics')",philosophy of physics,perception,phd,v1,v1,"{""model"": null, ""temperature"": null, ""date"": ""2025-09-17T01:47:42.729691+00:00"", ""prompt_version"": ""v1"", ""persona"": ""phd""}"
"('perception', 'philosophyofphysics')",philosophy of physics,perception,expert,v1,v1,"{""model"": null, ""temperature"": null, ""date"": ""2025-09-17T01:47:42.729722+00:00"", ""prompt_version"": ""v1"", ""persona"": ""expert""}"
"('dynamicalsystem', 'supertasks')",supertasks,dynamical system,phd,v1,v1,"{""model"": null, ""temperature"": null, ""date"": ""2025-09-17T01:47:42.729774+00:00"", ""prompt_version"": ""v1"", ""persona"": ""phd""}"
"('dynamicalsystem', 'supertasks')",supertasks,dynamical system,expert,v1,v1,"{""model"": null, ""temperature"": null, ""date"": ""2025-09-17T01:47:42.729804+00:00"", ""prompt_version"": ""v1"", ""persona"": ""expert""}"
"('modularity', 'philosophyofmind')",modularity,philosophy of mind,phd,v1,v1,"{""model"": null, ""temperature"": null, ""date"": ""2025-09-17T01:47:42.729856+00:00"", ""prompt_version"": ""v1"", ""persona"": ""phd""}"
"('modularity', 'philosophyofmind')",modularity,philosophy of mind,expert,v1,v1,"{""model"": null, ""temperature"": null, ""date"": ""2025-09-17T01:47:42.729886+00:00"", ""prompt_version"": ""v1"", ""persona"": ""expert""}"
"('logic', 'philosophyofmathematics')",logic,philosophy of mathematics,course_taker,v1,v1,"{""model"": null, ""temperature"": null, ""date"": ""2025-09-17T01:47:42.729938+00:00"", ""prompt_version"": ""v1"", ""persona"": ""course_taker""}"
"('logic', 'philosophyofmathematics')",logic,philosophy of mathematics,phd,v1,v1,"{""model"": null, ""temperature"": null, ""date"": ""2025-09-17T01:47:42.729969+00:00"", ""prompt_version"": ""v1"", ""persona"": ""phd""}"
"('defeasiblereasoning', 'epistemology')",defeasible reasoning,epistemology,phd,v1,v1,"{""model"": null, ""temperature"": null, ""date"": ""2025-09-17T01:47:42.730022+00:00"", ""prompt_version"": ""v1"", ""persona"": ""phd""}"
"('defeasiblereasoning', 'epistemology')",defeasible reasoning,epistemology,expert,v1,v1,"{""model"": null, ""temperature"": null, ""date"": ""2025-09-17T01:47:42.730052+00:00"", ""prompt_version"": ""v1"", ""persona"": ""expert""}"
"('descartesontologicalargument', 'perception')",descartes' ontological argument,perception,phd,v1,v1,"{""model"": null, ""temperature"": null, ""date"": ""2025-09-17T01:47:42.730104+00:00"", ""prompt_version"": ""v1"", ""persona"": ""phd""}"
"('descartesontologicalargument', 'perception')",descartes' ontological argument,perception,expert,v1,v1,"{""model"": null, ""temperature"": null, ""date"": ""2025-09-17T01:47:42.730134+00:00"", ""prompt_version"": ""v1"", ""persona"": ""expert""}"
"('bioethics', 'feministbioethics')",feminist bioethics,bioethics,phd,v1,v1,"{""model"": null, ""temperature"": null, ""date"": ""2025-09-17T01:47:42.730188+00:00"", ""prompt_version"": ""v1"", ""persona"": ""phd""}"
"('bioethics', 'feministbioethics')",feminist bioethics,bioethics,expert,v1,v1,"{""model"": null, ""temperature"": null, ""date"": ""2025-09-17T01:47:42.730218+00:00"", ""prompt_version"": ""v1"", ""persona"": ""expert""}"
"('justifiedtruebelief', 'perception')",justified true belief,perception,phd,v1,v1,"{""model"": null, ""temperature"": null, ""date"": ""2025-09-17T01:47:42.730270+00:00"", ""prompt_version"": ""v1"", ""persona"": ""phd""}"
"('justifiedtruebelief', 'perception')",justified true belief,perception,expert,v1,v1,"{""model"": null, ""temperature"": null, ""date"": ""2025-09-17T01:47:42.730300+00:00"", ""prompt_version"": ""v1"", ""persona"": ""expert""}"
"('philosophyofreligion', 'polytheism')",polytheism,philosophy of religion,phd,v1,v1,"{""model"": null, ""temperature"": null, ""date"": ""2025-09-17T01:47:42.730353+00:00"", ""prompt_version"": ""v1"", ""persona"": ""phd""}"
"('philosophyofreligion', 'polytheism')",polytheism,philosophy of religion,expert,v1,v1,"{""model"": null, ""temperature"": null, ""date"": ""2025-09-17T01:47:42.730383+00:00"", ""prompt_version"": ""v1"", ""persona"": ""expert""}"
"('philosophyofmind', 'philosophyofpsychology')",philosophy of psychology,philosophy of mind,phd,v1,v1,"{""model"": null, ""temperature"": null, ""date"": ""2025-09-17T01:47:42.730436+00:00"", ""prompt_version"": ""v1"", ""persona"": ""phd""}"
"('philosophyofmind', 'philosophyofpsychology')",philosophy of psychology,philosophy of mind,expert,v1,v1,"{""model"": null, ""temperature"": null, ""date"": ""2025-09-17T01:47:42.730466+00:00"", ""prompt_version"": ""v1"", ""persona"": ""expert""}"
"('metaphysics', 'philosophyofscienceandthesciences')",philosophy of science and the sciences,metaphysics,phd,v1,v1,"{""model"": null, ""temperature"": null, ""date"": ""2025-09-17T01:47:42.730519+00:00"", ""prompt_version"": ""v1"", ""persona"": ""phd""}"
"('metaphysics', 'philosophyofscienceandthesciences')",philosophy of science and the sciences,metaphysics,expert,v1,v1,"{""model"": null, ""temperature"": null, ""date"": ""2025-09-17T01:47:42.730550+00:00"", ""prompt_version"": ""v1"", ""persona"": ""expert""}"
"('consciousness', 'phenomenalconsciousness')",phenomenal consciousness,consciousness,phd,v1,v1,"{""model"": null, ""temperature"": null, ""date"": ""2025-09-17T01:47:42.730603+00:00"", ""prompt_version"": ""v1"", ""persona"": ""phd""}"
"('consciousness', 'phenomenalconsciousness')",phenomenal consciousness,consciousness,expert,v1,v1,"{""model"": null, ""temperature"": null, ""date"": ""2025-09-17T01:47:42.730633+00:00"", ""prompt_version"": ""v1"", ""persona"": ""expert""}"
"('artificialintelligence', 'logicandcomputation')",logic and computation,artificial intelligence,phd,v1,v1,"{""model"": null, ""temperature"": null, ""date"": ""2025-09-17T01:47:42.730705+00:00"", ""prompt_version"": ""v1"", ""persona"": ""phd""}"
"('artificialintelligence', 'logicandcomputation')",logic and computation,artificial intelligence,expert,v1,v1,"{""model"": null, ""temperature"": null, ""date"": ""2025-09-17T01:47:42.730735+00:00"", ""prompt_version"": ""v1"", ""persona"": ""expert""}"
"('analysis', 'philosophyofmathematics')",analysis,philosophy of mathematics,phd,v1,v1,"{""model"": null, ""temperature"": null, ""date"": ""2025-09-17T01:47:42.730788+00:00"", ""prompt_version"": ""v1"", ""persona"": ""phd""}"
"('analysis', 'philosophyofmathematics')",analysis,philosophy of mathematics,expert,v1,v1,"{""model"": null, ""temperature"": null, ""date"": ""2025-09-17T01:47:42.730818+00:00"", ""prompt_version"": ""v1"", ""persona"": ""expert""}"
"('metaphysics', 'principleofsufficientreason')",principle of sufficient reason,metaphysics,phd,v1,v1,"{""model"": null, ""temperature"": null, ""date"": ""2025-09-17T01:47:42.730871+00:00"", ""prompt_version"": ""v1"", ""persona"": ""phd""}"
"('metaphysics', 'principleofsufficientreason')",principle of sufficient reason,metaphysics,expert,v1,v1,"{""model"": null, ""temperature"": null, ""date"": ""2025-09-17T01:47:42.730901+00:00"", ""prompt_version"": ""v1"", ""persona"": ""expert""}"
"('perception', 'unityofconsciousness')",unity of consciousness,perception,phd,v1,v1,"{""model"": null, ""temperature"": null, ""date"": ""2025-09-17T01:47:42.730954+00:00"", ""prompt_version"": ""v1"", ""persona"": ""phd""}"
"('perception', 'unityofconsciousness')",unity of consciousness,perception,expert,v1,v1,"{""model"": null, ""temperature"": null, ""date"": ""2025-09-17T01:47:42.730984+00:00"", ""prompt_version"": ""v1"", ""persona"": ""expert""}"
"('meaning', 'metaphysics')",meaning,metaphysics,phd,v1,v1,"{""model"": null, ""temperature"": null, ""date"": ""2025-09-17T01:47:42.731244+00:00"", ""prompt_version"": ""v1"", ""persona"": ""phd""}"
"('meaning', 'metaphysics')",meaning,metaphysics,expert,v1,v1,"{""model"": null, ""temperature"": null, ""date"": ""2025-09-17T01:47:42.731301+00:00"", ""prompt_version"": ""v1"", ""persona"": ""expert""}"
"('philosophiesoftheparticularsciences', 'philosophyofscienceandthesciences')",philosophies of the particular sciences,philosophy of science and the sciences,phd,v1,v1,"{""model"": null, ""temperature"": null, ""date"": ""2025-09-17T01:47:42.731372+00:00"", ""prompt_version"": ""v1"", ""persona"": ""phd""}"
"('philosophiesoftheparticularsciences', 'philosophyofscienceandthesciences')",philosophies of the particular sciences,philosophy of science and the sciences,expert,v1,v1,"{""model"": null, ""temperature"": null, ""date"": ""2025-09-17T01:47:42.731411+00:00"", ""prompt_version"": ""v1"", ""persona"": ""expert""}"
"('metaphysics', 'mind')",mind,metaphysics,phd,v1,v1,"{""model"": null, ""temperature"": null, ""date"": ""2025-09-17T01:47:42.731473+00:00"", ""prompt_version"": ""v1"", ""persona"": ""phd""}"
"('metaphysics', 'mind')",mind,metaphysics,expert,v1,v1,"{""model"": null, ""temperature"": null, ""date"": ""2025-09-17T01:47:42.731517+00:00"", ""prompt_version"": ""v1"", ""persona"": ""expert""}"
"('epistemology', 'propernames')",proper names,epistemology,phd,v1,v1,"{""model"": null, ""temperature"": null, ""date"": ""2025-09-17T01:47:42.731575+00:00"", ""prompt_version"": ""v1"", ""persona"": ""phd""}"
"('epistemology', 'propernames')",proper names,epistemology,expert,v1,v1,"{""model"": null, ""temperature"": null, ""date"": ""2025-09-17T01:47:42.731608+00:00"", ""prompt_version"": ""v1"", ""persona"": ""expert""}"
"('metaphysics', 'simultaneity')",simultaneity,metaphysics,phd,v1,v1,"{""model"": null, ""temperature"": null, ""date"": ""2025-09-17T01:47:42.731678+00:00"", ""prompt_version"": ""v1"", ""persona"": ""phd""}"
"('metaphysics', 'simultaneity')",simultaneity,metaphysics,expert,v1,v1,"{""model"": null, ""temperature"": null, ""date"": ""2025-09-17T01:47:42.731710+00:00"", ""prompt_version"": ""v1"", ""persona"": ""expert""}"
"('philosophyofmathematics', 'settheory')",philosophy of mathematics,set theory,phd,v1,v1,"{""model"": null, ""temperature"": null, ""date"": ""2025-09-17T01:47:42.731779+00:00"", ""prompt_version"": ""v1"", ""persona"": ""phd""}"
"('philosophyofmathematics', 'settheory')",philosophy of mathematics,set theory,expert,v1,v1,"{""model"": null, ""temperature"": null, ""date"": ""2025-09-17T01:47:42.731811+00:00"", ""prompt_version"": ""v1"", ""persona"": ""expert""}"
"('historyoflogic', 'medievaltheoriesofthesyllogism')",medieval theories of the syllogism,history of logic,novice,v1,v1,"{""model"": null, ""temperature"": null, ""date"": ""2025-09-17T01:47:42.731866+00:00"", ""prompt_version"": ""v1"", ""persona"": ""novice""}"
"('historyoflogic', 'medievaltheoriesofthesyllogism')",medieval theories of the syllogism,history of logic,phd,v1,v1,"{""model"": null, ""temperature"": null, ""date"": ""2025-09-17T01:47:42.731908+00:00"", ""prompt_version"": ""v1"", ""persona"": ""phd""}"
"('metaphysicsofmind', 'panpsychism')",panpsychism,metaphysics of mind,phd,v1,v1,"{""model"": null, ""temperature"": null, ""date"": ""2025-09-17T01:47:42.731963+00:00"", ""prompt_version"": ""v1"", ""persona"": ""phd""}"
"('metaphysicsofmind', 'panpsychism')",panpsychism,metaphysics of mind,expert,v1,v1,"{""model"": null, ""temperature"": null, ""date"": ""2025-09-17T01:47:42.731994+00:00"", ""prompt_version"": ""v1"", ""persona"": ""expert""}"
"('philosophyofmind', 'symbolicprocessing')",symbolic processing,philosophy of mind,phd,v1,v1,"{""model"": null, ""temperature"": null, ""date"": ""2025-09-17T01:47:42.732049+00:00"", ""prompt_version"": ""v1"", ""persona"": ""phd""}"
"('philosophyofmind', 'symbolicprocessing')",symbolic processing,philosophy of mind,expert,v1,v1,"{""model"": null, ""temperature"": null, ""date"": ""2025-09-17T01:47:42.732080+00:00"", ""prompt_version"": ""v1"", ""persona"": ""expert""}"
"('modernphilosophy', 'philosophyofmind')",modern philosophy,philosophy of mind,phd,v1,v1,"{""model"": null, ""temperature"": null, ""date"": ""2025-09-17T01:47:42.732134+00:00"", ""prompt_version"": ""v1"", ""persona"": ""phd""}"
"('modernphilosophy', 'philosophyofmind')",modern philosophy,philosophy of mind,expert,v1,v1,"{""model"": null, ""temperature"": null, ""date"": ""2025-09-17T01:47:42.732165+00:00"", ""prompt_version"": ""v1"", ""persona"": ""expert""}"
"('chineseroomargument', 'cognitivescience')",chinese room argument,cognitive science,phd,v1,v1,"{""model"": null, ""temperature"": null, ""date"": ""2025-09-17T01:47:42.732232+00:00"", ""prompt_version"": ""v1"", ""persona"": ""phd""}"
"('chineseroomargument', 'cognitivescience')",chinese room argument,cognitive science,expert,v1,v1,"{""model"": null, ""temperature"": null, ""date"": ""2025-09-17T01:47:42.732262+00:00"", ""prompt_version"": ""v1"", ""persona"": ""expert""}"
"('arabicphilosophyandislamicphilosophy', 'metaphysics')",arabic philosophy and islamic philosophy,metaphysics,phd,v1,v1,"{""model"": null, ""temperature"": null, ""date"": ""2025-09-17T01:47:42.732317+00:00"", ""prompt_version"": ""v1"", ""persona"": ""phd""}"
"('arabicphilosophyandislamicphilosophy', 'metaphysics')",arabic philosophy and islamic philosophy,metaphysics,expert,v1,v1,"{""model"": null, ""temperature"": null, ""date"": ""2025-09-17T01:47:42.732348+00:00"", ""prompt_version"": ""v1"", ""persona"": ""expert""}"
"('consciousness', 'higherordertheoriesofconsciousness')",higher-order theories of consciousness,consciousness,phd,v1,v1,"{""model"": null, ""temperature"": null, ""date"": ""2025-09-17T01:47:42.732402+00:00"", ""prompt_version"": ""v1"", ""persona"": ""phd""}"
"('consciousness', 'higherordertheoriesofconsciousness')",higher-order theories of consciousness,consciousness,expert,v1,v1,"{""model"": null, ""temperature"": null, ""date"": ""2025-09-17T01:47:42.732433+00:00"", ""prompt_version"": ""v1"", ""persona"": ""expert""}"
"('afterlife', 'meaningoflife')",meaning of life,afterlife,phd,v1,v1,"{""model"": null, ""temperature"": null, ""date"": ""2025-09-17T01:47:42.732530+00:00"", ""prompt_version"": ""v1"", ""persona"": ""phd""}"
"('afterlife', 'meaningoflife')",meaning of life,afterlife,expert,v1,v1,"{""model"": null, ""temperature"": null, ""date"": ""2025-09-17T01:47:42.732560+00:00"", ""prompt_version"": ""v1"", ""persona"": ""expert""}"
"('philosophyofmind', 'syntacticanalysis')",syntactic analysis,philosophy of mind,phd,v1,v1,"{""model"": null, ""temperature"": null, ""date"": ""2025-09-17T01:47:42.732621+00:00"", ""prompt_version"": ""v1"", ""persona"": ""phd""}"
"('philosophyofmind', 'syntacticanalysis')",syntactic analysis,philosophy of mind,expert,v1,v1,"{""model"": null, ""temperature"": null, ""date"": ""2025-09-17T01:47:42.732652+00:00"", ""prompt_version"": ""v1"", ""persona"": ""expert""}"
"('metaphysics', 'universals')",universals,metaphysics,phd,v1,v1,"{""model"": null, ""temperature"": null, ""date"": ""2025-09-17T01:47:42.732705+00:00"", ""prompt_version"": ""v1"", ""persona"": ""phd""}"
"('metaphysics', 'universals')",universals,metaphysics,expert,v1,v1,"{""model"": null, ""temperature"": null, ""date"": ""2025-09-17T01:47:42.732735+00:00"", ""prompt_version"": ""v1"", ""persona"": ""expert""}"
"('epistemology', 'matter')",matter,epistemology,phd,v1,v1,"{""model"": null, ""temperature"": null, ""date"": ""2025-09-17T01:47:42.732787+00:00"", ""prompt_version"": ""v1"", ""persona"": ""phd""}"
"('epistemology', 'matter')",matter,epistemology,expert,v1,v1,"{""model"": null, ""temperature"": null, ""date"": ""2025-09-17T01:47:42.732817+00:00"", ""prompt_version"": ""v1"", ""persona"": ""expert""}"
"('philosophyofreligion', 'religiousexperience')",philosophy of religion,religious experience,course_taker,v1,v1,"{""model"": null, ""temperature"": null, ""date"": ""2025-09-17T01:47:42.732871+00:00"", ""prompt_version"": ""v1"", ""persona"": ""course_taker""}"
"('philosophyofreligion', 'religiousexperience')",philosophy of religion,religious experience,expert,v1,v1,"{""model"": null, ""temperature"": null, ""date"": ""2025-09-17T01:47:42.732903+00:00"", ""prompt_version"": ""v1"", ""persona"": ""expert""}"
"('interpretation', 'judaicphilosophy')",judaic philosophy,interpretation,course_taker,v1,v1,"{""model"": null, ""temperature"": null, ""date"": ""2025-09-17T01:47:42.732957+00:00"", ""prompt_version"": ""v1"", ""persona"": ""course_taker""}"
"('interpretation', 'judaicphilosophy')",judaic philosophy,interpretation,expert,v1,v1,"{""model"": null, ""temperature"": null, ""date"": ""2025-09-17T01:47:42.732988+00:00"", ""prompt_version"": ""v1"", ""persona"": ""expert""}"
"('epistemology', 'philosophyofscienceandthesciences')",philosophy of science and the sciences,epistemology,phd,v1,v1,"{""model"": null, ""temperature"": null, ""date"": ""2025-09-17T01:47:42.733041+00:00"", ""prompt_version"": ""v1"", ""persona"": ""phd""}"
"('epistemology', 'philosophyofscienceandthesciences')",philosophy of science and the sciences,epistemology,expert,v1,v1,"{""model"": null, ""temperature"": null, ""date"": ""2025-09-17T01:47:42.733072+00:00"", ""prompt_version"": ""v1"", ""persona"": ""expert""}"
"('causeandeffect', 'perception')",cause and effect,perception,phd,v1,v1,"{""model"": null, ""temperature"": null, ""date"": ""2025-09-17T01:47:42.733126+00:00"", ""prompt_version"": ""v1"", ""persona"": ""phd""}"
"('causeandeffect', 'perception')",cause and effect,perception,expert,v1,v1,"{""model"": null, ""temperature"": null, ""date"": ""2025-09-17T01:47:42.733156+00:00"", ""prompt_version"": ""v1"", ""persona"": ""expert""}"
"('chinesephilosophy', 'westernphilosophy')",western philosophy,chinese philosophy,phd,v1,v1,"{""model"": null, ""temperature"": null, ""date"": ""2025-09-17T01:47:42.733209+00:00"", ""prompt_version"": ""v1"", ""persona"": ""phd""}"
"('chinesephilosophy', 'westernphilosophy')",western philosophy,chinese philosophy,expert,v1,v1,"{""model"": null, ""temperature"": null, ""date"": ""2025-09-17T01:47:42.733239+00:00"", ""prompt_version"": ""v1"", ""persona"": ""expert""}"
"('naturallaw', 'philosophyoflaw')",natural law,philosophy of law,phd,v1,v1,"{""model"": null, ""temperature"": null, ""date"": ""2025-09-17T01:47:42.733292+00:00"", ""prompt_version"": ""v1"", ""persona"": ""phd""}"
"('naturallaw', 'philosophyoflaw')",natural law,philosophy of law,expert,v1,v1,"{""model"": null, ""temperature"": null, ""date"": ""2025-09-17T01:47:42.733323+00:00"", ""prompt_version"": ""v1"", ""persona"": ""expert""}"
"('chinesephilosophy', 'zenbuddhism')",zen buddhism,chinese philosophy,phd,v1,v1,"{""model"": null, ""temperature"": null, ""date"": ""2025-09-17T01:47:42.733375+00:00"", ""prompt_version"": ""v1"", ""persona"": ""phd""}"
"('chinesephilosophy', 'zenbuddhism')",zen buddhism,chinese philosophy,expert,v1,v1,"{""model"": null, ""temperature"": null, ""date"": ""2025-09-17T01:47:42.733405+00:00"", ""prompt_version"": ""v1"", ""persona"": ""expert""}"
"('metaphysics', 'metaphysicsofscience')",metaphysics of science,metaphysics,phd,v1,v1,"{""model"": null, ""temperature"": null, ""date"": ""2025-09-17T01:47:42.733460+00:00"", ""prompt_version"": ""v1"", ""persona"": ""phd""}"
"('metaphysics', 'metaphysicsofscience')",metaphysics of science,metaphysics,expert,v1,v1,"{""model"": null, ""temperature"": null, ""date"": ""2025-09-17T01:47:42.733490+00:00"", ""prompt_version"": ""v1"", ""persona"": ""expert""}"
"('cognitivescience', 'philosophyofscienceandthesciences')",cognitive science,philosophy of science and the sciences,phd,v1,v1,"{""model"": null, ""temperature"": null, ""date"": ""2025-09-17T01:47:42.733544+00:00"", ""prompt_version"": ""v1"", ""persona"": ""phd""}"
"('cognitivescience', 'philosophyofscienceandthesciences')",cognitive science,philosophy of science and the sciences,expert,v1,v1,"{""model"": null, ""temperature"": null, ""date"": ""2025-09-17T01:47:42.733575+00:00"", ""prompt_version"": ""v1"", ""persona"": ""expert""}"
"('metaphysics', 'modernphilosophy')",modern philosophy,metaphysics,phd,v1,v1,"{""model"": null, ""temperature"": null, ""date"": ""2025-09-17T01:47:42.733628+00:00"", ""prompt_version"": ""v1"", ""persona"": ""phd""}"
"('metaphysics', 'modernphilosophy')",modern philosophy,metaphysics,expert,v1,v1,"{""model"": null, ""temperature"": null, ""date"": ""2025-09-17T01:47:42.733658+00:00"", ""prompt_version"": ""v1"", ""persona"": ""expert""}"
"('metaphysics', 'personalidentityandethics')",personal identity and ethics,metaphysics,phd,v1,v1,"{""model"": null, ""temperature"": null, ""date"": ""2025-09-17T01:47:42.733711+00:00"", ""prompt_version"": ""v1"", ""persona"": ""phd""}"
"('metaphysics', 'personalidentityandethics')",personal identity and ethics,metaphysics,expert,v1,v1,"{""model"": null, ""temperature"": null, ""date"": ""2025-09-17T01:47:42.733741+00:00"", ""prompt_version"": ""v1"", ""persona"": ""expert""}"
"('perception', 'unitarianism')",unitarianism,perception,phd,v1,v1,"{""model"": null, ""temperature"": null, ""date"": ""2025-09-17T01:47:42.733794+00:00"", ""prompt_version"": ""v1"", ""persona"": ""phd""}"
"('perception', 'unitarianism')",unitarianism,perception,expert,v1,v1,"{""model"": null, ""temperature"": null, ""date"": ""2025-09-17T01:47:42.733823+00:00"", ""prompt_version"": ""v1"", ""persona"": ""expert""}"
"('epistemology', 'feministepistemologyandphilosophyofscience')",feminist epistemology and philosophy of science,epistemology,phd,v1,v1,"{""model"": null, ""temperature"": null, ""date"": ""2025-09-17T01:47:42.733877+00:00"", ""prompt_version"": ""v1"", ""persona"": ""phd""}"
"('epistemology', 'feministepistemologyandphilosophyofscience')",feminist epistemology and philosophy of science,epistemology,expert,v1,v1,"{""model"": null, ""temperature"": null, ""date"": ""2025-09-17T01:47:42.733909+00:00"", ""prompt_version"": ""v1"", ""persona"": ""expert""}"
"('18thcenturygermanaesthetics', 'metaphysics')",18th century german aesthetics,metaphysics,phd,v1,v1,"{""model"": null, ""temperature"": null, ""date"": ""2025-09-17T01:47:42.733984+00:00"", ""prompt_version"": ""v1"", ""persona"": ""phd""}"
"('18thcenturygermanaesthetics', 'metaphysics')",18th century german aesthetics,metaphysics,expert,v1,v1,"{""model"": null, ""temperature"": null, ""date"": ""2025-09-17T01:47:42.734015+00:00"", ""prompt_version"": ""v1"", ""persona"": ""expert""}"
"('activationvalue', 'folkpsychology')",activation value,folk psychology,phd,v1,v1,"{""model"": null, ""temperature"": null, ""date"": ""2025-09-17T01:47:42.734068+00:00"", ""prompt_version"": ""v1"", ""persona"": ""phd""}"
"('activationvalue', 'folkpsychology')",activation value,folk psychology,expert,v1,v1,"{""model"": null, ""temperature"": null, ""date"": ""2025-09-17T01:47:42.734099+00:00"", ""prompt_version"": ""v1"", ""persona"": ""expert""}"
"('hilbertsprogram', 'philosophyofmathematics')",hilbert's program,philosophy of mathematics,course_taker,v1,v1,"{""model"": null, ""temperature"": null, ""date"": ""2025-09-17T01:47:42.734152+00:00"", ""prompt_version"": ""v1"", ""persona"": ""course_taker""}"
"('hilbertsprogram', 'philosophyofmathematics')",hilbert's program,philosophy of mathematics,phd,v1,v1,"{""model"": null, ""temperature"": null, ""date"": ""2025-09-17T01:47:42.734184+00:00"", ""prompt_version"": ""v1"", ""persona"": ""phd""}"
"('eliminativematerialism', 'philosophyofmind')",eliminative materialism,philosophy of mind,phd,v1,v1,"{""model"": null, ""temperature"": null, ""date"": ""2025-09-17T01:47:42.734237+00:00"", ""prompt_version"": ""v1"", ""persona"": ""phd""}"
"('eliminativematerialism', 'philosophyofmind')",eliminative materialism,philosophy of mind,expert,v1,v1,"{""model"": null, ""temperature"": null, ""date"": ""2025-09-17T01:47:42.734268+00:00"", ""prompt_version"": ""v1"", ""persona"": ""expert""}"
"('historyoflogic', 'intuitionisticlogic')",intuitionistic logic,history of logic,novice,v1,v1,"{""model"": null, ""temperature"": null, ""date"": ""2025-09-17T01:47:42.734327+00:00"", ""prompt_version"": ""v1"", ""persona"": ""novice""}"
"('historyoflogic', 'intuitionisticlogic')",intuitionistic logic,history of logic,phd,v1,v1,"{""model"": null, ""temperature"": null, ""date"": ""2025-09-17T01:47:42.734358+00:00"", ""prompt_version"": ""v1"", ""persona"": ""phd""}"
"('blindsight', 'perception')",blindsight,perception,phd,v1,v1,"{""model"": null, ""temperature"": null, ""date"": ""2025-09-17T01:47:42.734411+00:00"", ""prompt_version"": ""v1"", ""persona"": ""phd""}"
"('blindsight', 'perception')",blindsight,perception,expert,v1,v1,"{""model"": null, ""temperature"": null, ""date"": ""2025-09-17T01:47:42.734441+00:00"", ""prompt_version"": ""v1"", ""persona"": ""expert""}"
"('scientificmethodology', 'unityofscience')",unity of science,scientific methodology,novice,v1,v1,"{""model"": null, ""temperature"": null, ""date"": ""2025-09-17T01:47:42.734493+00:00"", ""prompt_version"": ""v1"", ""persona"": ""novice""}"
"('scientificmethodology', 'unityofscience')",unity of science,scientific methodology,phd,v1,v1,"{""model"": null, ""temperature"": null, ""date"": ""2025-09-17T01:47:42.734524+00:00"", ""prompt_version"": ""v1"", ""persona"": ""phd""}"
"('cognitivescience', 'neuralnetwork')",neural network,cognitive science,phd,v1,v1,"{""model"": null, ""temperature"": null, ""date"": ""2025-09-17T01:47:42.734577+00:00"", ""prompt_version"": ""v1"", ""persona"": ""phd""}"
"('cognitivescience', 'neuralnetwork')",neural network,cognitive science,expert,v1,v1,"{""model"": null, ""temperature"": null, ""date"": ""2025-09-17T01:47:42.734607+00:00"", ""prompt_version"": ""v1"", ""persona"": ""expert""}"
"('metaphysics', 'time')",time,metaphysics,phd,v1,v1,"{""model"": null, ""temperature"": null, ""date"": ""2025-09-17T01:47:42.734666+00:00"", ""prompt_version"": ""v1"", ""persona"": ""phd""}"
"('metaphysics', 'time')",time,metaphysics,expert,v1,v1,"{""model"": null, ""temperature"": null, ""date"": ""2025-09-17T01:47:42.734696+00:00"", ""prompt_version"": ""v1"", ""persona"": ""expert""}"
"('functionalism', 'philosophyofmind')",functionalism,philosophy of mind,phd,v1,v1,"{""model"": null, ""temperature"": null, ""date"": ""2025-09-17T01:47:42.734748+00:00"", ""prompt_version"": ""v1"", ""persona"": ""phd""}"
"('functionalism', 'philosophyofmind')",functionalism,philosophy of mind,expert,v1,v1,"{""model"": null, ""temperature"": null, ""date"": ""2025-09-17T01:47:42.734778+00:00"", ""prompt_version"": ""v1"", ""persona"": ""expert""}"
"('foundationalism', 'foundationalisttheoriesofepistemicjustification')",foundationalist theories of epistemic justification,foundationalism,phd,v1,v1,"{""model"": null, ""temperature"": null, ""date"": ""2025-09-17T01:47:42.734831+00:00"", ""prompt_version"": ""v1"", ""persona"": ""phd""}"
"('foundationalism', 'foundationalisttheoriesofepistemicjustification')",foundationalist theories of epistemic justification,foundationalism,expert,v1,v1,"{""model"": null, ""temperature"": null, ""date"": ""2025-09-17T01:47:42.734862+00:00"", ""prompt_version"": ""v1"", ""persona"": ""expert""}"
"('intuitionisticlogic', 'logic')",logic,intuitionistic logic,course_taker,v1,v1,"{""model"": null, ""temperature"": null, ""date"": ""2025-09-17T01:47:42.734915+00:00"", ""prompt_version"": ""v1"", ""persona"": ""course_taker""}"
"('intuitionisticlogic', 'logic')",logic,intuitionistic logic,phd,v1,v1,"{""model"": null, ""temperature"": null, ""date"": ""2025-09-17T01:47:42.734946+00:00"", ""prompt_version"": ""v1"", ""persona"": ""phd""}"
"('connectionism', 'neuralnetwork')",connectionism,neural network,course_taker,v1,v1,"{""model"": null, ""temperature"": null, ""date"": ""2025-09-17T01:47:42.734998+00:00"", ""prompt_version"": ""v1"", ""persona"": ""course_taker""}"
"('connectionism', 'neuralnetwork')",connectionism,neural network,phd,v1,v1,"{""model"": null, ""temperature"": null, ""date"": ""2025-09-17T01:47:42.735029+00:00"", ""prompt_version"": ""v1"", ""persona"": ""phd""}"
"('causaltheoriesofmentalcontent', 'perception')",causal theories of mental content,perception,phd,v1,v1,"{""model"": null, ""temperature"": null, ""date"": ""2025-09-17T01:47:42.735082+00:00"", ""prompt_version"": ""v1"", ""persona"": ""phd""}"
"('causaltheoriesofmentalcontent', 'perception')",causal theories of mental content,perception,expert,v1,v1,"{""model"": null, ""temperature"": null, ""date"": ""2025-09-17T01:47:42.735113+00:00"", ""prompt_version"": ""v1"", ""persona"": ""expert""}"
"('metaphysics', 'mindbodyproblem')",mind-body problem,metaphysics,phd,v1,v1,"{""model"": null, ""temperature"": null, ""date"": ""2025-09-17T01:47:42.735165+00:00"", ""prompt_version"": ""v1"", ""persona"": ""phd""}"
"('metaphysics', 'mindbodyproblem')",mind-body problem,metaphysics,expert,v1,v1,"{""model"": null, ""temperature"": null, ""date"": ""2025-09-17T01:47:42.735195+00:00"", ""prompt_version"": ""v1"", ""persona"": ""expert""}"
"('greatapes', 'philosophyofmind')",great apes,philosophy of mind,phd,v1,v1,"{""model"": null, ""temperature"": null, ""date"": ""2025-09-17T01:47:42.735247+00:00"", ""prompt_version"": ""v1"", ""persona"": ""phd""}"
"('greatapes', 'philosophyofmind')",great apes,philosophy of mind,expert,v1,v1,"{""model"": null, ""temperature"": null, ""date"": ""2025-09-17T01:47:42.735278+00:00"", ""prompt_version"": ""v1"", ""persona"": ""expert""}"
"('philosophyofreligion', 'problemofevil')",problem of evil,philosophy of religion,phd,v1,v1,"{""model"": null, ""temperature"": null, ""date"": ""2025-09-17T01:47:42.735330+00:00"", ""prompt_version"": ""v1"", ""persona"": ""phd""}"
"('philosophyofreligion', 'problemofevil')",problem of evil,philosophy of religion,expert,v1,v1,"{""model"": null, ""temperature"": null, ""date"": ""2025-09-17T01:47:42.735360+00:00"", ""prompt_version"": ""v1"", ""persona"": ""expert""}"
"('epistemology', 'gettierproblem')",gettier problem,epistemology,phd,v1,v1,"{""model"": null, ""temperature"": null, ""date"": ""2025-09-17T01:47:42.735433+00:00"", ""prompt_version"": ""v1"", ""persona"": ""phd""}"
"('epistemology', 'gettierproblem')",gettier problem,epistemology,expert,v1,v1,"{""model"": null, ""temperature"": null, ""date"": ""2025-09-17T01:47:42.735463+00:00"", ""prompt_version"": ""v1"", ""persona"": ""expert""}"
"('epistemology', 'internalism')",internalism,epistemology,phd,v1,v1,"{""model"": null, ""temperature"": null, ""date"": ""2025-09-17T01:47:42.735515+00:00"", ""prompt_version"": ""v1"", ""persona"": ""phd""}"
"('epistemology', 'internalism')",internalism,epistemology,expert,v1,v1,"{""model"": null, ""temperature"": null, ""date"": ""2025-09-17T01:47:42.735545+00:00"", ""prompt_version"": ""v1"", ""persona"": ""expert""}"
"('eternityinchristianthought', 'philosophyofreligion')",Eternity in Christian Thought,philosophy of religion,phd,v1,v1,"{""model"": null, ""temperature"": null, ""date"": ""2025-09-17T01:47:42.735598+00:00"", ""prompt_version"": ""v1"", ""persona"": ""phd""}"
"('eternityinchristianthought', 'philosophyofreligion')",Eternity in Christian Thought,philosophy of religion,expert,v1,v1,"{""model"": null, ""temperature"": null, ""date"": ""2025-09-17T01:47:42.735628+00:00"", ""prompt_version"": ""v1"", ""persona"": ""expert""}"
"('miracles', 'philosophyofreligion')",miracles,philosophy of religion,phd,v1,v1,"{""model"": null, ""temperature"": null, ""date"": ""2025-09-17T01:47:42.735681+00:00"", ""prompt_version"": ""v1"", ""persona"": ""phd""}"
"('miracles', 'philosophyofreligion')",miracles,philosophy of religion,expert,v1,v1,"{""model"": null, ""temperature"": null, ""date"": ""2025-09-17T01:47:42.735711+00:00"", ""prompt_version"": ""v1"", ""persona"": ""expert""}"
"('existence', 'metaphysics')",existence,metaphysics,phd,v1,v1,"{""model"": null, ""temperature"": null, ""date"": ""2025-09-17T01:47:42.735763+00:00"", ""prompt_version"": ""v1"", ""persona"": ""phd""}"
"('existence', 'metaphysics')",existence,metaphysics,expert,v1,v1,"{""model"": null, ""temperature"": null, ""date"": ""2025-09-17T01:47:42.735793+00:00"", ""prompt_version"": ""v1"", ""persona"": ""expert""}"
"('philosophyofreligion', 'sovereignty')",sovereignty,philosophy of religion,phd,v1,v1,"{""model"": null, ""temperature"": null, ""date"": ""2025-09-17T01:47:42.735845+00:00"", ""prompt_version"": ""v1"", ""persona"": ""phd""}"
"('philosophyofreligion', 'sovereignty')",sovereignty,philosophy of religion,expert,v1,v1,"{""model"": null, ""temperature"": null, ""date"": ""2025-09-17T01:47:42.735875+00:00"", ""prompt_version"": ""v1"", ""persona"": ""expert""}"
"('philosophyofpsychology', 'philosophyofscienceandthesciences')",philosophy of psychology,philosophy of science and the sciences,phd,v1,v1,"{""model"": null, ""temperature"": null, ""date"": ""2025-09-17T01:47:42.735928+00:00"", ""prompt_version"": ""v1"", ""persona"": ""phd""}"
"('philosophyofpsychology', 'philosophyofscienceandthesciences')",philosophy of psychology,philosophy of science and the sciences,expert,v1,v1,"{""model"": null, ""temperature"": null, ""date"": ""2025-09-17T01:47:42.735959+00:00"", ""prompt_version"": ""v1"", ""persona"": ""expert""}"
"('epistemology', 'naturalisminlegalphilosophy')",naturalism in legal philosophy,epistemology,phd,v1,v1,"{""model"": null, ""temperature"": null, ""date"": ""2025-09-17T01:47:42.736012+00:00"", ""prompt_version"": ""v1"", ""persona"": ""phd""}"
"('epistemology', 'naturalisminlegalphilosophy')",naturalism in legal philosophy,epistemology,expert,v1,v1,"{""model"": null, ""temperature"": null, ""date"": ""2025-09-17T01:47:42.736043+00:00"", ""prompt_version"": ""v1"", ""persona"": ""expert""}"
"('perception', 'philosophyofperception')",philosophy of perception,perception,phd,v1,v1,"{""model"": null, ""temperature"": null, ""date"": ""2025-09-17T01:47:42.736096+00:00"", ""prompt_version"": ""v1"", ""persona"": ""phd""}"
"('perception', 'philosophyofperception')",philosophy of perception,perception,expert,v1,v1,"{""model"": null, ""temperature"": null, ""date"": ""2025-09-17T01:47:42.736126+00:00"", ""prompt_version"": ""v1"", ""persona"": ""expert""}"
"('epistemology', 'platonicrealism')",platonic realism,epistemology,phd,v1,v1,"{""model"": null, ""temperature"": null, ""date"": ""2025-09-17T01:47:42.736178+00:00"", ""prompt_version"": ""v1"", ""persona"": ""phd""}"
"('epistemology', 'platonicrealism')",platonic realism,epistemology,expert,v1,v1,"{""model"": null, ""temperature"": null, ""date"": ""2025-09-17T01:47:42.736208+00:00"", ""prompt_version"": ""v1"", ""persona"": ""expert""}"
"('computationaltheoryofmind', 'philosophyofmind')",computational theory of mind,philosophy of mind,phd,v1,v1,"{""model"": null, ""temperature"": null, ""date"": ""2025-09-17T01:47:42.736260+00:00"", ""prompt_version"": ""v1"", ""persona"": ""phd""}"
"('computationaltheoryofmind', 'philosophyofmind')",computational theory of mind,philosophy of mind,expert,v1,v1,"{""model"": null, ""temperature"": null, ""date"": ""2025-09-17T01:47:42.736291+00:00"", ""prompt_version"": ""v1"", ""persona"": ""expert""}"
"('civilrights', 'racism')",racism,civil rights,course_taker,v1,v1,"{""model"": null, ""temperature"": null, ""date"": ""2025-09-17T01:47:42.736343+00:00"", ""prompt_version"": ""v1"", ""persona"": ""course_taker""}"
"('civilrights', 'racism')",racism,civil rights,phd,v1,v1,"{""model"": null, ""temperature"": null, ""date"": ""2025-09-17T01:47:42.736373+00:00"", ""prompt_version"": ""v1"", ""persona"": ""phd""}"
"('epistemology', 'feministsocialepistemology')",feminist social epistemology,epistemology,phd,v1,v1,"{""model"": null, ""temperature"": null, ""date"": ""2025-09-17T01:47:42.736425+00:00"", ""prompt_version"": ""v1"", ""persona"": ""phd""}"
"('epistemology', 'feministsocialepistemology')",feminist social epistemology,epistemology,expert,v1,v1,"{""model"": null, ""temperature"": null, ""date"": ""2025-09-17T01:47:42.736456+00:00"", ""prompt_version"": ""v1"", ""persona"": ""expert""}"
"('leibnizoncausation', 'perception')",leibniz on causation,perception,phd,v1,v1,"{""model"": null, ""temperature"": null, ""date"": ""2025-09-17T01:47:42.736508+00:00"", ""prompt_version"": ""v1"", ""persona"": ""phd""}"
"('leibnizoncausation', 'perception')",leibniz on causation,perception,expert,v1,v1,"{""model"": null, ""temperature"": null, ""date"": ""2025-09-17T01:47:42.736538+00:00"", ""prompt_version"": ""v1"", ""persona"": ""expert""}"
"('philosophyofscienceandthesciences', 'scientificprogress')",scientific progress,philosophy of science and the sciences,phd,v1,v1,"{""model"": null, ""temperature"": null, ""date"": ""2025-09-17T01:47:42.736590+00:00"", ""prompt_version"": ""v1"", ""persona"": ""phd""}"
"('philosophyofscienceandthesciences', 'scientificprogress')",scientific progress,philosophy of science and the sciences,expert,v1,v1,"{""model"": null, ""temperature"": null, ""date"": ""2025-09-17T01:47:42.736621+00:00"", ""prompt_version"": ""v1"", ""persona"": ""expert""}"
"('epistemology', 'sensedata')",sense data,epistemology,phd,v1,v1,"{""model"": null, ""temperature"": null, ""date"": ""2025-09-17T01:47:42.736674+00:00"", ""prompt_version"": ""v1"", ""persona"": ""phd""}"
"('epistemology', 'sensedata')",sense data,epistemology,expert,v1,v1,"{""model"": null, ""temperature"": null, ""date"": ""2025-09-17T01:47:42.736704+00:00"", ""prompt_version"": ""v1"", ""persona"": ""expert""}"
"('epistemology', 'testimony')",testimony,epistemology,phd,v1,v1,"{""model"": null, ""temperature"": null, ""date"": ""2025-09-17T01:47:42.736756+00:00"", ""prompt_version"": ""v1"", ""persona"": ""phd""}"
"('epistemology', 'testimony')",testimony,epistemology,expert,v1,v1,"{""model"": null, ""temperature"": null, ""date"": ""2025-09-17T01:47:42.736785+00:00"", ""prompt_version"": ""v1"", ""persona"": ""expert""}"
"('epistemology', 'scientifictheory')",scientific theory,epistemology,phd,v1,v1,"{""model"": null, ""temperature"": null, ""date"": ""2025-09-17T01:47:42.736881+00:00"", ""prompt_version"": ""v1"", ""persona"": ""phd""}"
"('epistemology', 'scientifictheory')",scientific theory,epistemology,expert,v1,v1,"{""model"": null, ""temperature"": null, ""date"": ""2025-09-17T01:47:42.736911+00:00"", ""prompt_version"": ""v1"", ""persona"": ""expert""}"
"('medievaltheoriesofcausality', 'metaphysics')",medieval theories of causality,metaphysics,phd,v1,v1,"{""model"": null, ""temperature"": null, ""date"": ""2025-09-17T01:47:42.736988+00:00"", ""prompt_version"": ""v1"", ""persona"": ""phd""}"
"('medievaltheoriesofcausality', 'metaphysics')",medieval theories of causality,metaphysics,expert,v1,v1,"{""model"": null, ""temperature"": null, ""date"": ""2025-09-17T01:47:42.737019+00:00"", ""prompt_version"": ""v1"", ""persona"": ""expert""}"
"('artificialintelligence', 'connectionistmodel')",connectionist model,artificial intelligence,phd,v1,v1,"{""model"": null, ""temperature"": null, ""date"": ""2025-09-17T01:47:42.737079+00:00"", ""prompt_version"": ""v1"", ""persona"": ""phd""}"
"('artificialintelligence', 'connectionistmodel')",connectionist model,artificial intelligence,expert,v1,v1,"{""model"": null, ""temperature"": null, ""date"": ""2025-09-17T01:47:42.737110+00:00"", ""prompt_version"": ""v1"", ""persona"": ""expert""}"
"('classicallogic', 'logic')",logic,classical logic,course_taker,v1,v1,"{""model"": null, ""temperature"": null, ""date"": ""2025-09-17T01:47:42.737163+00:00"", ""prompt_version"": ""v1"", ""persona"": ""course_taker""}"
"('classicallogic', 'logic')",logic,classical logic,phd,v1,v1,"{""model"": null, ""temperature"": null, ""date"": ""2025-09-17T01:47:42.737193+00:00"", ""prompt_version"": ""v1"", ""persona"": ""phd""}"
"('epistemology', 'modernphilosophy')",modern philosophy,epistemology,phd,v1,v1,"{""model"": null, ""temperature"": null, ""date"": ""2025-09-17T01:47:42.737245+00:00"", ""prompt_version"": ""v1"", ""persona"": ""phd""}"
"('epistemology', 'modernphilosophy')",modern philosophy,epistemology,expert,v1,v1,"{""model"": null, ""temperature"": null, ""date"": ""2025-09-17T01:47:42.737274+00:00"", ""prompt_version"": ""v1"", ""persona"": ""expert""}"
"('philosophyofreligion', 'scienceandreligion')",science and religion,philosophy of religion,phd,v1,v1,"{""model"": null, ""temperature"": null, ""date"": ""2025-09-17T01:47:42.737327+00:00"", ""prompt_version"": ""v1"", ""persona"": ""phd""}"
"('philosophyofreligion', 'scienceandreligion')",science and religion,philosophy of religion,expert,v1,v1,"{""model"": null, ""temperature"": null, ""date"": ""2025-09-17T01:47:42.737357+00:00"", ""prompt_version"": ""v1"", ""persona"": ""expert""}"
"('philosophyofmind', 'spinozaspsychologicaltheory')",spinoza's psychological theory,philosophy of mind,phd,v1,v1,"{""model"": null, ""temperature"": null, ""date"": ""2025-09-17T01:47:42.737410+00:00"", ""prompt_version"": ""v1"", ""persona"": ""phd""}"
"('philosophyofmind', 'spinozaspsychologicaltheory')",spinoza's psychological theory,philosophy of mind,expert,v1,v1,"{""model"": null, ""temperature"": null, ""date"": ""2025-09-17T01:47:42.737441+00:00"", ""prompt_version"": ""v1"", ""persona"": ""expert""}"
"('intellectualism', 'philosophyofreligion')",intellectualism,philosophy of religion,novice,v1,v1,"{""model"": null, ""temperature"": null, ""date"": ""2025-09-17T01:47:42.737494+00:00"", ""prompt_version"": ""v1"", ""persona"": ""novice""}"
"('intellectualism', 'philosophyofreligion')",intellectualism,philosophy of religion,phd,v1,v1,"{""model"": null, ""temperature"": null, ""date"": ""2025-09-17T01:47:42.737525+00:00"", ""prompt_version"": ""v1"", ""persona"": ""phd""}"
"('existence', 'existenceofgod')",existence of god,existence,phd,v1,v1,"{""model"": null, ""temperature"": null, ""date"": ""2025-09-17T01:47:42.737577+00:00"", ""prompt_version"": ""v1"", ""persona"": ""phd""}"
"('existence', 'existenceofgod')",existence of god,existence,expert,v1,v1,"{""model"": null, ""temperature"": null, ""date"": ""2025-09-17T01:47:42.737608+00:00"", ""prompt_version"": ""v1"", ""persona"": ""expert""}"
"('philosophyofmind', 'philosophyofscienceandthesciences')",philosophy of science and the sciences,philosophy of mind,phd,v1,v1,"{""model"": null, ""temperature"": null, ""date"": ""2025-09-17T01:47:42.737660+00:00"", ""prompt_version"": ""v1"", ""persona"": ""phd""}"
"('philosophyofmind', 'philosophyofscienceandthesciences')",philosophy of science and the sciences,philosophy of mind,expert,v1,v1,"{""model"": null, ""temperature"": null, ""date"": ""2025-09-17T01:47:42.737692+00:00"", ""prompt_version"": ""v1"", ""persona"": ""expert""}"
"('introspection', 'philosophyofmind')",introspection,philosophy of mind,phd,v1,v1,"{""model"": null, ""temperature"": null, ""date"": ""2025-09-17T01:47:42.737745+00:00"", ""prompt_version"": ""v1"", ""persona"": ""phd""}"
"('introspection', 'philosophyofmind')",introspection,philosophy of mind,expert,v1,v1,"{""model"": null, ""temperature"": null, ""date"": ""2025-09-17T01:47:42.737775+00:00"", ""prompt_version"": ""v1"", ""persona"": ""expert""}"
"('physicalism', 'zombies')",zombies,physicalism,phd,v1,v1,"{""model"": null, ""temperature"": null, ""date"": ""2025-09-17T01:47:42.737827+00:00"", ""prompt_version"": ""v1"", ""persona"": ""phd""}"
"('physicalism', 'zombies')",zombies,physicalism,expert,v1,v1,"{""model"": null, ""temperature"": null, ""date"": ""2025-09-17T01:47:42.737857+00:00"", ""prompt_version"": ""v1"", ""persona"": ""expert""}"
"('metaphysics', 'theoryoftruth')",theory of truth,metaphysics,phd,v1,v1,"{""model"": null, ""temperature"": null, ""date"": ""2025-09-17T01:47:42.737909+00:00"", ""prompt_version"": ""v1"", ""persona"": ""phd""}"
"('metaphysics', 'theoryoftruth')",theory of truth,metaphysics,expert,v1,v1,"{""model"": null, ""temperature"": null, ""date"": ""2025-09-17T01:47:42.737938+00:00"", ""prompt_version"": ""v1"", ""persona"": ""expert""}"
"('cartesiandualism', 'philosophyofmind')",cartesian dualism,philosophy of mind,phd,v1,v1,"{""model"": null, ""temperature"": null, ""date"": ""2025-09-17T01:47:42.737991+00:00"", ""prompt_version"": ""v1"", ""persona"": ""phd""}"
"('cartesiandualism', 'philosophyofmind')",cartesian dualism,philosophy of mind,expert,v1,v1,"{""model"": null, ""temperature"": null, ""date"": ""2025-09-17T01:47:42.738021+00:00"", ""prompt_version"": ""v1"", ""persona"": ""expert""}"
"('metaphysics', 'theoryofforms')",theory of forms,metaphysics,phd,v1,v1,"{""model"": null, ""temperature"": null, ""date"": ""2025-09-17T01:47:42.738073+00:00"", ""prompt_version"": ""v1"", ""persona"": ""phd""}"
"('metaphysics', 'theoryofforms')",theory of forms,metaphysics,expert,v1,v1,"{""model"": null, ""temperature"": null, ""date"": ""2025-09-17T01:47:42.738103+00:00"", ""prompt_version"": ""v1"", ""persona"": ""expert""}"
"('epistemology', 'historyoffeminism')",history of feminism,epistemology,phd,v1,v1,"{""model"": null, ""temperature"": null, ""date"": ""2025-09-17T01:47:42.738155+00:00"", ""prompt_version"": ""v1"", ""persona"": ""phd""}"
"('epistemology', 'historyoffeminism')",history of feminism,epistemology,expert,v1,v1,"{""model"": null, ""temperature"": null, ""date"": ""2025-09-17T01:47:42.738185+00:00"", ""prompt_version"": ""v1"", ""persona"": ""expert""}"
"('causation', 'metaphysicsofcausation')",metaphysics of causation,causation,phd,v1,v1,"{""model"": null, ""temperature"": null, ""date"": ""2025-09-17T01:47:42.738238+00:00"", ""prompt_version"": ""v1"", ""persona"": ""phd""}"
"('causation', 'metaphysicsofcausation')",metaphysics of causation,causation,expert,v1,v1,"{""model"": null, ""temperature"": null, ""date"": ""2025-09-17T01:47:42.738268+00:00"", ""prompt_version"": ""v1"", ""persona"": ""expert""}"
"('folkpsychology', 'perception')",folk psychology,perception,phd,v1,v1,"{""model"": null, ""temperature"": null, ""date"": ""2025-09-17T01:47:42.738320+00:00"", ""prompt_version"": ""v1"", ""persona"": ""phd""}"
"('folkpsychology', 'perception')",folk psychology,perception,expert,v1,v1,"{""model"": null, ""temperature"": null, ""date"": ""2025-09-17T01:47:42.738369+00:00"", ""prompt_version"": ""v1"", ""persona"": ""expert""}"
"('computerethics', 'ethics')",computer ethics,ethics,phd,v1,v1,"{""model"": null, ""temperature"": null, ""date"": ""2025-09-17T01:47:42.738421+00:00"", ""prompt_version"": ""v1"", ""persona"": ""phd""}"
"('computerethics', 'ethics')",computer ethics,ethics,expert,v1,v1,"{""model"": null, ""temperature"": null, ""date"": ""2025-09-17T01:47:42.738451+00:00"", ""prompt_version"": ""v1"", ""persona"": ""expert""}"
"('essentialversusaccidentalproperties', 'propertyandownership')",essential versus accidental properties,property and ownership,phd,v1,v1,"{""model"": null, ""temperature"": null, ""date"": ""2025-09-17T01:47:42.738503+00:00"", ""prompt_version"": ""v1"", ""persona"": ""phd""}"
"('essentialversusaccidentalproperties', 'propertyandownership')",essential versus accidental properties,property and ownership,expert,v1,v1,"{""model"": null, ""temperature"": null, ""date"": ""2025-09-17T01:47:42.738534+00:00"", ""prompt_version"": ""v1"", ""persona"": ""expert""}"
"('philosophyofreligion', 'publicreason')",public reason,philosophy of religion,phd,v1,v1,"{""model"": null, ""temperature"": null, ""date"": ""2025-09-17T01:47:42.738587+00:00"", ""prompt_version"": ""v1"", ""persona"": ""phd""}"
"('philosophyofreligion', 'publicreason')",public reason,philosophy of religion,expert,v1,v1,"{""model"": null, ""temperature"": null, ""date"": ""2025-09-17T01:47:42.738617+00:00"", ""prompt_version"": ""v1"", ""persona"": ""expert""}"
"('agnosticism', 'philosophyofreligion')",agnosticism,philosophy of religion,phd,v1,v1,"{""model"": null, ""temperature"": null, ""date"": ""2025-09-17T01:47:42.738670+00:00"", ""prompt_version"": ""v1"", ""persona"": ""phd""}"
"('agnosticism', 'philosophyofreligion')",agnosticism,philosophy of religion,expert,v1,v1,"{""model"": null, ""temperature"": null, ""date"": ""2025-09-17T01:47:42.738700+00:00"", ""prompt_version"": ""v1"", ""persona"": ""expert""}"
"('chinesephilosophy', 'confucianism')",chinese philosophy,confucianism,course_taker,v1,v1,"{""model"": null, ""temperature"": null, ""date"": ""2025-09-17T01:47:42.738752+00:00"", ""prompt_version"": ""v1"", ""persona"": ""course_taker""}"
"('chinesephilosophy', 'confucianism')",chinese philosophy,confucianism,expert,v1,v1,"{""model"": null, ""temperature"": null, ""date"": ""2025-09-17T01:47:42.738782+00:00"", ""prompt_version"": ""v1"", ""persona"": ""expert""}"
"('symmetryandinvariance', 'symmetryandsymmetrybreaking')",symmetry and symmetry breaking,symmetry and invariance,phd,v1,v1,"{""model"": null, ""temperature"": null, ""date"": ""2025-09-17T01:47:42.738835+00:00"", ""prompt_version"": ""v1"", ""persona"": ""phd""}"
"('symmetryandinvariance', 'symmetryandsymmetrybreaking')",symmetry and symmetry breaking,symmetry and invariance,expert,v1,v1,"{""model"": null, ""temperature"": null, ""date"": ""2025-09-17T01:47:42.738866+00:00"", ""prompt_version"": ""v1"", ""persona"": ""expert""}"
"('epistemology', 'socialandpoliticalphilosophy')",social and political philosophy,epistemology,phd,v1,v1,"{""model"": null, ""temperature"": null, ""date"": ""2025-09-17T01:47:42.738919+00:00"", ""prompt_version"": ""v1"", ""persona"": ""phd""}"
"('epistemology', 'socialandpoliticalphilosophy')",social and political philosophy,epistemology,expert,v1,v1,"{""model"": null, ""temperature"": null, ""date"": ""2025-09-17T01:47:42.738949+00:00"", ""prompt_version"": ""v1"", ""persona"": ""expert""}"
"('ideas', 'metaphysics')",ideas,metaphysics,phd,v1,v1,"{""model"": null, ""temperature"": null, ""date"": ""2025-09-17T01:47:42.739002+00:00"", ""prompt_version"": ""v1"", ""persona"": ""phd""}"
"('ideas', 'metaphysics')",ideas,metaphysics,expert,v1,v1,"{""model"": null, ""temperature"": null, ""date"": ""2025-09-17T01:47:42.739031+00:00"", ""prompt_version"": ""v1"", ""persona"": ""expert""}"
"('matter', 'perception')",matter,perception,phd,v1,v1,"{""model"": null, ""temperature"": null, ""date"": ""2025-09-17T01:47:42.739082+00:00"", ""prompt_version"": ""v1"", ""persona"": ""phd""}"
"('matter', 'perception')",matter,perception,expert,v1,v1,"{""model"": null, ""temperature"": null, ""date"": ""2025-09-17T01:47:42.739112+00:00"", ""prompt_version"": ""v1"", ""persona"": ""expert""}"
"('20thcenturycontinentalphilosophy', 'philosophyofmind')",20th century continental philosophy,philosophy of mind,phd,v1,v1,"{""model"": null, ""temperature"": null, ""date"": ""2025-09-17T01:47:42.739164+00:00"", ""prompt_version"": ""v1"", ""persona"": ""phd""}"
"('20thcenturycontinentalphilosophy', 'philosophyofmind')",20th century continental philosophy,philosophy of mind,expert,v1,v1,"{""model"": null, ""temperature"": null, ""date"": ""2025-09-17T01:47:42.739194+00:00"", ""prompt_version"": ""v1"", ""persona"": ""expert""}"
"('epistemology', 'philosophyofmathematics')",philosophy of mathematics,epistemology,phd,v1,v1,"{""model"": null, ""temperature"": null, ""date"": ""2025-09-17T01:47:42.739247+00:00"", ""prompt_version"": ""v1"", ""persona"": ""phd""}"
"('epistemology', 'philosophyofmathematics')",philosophy of mathematics,epistemology,expert,v1,v1,"{""model"": null, ""temperature"": null, ""date"": ""2025-09-17T01:47:42.739278+00:00"", ""prompt_version"": ""v1"", ""persona"": ""expert""}"
"('churchturingthesis', 'turingmachine')",church-turing thesis,turing machine,phd,v1,v1,"{""model"": null, ""temperature"": null, ""date"": ""2025-09-17T01:47:42.739330+00:00"", ""prompt_version"": ""v1"", ""persona"": ""phd""}"
"('churchturingthesis', 'turingmachine')",church-turing thesis,turing machine,expert,v1,v1,"{""model"": null, ""temperature"": null, ""date"": ""2025-09-17T01:47:42.739360+00:00"", ""prompt_version"": ""v1"", ""persona"": ""expert""}"
"('cognitivevalueofart', 'perception')",cognitive value of art,perception,phd,v1,v1,"{""model"": null, ""temperature"": null, ""date"": ""2025-09-17T01:47:42.739412+00:00"", ""prompt_version"": ""v1"", ""persona"": ""phd""}"
"('cognitivevalueofart', 'perception')",cognitive value of art,perception,expert,v1,v1,"{""model"": null, ""temperature"": null, ""date"": ""2025-09-17T01:47:42.739442+00:00"", ""prompt_version"": ""v1"", ""persona"": ""expert""}"
"('kantscritiqueofmetaphysics', 'metaphysics')",kant's critique of metaphysics,metaphysics,phd,v1,v1,"{""model"": null, ""temperature"": null, ""date"": ""2025-09-17T01:47:42.739495+00:00"", ""prompt_version"": ""v1"", ""persona"": ""phd""}"
"('kantscritiqueofmetaphysics', 'metaphysics')",kant's critique of metaphysics,metaphysics,expert,v1,v1,"{""model"": null, ""temperature"": null, ""date"": ""2025-09-17T01:47:42.739525+00:00"", ""prompt_version"": ""v1"", ""persona"": ""expert""}"
"('koreanphilosophy', 'philosophyofmind')",korean philosophy,philosophy of mind,phd,v1,v1,"{""model"": null, ""temperature"": null, ""date"": ""2025-09-17T01:47:42.739577+00:00"", ""prompt_version"": ""v1"", ""persona"": ""phd""}"
"('koreanphilosophy', 'philosophyofmind')",korean philosophy,philosophy of mind,expert,v1,v1,"{""model"": null, ""temperature"": null, ""date"": ""2025-09-17T01:47:42.739607+00:00"", ""prompt_version"": ""v1"", ""persona"": ""expert""}"
"('artificialintelligence', 'churchturingthesis')",church-turing thesis,artificial intelligence,phd,v1,v1,"{""model"": null, ""temperature"": null, ""date"": ""2025-09-17T01:47:42.739660+00:00"", ""prompt_version"": ""v1"", ""persona"": ""phd""}"
"('artificialintelligence', 'churchturingthesis')",church-turing thesis,artificial intelligence,expert,v1,v1,"{""model"": null, ""temperature"": null, ""date"": ""2025-09-17T01:47:42.739690+00:00"", ""prompt_version"": ""v1"", ""persona"": ""expert""}"
"('nonconceptualmentalcontent', 'perception')",nonconceptual mental content,perception,phd,v1,v1,"{""model"": null, ""temperature"": null, ""date"": ""2025-09-17T01:47:42.739743+00:00"", ""prompt_version"": ""v1"", ""persona"": ""phd""}"
"('nonconceptualmentalcontent', 'perception')",nonconceptual mental content,perception,expert,v1,v1,"{""model"": null, ""temperature"": null, ""date"": ""2025-09-17T01:47:42.739800+00:00"", ""prompt_version"": ""v1"", ""persona"": ""expert""}"
"('cognitivescience', 'eliminativematerialism')",eliminative materialism,cognitive science,phd,v1,v1,"{""model"": null, ""temperature"": null, ""date"": ""2025-09-17T01:47:42.739853+00:00"", ""prompt_version"": ""v1"", ""persona"": ""phd""}"
"('cognitivescience', 'eliminativematerialism')",eliminative materialism,cognitive science,expert,v1,v1,"{""model"": null, ""temperature"": null, ""date"": ""2025-09-17T01:47:42.739883+00:00"", ""prompt_version"": ""v1"", ""persona"": ""expert""}"
"('epistemologyofscience', 'metaphysics')",epistemology of science,metaphysics,phd,v1,v1,"{""model"": null, ""temperature"": null, ""date"": ""2025-09-17T01:47:42.739936+00:00"", ""prompt_version"": ""v1"", ""persona"": ""phd""}"
"('epistemologyofscience', 'metaphysics')",epistemology of science,metaphysics,expert,v1,v1,"{""model"": null, ""temperature"": null, ""date"": ""2025-09-17T01:47:42.739966+00:00"", ""prompt_version"": ""v1"", ""persona"": ""expert""}"
"('medievalproblemofuniversals', 'philosophyofmind')",medieval problem of universals,philosophy of mind,phd,v1,v1,"{""model"": null, ""temperature"": null, ""date"": ""2025-09-17T01:47:42.740018+00:00"", ""prompt_version"": ""v1"", ""persona"": ""phd""}"
"('medievalproblemofuniversals', 'philosophyofmind')",medieval problem of universals,philosophy of mind,expert,v1,v1,"{""model"": null, ""temperature"": null, ""date"": ""2025-09-17T01:47:42.740049+00:00"", ""prompt_version"": ""v1"", ""persona"": ""expert""}"
"('bellstheorem', 'quantummechanics')",bell's theorem,quantum mechanics,phd,v1,v1,"{""model"": null, ""temperature"": null, ""date"": ""2025-09-17T01:47:42.740102+00:00"", ""prompt_version"": ""v1"", ""persona"": ""phd""}"
"('bellstheorem', 'quantummechanics')",bell's theorem,quantum mechanics,expert,v1,v1,"{""model"": null, ""temperature"": null, ""date"": ""2025-09-17T01:47:42.740131+00:00"", ""prompt_version"": ""v1"", ""persona"": ""expert""}"
"('africanandafricanamericanphilosophy', 'akanphilosophyoftheperson')",akan philosophy of the person,african and african-american philosophy,course_taker,v1,v1,"{""model"": null, ""temperature"": null, ""date"": ""2025-09-17T01:47:42.740185+00:00"", ""prompt_version"": ""v1"", ""persona"": ""course_taker""}"
"('africanandafricanamericanphilosophy', 'akanphilosophyoftheperson')",akan philosophy of the person,african and african-american philosophy,phd,v1,v1,"{""model"": null, ""temperature"": null, ""date"": ""2025-09-17T01:47:42.740217+00:00"", ""prompt_version"": ""v1"", ""persona"": ""phd""}"
"('epistemology', 'theoryofforms')",theory of forms,epistemology,phd,v1,v1,"{""model"": null, ""temperature"": null, ""date"": ""2025-09-17T01:47:42.740270+00:00"", ""prompt_version"": ""v1"", ""persona"": ""phd""}"
"('epistemology', 'theoryofforms')",theory of forms,epistemology,expert,v1,v1,"{""model"": null, ""temperature"": null, ""date"": ""2025-09-17T01:47:42.740300+00:00"", ""prompt_version"": ""v1"", ""persona"": ""expert""}"
"('philosophyofscienceandthesciences', 'socialdimensionsofscientificknowledge')",social dimensions of scientific knowledge,philosophy of science and the sciences,phd,v1,v1,"{""model"": null, ""temperature"": null, ""date"": ""2025-09-17T01:47:42.740353+00:00"", ""prompt_version"": ""v1"", ""persona"": ""phd""}"
"('philosophyofscienceandthesciences', 'socialdimensionsofscientificknowledge')",social dimensions of scientific knowledge,philosophy of science and the sciences,expert,v1,v1,"{""model"": null, ""temperature"": null, ""date"": ""2025-09-17T01:47:42.740385+00:00"", ""prompt_version"": ""v1"", ""persona"": ""expert""}"
"('chinesephilosophy', 'chineseroomargument')",chinese room argument,chinese philosophy,phd,v1,v1,"{""model"": null, ""temperature"": null, ""date"": ""2025-09-17T01:47:42.740438+00:00"", ""prompt_version"": ""v1"", ""persona"": ""phd""}"
"('chinesephilosophy', 'chineseroomargument')",chinese room argument,chinese philosophy,expert,v1,v1,"{""model"": null, ""temperature"": null, ""date"": ""2025-09-17T01:47:42.740468+00:00"", ""prompt_version"": ""v1"", ""persona"": ""expert""}"
"('inherence', 'metaphysics')",inherence,metaphysics,phd,v1,v1,"{""model"": null, ""temperature"": null, ""date"": ""2025-09-17T01:47:42.740521+00:00"", ""prompt_version"": ""v1"", ""persona"": ""phd""}"
"('inherence', 'metaphysics')",inherence,metaphysics,expert,v1,v1,"{""model"": null, ""temperature"": null, ""date"": ""2025-09-17T01:47:42.740550+00:00"", ""prompt_version"": ""v1"", ""persona"": ""expert""}"
"('cosmologicalargumentsfortheexistenceofgod', 'philosophyofreligion')",cosmological arguments for the existence of god,philosophy of religion,phd,v1,v1,"{""model"": null, ""temperature"": null, ""date"": ""2025-09-17T01:47:42.740603+00:00"", ""prompt_version"": ""v1"", ""persona"": ""phd""}"
"('cosmologicalargumentsfortheexistenceofgod', 'philosophyofreligion')",cosmological arguments for the existence of god,philosophy of religion,expert,v1,v1,"{""model"": null, ""temperature"": null, ""date"": ""2025-09-17T01:47:42.740634+00:00"", ""prompt_version"": ""v1"", ""persona"": ""expert""}"
"('logic', 'philosophiesoftheparticularsciences')",philosophies of the particular sciences,logic,phd,v1,v1,"{""model"": null, ""temperature"": null, ""date"": ""2025-09-17T01:47:42.740688+00:00"", ""prompt_version"": ""v1"", ""persona"": ""phd""}"
"('logic', 'philosophiesoftheparticularsciences')",philosophies of the particular sciences,logic,expert,v1,v1,"{""model"": null, ""temperature"": null, ""date"": ""2025-09-17T01:47:42.740718+00:00"", ""prompt_version"": ""v1"", ""persona"": ""expert""}"
"('analyticfeminism', 'epistemology')",analytic feminism,epistemology,phd,v1,v1,"{""model"": null, ""temperature"": null, ""date"": ""2025-09-17T01:47:42.740771+00:00"", ""prompt_version"": ""v1"", ""persona"": ""phd""}"
"('analyticfeminism', 'epistemology')",analytic feminism,epistemology,expert,v1,v1,"{""model"": null, ""temperature"": null, ""date"": ""2025-09-17T01:47:42.740801+00:00"", ""prompt_version"": ""v1"", ""persona"": ""expert""}"
"('cognitivescience', 'perception')",cognitive science,perception,phd,v1,v1,"{""model"": null, ""temperature"": null, ""date"": ""2025-09-17T01:47:42.740853+00:00"", ""prompt_version"": ""v1"", ""persona"": ""phd""}"
"('cognitivescience', 'perception')",cognitive science,perception,expert,v1,v1,"{""model"": null, ""temperature"": null, ""date"": ""2025-09-17T01:47:42.740883+00:00"", ""prompt_version"": ""v1"", ""persona"": ""expert""}"
"('confirmationandinduction', 'metaphysics')",confirmation and induction,metaphysics,phd,v1,v1,"{""model"": null, ""temperature"": null, ""date"": ""2025-09-17T01:47:42.740937+00:00"", ""prompt_version"": ""v1"", ""persona"": ""phd""}"
"('confirmationandinduction', 'metaphysics')",confirmation and induction,metaphysics,expert,v1,v1,"{""model"": null, ""temperature"": null, ""date"": ""2025-09-17T01:47:42.740967+00:00"", ""prompt_version"": ""v1"", ""persona"": ""expert""}"
"('malebranchestheoryofideasandvisioningod', 'philosophyofmind')",malebranche's theory of ideas and vision in god,philosophy of mind,phd,v1,v1,"{""model"": null, ""temperature"": null, ""date"": ""2025-09-17T01:47:42.741020+00:00"", ""prompt_version"": ""v1"", ""persona"": ""phd""}"
"('malebranchestheoryofideasandvisioningod', 'philosophyofmind')",malebranche's theory of ideas and vision in god,philosophy of mind,expert,v1,v1,"{""model"": null, ""temperature"": null, ""date"": ""2025-09-17T01:47:42.741051+00:00"", ""prompt_version"": ""v1"", ""persona"": ""expert""}"
"('philosophyofphysics', 'quantummechanics')",quantum mechanics,philosophy of physics,phd,v1,v1,"{""model"": null, ""temperature"": null, ""date"": ""2025-09-17T01:47:42.741104+00:00"", ""prompt_version"": ""v1"", ""persona"": ""phd""}"
"('philosophyofphysics', 'quantummechanics')",quantum mechanics,philosophy of physics,expert,v1,v1,"{""model"": null, ""temperature"": null, ""date"": ""2025-09-17T01:47:42.741167+00:00"", ""prompt_version"": ""v1"", ""persona"": ""expert""}"
"('relativism', 'truth')",relativism,truth,phd,v1,v1,"{""model"": null, ""temperature"": null, ""date"": ""2025-09-17T01:47:42.741219+00:00"", ""prompt_version"": ""v1"", ""persona"": ""phd""}"
"('relativism', 'truth')",relativism,truth,expert,v1,v1,"{""model"": null, ""temperature"": null, ""date"": ""2025-09-17T01:47:42.741249+00:00"", ""prompt_version"": ""v1"", ""persona"": ""expert""}"
"('philosophyofreligion', 'theism')",theism,philosophy of religion,phd,v1,v1,"{""model"": null, ""temperature"": null, ""date"": ""2025-09-17T01:47:42.741301+00:00"", ""prompt_version"": ""v1"", ""persona"": ""phd""}"
"('philosophyofreligion', 'theism')",theism,philosophy of religion,expert,v1,v1,"{""model"": null, ""temperature"": null, ""date"": ""2025-09-17T01:47:42.741330+00:00"", ""prompt_version"": ""v1"", ""persona"": ""expert""}"
"('fregestheoremandfoundationsforarithmetic', 'philosophyoflaw')",frege's theorem and foundations for arithmetic,philosophy of law,course_taker,v1,v1,"{""model"": null, ""temperature"": null, ""date"": ""2025-09-17T01:47:42.741385+00:00"", ""prompt_version"": ""v1"", ""persona"": ""course_taker""}"
"('fregestheoremandfoundationsforarithmetic', 'philosophyoflaw')",frege's theorem and foundations for arithmetic,philosophy of law,phd,v1,v1,"{""model"": null, ""temperature"": null, ""date"": ""2025-09-17T01:47:42.741417+00:00"", ""prompt_version"": ""v1"", ""persona"": ""phd""}"
"('futurecontingents', 'historyoflogic')",future contingents,history of logic,novice,v1,v1,"{""model"": null, ""temperature"": null, ""date"": ""2025-09-17T01:47:42.741470+00:00"", ""prompt_version"": ""v1"", ""persona"": ""novice""}"
"('futurecontingents', 'historyoflogic')",future contingents,history of logic,phd,v1,v1,"{""model"": null, ""temperature"": null, ""date"": ""2025-09-17T01:47:42.741500+00:00"", ""prompt_version"": ""v1"", ""persona"": ""phd""}"
"('nonconceptualcontent', 'perception')",non-conceptual content,perception,phd,v1,v1,"{""model"": null, ""temperature"": null, ""date"": ""2025-09-17T01:47:42.741553+00:00"", ""prompt_version"": ""v1"", ""persona"": ""phd""}"
"('nonconceptualcontent', 'perception')",non-conceptual content,perception,expert,v1,v1,"{""model"": null, ""temperature"": null, ""date"": ""2025-09-17T01:47:42.741583+00:00"", ""prompt_version"": ""v1"", ""persona"": ""expert""}"
"('foundationalisttheoriesofepistemicjustification', 'justification')",foundationalist theories of epistemic justification,justification,phd,v1,v1,"{""model"": null, ""temperature"": null, ""date"": ""2025-09-17T01:47:42.741644+00:00"", ""prompt_version"": ""v1"", ""persona"": ""phd""}"
"('foundationalisttheoriesofepistemicjustification', 'justification')",foundationalist theories of epistemic justification,justification,expert,v1,v1,"{""model"": null, ""temperature"": null, ""date"": ""2025-09-17T01:47:42.741675+00:00"", ""prompt_version"": ""v1"", ""persona"": ""expert""}"
"('philosophyofmind', 'selfconsciousness')",self-consciousness,philosophy of mind,phd,v1,v1,"{""model"": null, ""temperature"": null, ""date"": ""2025-09-17T01:47:42.741728+00:00"", ""prompt_version"": ""v1"", ""persona"": ""phd""}"
"('philosophyofmind', 'selfconsciousness')",self-consciousness,philosophy of mind,expert,v1,v1,"{""model"": null, ""temperature"": null, ""date"": ""2025-09-17T01:47:42.741758+00:00"", ""prompt_version"": ""v1"", ""persona"": ""expert""}"
"('philosophyofcomputerscience', 'philosophyofmind')",philosophy of computer science,philosophy of mind,phd,v1,v1,"{""model"": null, ""temperature"": null, ""date"": ""2025-09-17T01:47:42.741811+00:00"", ""prompt_version"": ""v1"", ""persona"": ""phd""}"
"('philosophyofcomputerscience', 'philosophyofmind')",philosophy of computer science,philosophy of mind,expert,v1,v1,"{""model"": null, ""temperature"": null, ""date"": ""2025-09-17T01:47:42.741842+00:00"", ""prompt_version"": ""v1"", ""persona"": ""expert""}"
"('artificialintelligence', 'philosophyofmind')",artificial intelligence,philosophy of mind,phd,v1,v1,"{""model"": null, ""temperature"": null, ""date"": ""2025-09-17T01:47:42.741895+00:00"", ""prompt_version"": ""v1"", ""persona"": ""phd""}"
"('artificialintelligence', 'philosophyofmind')",artificial intelligence,philosophy of mind,expert,v1,v1,"{""model"": null, ""temperature"": null, ""date"": ""2025-09-17T01:47:42.741925+00:00"", ""prompt_version"": ""v1"", ""persona"": ""expert""}"
"('animalconsciousness', 'consciousness')",animal consciousness,consciousness,phd,v1,v1,"{""model"": null, ""temperature"": null, ""date"": ""2025-09-17T01:47:42.741977+00:00"", ""prompt_version"": ""v1"", ""persona"": ""phd""}"
"('animalconsciousness', 'consciousness')",animal consciousness,consciousness,expert,v1,v1,"{""model"": null, ""temperature"": null, ""date"": ""2025-09-17T01:47:42.742007+00:00"", ""prompt_version"": ""v1"", ""persona"": ""expert""}"
"('17thand18thcenturytheoriesofemotions', 'perception')",17th and 18th century theories of emotions,perception,phd,v1,v1,"{""model"": null, ""temperature"": null, ""date"": ""2025-09-17T01:47:42.742060+00:00"", ""prompt_version"": ""v1"", ""persona"": ""phd""}"
"('17thand18thcenturytheoriesofemotions', 'perception')",17th and 18th century theories of emotions,perception,expert,v1,v1,"{""model"": null, ""temperature"": null, ""date"": ""2025-09-17T01:47:42.742091+00:00"", ""prompt_version"": ""v1"", ""persona"": ""expert""}"
"('combininglogics', 'logic')",logic,combining logics,course_taker,v1,v1,"{""model"": null, ""temperature"": null, ""date"": ""2025-09-17T01:47:42.742143+00:00"", ""prompt_version"": ""v1"", ""persona"": ""course_taker""}"
"('combininglogics', 'logic')",logic,combining logics,phd,v1,v1,"{""model"": null, ""temperature"": null, ""date"": ""2025-09-17T01:47:42.742173+00:00"", ""prompt_version"": ""v1"", ""persona"": ""phd""}"
"('consciousnessandscience', 'perception')",consciousness and science,perception,phd,v1,v1,"{""model"": null, ""temperature"": null, ""date"": ""2025-09-17T01:47:42.742243+00:00"", ""prompt_version"": ""v1"", ""persona"": ""phd""}"
"('consciousnessandscience', 'perception')",consciousness and science,perception,expert,v1,v1,"{""model"": null, ""temperature"": null, ""date"": ""2025-09-17T01:47:42.742273+00:00"", ""prompt_version"": ""v1"", ""persona"": ""expert""}"
"('epistemology', 'otherminds')",other minds,epistemology,phd,v1,v1,"{""model"": null, ""temperature"": null, ""date"": ""2025-09-17T01:47:42.742325+00:00"", ""prompt_version"": ""v1"", ""persona"": ""phd""}"
"('epistemology', 'otherminds')",other minds,epistemology,expert,v1,v1,"{""model"": null, ""temperature"": null, ""date"": ""2025-09-17T01:47:42.742355+00:00"", ""prompt_version"": ""v1"", ""persona"": ""expert""}"
"('mindbodyproblem', 'philosophyofmind')",mind-body problem,philosophy of mind,phd,v1,v1,"{""model"": null, ""temperature"": null, ""date"": ""2025-09-17T01:47:42.742407+00:00"", ""prompt_version"": ""v1"", ""persona"": ""phd""}"
"('mindbodyproblem', 'philosophyofmind')",mind-body problem,philosophy of mind,expert,v1,v1,"{""model"": null, ""temperature"": null, ""date"": ""2025-09-17T01:47:42.742437+00:00"", ""prompt_version"": ""v1"", ""persona"": ""expert""}"
"('existence', 'possibleworlds')",possible worlds,existence,phd,v1,v1,"{""model"": null, ""temperature"": null, ""date"": ""2025-09-17T01:47:42.742489+00:00"", ""prompt_version"": ""v1"", ""persona"": ""phd""}"
"('existence', 'possibleworlds')",possible worlds,existence,expert,v1,v1,"{""model"": null, ""temperature"": null, ""date"": ""2025-09-17T01:47:42.742523+00:00"", ""prompt_version"": ""v1"", ""persona"": ""expert""}"
"('afterlife', 'incompatibilism')",incompatibilism,afterlife,phd,v1,v1,"{""model"": null, ""temperature"": null, ""date"": ""2025-09-17T01:47:42.742576+00:00"", ""prompt_version"": ""v1"", ""persona"": ""phd""}"
"('afterlife', 'incompatibilism')",incompatibilism,afterlife,expert,v1,v1,"{""model"": null, ""temperature"": null, ""date"": ""2025-09-17T01:47:42.742624+00:00"", ""prompt_version"": ""v1"", ""persona"": ""expert""}"
"('mathematicallogic', 'metaphysics')",mathematical logic,metaphysics,phd,v1,v1,"{""model"": null, ""temperature"": null, ""date"": ""2025-09-17T01:47:42.742678+00:00"", ""prompt_version"": ""v1"", ""persona"": ""phd""}"
"('mathematicallogic', 'metaphysics')",mathematical logic,metaphysics,expert,v1,v1,"{""model"": null, ""temperature"": null, ""date"": ""2025-09-17T01:47:42.742707+00:00"", ""prompt_version"": ""v1"", ""persona"": ""expert""}"
"('animalconsciousness', 'philosophyofmind')",animal consciousness,philosophy of mind,phd,v1,v1,"{""model"": null, ""temperature"": null, ""date"": ""2025-09-17T01:47:42.742760+00:00"", ""prompt_version"": ""v1"", ""persona"": ""phd""}"
"('animalconsciousness', 'philosophyofmind')",animal consciousness,philosophy of mind,expert,v1,v1,"{""model"": null, ""temperature"": null, ""date"": ""2025-09-17T01:47:42.742790+00:00"", ""prompt_version"": ""v1"", ""persona"": ""expert""}"
"('philosophyofmind', 'teleologicalargumentsforgodsexistence')",teleological arguments for god's existence,philosophy of mind,phd,v1,v1,"{""model"": null, ""temperature"": null, ""date"": ""2025-09-17T01:47:42.742843+00:00"", ""prompt_version"": ""v1"", ""persona"": ""phd""}"
"('philosophyofmind', 'teleologicalargumentsforgodsexistence')",teleological arguments for god's existence,philosophy of mind,expert,v1,v1,"{""model"": null, ""temperature"": null, ""date"": ""2025-09-17T01:47:42.742873+00:00"", ""prompt_version"": ""v1"", ""persona"": ""expert""}"
"('christiantheology', 'philosophyofreligion')",christian theology,philosophy of religion,phd,v1,v1,"{""model"": null, ""temperature"": null, ""date"": ""2025-09-17T01:47:42.742927+00:00"", ""prompt_version"": ""v1"", ""persona"": ""phd""}"
"('christiantheology', 'philosophyofreligion')",christian theology,philosophy of religion,expert,v1,v1,"{""model"": null, ""temperature"": null, ""date"": ""2025-09-17T01:47:42.742957+00:00"", ""prompt_version"": ""v1"", ""persona"": ""expert""}"
"('historicisttheoriesofrationality', 'philosophyofscienceandthesciences')",historicist theories of rationality,philosophy of science and the sciences,phd,v1,v1,"{""model"": null, ""temperature"": null, ""date"": ""2025-09-17T01:47:42.743010+00:00"", ""prompt_version"": ""v1"", ""persona"": ""phd""}"
"('historicisttheoriesofrationality', 'philosophyofscienceandthesciences')",historicist theories of rationality,philosophy of science and the sciences,expert,v1,v1,"{""model"": null, ""temperature"": null, ""date"": ""2025-09-17T01:47:42.743041+00:00"", ""prompt_version"": ""v1"", ""persona"": ""expert""}"
"('explanation', 'philosophyofscienceandthesciences')",explanation,philosophy of science and the sciences,phd,v1,v1,"{""model"": null, ""temperature"": null, ""date"": ""2025-09-17T01:47:42.743095+00:00"", ""prompt_version"": ""v1"", ""persona"": ""phd""}"
"('explanation', 'philosophyofscienceandthesciences')",explanation,philosophy of science and the sciences,expert,v1,v1,"{""model"": null, ""temperature"": null, ""date"": ""2025-09-17T01:47:42.743126+00:00"", ""prompt_version"": ""v1"", ""persona"": ""expert""}"
"('modernphilosophy', 'perception')",modern philosophy,perception,phd,v1,v1,"{""model"": null, ""temperature"": null, ""date"": ""2025-09-17T01:47:42.743178+00:00"", ""prompt_version"": ""v1"", ""persona"": ""phd""}"
"('modernphilosophy', 'perception')",modern philosophy,perception,expert,v1,v1,"{""model"": null, ""temperature"": null, ""date"": ""2025-09-17T01:47:42.743208+00:00"", ""prompt_version"": ""v1"", ""persona"": ""expert""}"
"('culture', 'philosophyofreligion')",culture,philosophy of religion,phd,v1,v1,"{""model"": null, ""temperature"": null, ""date"": ""2025-09-17T01:47:42.743260+00:00"", ""prompt_version"": ""v1"", ""persona"": ""phd""}"
"('culture', 'philosophyofreligion')",culture,philosophy of religion,expert,v1,v1,"{""model"": null, ""temperature"": null, ""date"": ""2025-09-17T01:47:42.743290+00:00"", ""prompt_version"": ""v1"", ""persona"": ""expert""}"
"('mentalcontent', 'mentalrepresentation')",mental representation,mental content,phd,v1,v1,"{""model"": null, ""temperature"": null, ""date"": ""2025-09-17T01:47:42.743342+00:00"", ""prompt_version"": ""v1"", ""persona"": ""phd""}"
"('mentalcontent', 'mentalrepresentation')",mental representation,mental content,expert,v1,v1,"{""model"": null, ""temperature"": null, ""date"": ""2025-09-17T01:47:42.743372+00:00"", ""prompt_version"": ""v1"", ""persona"": ""expert""}"
"('cognitivescience', 'connectionistmodel')",connectionist model,cognitive science,phd,v1,v1,"{""model"": null, ""temperature"": null, ""date"": ""2025-09-17T01:47:42.743424+00:00"", ""prompt_version"": ""v1"", ""persona"": ""phd""}"
"('cognitivescience', 'connectionistmodel')",connectionist model,cognitive science,expert,v1,v1,"{""model"": null, ""temperature"": null, ""date"": ""2025-09-17T01:47:42.743455+00:00"", ""prompt_version"": ""v1"", ""persona"": ""expert""}"
"('epistemology', 'philosophyofmind')",philosophy of mind,epistemology,phd,v1,v1,"{""model"": null, ""temperature"": null, ""date"": ""2025-09-17T01:47:42.743507+00:00"", ""prompt_version"": ""v1"", ""persona"": ""phd""}"
"('epistemology', 'philosophyofmind')",philosophy of mind,epistemology,expert,v1,v1,"{""model"": null, ""temperature"": null, ""date"": ""2025-09-17T01:47:42.743536+00:00"", ""prompt_version"": ""v1"", ""persona"": ""expert""}"
"('conservationbiology', 'philosophyofscienceandthesciences')",conservation biology,philosophy of science and the sciences,phd,v1,v1,"{""model"": null, ""temperature"": null, ""date"": ""2025-09-17T01:47:42.743589+00:00"", ""prompt_version"": ""v1"", ""persona"": ""phd""}"
"('conservationbiology', 'philosophyofscienceandthesciences')",conservation biology,philosophy of science and the sciences,expert,v1,v1,"{""model"": null, ""temperature"": null, ""date"": ""2025-09-17T01:47:42.743620+00:00"", ""prompt_version"": ""v1"", ""persona"": ""expert""}"
"('coherentisttheoriesofjustification', 'epistemology')",coherentist theories of justification,epistemology,phd,v1,v1,"{""model"": null, ""temperature"": null, ""date"": ""2025-09-17T01:47:42.743674+00:00"", ""prompt_version"": ""v1"", ""persona"": ""phd""}"
"('coherentisttheoriesofjustification', 'epistemology')",coherentist theories of justification,epistemology,expert,v1,v1,"{""model"": null, ""temperature"": null, ""date"": ""2025-09-17T01:47:42.743704+00:00"", ""prompt_version"": ""v1"", ""persona"": ""expert""}"
"('eliminativematerialism', 'philosophyofscienceandthesciences')",eliminative materialism,philosophy of science and the sciences,phd,v1,v1,"{""model"": null, ""temperature"": null, ""date"": ""2025-09-17T01:47:42.743757+00:00"", ""prompt_version"": ""v1"", ""persona"": ""phd""}"
"('eliminativematerialism', 'philosophyofscienceandthesciences')",eliminative materialism,philosophy of science and the sciences,expert,v1,v1,"{""model"": null, ""temperature"": null, ""date"": ""2025-09-17T01:47:42.743789+00:00"", ""prompt_version"": ""v1"", ""persona"": ""expert""}"
"('artificialintelligence', 'inputunit')",input unit,artificial intelligence,phd,v1,v1,"{""model"": null, ""temperature"": null, ""date"": ""2025-09-17T01:47:42.743842+00:00"", ""prompt_version"": ""v1"", ""persona"": ""phd""}"
"('artificialintelligence', 'inputunit')",input unit,artificial intelligence,expert,v1,v1,"{""model"": null, ""temperature"": null, ""date"": ""2025-09-17T01:47:42.743872+00:00"", ""prompt_version"": ""v1"", ""persona"": ""expert""}"
"('lebensphilosophie', 'philosophyofreligion')",lebensphilosophie,philosophy of religion,phd,v1,v1,"{""model"": null, ""temperature"": null, ""date"": ""2025-09-17T01:47:42.743925+00:00"", ""prompt_version"": ""v1"", ""persona"": ""phd""}"
"('lebensphilosophie', 'philosophyofreligion')",lebensphilosophie,philosophy of religion,expert,v1,v1,"{""model"": null, ""temperature"": null, ""date"": ""2025-09-17T01:47:42.743982+00:00"", ""prompt_version"": ""v1"", ""persona"": ""expert""}"
"('perception', 'platoonknowledgeinthetheaetetus')",plato on knowledge in the theaetetus,perception,phd,v1,v1,"{""model"": null, ""temperature"": null, ""date"": ""2025-09-17T01:47:42.744035+00:00"", ""prompt_version"": ""v1"", ""persona"": ""phd""}"
"('perception', 'platoonknowledgeinthetheaetetus')",plato on knowledge in the theaetetus,perception,expert,v1,v1,"{""model"": null, ""temperature"": null, ""date"": ""2025-09-17T01:47:42.744066+00:00"", ""prompt_version"": ""v1"", ""persona"": ""expert""}"
"('cognitivescience', 'nativism')",nativism,cognitive science,phd,v1,v1,"{""model"": null, ""temperature"": null, ""date"": ""2025-09-17T01:47:42.744118+00:00"", ""prompt_version"": ""v1"", ""persona"": ""phd""}"
"('cognitivescience', 'nativism')",nativism,cognitive science,expert,v1,v1,"{""model"": null, ""temperature"": null, ""date"": ""2025-09-17T01:47:42.744148+00:00"", ""prompt_version"": ""v1"", ""persona"": ""expert""}"
"('conceptsofgod', 'philosophyofreligion')",concepts of god,philosophy of religion,phd,v1,v1,"{""model"": null, ""temperature"": null, ""date"": ""2025-09-17T01:47:42.744200+00:00"", ""prompt_version"": ""v1"", ""persona"": ""phd""}"
"('conceptsofgod', 'philosophyofreligion')",concepts of god,philosophy of religion,expert,v1,v1,"{""model"": null, ""temperature"": null, ""date"": ""2025-09-17T01:47:42.744230+00:00"", ""prompt_version"": ""v1"", ""persona"": ""expert""}"
"('churchturingthesis', 'philosophyofcomputerscience')",philosophy of computer science,church-turing thesis,course_taker,v1,v1,"{""model"": null, ""temperature"": null, ""date"": ""2025-09-17T01:47:42.744283+00:00"", ""prompt_version"": ""v1"", ""persona"": ""course_taker""}"
"('churchturingthesis', 'philosophyofcomputerscience')",philosophy of computer science,church-turing thesis,phd,v1,v1,"{""model"": null, ""temperature"": null, ""date"": ""2025-09-17T01:47:42.744314+00:00"", ""prompt_version"": ""v1"", ""persona"": ""phd""}"
"('hylomorphism', 'metaphysics')",hylomorphism,metaphysics,phd,v1,v1,"{""model"": null, ""temperature"": null, ""date"": ""2025-09-17T01:47:42.744367+00:00"", ""prompt_version"": ""v1"", ""persona"": ""phd""}"
"('hylomorphism', 'metaphysics')",hylomorphism,metaphysics,expert,v1,v1,"{""model"": null, ""temperature"": null, ""date"": ""2025-09-17T01:47:42.744396+00:00"", ""prompt_version"": ""v1"", ""persona"": ""expert""}"
"('cognitivescience', 'symbolicprocessing')",symbolic processing,cognitive science,phd,v1,v1,"{""model"": null, ""temperature"": null, ""date"": ""2025-09-17T01:47:42.744449+00:00"", ""prompt_version"": ""v1"", ""persona"": ""phd""}"
"('cognitivescience', 'symbolicprocessing')",symbolic processing,cognitive science,expert,v1,v1,"{""model"": null, ""temperature"": null, ""date"": ""2025-09-17T01:47:42.744479+00:00"", ""prompt_version"": ""v1"", ""persona"": ""expert""}"
"('pacifism', 'philosophyofreligion')",pacifism,philosophy of religion,phd,v1,v1,"{""model"": null, ""temperature"": null, ""date"": ""2025-09-17T01:47:42.744531+00:00"", ""prompt_version"": ""v1"", ""persona"": ""phd""}"
"('pacifism', 'philosophyofreligion')",pacifism,philosophy of religion,expert,v1,v1,"{""model"": null, ""temperature"": null, ""date"": ""2025-09-17T01:47:42.744561+00:00"", ""prompt_version"": ""v1"", ""persona"": ""expert""}"
"('epistemology', 'lawsofnature')",laws of nature,epistemology,phd,v1,v1,"{""model"": null, ""temperature"": null, ""date"": ""2025-09-17T01:47:42.744613+00:00"", ""prompt_version"": ""v1"", ""persona"": ""phd""}"
"('epistemology', 'lawsofnature')",laws of nature,epistemology,expert,v1,v1,"{""model"": null, ""temperature"": null, ""date"": ""2025-09-17T01:47:42.744642+00:00"", ""prompt_version"": ""v1"", ""persona"": ""expert""}"
"('philosophyofmind', 'probabilityandstatistics')",probability and statistics,philosophy of mind,phd,v1,v1,"{""model"": null, ""temperature"": null, ""date"": ""2025-09-17T01:47:42.744694+00:00"", ""prompt_version"": ""v1"", ""persona"": ""phd""}"
"('philosophyofmind', 'probabilityandstatistics')",probability and statistics,philosophy of mind,expert,v1,v1,"{""model"": null, ""temperature"": null, ""date"": ""2025-09-17T01:47:42.744724+00:00"", ""prompt_version"": ""v1"", ""persona"": ""expert""}"
"('metaphysics', 'philosophyofperception')",philosophy of perception,metaphysics,phd,v1,v1,"{""model"": null, ""temperature"": null, ""date"": ""2025-09-17T01:47:42.744777+00:00"", ""prompt_version"": ""v1"", ""persona"": ""phd""}"
"('metaphysics', 'philosophyofperception')",philosophy of perception,metaphysics,expert,v1,v1,"{""model"": null, ""temperature"": null, ""date"": ""2025-09-17T01:47:42.744807+00:00"", ""prompt_version"": ""v1"", ""persona"": ""expert""}"
"('cognitivescience', 'modularity')",modularity,cognitive science,phd,v1,v1,"{""model"": null, ""temperature"": null, ""date"": ""2025-09-17T01:47:42.744859+00:00"", ""prompt_version"": ""v1"", ""persona"": ""phd""}"
"('cognitivescience', 'modularity')",modularity,cognitive science,expert,v1,v1,"{""model"": null, ""temperature"": null, ""date"": ""2025-09-17T01:47:42.744889+00:00"", ""prompt_version"": ""v1"", ""persona"": ""expert""}"
"('matter', 'metaphysics')",matter,metaphysics,phd,v1,v1,"{""model"": null, ""temperature"": null, ""date"": ""2025-09-17T01:47:42.744941+00:00"", ""prompt_version"": ""v1"", ""persona"": ""phd""}"
"('matter', 'metaphysics')",matter,metaphysics,expert,v1,v1,"{""model"": null, ""temperature"": null, ""date"": ""2025-09-17T01:47:42.744970+00:00"", ""prompt_version"": ""v1"", ""persona"": ""expert""}"
"('artificialintelligence', 'cognitivescience')",artificial intelligence,cognitive science,course_taker,v1,v1,"{""model"": null, ""temperature"": null, ""date"": ""2025-09-17T01:47:42.745022+00:00"", ""prompt_version"": ""v1"", ""persona"": ""course_taker""}"
"('artificialintelligence', 'cognitivescience')",artificial intelligence,cognitive science,expert,v1,v1,"{""model"": null, ""temperature"": null, ""date"": ""2025-09-17T01:47:42.745053+00:00"", ""prompt_version"": ""v1"", ""persona"": ""expert""}"
"('cartesiandualism', 'dualism')",cartesian dualism,dualism,phd,v1,v1,"{""model"": null, ""temperature"": null, ""date"": ""2025-09-17T01:47:42.745110+00:00"", ""prompt_version"": ""v1"", ""persona"": ""phd""}"
"('cartesiandualism', 'dualism')",cartesian dualism,dualism,expert,v1,v1,"{""model"": null, ""temperature"": null, ""date"": ""2025-09-17T01:47:42.745140+00:00"", ""prompt_version"": ""v1"", ""persona"": ""expert""}"
"('definitionofmorality', 'philosophyofreligion')",definition of morality,philosophy of religion,phd,v1,v1,"{""model"": null, ""temperature"": null, ""date"": ""2025-09-17T01:47:42.745192+00:00"", ""prompt_version"": ""v1"", ""persona"": ""phd""}"
"('definitionofmorality', 'philosophyofreligion')",definition of morality,philosophy of religion,expert,v1,v1,"{""model"": null, ""temperature"": null, ""date"": ""2025-09-17T01:47:42.745222+00:00"", ""prompt_version"": ""v1"", ""persona"": ""expert""}"
"('aesthetics', 'environmentalaesthetics')",environmental aesthetics,aesthetics,phd,v1,v1,"{""model"": null, ""temperature"": null, ""date"": ""2025-09-17T01:47:42.745275+00:00"", ""prompt_version"": ""v1"", ""persona"": ""phd""}"
"('aesthetics', 'environmentalaesthetics')",environmental aesthetics,aesthetics,expert,v1,v1,"{""model"": null, ""temperature"": null, ""date"": ""2025-09-17T01:47:42.745305+00:00"", ""prompt_version"": ""v1"", ""persona"": ""expert""}"
"('leibnizsphilosophyofmind', 'philosophyofmind')",leibniz's philosophy of mind,philosophy of mind,phd,v1,v1,"{""model"": null, ""temperature"": null, ""date"": ""2025-09-17T01:47:42.745358+00:00"", ""prompt_version"": ""v1"", ""persona"": ""phd""}"
"('leibnizsphilosophyofmind', 'philosophyofmind')",leibniz's philosophy of mind,philosophy of mind,expert,v1,v1,"{""model"": null, ""temperature"": null, ""date"": ""2025-09-17T01:47:42.745403+00:00"", ""prompt_version"": ""v1"", ""persona"": ""expert""}"
"('descartesmodalmetaphysics', 'metaphysics')",descartes' modal metaphysics,metaphysics,phd,v1,v1,"{""model"": null, ""temperature"": null, ""date"": ""2025-09-17T01:47:42.745456+00:00"", ""prompt_version"": ""v1"", ""persona"": ""phd""}"
"('descartesmodalmetaphysics', 'metaphysics')",descartes' modal metaphysics,metaphysics,expert,v1,v1,"{""model"": null, ""temperature"": null, ""date"": ""2025-09-17T01:47:42.745486+00:00"", ""prompt_version"": ""v1"", ""persona"": ""expert""}"
"('logic', 'philosophyoflanguage')",logic,philosophy of language,course_taker,v1,v1,"{""model"": null, ""temperature"": null, ""date"": ""2025-09-17T01:47:42.745538+00:00"", ""prompt_version"": ""v1"", ""persona"": ""course_taker""}"
"('logic', 'philosophyoflanguage')",logic,philosophy of language,phd,v1,v1,"{""model"": null, ""temperature"": null, ""date"": ""2025-09-17T01:47:42.745569+00:00"", ""prompt_version"": ""v1"", ""persona"": ""phd""}"
"('atomism', 'philosophyofchemistry')",atomism,philosophy of chemistry,phd,v1,v1,"{""model"": null, ""temperature"": null, ""date"": ""2025-09-17T01:47:42.745621+00:00"", ""prompt_version"": ""v1"", ""persona"": ""phd""}"
"('atomism', 'philosophyofchemistry')",atomism,philosophy of chemistry,expert,v1,v1,"{""model"": null, ""temperature"": null, ""date"": ""2025-09-17T01:47:42.745650+00:00"", ""prompt_version"": ""v1"", ""persona"": ""expert""}"
"('philosophyofbiology', 'philosophyofscience')",philosophy of biology,philosophy of science,phd,v1,v1,"{""model"": null, ""temperature"": null, ""date"": ""2025-09-17T01:47:42.745703+00:00"", ""prompt_version"": ""v1"", ""persona"": ""phd""}"
"('philosophyofbiology', 'philosophyofscience')",philosophy of biology,philosophy of science,expert,v1,v1,"{""model"": null, ""temperature"": null, ""date"": ""2025-09-17T01:47:42.745733+00:00"", ""prompt_version"": ""v1"", ""persona"": ""expert""}"
"('molecularbiology', 'philosophyofscienceandthesciences')",molecular biology,philosophy of science and the sciences,phd,v1,v1,"{""model"": null, ""temperature"": null, ""date"": ""2025-09-17T01:47:42.745786+00:00"", ""prompt_version"": ""v1"", ""persona"": ""phd""}"
"('molecularbiology', 'philosophyofscienceandthesciences')",molecular biology,philosophy of science and the sciences,expert,v1,v1,"{""model"": null, ""temperature"": null, ""date"": ""2025-09-17T01:47:42.745816+00:00"", ""prompt_version"": ""v1"", ""persona"": ""expert""}"
"('epistemology', 'induction')",induction,epistemology,phd,v1,v1,"{""model"": null, ""temperature"": null, ""date"": ""2025-09-17T01:47:42.745869+00:00"", ""prompt_version"": ""v1"", ""persona"": ""phd""}"
"('epistemology', 'induction')",induction,epistemology,expert,v1,v1,"{""model"": null, ""temperature"": null, ""date"": ""2025-09-17T01:47:42.745898+00:00"", ""prompt_version"": ""v1"", ""persona"": ""expert""}"
"('causeandeffect', 'metaphysics')",cause and effect,metaphysics,phd,v1,v1,"{""model"": null, ""temperature"": null, ""date"": ""2025-09-17T01:47:42.745950+00:00"", ""prompt_version"": ""v1"", ""persona"": ""phd""}"
"('causeandeffect', 'metaphysics')",cause and effect,metaphysics,expert,v1,v1,"{""model"": null, ""temperature"": null, ""date"": ""2025-09-17T01:47:42.745980+00:00"", ""prompt_version"": ""v1"", ""persona"": ""expert""}"
"('metaphysics', 'metaphysicsofmind')",metaphysics,metaphysics of mind,phd,v1,v1,"{""model"": null, ""temperature"": null, ""date"": ""2025-09-17T01:47:42.746031+00:00"", ""prompt_version"": ""v1"", ""persona"": ""phd""}"
"('metaphysics', 'metaphysicsofmind')",metaphysics,metaphysics of mind,expert,v1,v1,"{""model"": null, ""temperature"": null, ""date"": ""2025-09-17T01:47:42.746061+00:00"", ""prompt_version"": ""v1"", ""persona"": ""expert""}"
"('contextualism', 'epistemology')",contextualism,epistemology,phd,v1,v1,"{""model"": null, ""temperature"": null, ""date"": ""2025-09-17T01:47:42.746113+00:00"", ""prompt_version"": ""v1"", ""persona"": ""phd""}"
"('contextualism', 'epistemology')",contextualism,epistemology,expert,v1,v1,"{""model"": null, ""temperature"": null, ""date"": ""2025-09-17T01:47:42.746143+00:00"", ""prompt_version"": ""v1"", ""persona"": ""expert""}"
"('18thcenturybritishaesthetics', 'philosophyofmind')",18th century british aesthetics,philosophy of mind,phd,v1,v1,"{""model"": null, ""temperature"": null, ""date"": ""2025-09-17T01:47:42.746195+00:00"", ""prompt_version"": ""v1"", ""persona"": ""phd""}"
"('18thcenturybritishaesthetics', 'philosophyofmind')",18th century british aesthetics,philosophy of mind,expert,v1,v1,"{""model"": null, ""temperature"": null, ""date"": ""2025-09-17T01:47:42.746225+00:00"", ""prompt_version"": ""v1"", ""persona"": ""expert""}"
"('metaphysics', 'propernames')",proper names,metaphysics,phd,v1,v1,"{""model"": null, ""temperature"": null, ""date"": ""2025-09-17T01:47:42.746278+00:00"", ""prompt_version"": ""v1"", ""persona"": ""phd""}"
"('metaphysics', 'propernames')",proper names,metaphysics,expert,v1,v1,"{""model"": null, ""temperature"": null, ""date"": ""2025-09-17T01:47:42.746307+00:00"", ""prompt_version"": ""v1"", ""persona"": ""expert""}"
"('panpsychism', 'philosophyofmind')",panpsychism,philosophy of mind,phd,v1,v1,"{""model"": null, ""temperature"": null, ""date"": ""2025-09-17T01:47:42.746359+00:00"", ""prompt_version"": ""v1"", ""persona"": ""phd""}"
"('panpsychism', 'philosophyofmind')",panpsychism,philosophy of mind,expert,v1,v1,"{""model"": null, ""temperature"": null, ""date"": ""2025-09-17T01:47:42.746388+00:00"", ""prompt_version"": ""v1"", ""persona"": ""expert""}"
"('philosophyofreligion', 'religionandpolitics')",religion and politics,philosophy of religion,phd,v1,v1,"{""model"": null, ""temperature"": null, ""date"": ""2025-09-17T01:47:42.746440+00:00"", ""prompt_version"": ""v1"", ""persona"": ""phd""}"
"('philosophyofreligion', 'religionandpolitics')",religion and politics,philosophy of religion,expert,v1,v1,"{""model"": null, ""temperature"": null, ""date"": ""2025-09-17T01:47:42.746471+00:00"", ""prompt_version"": ""v1"", ""persona"": ""expert""}"
"('18thcenturygermanaesthetics', 'perception')",18th century german aesthetics,perception,phd,v1,v1,"{""model"": null, ""temperature"": null, ""date"": ""2025-09-17T01:47:42.746523+00:00"", ""prompt_version"": ""v1"", ""persona"": ""phd""}"
"('18thcenturygermanaesthetics', 'perception')",18th century german aesthetics,perception,expert,v1,v1,"{""model"": null, ""temperature"": null, ""date"": ""2025-09-17T01:47:42.746553+00:00"", ""prompt_version"": ""v1"", ""persona"": ""expert""}"
"('knowledge', 'platoonknowledgeinthetheaetetus')",plato on knowledge in the theaetetus,knowledge,phd,v1,v1,"{""model"": null, ""temperature"": null, ""date"": ""2025-09-17T01:47:42.746606+00:00"", ""prompt_version"": ""v1"", ""persona"": ""phd""}"
"('knowledge', 'platoonknowledgeinthetheaetetus')",plato on knowledge in the theaetetus,knowledge,expert,v1,v1,"{""model"": null, ""temperature"": null, ""date"": ""2025-09-17T01:47:42.746636+00:00"", ""prompt_version"": ""v1"", ""persona"": ""expert""}"
"('appliedethics', 'bioethics')",bioethics,applied ethics,phd,v1,v1,"{""model"": null, ""temperature"": null, ""date"": ""2025-09-17T01:47:42.746688+00:00"", ""prompt_version"": ""v1"", ""persona"": ""phd""}"
"('appliedethics', 'bioethics')",bioethics,applied ethics,expert,v1,v1,"{""model"": null, ""temperature"": null, ""date"": ""2025-09-17T01:47:42.746718+00:00"", ""prompt_version"": ""v1"", ""persona"": ""expert""}"
"('gettierproblem', 'perception')",gettier problem,perception,phd,v1,v1,"{""model"": null, ""temperature"": null, ""date"": ""2025-09-17T01:47:42.746770+00:00"", ""prompt_version"": ""v1"", ""persona"": ""phd""}"
"('gettierproblem', 'perception')",gettier problem,perception,expert,v1,v1,"{""model"": null, ""temperature"": null, ""date"": ""2025-09-17T01:47:42.746817+00:00"", ""prompt_version"": ""v1"", ""persona"": ""expert""}"
"('chinesephilosophy', 'mohism')",mohism,chinese philosophy,novice,v1,v1,"{""model"": null, ""temperature"": null, ""date"": ""2025-09-17T01:47:42.746869+00:00"", ""prompt_version"": ""v1"", ""persona"": ""novice""}"
"('chinesephilosophy', 'mohism')",mohism,chinese philosophy,phd,v1,v1,"{""model"": null, ""temperature"": null, ""date"": ""2025-09-17T01:47:42.746899+00:00"", ""prompt_version"": ""v1"", ""persona"": ""phd""}"
"('artificialintelligence', 'computationandrepresentation')",computation and representation,artificial intelligence,phd,v1,v1,"{""model"": null, ""temperature"": null, ""date"": ""2025-09-17T01:47:42.746951+00:00"", ""prompt_version"": ""v1"", ""persona"": ""phd""}"
"('artificialintelligence', 'computationandrepresentation')",computation and representation,artificial intelligence,expert,v1,v1,"{""model"": null, ""temperature"": null, ""date"": ""2025-09-17T01:47:42.746982+00:00"", ""prompt_version"": ""v1"", ""persona"": ""expert""}"
"('epistemologicalproblemsofmemory', 'epistemology')",epistemological problems of memory,epistemology,phd,v1,v1,"{""model"": null, ""temperature"": null, ""date"": ""2025-09-17T01:47:42.747035+00:00"", ""prompt_version"": ""v1"", ""persona"": ""phd""}"
"('epistemologicalproblemsofmemory', 'epistemology')",epistemological problems of memory,epistemology,expert,v1,v1,"{""model"": null, ""temperature"": null, ""date"": ""2025-09-17T01:47:42.747065+00:00"", ""prompt_version"": ""v1"", ""persona"": ""expert""}"
"('mentalcontent', 'teleologicaltheoriesofmentalcontent')",teleological theories of mental content,mental content,phd,v1,v1,"{""model"": null, ""temperature"": null, ""date"": ""2025-09-17T01:47:42.747119+00:00"", ""prompt_version"": ""v1"", ""persona"": ""phd""}"
"('mentalcontent', 'teleologicaltheoriesofmentalcontent')",teleological theories of mental content,mental content,expert,v1,v1,"{""model"": null, ""temperature"": null, ""date"": ""2025-09-17T01:47:42.747149+00:00"", ""prompt_version"": ""v1"", ""persona"": ""expert""}"
"('confirmationandinduction', 'epistemology')",confirmation and induction,epistemology,phd,v1,v1,"{""model"": null, ""temperature"": null, ""date"": ""2025-09-17T01:47:42.747202+00:00"", ""prompt_version"": ""v1"", ""persona"": ""phd""}"
"('confirmationandinduction', 'epistemology')",confirmation and induction,epistemology,expert,v1,v1,"{""model"": null, ""temperature"": null, ""date"": ""2025-09-17T01:47:42.747232+00:00"", ""prompt_version"": ""v1"", ""persona"": ""expert""}"
"('islamicphilosophy', 'philosophyofreligion')",islamic philosophy,philosophy of religion,phd,v1,v1,"{""model"": null, ""temperature"": null, ""date"": ""2025-09-17T01:47:42.747285+00:00"", ""prompt_version"": ""v1"", ""persona"": ""phd""}"
"('islamicphilosophy', 'philosophyofreligion')",islamic philosophy,philosophy of religion,expert,v1,v1,"{""model"": null, ""temperature"": null, ""date"": ""2025-09-17T01:47:42.747315+00:00"", ""prompt_version"": ""v1"", ""persona"": ""expert""}"
"('boltzmannsworkinstatisticalphysics', 'philosophyofscienceandthesciences')",boltzmann's work in statistical physics,philosophy of science and the sciences,phd,v1,v1,"{""model"": null, ""temperature"": null, ""date"": ""2025-09-17T01:47:42.747368+00:00"", ""prompt_version"": ""v1"", ""persona"": ""phd""}"
"('boltzmannsworkinstatisticalphysics', 'philosophyofscienceandthesciences')",boltzmann's work in statistical physics,philosophy of science and the sciences,expert,v1,v1,"{""model"": null, ""temperature"": null, ""date"": ""2025-09-17T01:47:42.747400+00:00"", ""prompt_version"": ""v1"", ""persona"": ""expert""}"
"('formsofgovernment', 'philosophyofreligion')",forms of government,philosophy of religion,phd,v1,v1,"{""model"": null, ""temperature"": null, ""date"": ""2025-09-17T01:47:42.747480+00:00"", ""prompt_version"": ""v1"", ""persona"": ""phd""}"
"('formsofgovernment', 'philosophyofreligion')",forms of government,philosophy of religion,expert,v1,v1,"{""model"": null, ""temperature"": null, ""date"": ""2025-09-17T01:47:42.747511+00:00"", ""prompt_version"": ""v1"", ""persona"": ""expert""}"
"('logicalform', 'philosophyoflanguage')",philosophy of language,logical form,phd,v1,v1,"{""model"": null, ""temperature"": null, ""date"": ""2025-09-17T01:47:42.747563+00:00"", ""prompt_version"": ""v1"", ""persona"": ""phd""}"
"('logicalform', 'philosophyoflanguage')",philosophy of language,logical form,expert,v1,v1,"{""model"": null, ""temperature"": null, ""date"": ""2025-09-17T01:47:42.747600+00:00"", ""prompt_version"": ""v1"", ""persona"": ""expert""}"
"('philosophyofreligion', 'religiouslanguage')",religious language,philosophy of religion,phd,v1,v1,"{""model"": null, ""temperature"": null, ""date"": ""2025-09-17T01:47:42.747653+00:00"", ""prompt_version"": ""v1"", ""persona"": ""phd""}"
"('philosophyofreligion', 'religiouslanguage')",religious language,philosophy of religion,expert,v1,v1,"{""model"": null, ""temperature"": null, ""date"": ""2025-09-17T01:47:42.747683+00:00"", ""prompt_version"": ""v1"", ""persona"": ""expert""}"
"('perception', 'philosophyofmind')",perception,philosophy of mind,phd,v1,v1,"{""model"": null, ""temperature"": null, ""date"": ""2025-09-17T01:47:42.747735+00:00"", ""prompt_version"": ""v1"", ""persona"": ""phd""}"
"('perception', 'philosophyofmind')",perception,philosophy of mind,expert,v1,v1,"{""model"": null, ""temperature"": null, ""date"": ""2025-09-17T01:47:42.747765+00:00"", ""prompt_version"": ""v1"", ""persona"": ""expert""}"
"('philosophyofmind', 'propositionalattitude')",propositional attitude,philosophy of mind,phd,v1,v1,"{""model"": null, ""temperature"": null, ""date"": ""2025-09-17T01:47:42.747817+00:00"", ""prompt_version"": ""v1"", ""persona"": ""phd""}"
"('philosophyofmind', 'propositionalattitude')",propositional attitude,philosophy of mind,expert,v1,v1,"{""model"": null, ""temperature"": null, ""date"": ""2025-09-17T01:47:42.747847+00:00"", ""prompt_version"": ""v1"", ""persona"": ""expert""}"
"('neuralcorrelates', 'perception')",neural correlates,perception,phd,v1,v1,"{""model"": null, ""temperature"": null, ""date"": ""2025-09-17T01:47:42.747899+00:00"", ""prompt_version"": ""v1"", ""persona"": ""phd""}"
"('neuralcorrelates', 'perception')",neural correlates,perception,expert,v1,v1,"{""model"": null, ""temperature"": null, ""date"": ""2025-09-17T01:47:42.747929+00:00"", ""prompt_version"": ""v1"", ""persona"": ""expert""}"
"('descartesandthepinealgland', 'perception')",descartes and the pineal gland,perception,phd,v1,v1,"{""model"": null, ""temperature"": null, ""date"": ""2025-09-17T01:47:42.747982+00:00"", ""prompt_version"": ""v1"", ""persona"": ""phd""}"
"('descartesandthepinealgland', 'perception')",descartes and the pineal gland,perception,expert,v1,v1,"{""model"": null, ""temperature"": null, ""date"": ""2025-09-17T01:47:42.748011+00:00"", ""prompt_version"": ""v1"", ""persona"": ""expert""}"
"('literature', 'philosophyofscienceandthesciences')",literature,philosophy of science and the sciences,phd,v1,v1,"{""model"": null, ""temperature"": null, ""date"": ""2025-09-17T01:47:42.748064+00:00"", ""prompt_version"": ""v1"", ""persona"": ""phd""}"
"('literature', 'philosophyofscienceandthesciences')",literature,philosophy of science and the sciences,expert,v1,v1,"{""model"": null, ""temperature"": null, ""date"": ""2025-09-17T01:47:42.748094+00:00"", ""prompt_version"": ""v1"", ""persona"": ""expert""}"
"('perception', 'surrealism')",surrealism,perception,phd,v1,v1,"{""model"": null, ""temperature"": null, ""date"": ""2025-09-17T01:47:42.748147+00:00"", ""prompt_version"": ""v1"", ""persona"": ""phd""}"
"('perception', 'surrealism')",surrealism,perception,expert,v1,v1,"{""model"": null, ""temperature"": null, ""date"": ""2025-09-17T01:47:42.748176+00:00"", ""prompt_version"": ""v1"", ""persona"": ""expert""}"
"('philosophyofreligion', 'toleration')",toleration,philosophy of religion,phd,v1,v1,"{""model"": null, ""temperature"": null, ""date"": ""2025-09-17T01:47:42.748243+00:00"", ""prompt_version"": ""v1"", ""persona"": ""phd""}"
"('philosophyofreligion', 'toleration')",toleration,philosophy of religion,expert,v1,v1,"{""model"": null, ""temperature"": null, ""date"": ""2025-09-17T01:47:42.748273+00:00"", ""prompt_version"": ""v1"", ""persona"": ""expert""}"
"('metaphysics', 'philosophyofmind')",philosophy of mind,metaphysics,phd,v1,v1,"{""model"": null, ""temperature"": null, ""date"": ""2025-09-17T01:47:42.748326+00:00"", ""prompt_version"": ""v1"", ""persona"": ""phd""}"
"('metaphysics', 'philosophyofmind')",philosophy of mind,metaphysics,expert,v1,v1,"{""model"": null, ""temperature"": null, ""date"": ""2025-09-17T01:47:42.748356+00:00"", ""prompt_version"": ""v1"", ""persona"": ""expert""}"
"('aspectsofconsciousness', 'functionofconsciousness')",function of consciousness,aspects of consciousness,phd,v1,v1,"{""model"": null, ""temperature"": null, ""date"": ""2025-09-17T01:47:42.748408+00:00"", ""prompt_version"": ""v1"", ""persona"": ""phd""}"
"('aspectsofconsciousness', 'functionofconsciousness')",function of consciousness,aspects of consciousness,expert,v1,v1,"{""model"": null, ""temperature"": null, ""date"": ""2025-09-17T01:47:42.748439+00:00"", ""prompt_version"": ""v1"", ""persona"": ""expert""}"
"('earlyphilosophicalinterpretationsofgeneralrelativity', 'epistemology')",early philosophical interpretations of general relativity,epistemology,phd,v1,v1,"{""model"": null, ""temperature"": null, ""date"": ""2025-09-17T01:47:42.748492+00:00"", ""prompt_version"": ""v1"", ""persona"": ""phd""}"
"('earlyphilosophicalinterpretationsofgeneralrelativity', 'epistemology')",early philosophical interpretations of general relativity,epistemology,expert,v1,v1,"{""model"": null, ""temperature"": null, ""date"": ""2025-09-17T01:47:42.748523+00:00"", ""prompt_version"": ""v1"", ""persona"": ""expert""}"
"('medievaltheoriesofanalogy', 'metaphysics')",medieval theories of analogy,metaphysics,phd,v1,v1,"{""model"": null, ""temperature"": null, ""date"": ""2025-09-17T01:47:42.748577+00:00"", ""prompt_version"": ""v1"", ""persona"": ""phd""}"
"('medievaltheoriesofanalogy', 'metaphysics')",medieval theories of analogy,metaphysics,expert,v1,v1,"{""model"": null, ""temperature"": null, ""date"": ""2025-09-17T01:47:42.748607+00:00"", ""prompt_version"": ""v1"", ""persona"": ""expert""}"
"('metaphysics', 'platoonutopia')",plato on utopia,metaphysics,phd,v1,v1,"{""model"": null, ""temperature"": null, ""date"": ""2025-09-17T01:47:42.748659+00:00"", ""prompt_version"": ""v1"", ""persona"": ""phd""}"
"('metaphysics', 'platoonutopia')",plato on utopia,metaphysics,expert,v1,v1,"{""model"": null, ""temperature"": null, ""date"": ""2025-09-17T01:47:42.748689+00:00"", ""prompt_version"": ""v1"", ""persona"": ""expert""}"
"('continentalphilosophy', 'pragmatism')",continental philosophy,pragmatism,phd,v1,v1,"{""model"": null, ""temperature"": null, ""date"": ""2025-09-17T01:47:42.748740+00:00"", ""prompt_version"": ""v1"", ""persona"": ""phd""}"
"('continentalphilosophy', 'pragmatism')",continental philosophy,pragmatism,expert,v1,v1,"{""model"": null, ""temperature"": null, ""date"": ""2025-09-17T01:47:42.748770+00:00"", ""prompt_version"": ""v1"", ""persona"": ""expert""}"
"('artificialintelligence', 'symbolicprocessing')",symbolic processing,artificial intelligence,phd,v1,v1,"{""model"": null, ""temperature"": null, ""date"": ""2025-09-17T01:47:42.748822+00:00"", ""prompt_version"": ""v1"", ""persona"": ""phd""}"
"('artificialintelligence', 'symbolicprocessing')",symbolic processing,artificial intelligence,expert,v1,v1,"{""model"": null, ""temperature"": null, ""date"": ""2025-09-17T01:47:42.748853+00:00"", ""prompt_version"": ""v1"", ""persona"": ""expert""}"
"('aristotlesnaturalphilosophy', 'metaphysics')",aristotle's natural philosophy,metaphysics,phd,v1,v1,"{""model"": null, ""temperature"": null, ""date"": ""2025-09-17T01:47:42.748905+00:00"", ""prompt_version"": ""v1"", ""persona"": ""phd""}"
"('aristotlesnaturalphilosophy', 'metaphysics')",aristotle's natural philosophy,metaphysics,expert,v1,v1,"{""model"": null, ""temperature"": null, ""date"": ""2025-09-17T01:47:42.748935+00:00"", ""prompt_version"": ""v1"", ""persona"": ""expert""}"
"('consciousnessandintentionality', 'perception')",consciousness and intentionality,perception,phd,v1,v1,"{""model"": null, ""temperature"": null, ""date"": ""2025-09-17T01:47:42.748988+00:00"", ""prompt_version"": ""v1"", ""persona"": ""phd""}"
"('consciousnessandintentionality', 'perception')",consciousness and intentionality,perception,expert,v1,v1,"{""model"": null, ""temperature"": null, ""date"": ""2025-09-17T01:47:42.749018+00:00"", ""prompt_version"": ""v1"", ""persona"": ""expert""}"
"('metaphysics', 'philosophyofpsychology')",philosophy of psychology,metaphysics,phd,v1,v1,"{""model"": null, ""temperature"": null, ""date"": ""2025-09-17T01:47:42.749070+00:00"", ""prompt_version"": ""v1"", ""persona"": ""phd""}"
"('metaphysics', 'philosophyofpsychology')",philosophy of psychology,metaphysics,expert,v1,v1,"{""model"": null, ""temperature"": null, ""date"": ""2025-09-17T01:47:42.749100+00:00"", ""prompt_version"": ""v1"", ""persona"": ""expert""}"
"('epistemology', 'philosophyofperception')",philosophy of perception,epistemology,phd,v1,v1,"{""model"": null, ""temperature"": null, ""date"": ""2025-09-17T01:47:42.749153+00:00"", ""prompt_version"": ""v1"", ""persona"": ""phd""}"
"('epistemology', 'philosophyofperception')",philosophy of perception,epistemology,expert,v1,v1,"{""model"": null, ""temperature"": null, ""date"": ""2025-09-17T01:47:42.749183+00:00"", ""prompt_version"": ""v1"", ""persona"": ""expert""}"
"('hinduism', 'philosophyofreligion')",hinduism,philosophy of religion,phd,v1,v1,"{""model"": null, ""temperature"": null, ""date"": ""2025-09-17T01:47:42.749235+00:00"", ""prompt_version"": ""v1"", ""persona"": ""phd""}"
"('hinduism', 'philosophyofreligion')",hinduism,philosophy of religion,expert,v1,v1,"{""model"": null, ""temperature"": null, ""date"": ""2025-09-17T01:47:42.749265+00:00"", ""prompt_version"": ""v1"", ""persona"": ""expert""}"
"('cognitivescience', 'psychiatry')",cognitive science,psychiatry,course_taker,v1,v1,"{""model"": null, ""temperature"": null, ""date"": ""2025-09-17T01:47:42.749317+00:00"", ""prompt_version"": ""v1"", ""persona"": ""course_taker""}"
"('cognitivescience', 'psychiatry')",cognitive science,psychiatry,expert,v1,v1,"{""model"": null, ""temperature"": null, ""date"": ""2025-09-17T01:47:42.749347+00:00"", ""prompt_version"": ""v1"", ""persona"": ""expert""}"
"('causaltheoriesofmentalcontent', 'cognitivescience')",causal theories of mental content,cognitive science,phd,v1,v1,"{""model"": null, ""temperature"": null, ""date"": ""2025-09-17T01:47:42.749400+00:00"", ""prompt_version"": ""v1"", ""persona"": ""phd""}"
"('causaltheoriesofmentalcontent', 'cognitivescience')",causal theories of mental content,cognitive science,expert,v1,v1,"{""model"": null, ""temperature"": null, ""date"": ""2025-09-17T01:47:42.749430+00:00"", ""prompt_version"": ""v1"", ""persona"": ""expert""}"
"('philosophyofbiology', 'philosophyofchemistry')",philosophy of chemistry,philosophy of biology,phd,v1,v1,"{""model"": null, ""temperature"": null, ""date"": ""2025-09-17T01:47:42.749483+00:00"", ""prompt_version"": ""v1"", ""persona"": ""phd""}"
"('philosophyofbiology', 'philosophyofchemistry')",philosophy of chemistry,philosophy of biology,expert,v1,v1,"{""model"": null, ""temperature"": null, ""date"": ""2025-09-17T01:47:42.749513+00:00"", ""prompt_version"": ""v1"", ""persona"": ""expert""}"
"('perception', 'propositionalattitude')",propositional attitude,perception,phd,v1,v1,"{""model"": null, ""temperature"": null, ""date"": ""2025-09-17T01:47:42.749565+00:00"", ""prompt_version"": ""v1"", ""persona"": ""phd""}"
"('perception', 'propositionalattitude')",propositional attitude,perception,expert,v1,v1,"{""model"": null, ""temperature"": null, ""date"": ""2025-09-17T01:47:42.749627+00:00"", ""prompt_version"": ""v1"", ""persona"": ""expert""}"
"('philosophyofreligion', 'politicalauthority')",political authority,philosophy of religion,phd,v1,v1,"{""model"": null, ""temperature"": null, ""date"": ""2025-09-17T01:47:42.749680+00:00"", ""prompt_version"": ""v1"", ""persona"": ""phd""}"
"('philosophyofreligion', 'politicalauthority')",political authority,philosophy of religion,expert,v1,v1,"{""model"": null, ""temperature"": null, ""date"": ""2025-09-17T01:47:42.749710+00:00"", ""prompt_version"": ""v1"", ""persona"": ""expert""}"
"('influenceofislamicthoughtonmaimonides', 'philosophyofreligion')",influence of islamic thought on maimonides,philosophy of religion,phd,v1,v1,"{""model"": null, ""temperature"": null, ""date"": ""2025-09-17T01:47:42.749763+00:00"", ""prompt_version"": ""v1"", ""persona"": ""phd""}"
"('influenceofislamicthoughtonmaimonides', 'philosophyofreligion')",influence of islamic thought on maimonides,philosophy of religion,expert,v1,v1,"{""model"": null, ""temperature"": null, ""date"": ""2025-09-17T01:47:42.749793+00:00"", ""prompt_version"": ""v1"", ""persona"": ""expert""}"
"('kantsviewofthemindandconsciousnessofself', 'perception')",kant's view of the mind and consciousness of self,perception,phd,v1,v1,"{""model"": null, ""temperature"": null, ""date"": ""2025-09-17T01:47:42.749847+00:00"", ""prompt_version"": ""v1"", ""persona"": ""phd""}"
"('kantsviewofthemindandconsciousnessofself', 'perception')",kant's view of the mind and consciousness of self,perception,expert,v1,v1,"{""model"": null, ""temperature"": null, ""date"": ""2025-09-17T01:47:42.749877+00:00"", ""prompt_version"": ""v1"", ""persona"": ""expert""}"
"('coherentism', 'epistemology')",coherentism,epistemology,phd,v1,v1,"{""model"": null, ""temperature"": null, ""date"": ""2025-09-17T01:47:42.749930+00:00"", ""prompt_version"": ""v1"", ""persona"": ""phd""}"
"('coherentism', 'epistemology')",coherentism,epistemology,expert,v1,v1,"{""model"": null, ""temperature"": null, ""date"": ""2025-09-17T01:47:42.749960+00:00"", ""prompt_version"": ""v1"", ""persona"": ""expert""}"
"('internalistvsexternalistconceptionsofepistemicjustification', 'justification')",internalist vs. externalist conceptions of epistemic justification,justification,phd,v1,v1,"{""model"": null, ""temperature"": null, ""date"": ""2025-09-17T01:47:42.750012+00:00"", ""prompt_version"": ""v1"", ""persona"": ""phd""}"
"('internalistvsexternalistconceptionsofepistemicjustification', 'justification')",internalist vs. externalist conceptions of epistemic justification,justification,expert,v1,v1,"{""model"": null, ""temperature"": null, ""date"": ""2025-09-17T01:47:42.750044+00:00"", ""prompt_version"": ""v1"", ""persona"": ""expert""}"
"('externalismaboutmentalcontent', 'internalismandexternalism')",externalism about mental content,internalism and externalism,phd,v1,v1,"{""model"": null, ""temperature"": null, ""date"": ""2025-09-17T01:47:42.750098+00:00"", ""prompt_version"": ""v1"", ""persona"": ""phd""}"
"('externalismaboutmentalcontent', 'internalismandexternalism')",externalism about mental content,internalism and externalism,expert,v1,v1,"{""model"": null, ""temperature"": null, ""date"": ""2025-09-17T01:47:42.750129+00:00"", ""prompt_version"": ""v1"", ""persona"": ""expert""}"
"('philosophyofreligion', 'secularism')",secularism,philosophy of religion,phd,v1,v1,"{""model"": null, ""temperature"": null, ""date"": ""2025-09-17T01:47:42.750181+00:00"", ""prompt_version"": ""v1"", ""persona"": ""phd""}"
"('philosophyofreligion', 'secularism')",secularism,philosophy of religion,expert,v1,v1,"{""model"": null, ""temperature"": null, ""date"": ""2025-09-17T01:47:42.750211+00:00"", ""prompt_version"": ""v1"", ""persona"": ""expert""}"
"('mentalcontent', 'philosophyofmind')",mental content,philosophy of mind,phd,v1,v1,"{""model"": null, ""temperature"": null, ""date"": ""2025-09-17T01:47:42.750263+00:00"", ""prompt_version"": ""v1"", ""persona"": ""phd""}"
"('mentalcontent', 'philosophyofmind')",mental content,philosophy of mind,expert,v1,v1,"{""model"": null, ""temperature"": null, ""date"": ""2025-09-17T01:47:42.750293+00:00"", ""prompt_version"": ""v1"", ""persona"": ""expert""}"
"('animalcognition', 'philosophyofmind')",animal cognition,philosophy of mind,phd,v1,v1,"{""model"": null, ""temperature"": null, ""date"": ""2025-09-17T01:47:42.750345+00:00"", ""prompt_version"": ""v1"", ""persona"": ""phd""}"
"('animalcognition', 'philosophyofmind')",animal cognition,philosophy of mind,expert,v1,v1,"{""model"": null, ""temperature"": null, ""date"": ""2025-09-17T01:47:42.750375+00:00"", ""prompt_version"": ""v1"", ""persona"": ""expert""}"
"('metaphysicsofmind', 'philosophyofmind')",metaphysics of mind,philosophy of mind,phd,v1,v1,"{""model"": null, ""temperature"": null, ""date"": ""2025-09-17T01:47:42.750427+00:00"", ""prompt_version"": ""v1"", ""persona"": ""phd""}"
"('metaphysicsofmind', 'philosophyofmind')",metaphysics of mind,philosophy of mind,expert,v1,v1,"{""model"": null, ""temperature"": null, ""date"": ""2025-09-17T01:47:42.750457+00:00"", ""prompt_version"": ""v1"", ""persona"": ""expert""}"
"('aspectsofmind', 'philosophyofmind')",aspects of mind,philosophy of mind,phd,v1,v1,"{""model"": null, ""temperature"": null, ""date"": ""2025-09-17T01:47:42.750509+00:00"", ""prompt_version"": ""v1"", ""persona"": ""phd""}"
"('aspectsofmind', 'philosophyofmind')",aspects of mind,philosophy of mind,expert,v1,v1,"{""model"": null, ""temperature"": null, ""date"": ""2025-09-17T01:47:42.750538+00:00"", ""prompt_version"": ""v1"", ""persona"": ""expert""}"
"('mentalcontent', 'nonconceptualcontent')",non-conceptual content,mental content,phd,v1,v1,"{""model"": null, ""temperature"": null, ""date"": ""2025-09-17T01:47:42.750590+00:00"", ""prompt_version"": ""v1"", ""persona"": ""phd""}"
"('mentalcontent', 'nonconceptualcontent')",non-conceptual content,mental content,expert,v1,v1,"{""model"": null, ""temperature"": null, ""date"": ""2025-09-17T01:47:42.750620+00:00"", ""prompt_version"": ""v1"", ""persona"": ""expert""}"
"('folkpsychology', 'folkpsychologyasmentalsimulation')",folk psychology as mental simulation,folk psychology,phd,v1,v1,"{""model"": null, ""temperature"": null, ""date"": ""2025-09-17T01:47:42.750672+00:00"", ""prompt_version"": ""v1"", ""persona"": ""phd""}"
"('folkpsychology', 'folkpsychologyasmentalsimulation')",folk psychology as mental simulation,folk psychology,expert,v1,v1,"{""model"": null, ""temperature"": null, ""date"": ""2025-09-17T01:47:42.750703+00:00"", ""prompt_version"": ""v1"", ""persona"": ""expert""}"
"('18thcenturybritishaesthetics', 'perception')",18th century british aesthetics,perception,phd,v1,v1,"{""model"": null, ""temperature"": null, ""date"": ""2025-09-17T01:47:42.750756+00:00"", ""prompt_version"": ""v1"", ""persona"": ""phd""}"
"('18thcenturybritishaesthetics', 'perception')",18th century british aesthetics,perception,expert,v1,v1,"{""model"": null, ""temperature"": null, ""date"": ""2025-09-17T01:47:42.750786+00:00"", ""prompt_version"": ""v1"", ""persona"": ""expert""}"
"('bioethics', 'businessethics')",business ethics,bioethics,phd,v1,v1,"{""model"": null, ""temperature"": null, ""date"": ""2025-09-17T01:47:42.750838+00:00"", ""prompt_version"": ""v1"", ""persona"": ""phd""}"
"('bioethics', 'businessethics')",business ethics,bioethics,expert,v1,v1,"{""model"": null, ""temperature"": null, ""date"": ""2025-09-17T01:47:42.750867+00:00"", ""prompt_version"": ""v1"", ""persona"": ""expert""}"
"('18thcenturygermanaesthetics', 'aestheticsandphilosophyofart')",aesthetics and philosophy of art,18th century german aesthetics,course_taker,v1,v1,"{""model"": null, ""temperature"": null, ""date"": ""2025-09-17T01:47:42.750920+00:00"", ""prompt_version"": ""v1"", ""persona"": ""course_taker""}"
"('18thcenturygermanaesthetics', 'aestheticsandphilosophyofart')",aesthetics and philosophy of art,18th century german aesthetics,phd,v1,v1,"{""model"": null, ""temperature"": null, ""date"": ""2025-09-17T01:47:42.750990+00:00"", ""prompt_version"": ""v1"", ""persona"": ""phd""}"
"('ideas', 'philosophyofmind')",ideas,philosophy of mind,phd,v1,v1,"{""model"": null, ""temperature"": null, ""date"": ""2025-09-17T01:47:42.751043+00:00"", ""prompt_version"": ""v1"", ""persona"": ""phd""}"
"('ideas', 'philosophyofmind')",ideas,philosophy of mind,expert,v1,v1,"{""model"": null, ""temperature"": null, ""date"": ""2025-09-17T01:47:42.751073+00:00"", ""prompt_version"": ""v1"", ""persona"": ""expert""}"
"('methodologicaldebatesincosmologythe1930sand1940s', 'philosophyofscienceandthesciences')",methodological debates in cosmology the 1930s and 1940s,philosophy of science and the sciences,phd,v1,v1,"{""model"": null, ""temperature"": null, ""date"": ""2025-09-17T01:47:42.751126+00:00"", ""prompt_version"": ""v1"", ""persona"": ""phd""}"
"('methodologicaldebatesincosmologythe1930sand1940s', 'philosophyofscienceandthesciences')",methodological debates in cosmology the 1930s and 1940s,philosophy of science and the sciences,expert,v1,v1,"{""model"": null, ""temperature"": null, ""date"": ""2025-09-17T01:47:42.751161+00:00"", ""prompt_version"": ""v1"", ""persona"": ""expert""}"
"('compositionalityandlogicalform', 'metaphysics')",compositionality and logical form,metaphysics,phd,v1,v1,"{""model"": null, ""temperature"": null, ""date"": ""2025-09-17T01:47:42.751218+00:00"", ""prompt_version"": ""v1"", ""persona"": ""phd""}"
"('compositionalityandlogicalform', 'metaphysics')",compositionality and logical form,metaphysics,expert,v1,v1,"{""model"": null, ""temperature"": null, ""date"": ""2025-09-17T01:47:42.751248+00:00"", ""prompt_version"": ""v1"", ""persona"": ""expert""}"
"('leibnizsinfluenceonkant', 'perception')",leibniz's influence on kant,perception,phd,v1,v1,"{""model"": null, ""temperature"": null, ""date"": ""2025-09-17T01:47:42.751301+00:00"", ""prompt_version"": ""v1"", ""persona"": ""phd""}"
"('leibnizsinfluenceonkant', 'perception')",leibniz's influence on kant,perception,expert,v1,v1,"{""model"": null, ""temperature"": null, ""date"": ""2025-09-17T01:47:42.751331+00:00"", ""prompt_version"": ""v1"", ""persona"": ""expert""}"
"('chinesephilosophy', 'mohistcanons')",mohist canons,chinese philosophy,novice,v1,v1,"{""model"": null, ""temperature"": null, ""date"": ""2025-09-17T01:47:42.751383+00:00"", ""prompt_version"": ""v1"", ""persona"": ""novice""}"
"('chinesephilosophy', 'mohistcanons')",mohist canons,chinese philosophy,phd,v1,v1,"{""model"": null, ""temperature"": null, ""date"": ""2025-09-17T01:47:42.751413+00:00"", ""prompt_version"": ""v1"", ""persona"": ""phd""}"
"('deweysaesthetics', 'perception')",dewey's aesthetics,perception,phd,v1,v1,"{""model"": null, ""temperature"": null, ""date"": ""2025-09-17T01:47:42.751465+00:00"", ""prompt_version"": ""v1"", ""persona"": ""phd""}"
"('deweysaesthetics', 'perception')",dewey's aesthetics,perception,expert,v1,v1,"{""model"": null, ""temperature"": null, ""date"": ""2025-09-17T01:47:42.751495+00:00"", ""prompt_version"": ""v1"", ""persona"": ""expert""}"
"('consciousness', 'perception')",consciousness,perception,phd,v1,v1,"{""model"": null, ""temperature"": null, ""date"": ""2025-09-17T01:47:42.751547+00:00"", ""prompt_version"": ""v1"", ""persona"": ""phd""}"
"('consciousness', 'perception')",consciousness,perception,expert,v1,v1,"{""model"": null, ""temperature"": null, ""date"": ""2025-09-17T01:47:42.751577+00:00"", ""prompt_version"": ""v1"", ""persona"": ""expert""}"
"('epistemology', 'philosophyofpsychology')",philosophy of psychology,epistemology,phd,v1,v1,"{""model"": null, ""temperature"": null, ""date"": ""2025-09-17T01:47:42.751629+00:00"", ""prompt_version"": ""v1"", ""persona"": ""phd""}"
"('epistemology', 'philosophyofpsychology')",philosophy of psychology,epistemology,expert,v1,v1,"{""model"": null, ""temperature"": null, ""date"": ""2025-09-17T01:47:42.751660+00:00"", ""prompt_version"": ""v1"", ""persona"": ""expert""}"
"('logos', 'metaphysics')",logos,metaphysics,phd,v1,v1,"{""model"": null, ""temperature"": null, ""date"": ""2025-09-17T01:47:42.751712+00:00"", ""prompt_version"": ""v1"", ""persona"": ""phd""}"
"('logos', 'metaphysics')",logos,metaphysics,expert,v1,v1,"{""model"": null, ""temperature"": null, ""date"": ""2025-09-17T01:47:42.751742+00:00"", ""prompt_version"": ""v1"", ""persona"": ""expert""}"
"('artificialintelligence', 'turingmachine')",turing machine,artificial intelligence,phd,v1,v1,"{""model"": null, ""temperature"": null, ""date"": ""2025-09-17T01:47:42.751794+00:00"", ""prompt_version"": ""v1"", ""persona"": ""phd""}"
"('artificialintelligence', 'turingmachine')",turing machine,artificial intelligence,expert,v1,v1,"{""model"": null, ""temperature"": null, ""date"": ""2025-09-17T01:47:42.751825+00:00"", ""prompt_version"": ""v1"", ""persona"": ""expert""}"
"('interpretation', 'philosophyoflanguage')",philosophy of language,interpretation,phd,v1,v1,"{""model"": null, ""temperature"": null, ""date"": ""2025-09-17T01:47:42.751878+00:00"", ""prompt_version"": ""v1"", ""persona"": ""phd""}"
"('interpretation', 'philosophyoflanguage')",philosophy of language,interpretation,expert,v1,v1,"{""model"": null, ""temperature"": null, ""date"": ""2025-09-17T01:47:42.751909+00:00"", ""prompt_version"": ""v1"", ""persona"": ""expert""}"
"('cognitivescience', 'dynamicalsystem')",dynamical system,cognitive science,phd,v1,v1,"{""model"": null, ""temperature"": null, ""date"": ""2025-09-17T01:47:42.751962+00:00"", ""prompt_version"": ""v1"", ""persona"": ""phd""}"
"('cognitivescience', 'dynamicalsystem')",dynamical system,cognitive science,expert,v1,v1,"{""model"": null, ""temperature"": null, ""date"": ""2025-09-17T01:47:42.751993+00:00"", ""prompt_version"": ""v1"", ""persona"": ""expert""}"
"('churchandstate', 'philosophyofreligion')",church and state,philosophy of religion,phd,v1,v1,"{""model"": null, ""temperature"": null, ""date"": ""2025-09-17T01:47:42.752045+00:00"", ""prompt_version"": ""v1"", ""persona"": ""phd""}"
"('churchandstate', 'philosophyofreligion')",church and state,philosophy of religion,expert,v1,v1,"{""model"": null, ""temperature"": null, ""date"": ""2025-09-17T01:47:42.752075+00:00"", ""prompt_version"": ""v1"", ""persona"": ""expert""}"
"('bohmianmechanics', 'quantummechanics')",bohmian mechanics,quantum mechanics,phd,v1,v1,"{""model"": null, ""temperature"": null, ""date"": ""2025-09-17T01:47:42.752129+00:00"", ""prompt_version"": ""v1"", ""persona"": ""phd""}"
"('bohmianmechanics', 'quantummechanics')",bohmian mechanics,quantum mechanics,expert,v1,v1,"{""model"": null, ""temperature"": null, ""date"": ""2025-09-17T01:47:42.752159+00:00"", ""prompt_version"": ""v1"", ""persona"": ""expert""}"
"('philosophyofart', 'philosophyofmind')",philosophy of art,philosophy of mind,phd,v1,v1,"{""model"": null, ""temperature"": null, ""date"": ""2025-09-17T01:47:42.752212+00:00"", ""prompt_version"": ""v1"", ""persona"": ""phd""}"
"('philosophyofart', 'philosophyofmind')",philosophy of art,philosophy of mind,expert,v1,v1,"{""model"": null, ""temperature"": null, ""date"": ""2025-09-17T01:47:42.752243+00:00"", ""prompt_version"": ""v1"", ""persona"": ""expert""}"
"('africansagephilosophy', 'afterlife')",african sage philosophy,afterlife,phd,v1,v1,"{""model"": null, ""temperature"": null, ""date"": ""2025-09-17T01:47:42.752296+00:00"", ""prompt_version"": ""v1"", ""persona"": ""phd""}"
"('africansagephilosophy', 'afterlife')",african sage philosophy,afterlife,expert,v1,v1,"{""model"": null, ""temperature"": null, ""date"": ""2025-09-17T01:47:42.752327+00:00"", ""prompt_version"": ""v1"", ""persona"": ""expert""}"
"('ethicsandart', 'philosophyofart')",philosophy of art,ethics and art,phd,v1,v1,"{""model"": null, ""temperature"": null, ""date"": ""2025-09-17T01:47:42.752379+00:00"", ""prompt_version"": ""v1"", ""persona"": ""phd""}"
"('ethicsandart', 'philosophyofart')",philosophy of art,ethics and art,expert,v1,v1,"{""model"": null, ""temperature"": null, ""date"": ""2025-09-17T01:47:42.752432+00:00"", ""prompt_version"": ""v1"", ""persona"": ""expert""}"
"('modernphilosophy', 'philosophyofreligion')",modern philosophy,philosophy of religion,phd,v1,v1,"{""model"": null, ""temperature"": null, ""date"": ""2025-09-17T01:47:42.752486+00:00"", ""prompt_version"": ""v1"", ""persona"": ""phd""}"
"('modernphilosophy', 'philosophyofreligion')",modern philosophy,philosophy of religion,expert,v1,v1,"{""model"": null, ""temperature"": null, ""date"": ""2025-09-17T01:47:42.752517+00:00"", ""prompt_version"": ""v1"", ""persona"": ""expert""}"
"('imagery', 'philosophyofmind')",imagery,philosophy of mind,phd,v1,v1,"{""model"": null, ""temperature"": null, ""date"": ""2025-09-17T01:47:42.752571+00:00"", ""prompt_version"": ""v1"", ""persona"": ""phd""}"
"('imagery', 'philosophyofmind')",imagery,philosophy of mind,expert,v1,v1,"{""model"": null, ""temperature"": null, ""date"": ""2025-09-17T01:47:42.752601+00:00"", ""prompt_version"": ""v1"", ""persona"": ""expert""}"
"('philosophyofreligion', 'zenbuddhism')",zen buddhism,philosophy of religion,phd,v1,v1,"{""model"": null, ""temperature"": null, ""date"": ""2025-09-17T01:47:42.752655+00:00"", ""prompt_version"": ""v1"", ""persona"": ""phd""}"
"('philosophyofreligion', 'zenbuddhism')",zen buddhism,philosophy of religion,expert,v1,v1,"{""model"": null, ""temperature"": null, ""date"": ""2025-09-17T01:47:42.752685+00:00"", ""prompt_version"": ""v1"", ""persona"": ""expert""}"
"('kantsphilosophyofreligion', 'philosophyofreligion')",kant's philosophy of religion,philosophy of religion,phd,v1,v1,"{""model"": null, ""temperature"": null, ""date"": ""2025-09-17T01:47:42.752744+00:00"", ""prompt_version"": ""v1"", ""persona"": ""phd""}"
"('kantsphilosophyofreligion', 'philosophyofreligion')",kant's philosophy of religion,philosophy of religion,expert,v1,v1,"{""model"": null, ""temperature"": null, ""date"": ""2025-09-17T01:47:42.752775+00:00"", ""prompt_version"": ""v1"", ""persona"": ""expert""}"
"('cognitivescience', 'networkmodel')",network model,cognitive science,phd,v1,v1,"{""model"": null, ""temperature"": null, ""date"": ""2025-09-17T01:47:42.752829+00:00"", ""prompt_version"": ""v1"", ""persona"": ""phd""}"
"('cognitivescience', 'networkmodel')",network model,cognitive science,expert,v1,v1,"{""model"": null, ""temperature"": null, ""date"": ""2025-09-17T01:47:42.752859+00:00"", ""prompt_version"": ""v1"", ""persona"": ""expert""}"
"('historyoflogic', 'squareofopposition')",square of opposition,history of logic,novice,v1,v1,"{""model"": null, ""temperature"": null, ""date"": ""2025-09-17T01:47:42.752911+00:00"", ""prompt_version"": ""v1"", ""persona"": ""novice""}"
"('historyoflogic', 'squareofopposition')",square of opposition,history of logic,phd,v1,v1,"{""model"": null, ""temperature"": null, ""date"": ""2025-09-17T01:47:42.752943+00:00"", ""prompt_version"": ""v1"", ""persona"": ""phd""}"
"('epistemology', 'falsificationism')",falsificationism,epistemology,phd,v1,v1,"{""model"": null, ""temperature"": null, ""date"": ""2025-09-17T01:47:42.752996+00:00"", ""prompt_version"": ""v1"", ""persona"": ""phd""}"
"('epistemology', 'falsificationism')",falsificationism,epistemology,expert,v1,v1,"{""model"": null, ""temperature"": null, ""date"": ""2025-09-17T01:47:42.753027+00:00"", ""prompt_version"": ""v1"", ""persona"": ""expert""}"
"('dynamism', 'japanesephilosophy')",dynamism,japanese philosophy,novice,v1,v1,"{""model"": null, ""temperature"": null, ""date"": ""2025-09-17T01:47:42.753079+00:00"", ""prompt_version"": ""v1"", ""persona"": ""novice""}"
"('dynamism', 'japanesephilosophy')",dynamism,japanese philosophy,expert,v1,v1,"{""model"": null, ""temperature"": null, ""date"": ""2025-09-17T01:47:42.753110+00:00"", ""prompt_version"": ""v1"", ""persona"": ""expert""}"
"('cosmology', 'metaphysics')",cosmology,metaphysics,phd,v1,v1,"{""model"": null, ""temperature"": null, ""date"": ""2025-09-17T01:47:42.753163+00:00"", ""prompt_version"": ""v1"", ""persona"": ""phd""}"
"('cosmology', 'metaphysics')",cosmology,metaphysics,expert,v1,v1,"{""model"": null, ""temperature"": null, ""date"": ""2025-09-17T01:47:42.753193+00:00"", ""prompt_version"": ""v1"", ""persona"": ""expert""}"
"('autism', 'folkpsychology')",autism,folk psychology,phd,v1,v1,"{""model"": null, ""temperature"": null, ""date"": ""2025-09-17T01:47:42.753248+00:00"", ""prompt_version"": ""v1"", ""persona"": ""phd""}"
"('autism', 'folkpsychology')",autism,folk psychology,expert,v1,v1,"{""model"": null, ""temperature"": null, ""date"": ""2025-09-17T01:47:42.753278+00:00"", ""prompt_version"": ""v1"", ""persona"": ""expert""}"
"('kantsviewofthemindandconsciousnessofself', 'philosophyofmind')",kant's view of the mind and consciousness of self,philosophy of mind,phd,v1,v1,"{""model"": null, ""temperature"": null, ""date"": ""2025-09-17T01:47:42.753332+00:00"", ""prompt_version"": ""v1"", ""persona"": ""phd""}"
"('kantsviewofthemindandconsciousnessofself', 'philosophyofmind')",kant's view of the mind and consciousness of self,philosophy of mind,expert,v1,v1,"{""model"": null, ""temperature"": null, ""date"": ""2025-09-17T01:47:42.753364+00:00"", ""prompt_version"": ""v1"", ""persona"": ""expert""}"
"('nonhumananimals', 'philosophyofmind')",nonhuman animals,philosophy of mind,phd,v1,v1,"{""model"": null, ""temperature"": null, ""date"": ""2025-09-17T01:47:42.753419+00:00"", ""prompt_version"": ""v1"", ""persona"": ""phd""}"
"('nonhumananimals', 'philosophyofmind')",nonhuman animals,philosophy of mind,expert,v1,v1,"{""model"": null, ""temperature"": null, ""date"": ""2025-09-17T01:47:42.753450+00:00"", ""prompt_version"": ""v1"", ""persona"": ""expert""}"
"('languagelearning', 'philosophyoflanguage')",philosophy of language,language learning,phd,v1,v1,"{""model"": null, ""temperature"": null, ""date"": ""2025-09-17T01:47:42.753503+00:00"", ""prompt_version"": ""v1"", ""persona"": ""phd""}"
"('languagelearning', 'philosophyoflanguage')",philosophy of language,language learning,expert,v1,v1,"{""model"": null, ""temperature"": null, ""date"": ""2025-09-17T01:47:42.753534+00:00"", ""prompt_version"": ""v1"", ""persona"": ""expert""}"
"('pakistaniphilosophy', 'perception')",pakistani philosophy,perception,phd,v1,v1,"{""model"": null, ""temperature"": null, ""date"": ""2025-09-17T01:47:42.753587+00:00"", ""prompt_version"": ""v1"", ""persona"": ""phd""}"
"('pakistaniphilosophy', 'perception')",pakistani philosophy,perception,expert,v1,v1,"{""model"": null, ""temperature"": null, ""date"": ""2025-09-17T01:47:42.753618+00:00"", ""prompt_version"": ""v1"", ""persona"": ""expert""}"
"('dualism', 'propertydualism')",property dualism,dualism,phd,v1,v1,"{""model"": null, ""temperature"": null, ""date"": ""2025-09-17T01:47:42.753671+00:00"", ""prompt_version"": ""v1"", ""persona"": ""phd""}"
"('dualism', 'propertydualism')",property dualism,dualism,expert,v1,v1,"{""model"": null, ""temperature"": null, ""date"": ""2025-09-17T01:47:42.753701+00:00"", ""prompt_version"": ""v1"", ""persona"": ""expert""}"
"('analysisofknowledge', 'knowledge')",analysis of knowledge,knowledge,phd,v1,v1,"{""model"": null, ""temperature"": null, ""date"": ""2025-09-17T01:47:42.753753+00:00"", ""prompt_version"": ""v1"", ""persona"": ""phd""}"
"('analysisofknowledge', 'knowledge')",analysis of knowledge,knowledge,expert,v1,v1,"{""model"": null, ""temperature"": null, ""date"": ""2025-09-17T01:47:42.753784+00:00"", ""prompt_version"": ""v1"", ""persona"": ""expert""}"
"('epistemology', 'platosmiddleperiodmetaphysicsandepistemology')",plato's middle period metaphysics and epistemology,epistemology,phd,v1,v1,"{""model"": null, ""temperature"": null, ""date"": ""2025-09-17T01:47:42.753837+00:00"", ""prompt_version"": ""v1"", ""persona"": ""phd""}"
"('epistemology', 'platosmiddleperiodmetaphysicsandepistemology')",plato's middle period metaphysics and epistemology,epistemology,expert,v1,v1,"{""model"": null, ""temperature"": null, ""date"": ""2025-09-17T01:47:42.753869+00:00"", ""prompt_version"": ""v1"", ""persona"": ""expert""}"
"('causaldeterminism', 'freewill')",causal determinism,free will,phd,v1,v1,"{""model"": null, ""temperature"": null, ""date"": ""2025-09-17T01:47:42.753945+00:00"", ""prompt_version"": ""v1"", ""persona"": ""phd""}"
"('causaldeterminism', 'freewill')",causal determinism,free will,expert,v1,v1,"{""model"": null, ""temperature"": null, ""date"": ""2025-09-17T01:47:42.753976+00:00"", ""prompt_version"": ""v1"", ""persona"": ""expert""}"
"('leibnizsinfluenceonkant', 'metaphysics')",leibniz's influence on kant,metaphysics,phd,v1,v1,"{""model"": null, ""temperature"": null, ""date"": ""2025-09-17T01:47:42.754029+00:00"", ""prompt_version"": ""v1"", ""persona"": ""phd""}"
"('leibnizsinfluenceonkant', 'metaphysics')",leibniz's influence on kant,metaphysics,expert,v1,v1,"{""model"": null, ""temperature"": null, ""date"": ""2025-09-17T01:47:42.754060+00:00"", ""prompt_version"": ""v1"", ""persona"": ""expert""}"
"('conservationbiology', 'philosophyofbiology')",conservation biology,philosophy of biology,phd,v1,v1,"{""model"": null, ""temperature"": null, ""date"": ""2025-09-17T01:47:42.754113+00:00"", ""prompt_version"": ""v1"", ""persona"": ""phd""}"
"('conservationbiology', 'philosophyofbiology')",conservation biology,philosophy of biology,expert,v1,v1,"{""model"": null, ""temperature"": null, ""date"": ""2025-09-17T01:47:42.754144+00:00"", ""prompt_version"": ""v1"", ""persona"": ""expert""}"
"('metaphysics', 'platonism')",platonism,metaphysics,phd,v1,v1,"{""model"": null, ""temperature"": null, ""date"": ""2025-09-17T01:47:42.754197+00:00"", ""prompt_version"": ""v1"", ""persona"": ""phd""}"
"('metaphysics', 'platonism')",platonism,metaphysics,expert,v1,v1,"{""model"": null, ""temperature"": null, ""date"": ""2025-09-17T01:47:42.754227+00:00"", ""prompt_version"": ""v1"", ""persona"": ""expert""}"
"('epistemology', 'metaphysicsofscience')",metaphysics of science,epistemology,phd,v1,v1,"{""model"": null, ""temperature"": null, ""date"": ""2025-09-17T01:47:42.754281+00:00"", ""prompt_version"": ""v1"", ""persona"": ""phd""}"
"('epistemology', 'metaphysicsofscience')",metaphysics of science,epistemology,expert,v1,v1,"{""model"": null, ""temperature"": null, ""date"": ""2025-09-17T01:47:42.754312+00:00"", ""prompt_version"": ""v1"", ""persona"": ""expert""}"
"('afterlife', 'philosophyofreligion')",afterlife,philosophy of religion,phd,v1,v1,"{""model"": null, ""temperature"": null, ""date"": ""2025-09-17T01:47:42.754364+00:00"", ""prompt_version"": ""v1"", ""persona"": ""phd""}"
"('afterlife', 'philosophyofreligion')",afterlife,philosophy of religion,expert,v1,v1,"{""model"": null, ""temperature"": null, ""date"": ""2025-09-17T01:47:42.754394+00:00"", ""prompt_version"": ""v1"", ""persona"": ""expert""}"
"('epistemology', 'socialepistemology')",social epistemology,epistemology,phd,v1,v1,"{""model"": null, ""temperature"": null, ""date"": ""2025-09-17T01:47:42.754448+00:00"", ""prompt_version"": ""v1"", ""persona"": ""phd""}"
"('epistemology', 'socialepistemology')",social epistemology,epistemology,expert,v1,v1,"{""model"": null, ""temperature"": null, ""date"": ""2025-09-17T01:47:42.754478+00:00"", ""prompt_version"": ""v1"", ""persona"": ""expert""}"
"('perception', 'reliabilism')",reliabilism,perception,phd,v1,v1,"{""model"": null, ""temperature"": null, ""date"": ""2025-09-17T01:47:42.754530+00:00"", ""prompt_version"": ""v1"", ""persona"": ""phd""}"
"('perception', 'reliabilism')",reliabilism,perception,expert,v1,v1,"{""model"": null, ""temperature"": null, ""date"": ""2025-09-17T01:47:42.754560+00:00"", ""prompt_version"": ""v1"", ""persona"": ""expert""}"
"('evolutionarypsychology', 'philosophyofmind')",evolutionary psychology,philosophy of mind,phd,v1,v1,"{""model"": null, ""temperature"": null, ""date"": ""2025-09-17T01:47:42.754612+00:00"", ""prompt_version"": ""v1"", ""persona"": ""phd""}"
"('evolutionarypsychology', 'philosophyofmind')",evolutionary psychology,philosophy of mind,expert,v1,v1,"{""model"": null, ""temperature"": null, ""date"": ""2025-09-17T01:47:42.754642+00:00"", ""prompt_version"": ""v1"", ""persona"": ""expert""}"
"('interactionism', 'philosophyofmind')",interactionism,philosophy of mind,phd,v1,v1,"{""model"": null, ""temperature"": null, ""date"": ""2025-09-17T01:47:42.754695+00:00"", ""prompt_version"": ""v1"", ""persona"": ""phd""}"
"('interactionism', 'philosophyofmind')",interactionism,philosophy of mind,expert,v1,v1,"{""model"": null, ""temperature"": null, ""date"": ""2025-09-17T01:47:42.754725+00:00"", ""prompt_version"": ""v1"", ""persona"": ""expert""}"
"('cognitivescience', 'computationandrepresentation')",computation and representation,cognitive science,phd,v1,v1,"{""model"": null, ""temperature"": null, ""date"": ""2025-09-17T01:47:42.754777+00:00"", ""prompt_version"": ""v1"", ""persona"": ""phd""}"
"('cognitivescience', 'computationandrepresentation')",computation and representation,cognitive science,expert,v1,v1,"{""model"": null, ""temperature"": null, ""date"": ""2025-09-17T01:47:42.754808+00:00"", ""prompt_version"": ""v1"", ""persona"": ""expert""}"
"('historyoflogic', 'hypotheticalsyllogism')",hypothetical syllogism,history of logic,novice,v1,v1,"{""model"": null, ""temperature"": null, ""date"": ""2025-09-17T01:47:42.754860+00:00"", ""prompt_version"": ""v1"", ""persona"": ""novice""}"
"('historyoflogic', 'hypotheticalsyllogism')",hypothetical syllogism,history of logic,phd,v1,v1,"{""model"": null, ""temperature"": null, ""date"": ""2025-09-17T01:47:42.754891+00:00"", ""prompt_version"": ""v1"", ""persona"": ""phd""}"
"('currentphilosophy', 'perception')",current philosophy,perception,phd,v1,v1,"{""model"": null, ""temperature"": null, ""date"": ""2025-09-17T01:47:42.754943+00:00"", ""prompt_version"": ""v1"", ""persona"": ""phd""}"
"('currentphilosophy', 'perception')",current philosophy,perception,expert,v1,v1,"{""model"": null, ""temperature"": null, ""date"": ""2025-09-17T01:47:42.754973+00:00"", ""prompt_version"": ""v1"", ""persona"": ""expert""}"
"('hobbessmoralandpoliticalphilosophy', 'socialandpoliticalphilosophy')",hobbes's moral and political philosophy,social and political philosophy,phd,v1,v1,"{""model"": null, ""temperature"": null, ""date"": ""2025-09-17T01:47:42.755026+00:00"", ""prompt_version"": ""v1"", ""persona"": ""phd""}"
"('hobbessmoralandpoliticalphilosophy', 'socialandpoliticalphilosophy')",hobbes's moral and political philosophy,social and political philosophy,expert,v1,v1,"{""model"": null, ""temperature"": null, ""date"": ""2025-09-17T01:47:42.755065+00:00"", ""prompt_version"": ""v1"", ""persona"": ""expert""}"
"('magnetism', 'perception')",magnetism,perception,phd,v1,v1,"{""model"": null, ""temperature"": null, ""date"": ""2025-09-17T01:47:42.755119+00:00"", ""prompt_version"": ""v1"", ""persona"": ""phd""}"
"('magnetism', 'perception')",magnetism,perception,expert,v1,v1,"{""model"": null, ""temperature"": null, ""date"": ""2025-09-17T01:47:42.755148+00:00"", ""prompt_version"": ""v1"", ""persona"": ""expert""}"
"('mentalcausation', 'philosophyofmind')",mental causation,philosophy of mind,phd,v1,v1,"{""model"": null, ""temperature"": null, ""date"": ""2025-09-17T01:47:42.755200+00:00"", ""prompt_version"": ""v1"", ""persona"": ""phd""}"
"('mentalcausation', 'philosophyofmind')",mental causation,philosophy of mind,expert,v1,v1,"{""model"": null, ""temperature"": null, ""date"": ""2025-09-17T01:47:42.755230+00:00"", ""prompt_version"": ""v1"", ""persona"": ""expert""}"
"('africanandafricanamericanphilosophy', 'ethnophilosophy')",ethnophilosophy,african and african-american philosophy,course_taker,v1,v1,"{""model"": null, ""temperature"": null, ""date"": ""2025-09-17T01:47:42.755282+00:00"", ""prompt_version"": ""v1"", ""persona"": ""course_taker""}"
"('africanandafricanamericanphilosophy', 'ethnophilosophy')",ethnophilosophy,african and african-american philosophy,phd,v1,v1,"{""model"": null, ""temperature"": null, ""date"": ""2025-09-17T01:47:42.755314+00:00"", ""prompt_version"": ""v1"", ""persona"": ""phd""}"
"('epistemology', 'generalrelativity')",general relativity,epistemology,phd,v1,v1,"{""model"": null, ""temperature"": null, ""date"": ""2025-09-17T01:47:42.755386+00:00"", ""prompt_version"": ""v1"", ""persona"": ""phd""}"
"('epistemology', 'generalrelativity')",general relativity,epistemology,expert,v1,v1,"{""model"": null, ""temperature"": null, ""date"": ""2025-09-17T01:47:42.755417+00:00"", ""prompt_version"": ""v1"", ""persona"": ""expert""}"
"('induction', 'philosophyofmind')",induction,philosophy of mind,phd,v1,v1,"{""model"": null, ""temperature"": null, ""date"": ""2025-09-17T01:47:42.755469+00:00"", ""prompt_version"": ""v1"", ""persona"": ""phd""}"
"('induction', 'philosophyofmind')",induction,philosophy of mind,expert,v1,v1,"{""model"": null, ""temperature"": null, ""date"": ""2025-09-17T01:47:42.755498+00:00"", ""prompt_version"": ""v1"", ""persona"": ""expert""}"
"('epistemologyofreligion', 'philosophyofreligion')",epistemology of religion,philosophy of religion,phd,v1,v1,"{""model"": null, ""temperature"": null, ""date"": ""2025-09-17T01:47:42.755551+00:00"", ""prompt_version"": ""v1"", ""persona"": ""phd""}"
"('epistemologyofreligion', 'philosophyofreligion')",epistemology of religion,philosophy of religion,expert,v1,v1,"{""model"": null, ""temperature"": null, ""date"": ""2025-09-17T01:47:42.755581+00:00"", ""prompt_version"": ""v1"", ""persona"": ""expert""}"
"('mentalimagery', 'philosophyofmind')",mental imagery,philosophy of mind,phd,v1,v1,"{""model"": null, ""temperature"": null, ""date"": ""2025-09-17T01:47:42.755634+00:00"", ""prompt_version"": ""v1"", ""persona"": ""phd""}"
"('mentalimagery', 'philosophyofmind')",mental imagery,philosophy of mind,expert,v1,v1,"{""model"": null, ""temperature"": null, ""date"": ""2025-09-17T01:47:42.755663+00:00"", ""prompt_version"": ""v1"", ""persona"": ""expert""}"
"('baptism', 'epistemology')",baptism,epistemology,phd,v1,v1,"{""model"": null, ""temperature"": null, ""date"": ""2025-09-17T01:47:42.755715+00:00"", ""prompt_version"": ""v1"", ""persona"": ""phd""}"
"('baptism', 'epistemology')",baptism,epistemology,expert,v1,v1,"{""model"": null, ""temperature"": null, ""date"": ""2025-09-17T01:47:42.755745+00:00"", ""prompt_version"": ""v1"", ""persona"": ""expert""}"
"('causation', 'probabilisticcausation')",probabilistic causation,causation,phd,v1,v1,"{""model"": null, ""temperature"": null, ""date"": ""2025-09-17T01:47:42.755796+00:00"", ""prompt_version"": ""v1"", ""persona"": ""phd""}"
"('causation', 'probabilisticcausation')",probabilistic causation,causation,expert,v1,v1,"{""model"": null, ""temperature"": null, ""date"": ""2025-09-17T01:47:42.755826+00:00"", ""prompt_version"": ""v1"", ""persona"": ""expert""}"
"('measurementinquantumtheory', 'perception')",measurement in quantum theory,perception,phd,v1,v1,"{""model"": null, ""temperature"": null, ""date"": ""2025-09-17T01:47:42.755879+00:00"", ""prompt_version"": ""v1"", ""persona"": ""phd""}"
"('measurementinquantumtheory', 'perception')",measurement in quantum theory,perception,expert,v1,v1,"{""model"": null, ""temperature"": null, ""date"": ""2025-09-17T01:47:42.755909+00:00"", ""prompt_version"": ""v1"", ""persona"": ""expert""}"
"('interpretation', 'metaphysics')",interpretation,metaphysics,phd,v1,v1,"{""model"": null, ""temperature"": null, ""date"": ""2025-09-17T01:47:42.755961+00:00"", ""prompt_version"": ""v1"", ""persona"": ""phd""}"
"('interpretation', 'metaphysics')",interpretation,metaphysics,expert,v1,v1,"{""model"": null, ""temperature"": null, ""date"": ""2025-09-17T01:47:42.755991+00:00"", ""prompt_version"": ""v1"", ""persona"": ""expert""}"
"('perception', 'scottishphilosophyinthe19thcentury')",scottish philosophy in the 19th century,perception,phd,v1,v1,"{""model"": null, ""temperature"": null, ""date"": ""2025-09-17T01:47:42.756043+00:00"", ""prompt_version"": ""v1"", ""persona"": ""phd""}"
"('perception', 'scottishphilosophyinthe19thcentury')",scottish philosophy in the 19th century,perception,expert,v1,v1,"{""model"": null, ""temperature"": null, ""date"": ""2025-09-17T01:47:42.756073+00:00"", ""prompt_version"": ""v1"", ""persona"": ""expert""}"
"('philosophyofchemistry', 'philosophyofscienceandthesciences')",philosophy of chemistry,philosophy of science and the sciences,phd,v1,v1,"{""model"": null, ""temperature"": null, ""date"": ""2025-09-17T01:47:42.756127+00:00"", ""prompt_version"": ""v1"", ""persona"": ""phd""}"
"('philosophyofchemistry', 'philosophyofscienceandthesciences')",philosophy of chemistry,philosophy of science and the sciences,expert,v1,v1,"{""model"": null, ""temperature"": null, ""date"": ""2025-09-17T01:47:42.756157+00:00"", ""prompt_version"": ""v1"", ""persona"": ""expert""}"
"('goodness', 'metaphysics')",goodness,metaphysics,phd,v1,v1,"{""model"": null, ""temperature"": null, ""date"": ""2025-09-17T01:47:42.756210+00:00"", ""prompt_version"": ""v1"", ""persona"": ""phd""}"
"('goodness', 'metaphysics')",goodness,metaphysics,expert,v1,v1,"{""model"": null, ""temperature"": null, ""date"": ""2025-09-17T01:47:42.756239+00:00"", ""prompt_version"": ""v1"", ""persona"": ""expert""}"
"('concepts', 'mentalcontent')",concepts,mental content,phd,v1,v1,"{""model"": null, ""temperature"": null, ""date"": ""2025-09-17T01:47:42.756291+00:00"", ""prompt_version"": ""v1"", ""persona"": ""phd""}"
"('concepts', 'mentalcontent')",concepts,mental content,expert,v1,v1,"{""model"": null, ""temperature"": null, ""date"": ""2025-09-17T01:47:42.756320+00:00"", ""prompt_version"": ""v1"", ""persona"": ""expert""}"
"('languageandsociety', 'philosophyoflanguage')",philosophy of language,language and society,phd,v1,v1,"{""model"": null, ""temperature"": null, ""date"": ""2025-09-17T01:47:42.756372+00:00"", ""prompt_version"": ""v1"", ""persona"": ""phd""}"
"('languageandsociety', 'philosophyoflanguage')",philosophy of language,language and society,expert,v1,v1,"{""model"": null, ""temperature"": null, ""date"": ""2025-09-17T01:47:42.756403+00:00"", ""prompt_version"": ""v1"", ""persona"": ""expert""}"
"('epistemology', 'philosophyofsocialscience')",philosophy of social science,epistemology,phd,v1,v1,"{""model"": null, ""temperature"": null, ""date"": ""2025-09-17T01:47:42.756455+00:00"", ""prompt_version"": ""v1"", ""persona"": ""phd""}"
"('epistemology', 'philosophyofsocialscience')",philosophy of social science,epistemology,expert,v1,v1,"{""model"": null, ""temperature"": null, ""date"": ""2025-09-17T01:47:42.756485+00:00"", ""prompt_version"": ""v1"", ""persona"": ""expert""}"
"('perception', 'representationalism')",representationalism,perception,phd,v1,v1,"{""model"": null, ""temperature"": null, ""date"": ""2025-09-17T01:47:42.756545+00:00"", ""prompt_version"": ""v1"", ""persona"": ""phd""}"
"('perception', 'representationalism')",representationalism,perception,expert,v1,v1,"{""model"": null, ""temperature"": null, ""date"": ""2025-09-17T01:47:42.756575+00:00"", ""prompt_version"": ""v1"", ""persona"": ""expert""}"
"('philosophyofreligion', 'secularhumanism')",secular humanism,philosophy of religion,phd,v1,v1,"{""model"": null, ""temperature"": null, ""date"": ""2025-09-17T01:47:42.756627+00:00"", ""prompt_version"": ""v1"", ""persona"": ""phd""}"
"('philosophyofreligion', 'secularhumanism')",secular humanism,philosophy of religion,expert,v1,v1,"{""model"": null, ""temperature"": null, ""date"": ""2025-09-17T01:47:42.756657+00:00"", ""prompt_version"": ""v1"", ""persona"": ""expert""}"
"('philosophyofmind', 'philosophyofnature')",philosophy of nature,philosophy of mind,phd,v1,v1,"{""model"": null, ""temperature"": null, ""date"": ""2025-09-17T01:47:42.756716+00:00"", ""prompt_version"": ""v1"", ""persona"": ""phd""}"
"('philosophyofmind', 'philosophyofnature')",philosophy of nature,philosophy of mind,expert,v1,v1,"{""model"": null, ""temperature"": null, ""date"": ""2025-09-17T01:47:42.756746+00:00"", ""prompt_version"": ""v1"", ""persona"": ""expert""}"
"('metaphysics', 'philosophyofchemistry')",philosophy of chemistry,metaphysics,phd,v1,v1,"{""model"": null, ""temperature"": null, ""date"": ""2025-09-17T01:47:42.756813+00:00"", ""prompt_version"": ""v1"", ""persona"": ""phd""}"
"('metaphysics', 'philosophyofchemistry')",philosophy of chemistry,metaphysics,expert,v1,v1,"{""model"": null, ""temperature"": null, ""date"": ""2025-09-17T01:47:42.756843+00:00"", ""prompt_version"": ""v1"", ""persona"": ""expert""}"
"('africanandafricanamericanphilosophy', 'africanphilosophy')",african philosophy,african and african-american philosophy,course_taker,v1,v1,"{""model"": null, ""temperature"": null, ""date"": ""2025-09-17T01:47:42.756897+00:00"", ""prompt_version"": ""v1"", ""persona"": ""course_taker""}"
"('africanandafricanamericanphilosophy', 'africanphilosophy')",african philosophy,african and african-american philosophy,phd,v1,v1,"{""model"": null, ""temperature"": null, ""date"": ""2025-09-17T01:47:42.756928+00:00"", ""prompt_version"": ""v1"", ""persona"": ""phd""}"
"('japaneseaesthetics', 'japanesephilosophy')",japanese aesthetics,japanese philosophy,novice,v1,v1,"{""model"": null, ""temperature"": null, ""date"": ""2025-09-17T01:47:42.756980+00:00"", ""prompt_version"": ""v1"", ""persona"": ""novice""}"
"('japaneseaesthetics', 'japanesephilosophy')",japanese aesthetics,japanese philosophy,phd,v1,v1,"{""model"": null, ""temperature"": null, ""date"": ""2025-09-17T01:47:42.757011+00:00"", ""prompt_version"": ""v1"", ""persona"": ""phd""}"
"('ancientlogic', 'historyoflogic')",ancient logic,history of logic,novice,v1,v1,"{""model"": null, ""temperature"": null, ""date"": ""2025-09-17T01:47:42.757063+00:00"", ""prompt_version"": ""v1"", ""persona"": ""novice""}"
"('ancientlogic', 'historyoflogic')",ancient logic,history of logic,phd,v1,v1,"{""model"": null, ""temperature"": null, ""date"": ""2025-09-17T01:47:42.757093+00:00"", ""prompt_version"": ""v1"", ""persona"": ""phd""}"
"('philosophyofreligion', 'pietism')",pietism,philosophy of religion,phd,v1,v1,"{""model"": null, ""temperature"": null, ""date"": ""2025-09-17T01:47:42.757146+00:00"", ""prompt_version"": ""v1"", ""persona"": ""phd""}"
"('philosophyofreligion', 'pietism')",pietism,philosophy of religion,expert,v1,v1,"{""model"": null, ""temperature"": null, ""date"": ""2025-09-17T01:47:42.757175+00:00"", ""prompt_version"": ""v1"", ""persona"": ""expert""}"
"('ontologicalargument', 'philosophyofreligion')",ontological argument,philosophy of religion,phd,v1,v1,"{""model"": null, ""temperature"": null, ""date"": ""2025-09-17T01:47:42.757227+00:00"", ""prompt_version"": ""v1"", ""persona"": ""phd""}"
"('ontologicalargument', 'philosophyofreligion')",ontological argument,philosophy of religion,expert,v1,v1,"{""model"": null, ""temperature"": null, ""date"": ""2025-09-17T01:47:42.757257+00:00"", ""prompt_version"": ""v1"", ""persona"": ""expert""}"
"('eliminativematerialism', 'folkpsychology')",eliminative materialism,folk psychology,phd,v1,v1,"{""model"": null, ""temperature"": null, ""date"": ""2025-09-17T01:47:42.757310+00:00"", ""prompt_version"": ""v1"", ""persona"": ""phd""}"
"('eliminativematerialism', 'folkpsychology')",eliminative materialism,folk psychology,expert,v1,v1,"{""model"": null, ""temperature"": null, ""date"": ""2025-09-17T01:47:42.757339+00:00"", ""prompt_version"": ""v1"", ""persona"": ""expert""}"
"('externalism', 'perception')",externalism,perception,phd,v1,v1,"{""model"": null, ""temperature"": null, ""date"": ""2025-09-17T01:47:42.757391+00:00"", ""prompt_version"": ""v1"", ""persona"": ""phd""}"
"('externalism', 'perception')",externalism,perception,expert,v1,v1,"{""model"": null, ""temperature"": null, ""date"": ""2025-09-17T01:47:42.757421+00:00"", ""prompt_version"": ""v1"", ""persona"": ""expert""}"
"('epistemology', 'experimentinphysics')",experiment in physics,epistemology,phd,v1,v1,"{""model"": null, ""temperature"": null, ""date"": ""2025-09-17T01:47:42.757473+00:00"", ""prompt_version"": ""v1"", ""persona"": ""phd""}"
"('epistemology', 'experimentinphysics')",experiment in physics,epistemology,expert,v1,v1,"{""model"": null, ""temperature"": null, ""date"": ""2025-09-17T01:47:42.757502+00:00"", ""prompt_version"": ""v1"", ""persona"": ""expert""}"
"('existenceofgod', 'metaphysics')",existence of god,metaphysics,phd,v1,v1,"{""model"": null, ""temperature"": null, ""date"": ""2025-09-17T01:47:42.757554+00:00"", ""prompt_version"": ""v1"", ""persona"": ""phd""}"
"('existenceofgod', 'metaphysics')",existence of god,metaphysics,expert,v1,v1,"{""model"": null, ""temperature"": null, ""date"": ""2025-09-17T01:47:42.757584+00:00"", ""prompt_version"": ""v1"", ""persona"": ""expert""}"
"('philosophyofcomputerscience', 'philosophyofscienceandthesciences')",philosophy of computer science,philosophy of science and the sciences,phd,v1,v1,"{""model"": null, ""temperature"": null, ""date"": ""2025-09-17T01:47:42.757647+00:00"", ""prompt_version"": ""v1"", ""persona"": ""phd""}"
"('philosophyofcomputerscience', 'philosophyofscienceandthesciences')",philosophy of computer science,philosophy of science and the sciences,expert,v1,v1,"{""model"": null, ""temperature"": null, ""date"": ""2025-09-17T01:47:42.757679+00:00"", ""prompt_version"": ""v1"", ""persona"": ""expert""}"
"('ethics', 'utilitarianism')",ethics,utilitarianism,novice,v1,v1,"{""model"": null, ""temperature"": null, ""date"": ""2025-09-17T01:47:42.757731+00:00"", ""prompt_version"": ""v1"", ""persona"": ""novice""}"
"('ethics', 'utilitarianism')",ethics,utilitarianism,phd,v1,v1,"{""model"": null, ""temperature"": null, ""date"": ""2025-09-17T01:47:42.757761+00:00"", ""prompt_version"": ""v1"", ""persona"": ""phd""}"
"('scientificmethodology', 'scientificrealism')",scientific realism,scientific methodology,novice,v1,v1,"{""model"": null, ""temperature"": null, ""date"": ""2025-09-17T01:47:42.757813+00:00"", ""prompt_version"": ""v1"", ""persona"": ""novice""}"
"('scientificmethodology', 'scientificrealism')",scientific realism,scientific methodology,phd,v1,v1,"{""model"": null, ""temperature"": null, ""date"": ""2025-09-17T01:47:42.757846+00:00"", ""prompt_version"": ""v1"", ""persona"": ""phd""}"
"('metaphysics', 'philosophyofscience')",philosophy of science,metaphysics,phd,v1,v1,"{""model"": null, ""temperature"": null, ""date"": ""2025-09-17T01:47:42.757898+00:00"", ""prompt_version"": ""v1"", ""persona"": ""phd""}"
"('metaphysics', 'philosophyofscience')",philosophy of science,metaphysics,expert,v1,v1,"{""model"": null, ""temperature"": null, ""date"": ""2025-09-17T01:47:42.757928+00:00"", ""prompt_version"": ""v1"", ""persona"": ""expert""}"
"('epistemology', 'introspection')",introspection,epistemology,phd,v1,v1,"{""model"": null, ""temperature"": null, ""date"": ""2025-09-17T01:47:42.757980+00:00"", ""prompt_version"": ""v1"", ""persona"": ""phd""}"
"('epistemology', 'introspection')",introspection,epistemology,expert,v1,v1,"{""model"": null, ""temperature"": null, ""date"": ""2025-09-17T01:47:42.758010+00:00"", ""prompt_version"": ""v1"", ""persona"": ""expert""}"
"('logicandlanguage', 'philosophyofcomputerscience')",philosophy of computer science,logic and language,course_taker,v1,v1,"{""model"": null, ""temperature"": null, ""date"": ""2025-09-17T01:47:42.758062+00:00"", ""prompt_version"": ""v1"", ""persona"": ""course_taker""}"
"('logicandlanguage', 'philosophyofcomputerscience')",philosophy of computer science,logic and language,phd,v1,v1,"{""model"": null, ""temperature"": null, ""date"": ""2025-09-17T01:47:42.758093+00:00"", ""prompt_version"": ""v1"", ""persona"": ""phd""}"
"('medievaltheoriesofthecategories', 'metaphysics')",medieval theories of the categories,metaphysics,phd,v1,v1,"{""model"": null, ""temperature"": null, ""date"": ""2025-09-17T01:47:42.758175+00:00"", ""prompt_version"": ""v1"", ""persona"": ""phd""}"
"('medievaltheoriesofthecategories', 'metaphysics')",medieval theories of the categories,metaphysics,expert,v1,v1,"{""model"": null, ""temperature"": null, ""date"": ""2025-09-17T01:47:42.758205+00:00"", ""prompt_version"": ""v1"", ""persona"": ""expert""}"
"('lockespoliticalphilosophy', 'philosophyofreligion')",locke's political philosophy,philosophy of religion,phd,v1,v1,"{""model"": null, ""temperature"": null, ""date"": ""2025-09-17T01:47:42.758278+00:00"", ""prompt_version"": ""v1"", ""persona"": ""phd""}"
"('lockespoliticalphilosophy', 'philosophyofreligion')",locke's political philosophy,philosophy of religion,expert,v1,v1,"{""model"": null, ""temperature"": null, ""date"": ""2025-09-17T01:47:42.758308+00:00"", ""prompt_version"": ""v1"", ""persona"": ""expert""}"
"('consciousness', 'kantsviewofthemindandconsciousnessofself')",kant's view of the mind and consciousness of self,consciousness,phd,v1,v1,"{""model"": null, ""temperature"": null, ""date"": ""2025-09-17T01:47:42.758362+00:00"", ""prompt_version"": ""v1"", ""persona"": ""phd""}"
"('consciousness', 'kantsviewofthemindandconsciousnessofself')",kant's view of the mind and consciousness of self,consciousness,expert,v1,v1,"{""model"": null, ""temperature"": null, ""date"": ""2025-09-17T01:47:42.758393+00:00"", ""prompt_version"": ""v1"", ""persona"": ""expert""}"
"('metaphysics', 'philosophyofphysics')",philosophy of physics,metaphysics,phd,v1,v1,"{""model"": null, ""temperature"": null, ""date"": ""2025-09-17T01:47:42.758446+00:00"", ""prompt_version"": ""v1"", ""persona"": ""phd""}"
"('metaphysics', 'philosophyofphysics')",philosophy of physics,metaphysics,expert,v1,v1,"{""model"": null, ""temperature"": null, ""date"": ""2025-09-17T01:47:42.758476+00:00"", ""prompt_version"": ""v1"", ""persona"": ""expert""}"
"('identitytheoryofmind', 'perception')",identity theory of mind,perception,phd,v1,v1,"{""model"": null, ""temperature"": null, ""date"": ""2025-09-17T01:47:42.758528+00:00"", ""prompt_version"": ""v1"", ""persona"": ""phd""}"
"('identitytheoryofmind', 'perception')",identity theory of mind,perception,expert,v1,v1,"{""model"": null, ""temperature"": null, ""date"": ""2025-09-17T01:47:42.758558+00:00"", ""prompt_version"": ""v1"", ""persona"": ""expert""}"
"('metaphysics', 'vitalism')",vitalism,metaphysics,phd,v1,v1,"{""model"": null, ""temperature"": null, ""date"": ""2025-09-17T01:47:42.758609+00:00"", ""prompt_version"": ""v1"", ""persona"": ""phd""}"
"('metaphysics', 'vitalism')",vitalism,metaphysics,expert,v1,v1,"{""model"": null, ""temperature"": null, ""date"": ""2025-09-17T01:47:42.758639+00:00"", ""prompt_version"": ""v1"", ""persona"": ""expert""}"
"('philosophyofmind', 'realism')",realism,philosophy of mind,phd,v1,v1,"{""model"": null, ""temperature"": null, ""date"": ""2025-09-17T01:47:42.758690+00:00"", ""prompt_version"": ""v1"", ""persona"": ""phd""}"
"('philosophyofmind', 'realism')",realism,philosophy of mind,expert,v1,v1,"{""model"": null, ""temperature"": null, ""date"": ""2025-09-17T01:47:42.758720+00:00"", ""prompt_version"": ""v1"", ""persona"": ""expert""}"
"('imagery', 'perception')",imagery,perception,phd,v1,v1,"{""model"": null, ""temperature"": null, ""date"": ""2025-09-17T01:47:42.758771+00:00"", ""prompt_version"": ""v1"", ""persona"": ""phd""}"
"('imagery', 'perception')",imagery,perception,expert,v1,v1,"{""model"": null, ""temperature"": null, ""date"": ""2025-09-17T01:47:42.758809+00:00"", ""prompt_version"": ""v1"", ""persona"": ""expert""}"
"('aspectsofconsciousness', 'selfconsciousness')",self-consciousness,aspects of consciousness,phd,v1,v1,"{""model"": null, ""temperature"": null, ""date"": ""2025-09-17T01:47:42.758861+00:00"", ""prompt_version"": ""v1"", ""persona"": ""phd""}"
"('aspectsofconsciousness', 'selfconsciousness')",self-consciousness,aspects of consciousness,expert,v1,v1,"{""model"": null, ""temperature"": null, ""date"": ""2025-09-17T01:47:42.758891+00:00"", ""prompt_version"": ""v1"", ""persona"": ""expert""}"
"('aristotlespsychology', 'philosophyofmind')",aristotle's psychology,philosophy of mind,phd,v1,v1,"{""model"": null, ""temperature"": null, ""date"": ""2025-09-17T01:47:42.758943+00:00"", ""prompt_version"": ""v1"", ""persona"": ""phd""}"
"('aristotlespsychology', 'philosophyofmind')",aristotle's psychology,philosophy of mind,expert,v1,v1,"{""model"": null, ""temperature"": null, ""date"": ""2025-09-17T01:47:42.758973+00:00"", ""prompt_version"": ""v1"", ""persona"": ""expert""}"
"('folkpsychologyasatheory', 'philosophyofmind')",folk psychology as a theory,philosophy of mind,phd,v1,v1,"{""model"": null, ""temperature"": null, ""date"": ""2025-09-17T01:47:42.759025+00:00"", ""prompt_version"": ""v1"", ""persona"": ""phd""}"
"('folkpsychologyasatheory', 'philosophyofmind')",folk psychology as a theory,philosophy of mind,expert,v1,v1,"{""model"": null, ""temperature"": null, ""date"": ""2025-09-17T01:47:42.759056+00:00"", ""prompt_version"": ""v1"", ""persona"": ""expert""}"
"('modularityofmind', 'philosophyofmind')",modularity of mind,philosophy of mind,phd,v1,v1,"{""model"": null, ""temperature"": null, ""date"": ""2025-09-17T01:47:42.759111+00:00"", ""prompt_version"": ""v1"", ""persona"": ""phd""}"
"('modularityofmind', 'philosophyofmind')",modularity of mind,philosophy of mind,expert,v1,v1,"{""model"": null, ""temperature"": null, ""date"": ""2025-09-17T01:47:42.759141+00:00"", ""prompt_version"": ""v1"", ""persona"": ""expert""}"
"('languageofthoughthypothesis', 'philosophyoflanguage')",language of thought hypothesis,philosophy of language,phd,v1,v1,"{""model"": null, ""temperature"": null, ""date"": ""2025-09-17T01:47:42.759193+00:00"", ""prompt_version"": ""v1"", ""persona"": ""phd""}"
"('languageofthoughthypothesis', 'philosophyoflanguage')",language of thought hypothesis,philosophy of language,expert,v1,v1,"{""model"": null, ""temperature"": null, ""date"": ""2025-09-17T01:47:42.759224+00:00"", ""prompt_version"": ""v1"", ""persona"": ""expert""}"
"('probabilityandstatistics', 'scientificmethodology')",probability and statistics,scientific methodology,novice,v1,v1,"{""model"": null, ""temperature"": null, ""date"": ""2025-09-17T01:47:42.759277+00:00"", ""prompt_version"": ""v1"", ""persona"": ""novice""}"
"('probabilityandstatistics', 'scientificmethodology')",probability and statistics,scientific methodology,phd,v1,v1,"{""model"": null, ""temperature"": null, ""date"": ""2025-09-17T01:47:42.759308+00:00"", ""prompt_version"": ""v1"", ""persona"": ""phd""}"
"('externalismaboutmentalcontent', 'mentalcontent')",externalism about mental content,mental content,phd,v1,v1,"{""model"": null, ""temperature"": null, ""date"": ""2025-09-17T01:47:42.759361+00:00"", ""prompt_version"": ""v1"", ""persona"": ""phd""}"
"('externalismaboutmentalcontent', 'mentalcontent')",externalism about mental content,mental content,expert,v1,v1,"{""model"": null, ""temperature"": null, ""date"": ""2025-09-17T01:47:42.759392+00:00"", ""prompt_version"": ""v1"", ""persona"": ""expert""}"
"('descartesepistemology', 'perception')",descartes' epistemology,perception,phd,v1,v1,"{""model"": null, ""temperature"": null, ""date"": ""2025-09-17T01:47:42.759444+00:00"", ""prompt_version"": ""v1"", ""persona"": ""phd""}"
"('descartesepistemology', 'perception')",descartes' epistemology,perception,expert,v1,v1,"{""model"": null, ""temperature"": null, ""date"": ""2025-09-17T01:47:42.759474+00:00"", ""prompt_version"": ""v1"", ""persona"": ""expert""}"
"('mereology', 'metaphysics')",mereology,metaphysics,phd,v1,v1,"{""model"": null, ""temperature"": null, ""date"": ""2025-09-17T01:47:42.759526+00:00"", ""prompt_version"": ""v1"", ""persona"": ""phd""}"
"('mereology', 'metaphysics')",mereology,metaphysics,expert,v1,v1,"{""model"": null, ""temperature"": null, ""date"": ""2025-09-17T01:47:42.759555+00:00"", ""prompt_version"": ""v1"", ""persona"": ""expert""}"
"('artificialintelligence', 'turingtest')",turing test,artificial intelligence,phd,v1,v1,"{""model"": null, ""temperature"": null, ""date"": ""2025-09-17T01:47:42.759607+00:00"", ""prompt_version"": ""v1"", ""persona"": ""phd""}"
"('artificialintelligence', 'turingtest')",turing test,artificial intelligence,expert,v1,v1,"{""model"": null, ""temperature"": null, ""date"": ""2025-09-17T01:47:42.759637+00:00"", ""prompt_version"": ""v1"", ""persona"": ""expert""}"
"('philosophyofmind', 'universals')",universals,philosophy of mind,phd,v1,v1,"{""model"": null, ""temperature"": null, ""date"": ""2025-09-17T01:47:42.759707+00:00"", ""prompt_version"": ""v1"", ""persona"": ""phd""}"
"('philosophyofmind', 'universals')",universals,philosophy of mind,expert,v1,v1,"{""model"": null, ""temperature"": null, ""date"": ""2025-09-17T01:47:42.759737+00:00"", ""prompt_version"": ""v1"", ""persona"": ""expert""}"
"('consciousnessandcontent', 'philosophyofmind')",consciousness and content,philosophy of mind,phd,v1,v1,"{""model"": null, ""temperature"": null, ""date"": ""2025-09-17T01:47:42.759789+00:00"", ""prompt_version"": ""v1"", ""persona"": ""phd""}"
"('consciousnessandcontent', 'philosophyofmind')",consciousness and content,philosophy of mind,expert,v1,v1,"{""model"": null, ""temperature"": null, ""date"": ""2025-09-17T01:47:42.759820+00:00"", ""prompt_version"": ""v1"", ""persona"": ""expert""}"
"('philosophyofmathematics', 'zenosparadoxes')",zeno's paradoxes,philosophy of mathematics,course_taker,v1,v1,"{""model"": null, ""temperature"": null, ""date"": ""2025-09-17T01:47:42.759872+00:00"", ""prompt_version"": ""v1"", ""persona"": ""course_taker""}"
"('philosophyofmathematics', 'zenosparadoxes')",zeno's paradoxes,philosophy of mathematics,phd,v1,v1,"{""model"": null, ""temperature"": null, ""date"": ""2025-09-17T01:47:42.759903+00:00"", ""prompt_version"": ""v1"", ""persona"": ""phd""}"
"('chineseethics', 'chinesephilosophy')",chinese ethics,chinese philosophy,novice,v1,v1,"{""model"": null, ""temperature"": null, ""date"": ""2025-09-17T01:47:42.759955+00:00"", ""prompt_version"": ""v1"", ""persona"": ""novice""}"
"('chineseethics', 'chinesephilosophy')",chinese ethics,chinese philosophy,phd,v1,v1,"{""model"": null, ""temperature"": null, ""date"": ""2025-09-17T01:47:42.759985+00:00"", ""prompt_version"": ""v1"", ""persona"": ""phd""}"
"('matter', 'philosophyofmind')",matter,philosophy of mind,phd,v1,v1,"{""model"": null, ""temperature"": null, ""date"": ""2025-09-17T01:47:42.760037+00:00"", ""prompt_version"": ""v1"", ""persona"": ""phd""}"
"('matter', 'philosophyofmind')",matter,philosophy of mind,expert,v1,v1,"{""model"": null, ""temperature"": null, ""date"": ""2025-09-17T01:47:42.760067+00:00"", ""prompt_version"": ""v1"", ""persona"": ""expert""}"
"('epistemologicalproblemsofperception', 'epistemology')",epistemological problems of perception,epistemology,phd,v1,v1,"{""model"": null, ""temperature"": null, ""date"": ""2025-09-17T01:47:42.760119+00:00"", ""prompt_version"": ""v1"", ""persona"": ""phd""}"
"('epistemologicalproblemsofperception', 'epistemology')",epistemological problems of perception,epistemology,expert,v1,v1,"{""model"": null, ""temperature"": null, ""date"": ""2025-09-17T01:47:42.760149+00:00"", ""prompt_version"": ""v1"", ""persona"": ""expert""}"
"('epistemology', 'knowledgebyacquaintanceandknowledgebydescription')",knowledge by acquaintance and knowledge by description,epistemology,phd,v1,v1,"{""model"": null, ""temperature"": null, ""date"": ""2025-09-17T01:47:42.760203+00:00"", ""prompt_version"": ""v1"", ""persona"": ""phd""}"
"('epistemology', 'knowledgebyacquaintanceandknowledgebydescription')",knowledge by acquaintance and knowledge by description,epistemology,expert,v1,v1,"{""model"": null, ""temperature"": null, ""date"": ""2025-09-17T01:47:42.760234+00:00"", ""prompt_version"": ""v1"", ""persona"": ""expert""}"
"('philosophyofscienceandthesciences', 'unityofscience')",unity of science,philosophy of science and the sciences,phd,v1,v1,"{""model"": null, ""temperature"": null, ""date"": ""2025-09-17T01:47:42.760287+00:00"", ""prompt_version"": ""v1"", ""persona"": ""phd""}"
"('philosophyofscienceandthesciences', 'unityofscience')",unity of science,philosophy of science and the sciences,expert,v1,v1,"{""model"": null, ""temperature"": null, ""date"": ""2025-09-17T01:47:42.760318+00:00"", ""prompt_version"": ""v1"", ""persona"": ""expert""}"
"('eternityoftheworld', 'metaphysics')",eternity of the world,metaphysics,phd,v1,v1,"{""model"": null, ""temperature"": null, ""date"": ""2025-09-17T01:47:42.760371+00:00"", ""prompt_version"": ""v1"", ""persona"": ""phd""}"
"('eternityoftheworld', 'metaphysics')",eternity of the world,metaphysics,expert,v1,v1,"{""model"": null, ""temperature"": null, ""date"": ""2025-09-17T01:47:42.760401+00:00"", ""prompt_version"": ""v1"", ""persona"": ""expert""}"
"('consciousnessandmentalcontent', 'mentalcontent')",consciousness and mental content,mental content,phd,v1,v1,"{""model"": null, ""temperature"": null, ""date"": ""2025-09-17T01:47:42.760454+00:00"", ""prompt_version"": ""v1"", ""persona"": ""phd""}"
"('consciousnessandmentalcontent', 'mentalcontent')",consciousness and mental content,mental content,expert,v1,v1,"{""model"": null, ""temperature"": null, ""date"": ""2025-09-17T01:47:42.760484+00:00"", ""prompt_version"": ""v1"", ""persona"": ""expert""}"
"('philosophyofreligion', 'taoism')",taoism,philosophy of religion,phd,v1,v1,"{""model"": null, ""temperature"": null, ""date"": ""2025-09-17T01:47:42.760537+00:00"", ""prompt_version"": ""v1"", ""persona"": ""phd""}"
"('philosophyofreligion', 'taoism')",taoism,philosophy of religion,expert,v1,v1,"{""model"": null, ""temperature"": null, ""date"": ""2025-09-17T01:47:42.760566+00:00"", ""prompt_version"": ""v1"", ""persona"": ""expert""}"
"('bioethics', 'personalidentityandethics')",personal identity and ethics,bioethics,phd,v1,v1,"{""model"": null, ""temperature"": null, ""date"": ""2025-09-17T01:47:42.760618+00:00"", ""prompt_version"": ""v1"", ""persona"": ""phd""}"
"('bioethics', 'personalidentityandethics')",personal identity and ethics,bioethics,expert,v1,v1,"{""model"": null, ""temperature"": null, ""date"": ""2025-09-17T01:47:42.760648+00:00"", ""prompt_version"": ""v1"", ""persona"": ""expert""}"
"('ancienttheoriesofsoul', 'philosophyofmind')",ancient theories of soul,philosophy of mind,phd,v1,v1,"{""model"": null, ""temperature"": null, ""date"": ""2025-09-17T01:47:42.760700+00:00"", ""prompt_version"": ""v1"", ""persona"": ""phd""}"
"('ancienttheoriesofsoul', 'philosophyofmind')",ancient theories of soul,philosophy of mind,expert,v1,v1,"{""model"": null, ""temperature"": null, ""date"": ""2025-09-17T01:47:42.760730+00:00"", ""prompt_version"": ""v1"", ""persona"": ""expert""}"
"('atheism', 'philosophyofreligion')",atheism,philosophy of religion,phd,v1,v1,"{""model"": null, ""temperature"": null, ""date"": ""2025-09-17T01:47:42.760782+00:00"", ""prompt_version"": ""v1"", ""persona"": ""phd""}"
"('atheism', 'philosophyofreligion')",atheism,philosophy of religion,expert,v1,v1,"{""model"": null, ""temperature"": null, ""date"": ""2025-09-17T01:47:42.760812+00:00"", ""prompt_version"": ""v1"", ""persona"": ""expert""}"
"('cartesiandualism', 'perception')",cartesian dualism,perception,phd,v1,v1,"{""model"": null, ""temperature"": null, ""date"": ""2025-09-17T01:47:42.760864+00:00"", ""prompt_version"": ""v1"", ""persona"": ""phd""}"
"('cartesiandualism', 'perception')",cartesian dualism,perception,expert,v1,v1,"{""model"": null, ""temperature"": null, ""date"": ""2025-09-17T01:47:42.760893+00:00"", ""prompt_version"": ""v1"", ""persona"": ""expert""}"
"('aristotelianism', 'metaphysics')",aristotelianism,metaphysics,phd,v1,v1,"{""model"": null, ""temperature"": null, ""date"": ""2025-09-17T01:47:42.760945+00:00"", ""prompt_version"": ""v1"", ""persona"": ""phd""}"
"('aristotelianism', 'metaphysics')",aristotelianism,metaphysics,expert,v1,v1,"{""model"": null, ""temperature"": null, ""date"": ""2025-09-17T01:47:42.760975+00:00"", ""prompt_version"": ""v1"", ""persona"": ""expert""}"
"('ethics', 'religionandmorality')",religion and morality,ethics,phd,v1,v1,"{""model"": null, ""temperature"": null, ""date"": ""2025-09-17T01:47:42.761027+00:00"", ""prompt_version"": ""v1"", ""persona"": ""phd""}"
"('ethics', 'religionandmorality')",religion and morality,ethics,expert,v1,v1,"{""model"": null, ""temperature"": null, ""date"": ""2025-09-17T01:47:42.761056+00:00"", ""prompt_version"": ""v1"", ""persona"": ""expert""}"
"('philosophyofreligion', 'satanism')",satanism,philosophy of religion,phd,v1,v1,"{""model"": null, ""temperature"": null, ""date"": ""2025-09-17T01:47:42.761127+00:00"", ""prompt_version"": ""v1"", ""persona"": ""phd""}"
"('philosophyofreligion', 'satanism')",satanism,philosophy of religion,expert,v1,v1,"{""model"": null, ""temperature"": null, ""date"": ""2025-09-17T01:47:42.761160+00:00"", ""prompt_version"": ""v1"", ""persona"": ""expert""}"
"('perception', 'teleosemantics')",teleosemantics,perception,phd,v1,v1,"{""model"": null, ""temperature"": null, ""date"": ""2025-09-17T01:47:42.761215+00:00"", ""prompt_version"": ""v1"", ""persona"": ""phd""}"
"('perception', 'teleosemantics')",teleosemantics,perception,expert,v1,v1,"{""model"": null, ""temperature"": null, ""date"": ""2025-09-17T01:47:42.761246+00:00"", ""prompt_version"": ""v1"", ""persona"": ""expert""}"
"('internalismandexternalism', 'perception')",internalism and externalism,perception,phd,v1,v1,"{""model"": null, ""temperature"": null, ""date"": ""2025-09-17T01:47:42.761301+00:00"", ""prompt_version"": ""v1"", ""persona"": ""phd""}"
"('internalismandexternalism', 'perception')",internalism and externalism,perception,expert,v1,v1,"{""model"": null, ""temperature"": null, ""date"": ""2025-09-17T01:47:42.761331+00:00"", ""prompt_version"": ""v1"", ""persona"": ""expert""}"
"('hilbertsprogram', 'philosophyofscienceandthesciences')",hilbert's program,philosophy of science and the sciences,phd,v1,v1,"{""model"": null, ""temperature"": null, ""date"": ""2025-09-17T01:47:42.761386+00:00"", ""prompt_version"": ""v1"", ""persona"": ""phd""}"
"('hilbertsprogram', 'philosophyofscienceandthesciences')",hilbert's program,philosophy of science and the sciences,expert,v1,v1,"{""model"": null, ""temperature"": null, ""date"": ""2025-09-17T01:47:42.761417+00:00"", ""prompt_version"": ""v1"", ""persona"": ""expert""}"
"('philosophyofreligion', 'pragmaticargumentsandbeliefingod')",pragmatic arguments and belief in god,philosophy of religion,phd,v1,v1,"{""model"": null, ""temperature"": null, ""date"": ""2025-09-17T01:47:42.761472+00:00"", ""prompt_version"": ""v1"", ""persona"": ""phd""}"
"('philosophyofreligion', 'pragmaticargumentsandbeliefingod')",pragmatic arguments and belief in god,philosophy of religion,expert,v1,v1,"{""model"": null, ""temperature"": null, ""date"": ""2025-09-17T01:47:42.761505+00:00"", ""prompt_version"": ""v1"", ""persona"": ""expert""}"
"('continentalfeminism', 'continentalphilosophy')",continental feminism,continental philosophy,phd,v1,v1,"{""model"": null, ""temperature"": null, ""date"": ""2025-09-17T01:47:42.761559+00:00"", ""prompt_version"": ""v1"", ""persona"": ""phd""}"
"('continentalfeminism', 'continentalphilosophy')",continental feminism,continental philosophy,expert,v1,v1,"{""model"": null, ""temperature"": null, ""date"": ""2025-09-17T01:47:42.761589+00:00"", ""prompt_version"": ""v1"", ""persona"": ""expert""}"
"('epistemology', 'logos')",logos,epistemology,phd,v1,v1,"{""model"": null, ""temperature"": null, ""date"": ""2025-09-17T01:47:42.761641+00:00"", ""prompt_version"": ""v1"", ""persona"": ""phd""}"
"('epistemology', 'logos')",logos,epistemology,expert,v1,v1,"{""model"": null, ""temperature"": null, ""date"": ""2025-09-17T01:47:42.761670+00:00"", ""prompt_version"": ""v1"", ""persona"": ""expert""}"
"('artificialintelligence', 'computation')",artificial intelligence,computation,course_taker,v1,v1,"{""model"": null, ""temperature"": null, ""date"": ""2025-09-17T01:47:42.761722+00:00"", ""prompt_version"": ""v1"", ""persona"": ""course_taker""}"
"('artificialintelligence', 'computation')",artificial intelligence,computation,expert,v1,v1,"{""model"": null, ""temperature"": null, ""date"": ""2025-09-17T01:47:42.761753+00:00"", ""prompt_version"": ""v1"", ""persona"": ""expert""}"
"('classicalphysics', 'philosophyofscienceandthesciences')",classical physics,philosophy of science and the sciences,phd,v1,v1,"{""model"": null, ""temperature"": null, ""date"": ""2025-09-17T01:47:42.761805+00:00"", ""prompt_version"": ""v1"", ""persona"": ""phd""}"
"('classicalphysics', 'philosophyofscienceandthesciences')",classical physics,philosophy of science and the sciences,expert,v1,v1,"{""model"": null, ""temperature"": null, ""date"": ""2025-09-17T01:47:42.761835+00:00"", ""prompt_version"": ""v1"", ""persona"": ""expert""}"
"('feministmetaphysics', 'metaphysics')",feminist metaphysics,metaphysics,phd,v1,v1,"{""model"": null, ""temperature"": null, ""date"": ""2025-09-17T01:47:42.761889+00:00"", ""prompt_version"": ""v1"", ""persona"": ""phd""}"
"('feministmetaphysics', 'metaphysics')",feminist metaphysics,metaphysics,expert,v1,v1,"{""model"": null, ""temperature"": null, ""date"": ""2025-09-17T01:47:42.761918+00:00"", ""prompt_version"": ""v1"", ""persona"": ""expert""}"
"('japanesephilosophy', 'zenbuddhism')",zen buddhism,japanese philosophy,phd,v1,v1,"{""model"": null, ""temperature"": null, ""date"": ""2025-09-17T01:47:42.761970+00:00"", ""prompt_version"": ""v1"", ""persona"": ""phd""}"
"('japanesephilosophy', 'zenbuddhism')",zen buddhism,japanese philosophy,expert,v1,v1,"{""model"": null, ""temperature"": null, ""date"": ""2025-09-17T01:47:42.762000+00:00"", ""prompt_version"": ""v1"", ""persona"": ""expert""}"
"('socialandpoliticalphilosophy', 'socialphilosophy')",social philosophy,social and political philosophy,phd,v1,v1,"{""model"": null, ""temperature"": null, ""date"": ""2025-09-17T01:47:42.762052+00:00"", ""prompt_version"": ""v1"", ""persona"": ""phd""}"
"('socialandpoliticalphilosophy', 'socialphilosophy')",social philosophy,social and political philosophy,expert,v1,v1,"{""model"": null, ""temperature"": null, ""date"": ""2025-09-17T01:47:42.762083+00:00"", ""prompt_version"": ""v1"", ""persona"": ""expert""}"
"('philosophyoflanguage', 'privatelanguageargument')",private language argument,philosophy of language,phd,v1,v1,"{""model"": null, ""temperature"": null, ""date"": ""2025-09-17T01:47:42.762135+00:00"", ""prompt_version"": ""v1"", ""persona"": ""phd""}"
"('philosophyoflanguage', 'privatelanguageargument')",private language argument,philosophy of language,expert,v1,v1,"{""model"": null, ""temperature"": null, ""date"": ""2025-09-17T01:47:42.762165+00:00"", ""prompt_version"": ""v1"", ""persona"": ""expert""}"
"('implicature', 'pragmatics')",implicature,pragmatics,phd,v1,v1,"{""model"": null, ""temperature"": null, ""date"": ""2025-09-17T01:47:42.762218+00:00"", ""prompt_version"": ""v1"", ""persona"": ""phd""}"
"('implicature', 'pragmatics')",implicature,pragmatics,expert,v1,v1,"{""model"": null, ""temperature"": null, ""date"": ""2025-09-17T01:47:42.762247+00:00"", ""prompt_version"": ""v1"", ""persona"": ""expert""}"
"('axiomatictheoriesoftruth', 'philosophyoflanguage')",axiomatic theories of truth,philosophy of language,phd,v1,v1,"{""model"": null, ""temperature"": null, ""date"": ""2025-09-17T01:47:42.762299+00:00"", ""prompt_version"": ""v1"", ""persona"": ""phd""}"
"('axiomatictheoriesoftruth', 'philosophyoflanguage')",axiomatic theories of truth,philosophy of language,expert,v1,v1,"{""model"": null, ""temperature"": null, ""date"": ""2025-09-17T01:47:42.762329+00:00"", ""prompt_version"": ""v1"", ""persona"": ""expert""}"
"('naturallawtradition', 'philosophyofreligion')",natural law tradition,philosophy of religion,phd,v1,v1,"{""model"": null, ""temperature"": null, ""date"": ""2025-09-17T01:47:42.762391+00:00"", ""prompt_version"": ""v1"", ""persona"": ""phd""}"
"('naturallawtradition', 'philosophyofreligion')",natural law tradition,philosophy of religion,expert,v1,v1,"{""model"": null, ""temperature"": null, ""date"": ""2025-09-17T01:47:42.762421+00:00"", ""prompt_version"": ""v1"", ""persona"": ""expert""}"
"('bayesstheorem', 'philosophyofscienceandthesciences')",bayes's theorem,philosophy of science and the sciences,phd,v1,v1,"{""model"": null, ""temperature"": null, ""date"": ""2025-09-17T01:47:42.762473+00:00"", ""prompt_version"": ""v1"", ""persona"": ""phd""}"
"('bayesstheorem', 'philosophyofscienceandthesciences')",bayes's theorem,philosophy of science and the sciences,expert,v1,v1,"{""model"": null, ""temperature"": null, ""date"": ""2025-09-17T01:47:42.762528+00:00"", ""prompt_version"": ""v1"", ""persona"": ""expert""}"
"('biologicalaltruism', 'philosophyofbiology')",biological altruism,philosophy of biology,phd,v1,v1,"{""model"": null, ""temperature"": null, ""date"": ""2025-09-17T01:47:42.762582+00:00"", ""prompt_version"": ""v1"", ""persona"": ""phd""}"
"('biologicalaltruism', 'philosophyofbiology')",biological altruism,philosophy of biology,expert,v1,v1,"{""model"": null, ""temperature"": null, ""date"": ""2025-09-17T01:47:42.762613+00:00"", ""prompt_version"": ""v1"", ""persona"": ""expert""}"
"('artificialintelligence', 'temporallogic')",temporal logic,artificial intelligence,phd,v1,v1,"{""model"": null, ""temperature"": null, ""date"": ""2025-09-17T01:47:42.762665+00:00"", ""prompt_version"": ""v1"", ""persona"": ""phd""}"
"('artificialintelligence', 'temporallogic')",temporal logic,artificial intelligence,expert,v1,v1,"{""model"": null, ""temperature"": null, ""date"": ""2025-09-17T01:47:42.762695+00:00"", ""prompt_version"": ""v1"", ""persona"": ""expert""}"
"('metaphysicsandlanguage', 'philosophyoflanguage')",metaphysics and language,philosophy of language,phd,v1,v1,"{""model"": null, ""temperature"": null, ""date"": ""2025-09-17T01:47:42.762748+00:00"", ""prompt_version"": ""v1"", ""persona"": ""phd""}"
"('metaphysicsandlanguage', 'philosophyoflanguage')",metaphysics and language,philosophy of language,expert,v1,v1,"{""model"": null, ""temperature"": null, ""date"": ""2025-09-17T01:47:42.762778+00:00"", ""prompt_version"": ""v1"", ""persona"": ""expert""}"
"('ethics', 'medievaltheoriesofpracticalreason')",medieval theories of practical reason,ethics,phd,v1,v1,"{""model"": null, ""temperature"": null, ""date"": ""2025-09-17T01:47:42.762831+00:00"", ""prompt_version"": ""v1"", ""persona"": ""phd""}"
"('ethics', 'medievaltheoriesofpracticalreason')",medieval theories of practical reason,ethics,expert,v1,v1,"{""model"": null, ""temperature"": null, ""date"": ""2025-09-17T01:47:42.762861+00:00"", ""prompt_version"": ""v1"", ""persona"": ""expert""}"
"('indispensabilityargumentsinthephilosophyofmathematics', 'philosophyofscienceandthesciences')",indispensability arguments in the philosophy of mathematics,philosophy of science and the sciences,phd,v1,v1,"{""model"": null, ""temperature"": null, ""date"": ""2025-09-17T01:47:42.762915+00:00"", ""prompt_version"": ""v1"", ""persona"": ""phd""}"
"('indispensabilityargumentsinthephilosophyofmathematics', 'philosophyofscienceandthesciences')",indispensability arguments in the philosophy of mathematics,philosophy of science and the sciences,expert,v1,v1,"{""model"": null, ""temperature"": null, ""date"": ""2025-09-17T01:47:42.762946+00:00"", ""prompt_version"": ""v1"", ""persona"": ""expert""}"
"('metaphysics', 'metaphysicsofcausation')",metaphysics of causation,metaphysics,phd,v1,v1,"{""model"": null, ""temperature"": null, ""date"": ""2025-09-17T01:47:42.763001+00:00"", ""prompt_version"": ""v1"", ""persona"": ""phd""}"
"('metaphysics', 'metaphysicsofcausation')",metaphysics of causation,metaphysics,expert,v1,v1,"{""model"": null, ""temperature"": null, ""date"": ""2025-09-17T01:47:42.763031+00:00"", ""prompt_version"": ""v1"", ""persona"": ""expert""}"
"('activationvalue', 'artificialintelligence')",activation value,artificial intelligence,phd,v1,v1,"{""model"": null, ""temperature"": null, ""date"": ""2025-09-17T01:47:42.763083+00:00"", ""prompt_version"": ""v1"", ""persona"": ""phd""}"
"('activationvalue', 'artificialintelligence')",activation value,artificial intelligence,expert,v1,v1,"{""model"": null, ""temperature"": null, ""date"": ""2025-09-17T01:47:42.763113+00:00"", ""prompt_version"": ""v1"", ""persona"": ""expert""}"
"('developmentalbiology', 'trait')",trait,developmental biology,phd,v1,v1,"{""model"": null, ""temperature"": null, ""date"": ""2025-09-17T01:47:42.763165+00:00"", ""prompt_version"": ""v1"", ""persona"": ""phd""}"
"('developmentalbiology', 'trait')",trait,developmental biology,expert,v1,v1,"{""model"": null, ""temperature"": null, ""date"": ""2025-09-17T01:47:42.763195+00:00"", ""prompt_version"": ""v1"", ""persona"": ""expert""}"
"('bioethics', 'doctrineofdoubleeffect')",doctrine of double effect,bioethics,phd,v1,v1,"{""model"": null, ""temperature"": null, ""date"": ""2025-09-17T01:47:42.763247+00:00"", ""prompt_version"": ""v1"", ""persona"": ""phd""}"
"('bioethics', 'doctrineofdoubleeffect')",doctrine of double effect,bioethics,expert,v1,v1,"{""model"": null, ""temperature"": null, ""date"": ""2025-09-17T01:47:42.763277+00:00"", ""prompt_version"": ""v1"", ""persona"": ""expert""}"
"('philosophyofchemistry', 'philosophyofphysics')",philosophy of chemistry,philosophy of physics,phd,v1,v1,"{""model"": null, ""temperature"": null, ""date"": ""2025-09-17T01:47:42.763345+00:00"", ""prompt_version"": ""v1"", ""persona"": ""phd""}"
"('philosophyofchemistry', 'philosophyofphysics')",philosophy of chemistry,philosophy of physics,expert,v1,v1,"{""model"": null, ""temperature"": null, ""date"": ""2025-09-17T01:47:42.763375+00:00"", ""prompt_version"": ""v1"", ""persona"": ""expert""}"
"('metaphysics', 'platosmiddleperiodmetaphysicsandepistemology')",plato's middle period metaphysics and epistemology,metaphysics,phd,v1,v1,"{""model"": null, ""temperature"": null, ""date"": ""2025-09-17T01:47:42.763429+00:00"", ""prompt_version"": ""v1"", ""persona"": ""phd""}"
"('metaphysics', 'platosmiddleperiodmetaphysicsandepistemology')",plato's middle period metaphysics and epistemology,metaphysics,expert,v1,v1,"{""model"": null, ""temperature"": null, ""date"": ""2025-09-17T01:47:42.763459+00:00"", ""prompt_version"": ""v1"", ""persona"": ""expert""}"
"('statisticalmechanicsandthermodynamics', 'thermodynamicasymmetryintime')",thermodynamic asymmetry in time,statistical mechanics and thermodynamics,phd,v1,v1,"{""model"": null, ""temperature"": null, ""date"": ""2025-09-17T01:47:42.763514+00:00"", ""prompt_version"": ""v1"", ""persona"": ""phd""}"
"('statisticalmechanicsandthermodynamics', 'thermodynamicasymmetryintime')",thermodynamic asymmetry in time,statistical mechanics and thermodynamics,expert,v1,v1,"{""model"": null, ""temperature"": null, ""date"": ""2025-09-17T01:47:42.763545+00:00"", ""prompt_version"": ""v1"", ""persona"": ""expert""}"
"('interpretation', 'quantummechanics')",interpretation,quantum mechanics,phd,v1,v1,"{""model"": null, ""temperature"": null, ""date"": ""2025-09-17T01:47:42.763598+00:00"", ""prompt_version"": ""v1"", ""persona"": ""phd""}"
"('interpretation', 'quantummechanics')",interpretation,quantum mechanics,expert,v1,v1,"{""model"": null, ""temperature"": null, ""date"": ""2025-09-17T01:47:42.763628+00:00"", ""prompt_version"": ""v1"", ""persona"": ""expert""}"
"('approachestofeministphilosophy', 'continentalphilosophy')",approaches to feminist philosophy,continental philosophy,phd,v1,v1,"{""model"": null, ""temperature"": null, ""date"": ""2025-09-17T01:47:42.763681+00:00"", ""prompt_version"": ""v1"", ""persona"": ""phd""}"
"('approachestofeministphilosophy', 'continentalphilosophy')",approaches to feminist philosophy,continental philosophy,expert,v1,v1,"{""model"": null, ""temperature"": null, ""date"": ""2025-09-17T01:47:42.763711+00:00"", ""prompt_version"": ""v1"", ""persona"": ""expert""}"
"('life', 'philosophyofreligion')",life,philosophy of religion,phd,v1,v1,"{""model"": null, ""temperature"": null, ""date"": ""2025-09-17T01:47:42.763764+00:00"", ""prompt_version"": ""v1"", ""persona"": ""phd""}"
"('life', 'philosophyofreligion')",life,philosophy of religion,expert,v1,v1,"{""model"": null, ""temperature"": null, ""date"": ""2025-09-17T01:47:42.763794+00:00"", ""prompt_version"": ""v1"", ""persona"": ""expert""}"
"('contentsofperception', 'mentalcontent')",contents of perception,mental content,phd,v1,v1,"{""model"": null, ""temperature"": null, ""date"": ""2025-09-17T01:47:42.763865+00:00"", ""prompt_version"": ""v1"", ""persona"": ""phd""}"
"('contentsofperception', 'mentalcontent')",contents of perception,mental content,expert,v1,v1,"{""model"": null, ""temperature"": null, ""date"": ""2025-09-17T01:47:42.763895+00:00"", ""prompt_version"": ""v1"", ""persona"": ""expert""}"
"('mentalrepresentation', 'perception')",mental representation,perception,phd,v1,v1,"{""model"": null, ""temperature"": null, ""date"": ""2025-09-17T01:47:42.763947+00:00"", ""prompt_version"": ""v1"", ""persona"": ""phd""}"
"('mentalrepresentation', 'perception')",mental representation,perception,expert,v1,v1,"{""model"": null, ""temperature"": null, ""date"": ""2025-09-17T01:47:42.763977+00:00"", ""prompt_version"": ""v1"", ""persona"": ""expert""}"
"('goodnessandvaluetheory', 'metaphysics')",goodness and value theory,metaphysics,phd,v1,v1,"{""model"": null, ""temperature"": null, ""date"": ""2025-09-17T01:47:42.764029+00:00"", ""prompt_version"": ""v1"", ""persona"": ""phd""}"
"('goodnessandvaluetheory', 'metaphysics')",goodness and value theory,metaphysics,expert,v1,v1,"{""model"": null, ""temperature"": null, ""date"": ""2025-09-17T01:47:42.764059+00:00"", ""prompt_version"": ""v1"", ""persona"": ""expert""}"
"('intentionality', 'philosophyofmind')",intentionality,philosophy of mind,phd,v1,v1,"{""model"": null, ""temperature"": null, ""date"": ""2025-09-17T01:47:42.764111+00:00"", ""prompt_version"": ""v1"", ""persona"": ""phd""}"
"('intentionality', 'philosophyofmind')",intentionality,philosophy of mind,expert,v1,v1,"{""model"": null, ""temperature"": null, ""date"": ""2025-09-17T01:47:42.764140+00:00"", ""prompt_version"": ""v1"", ""persona"": ""expert""}"
"('hardproblem', 'perception')",hard problem,perception,phd,v1,v1,"{""model"": null, ""temperature"": null, ""date"": ""2025-09-17T01:47:42.764193+00:00"", ""prompt_version"": ""v1"", ""persona"": ""phd""}"
"('hardproblem', 'perception')",hard problem,perception,expert,v1,v1,"{""model"": null, ""temperature"": null, ""date"": ""2025-09-17T01:47:42.764222+00:00"", ""prompt_version"": ""v1"", ""persona"": ""expert""}"
"('concepts', 'perception')",concepts,perception,phd,v1,v1,"{""model"": null, ""temperature"": null, ""date"": ""2025-09-17T01:47:42.764273+00:00"", ""prompt_version"": ""v1"", ""persona"": ""phd""}"
"('concepts', 'perception')",concepts,perception,expert,v1,v1,"{""model"": null, ""temperature"": null, ""date"": ""2025-09-17T01:47:42.764303+00:00"", ""prompt_version"": ""v1"", ""persona"": ""expert""}"
"('philosophyofmind', 'propernames')",proper names,philosophy of mind,phd,v1,v1,"{""model"": null, ""temperature"": null, ""date"": ""2025-09-17T01:47:42.764354+00:00"", ""prompt_version"": ""v1"", ""persona"": ""phd""}"
"('philosophyofmind', 'propernames')",proper names,philosophy of mind,expert,v1,v1,"{""model"": null, ""temperature"": null, ""date"": ""2025-09-17T01:47:42.764383+00:00"", ""prompt_version"": ""v1"", ""persona"": ""expert""}"
"('folkpsychology', 'philosophyofscienceandthesciences')",folk psychology,philosophy of science and the sciences,phd,v1,v1,"{""model"": null, ""temperature"": null, ""date"": ""2025-09-17T01:47:42.764436+00:00"", ""prompt_version"": ""v1"", ""persona"": ""phd""}"
"('folkpsychology', 'philosophyofscienceandthesciences')",folk psychology,philosophy of science and the sciences,expert,v1,v1,"{""model"": null, ""temperature"": null, ""date"": ""2025-09-17T01:47:42.764466+00:00"", ""prompt_version"": ""v1"", ""persona"": ""expert""}"
"('computationandrepresentation', 'philosophyofmind')",computation and representation,philosophy of mind,phd,v1,v1,"{""model"": null, ""temperature"": null, ""date"": ""2025-09-17T01:47:42.764519+00:00"", ""prompt_version"": ""v1"", ""persona"": ""phd""}"
"('computationandrepresentation', 'philosophyofmind')",computation and representation,philosophy of mind,expert,v1,v1,"{""model"": null, ""temperature"": null, ""date"": ""2025-09-17T01:47:42.764549+00:00"", ""prompt_version"": ""v1"", ""persona"": ""expert""}"
"('mentalrepresentation', 'philosophyofmind')",mental representation,philosophy of mind,phd,v1,v1,"{""model"": null, ""temperature"": null, ""date"": ""2025-09-17T01:47:42.764602+00:00"", ""prompt_version"": ""v1"", ""persona"": ""phd""}"
"('mentalrepresentation', 'philosophyofmind')",mental representation,philosophy of mind,expert,v1,v1,"{""model"": null, ""temperature"": null, ""date"": ""2025-09-17T01:47:42.764632+00:00"", ""prompt_version"": ""v1"", ""persona"": ""expert""}"
"('metaphysics', 'processphilosophy')",process philosophy,metaphysics,phd,v1,v1,"{""model"": null, ""temperature"": null, ""date"": ""2025-09-17T01:47:42.764684+00:00"", ""prompt_version"": ""v1"", ""persona"": ""phd""}"
"('metaphysics', 'processphilosophy')",process philosophy,metaphysics,expert,v1,v1,"{""model"": null, ""temperature"": null, ""date"": ""2025-09-17T01:47:42.764713+00:00"", ""prompt_version"": ""v1"", ""persona"": ""expert""}"
"('metaphysics', 'philosophyofmathematics')",philosophy of mathematics,metaphysics,phd,v1,v1,"{""model"": null, ""temperature"": null, ""date"": ""2025-09-17T01:47:42.764765+00:00"", ""prompt_version"": ""v1"", ""persona"": ""phd""}"
"('metaphysics', 'philosophyofmathematics')",philosophy of mathematics,metaphysics,expert,v1,v1,"{""model"": null, ""temperature"": null, ""date"": ""2025-09-17T01:47:42.764795+00:00"", ""prompt_version"": ""v1"", ""persona"": ""expert""}"
"('epistemology', 'epistemologyofreligion')",epistemology of religion,epistemology,phd,v1,v1,"{""model"": null, ""temperature"": null, ""date"": ""2025-09-17T01:47:42.764847+00:00"", ""prompt_version"": ""v1"", ""persona"": ""phd""}"
"('epistemology', 'epistemologyofreligion')",epistemology of religion,epistemology,expert,v1,v1,"{""model"": null, ""temperature"": null, ""date"": ""2025-09-17T01:47:42.764877+00:00"", ""prompt_version"": ""v1"", ""persona"": ""expert""}"
"('ancientphilosophyaristotle', 'metaphysics')",ancient philosophy (aristotle),metaphysics,phd,v1,v1,"{""model"": null, ""temperature"": null, ""date"": ""2025-09-17T01:47:42.764930+00:00"", ""prompt_version"": ""v1"", ""persona"": ""phd""}"
"('ancientphilosophyaristotle', 'metaphysics')",ancient philosophy (aristotle),metaphysics,expert,v1,v1,"{""model"": null, ""temperature"": null, ""date"": ""2025-09-17T01:47:42.764960+00:00"", ""prompt_version"": ""v1"", ""persona"": ""expert""}"
"('philosophyofchemistry', 'philosophyofmind')",philosophy of chemistry,philosophy of mind,phd,v1,v1,"{""model"": null, ""temperature"": null, ""date"": ""2025-09-17T01:47:42.765012+00:00"", ""prompt_version"": ""v1"", ""persona"": ""phd""}"
"('philosophyofchemistry', 'philosophyofmind')",philosophy of chemistry,philosophy of mind,expert,v1,v1,"{""model"": null, ""temperature"": null, ""date"": ""2025-09-17T01:47:42.765042+00:00"", ""prompt_version"": ""v1"", ""persona"": ""expert""}"
"('abstractobject', 'philosophyofmind')",abstract object,philosophy of mind,phd,v1,v1,"{""model"": null, ""temperature"": null, ""date"": ""2025-09-17T01:47:42.765094+00:00"", ""prompt_version"": ""v1"", ""persona"": ""phd""}"
"('abstractobject', 'philosophyofmind')",abstract object,philosophy of mind,expert,v1,v1,"{""model"": null, ""temperature"": null, ""date"": ""2025-09-17T01:47:42.765124+00:00"", ""prompt_version"": ""v1"", ""persona"": ""expert""}"
"('japanesephilosophy', 'japanesezenbuddhistphilosophy')",japanese zen buddhist philosophy,japanese philosophy,novice,v1,v1,"{""model"": null, ""temperature"": null, ""date"": ""2025-09-17T01:47:42.765175+00:00"", ""prompt_version"": ""v1"", ""persona"": ""novice""}"
"('japanesephilosophy', 'japanesezenbuddhistphilosophy')",japanese zen buddhist philosophy,japanese philosophy,phd,v1,v1,"{""model"": null, ""temperature"": null, ""date"": ""2025-09-17T01:47:42.765206+00:00"", ""prompt_version"": ""v1"", ""persona"": ""phd""}"
"('perception', 'philosophyofpsychology')",philosophy of psychology,perception,phd,v1,v1,"{""model"": null, ""temperature"": null, ""date"": ""2025-09-17T01:47:42.765276+00:00"", ""prompt_version"": ""v1"", ""persona"": ""phd""}"
"('perception', 'philosophyofpsychology')",philosophy of psychology,perception,expert,v1,v1,"{""model"": null, ""temperature"": null, ""date"": ""2025-09-17T01:47:42.765307+00:00"", ""prompt_version"": ""v1"", ""persona"": ""expert""}"
"('epistemology', 'feministphilosophy')",feminist philosophy,epistemology,phd,v1,v1,"{""model"": null, ""temperature"": null, ""date"": ""2025-09-17T01:47:42.765359+00:00"", ""prompt_version"": ""v1"", ""persona"": ""phd""}"
"('epistemology', 'feministphilosophy')",feminist philosophy,epistemology,expert,v1,v1,"{""model"": null, ""temperature"": null, ""date"": ""2025-09-17T01:47:42.765389+00:00"", ""prompt_version"": ""v1"", ""persona"": ""expert""}"
"('aristotleoncausality', 'metaphysics')",aristotle on causality,metaphysics,phd,v1,v1,"{""model"": null, ""temperature"": null, ""date"": ""2025-09-17T01:47:42.765441+00:00"", ""prompt_version"": ""v1"", ""persona"": ""phd""}"
"('aristotleoncausality', 'metaphysics')",aristotle on causality,metaphysics,expert,v1,v1,"{""model"": null, ""temperature"": null, ""date"": ""2025-09-17T01:47:42.765471+00:00"", ""prompt_version"": ""v1"", ""persona"": ""expert""}"
"('historyoflogic', 'inductivelogic')",inductive logic,history of logic,novice,v1,v1,"{""model"": null, ""temperature"": null, ""date"": ""2025-09-17T01:47:42.765522+00:00"", ""prompt_version"": ""v1"", ""persona"": ""novice""}"
"('historyoflogic', 'inductivelogic')",inductive logic,history of logic,phd,v1,v1,"{""model"": null, ""temperature"": null, ""date"": ""2025-09-17T01:47:42.765552+00:00"", ""prompt_version"": ""v1"", ""persona"": ""phd""}"
"('philosophyofmind', 'psychiatry')",psychiatry,philosophy of mind,phd,v1,v1,"{""model"": null, ""temperature"": null, ""date"": ""2025-09-17T01:47:42.765604+00:00"", ""prompt_version"": ""v1"", ""persona"": ""phd""}"
"('philosophyofmind', 'psychiatry')",psychiatry,philosophy of mind,expert,v1,v1,"{""model"": null, ""temperature"": null, ""date"": ""2025-09-17T01:47:42.765634+00:00"", ""prompt_version"": ""v1"", ""persona"": ""expert""}"
"('epistemologicalproblemsofmemory', 'philosophyofmind')",epistemological problems of memory,philosophy of mind,phd,v1,v1,"{""model"": null, ""temperature"": null, ""date"": ""2025-09-17T01:47:42.765686+00:00"", ""prompt_version"": ""v1"", ""persona"": ""phd""}"
"('epistemologicalproblemsofmemory', 'philosophyofmind')",epistemological problems of memory,philosophy of mind,expert,v1,v1,"{""model"": null, ""temperature"": null, ""date"": ""2025-09-17T01:47:42.765716+00:00"", ""prompt_version"": ""v1"", ""persona"": ""expert""}"
"('medievalpoliticalphilosophy', 'philosophyofreligion')",medieval political philosophy,philosophy of religion,phd,v1,v1,"{""model"": null, ""temperature"": null, ""date"": ""2025-09-17T01:47:42.765769+00:00"", ""prompt_version"": ""v1"", ""persona"": ""phd""}"
"('medievalpoliticalphilosophy', 'philosophyofreligion')",medieval political philosophy,philosophy of religion,expert,v1,v1,"{""model"": null, ""temperature"": null, ""date"": ""2025-09-17T01:47:42.765800+00:00"", ""prompt_version"": ""v1"", ""persona"": ""expert""}"
"('lawandlanguage', 'philosophyoflanguage')",law and language,philosophy of language,phd,v1,v1,"{""model"": null, ""temperature"": null, ""date"": ""2025-09-17T01:47:42.765852+00:00"", ""prompt_version"": ""v1"", ""persona"": ""phd""}"
"('lawandlanguage', 'philosophyoflanguage')",law and language,philosophy of language,expert,v1,v1,"{""model"": null, ""temperature"": null, ""date"": ""2025-09-17T01:47:42.765882+00:00"", ""prompt_version"": ""v1"", ""persona"": ""expert""}"
"('perception', 'problemofperception')",problem of perception,perception,phd,v1,v1,"{""model"": null, ""temperature"": null, ""date"": ""2025-09-17T01:47:42.765935+00:00"", ""prompt_version"": ""v1"", ""persona"": ""phd""}"
"('perception', 'problemofperception')",problem of perception,perception,expert,v1,v1,"{""model"": null, ""temperature"": null, ""date"": ""2025-09-17T01:47:42.765964+00:00"", ""prompt_version"": ""v1"", ""persona"": ""expert""}"
"('philosophyofbiology', 'philosophyofmind')",philosophy of biology,philosophy of mind,phd,v1,v1,"{""model"": null, ""temperature"": null, ""date"": ""2025-09-17T01:47:42.766017+00:00"", ""prompt_version"": ""v1"", ""persona"": ""phd""}"
"('philosophyofbiology', 'philosophyofmind')",philosophy of biology,philosophy of mind,expert,v1,v1,"{""model"": null, ""temperature"": null, ""date"": ""2025-09-17T01:47:42.766047+00:00"", ""prompt_version"": ""v1"", ""persona"": ""expert""}"
"('metaphysics', 'scottishphilosophyinthe19thcentury')",scottish philosophy in the 19th century,metaphysics,phd,v1,v1,"{""model"": null, ""temperature"": null, ""date"": ""2025-09-17T01:47:42.766099+00:00"", ""prompt_version"": ""v1"", ""persona"": ""phd""}"
"('metaphysics', 'scottishphilosophyinthe19thcentury')",scottish philosophy in the 19th century,metaphysics,expert,v1,v1,"{""model"": null, ""temperature"": null, ""date"": ""2025-09-17T01:47:42.766129+00:00"", ""prompt_version"": ""v1"", ""persona"": ""expert""}"
"('metaphysics', 'socialandpoliticalphilosophy')",social and political philosophy,metaphysics,phd,v1,v1,"{""model"": null, ""temperature"": null, ""date"": ""2025-09-17T01:47:42.766182+00:00"", ""prompt_version"": ""v1"", ""persona"": ""phd""}"
"('metaphysics', 'socialandpoliticalphilosophy')",social and political philosophy,metaphysics,expert,v1,v1,"{""model"": null, ""temperature"": null, ""date"": ""2025-09-17T01:47:42.766212+00:00"", ""prompt_version"": ""v1"", ""persona"": ""expert""}"
"('continentalphilosophy', 'intersectionsbetweenpragmatistandcontinentalfeminism')",intersections between pragmatist and continental feminism,continental philosophy,phd,v1,v1,"{""model"": null, ""temperature"": null, ""date"": ""2025-09-17T01:47:42.766279+00:00"", ""prompt_version"": ""v1"", ""persona"": ""phd""}"
"('continentalphilosophy', 'intersectionsbetweenpragmatistandcontinentalfeminism')",intersections between pragmatist and continental feminism,continental philosophy,expert,v1,v1,"{""model"": null, ""temperature"": null, ""date"": ""2025-09-17T01:47:42.766318+00:00"", ""prompt_version"": ""v1"", ""persona"": ""expert""}"
"('ethics', 'virtuesandvices')",ethics,virtues and vices,course_taker,v1,v1,"{""model"": null, ""temperature"": null, ""date"": ""2025-09-17T01:47:42.766378+00:00"", ""prompt_version"": ""v1"", ""persona"": ""course_taker""}"
"('ethics', 'virtuesandvices')",ethics,virtues and vices,phd,v1,v1,"{""model"": null, ""temperature"": null, ""date"": ""2025-09-17T01:47:42.766408+00:00"", ""prompt_version"": ""v1"", ""persona"": ""phd""}"
"('mathematicallogic', 'philosophyofmind')",mathematical logic,philosophy of mind,phd,v1,v1,"{""model"": null, ""temperature"": null, ""date"": ""2025-09-17T01:47:42.766460+00:00"", ""prompt_version"": ""v1"", ""persona"": ""phd""}"
"('mathematicallogic', 'philosophyofmind')",mathematical logic,philosophy of mind,expert,v1,v1,"{""model"": null, ""temperature"": null, ""date"": ""2025-09-17T01:47:42.766490+00:00"", ""prompt_version"": ""v1"", ""persona"": ""expert""}"
"('eternityinchristianthought', 'metaphysics')",Eternity in Christian Thought,metaphysics,phd,v1,v1,"{""model"": null, ""temperature"": null, ""date"": ""2025-09-17T01:47:42.766542+00:00"", ""prompt_version"": ""v1"", ""persona"": ""phd""}"
"('eternityinchristianthought', 'metaphysics')",Eternity in Christian Thought,metaphysics,expert,v1,v1,"{""model"": null, ""temperature"": null, ""date"": ""2025-09-17T01:47:42.766572+00:00"", ""prompt_version"": ""v1"", ""persona"": ""expert""}"
"('historyoflogic', 'logicandgames')",logic and games,history of logic,novice,v1,v1,"{""model"": null, ""temperature"": null, ""date"": ""2025-09-17T01:47:42.766624+00:00"", ""prompt_version"": ""v1"", ""persona"": ""novice""}"
"('historyoflogic', 'logicandgames')",logic and games,history of logic,phd,v1,v1,"{""model"": null, ""temperature"": null, ""date"": ""2025-09-17T01:47:42.766670+00:00"", ""prompt_version"": ""v1"", ""persona"": ""phd""}"
"('philosophyofmind', 'realismandantirealism')",realism and anti-realism,philosophy of mind,phd,v1,v1,"{""model"": null, ""temperature"": null, ""date"": ""2025-09-17T01:47:42.766722+00:00"", ""prompt_version"": ""v1"", ""persona"": ""phd""}"
"('philosophyofmind', 'realismandantirealism')",realism and anti-realism,philosophy of mind,expert,v1,v1,"{""model"": null, ""temperature"": null, ""date"": ""2025-09-17T01:47:42.766753+00:00"", ""prompt_version"": ""v1"", ""persona"": ""expert""}"
"('falsificationism', 'scientificmethodology')",falsificationism,scientific methodology,novice,v1,v1,"{""model"": null, ""temperature"": null, ""date"": ""2025-09-17T01:47:42.766804+00:00"", ""prompt_version"": ""v1"", ""persona"": ""novice""}"
"('falsificationism', 'scientificmethodology')",falsificationism,scientific methodology,phd,v1,v1,"{""model"": null, ""temperature"": null, ""date"": ""2025-09-17T01:47:42.766835+00:00"", ""prompt_version"": ""v1"", ""persona"": ""phd""}"
"('perception', 'psychologicalrelation')",psychological relation,perception,phd,v1,v1,"{""model"": null, ""temperature"": null, ""date"": ""2025-09-17T01:47:42.766887+00:00"", ""prompt_version"": ""v1"", ""persona"": ""phd""}"
"('perception', 'psychologicalrelation')",psychological relation,perception,expert,v1,v1,"{""model"": null, ""temperature"": null, ""date"": ""2025-09-17T01:47:42.766917+00:00"", ""prompt_version"": ""v1"", ""persona"": ""expert""}"
"('philosophyofscienceandthesciences', 'probability')",probability,philosophy of science and the sciences,phd,v1,v1,"{""model"": null, ""temperature"": null, ""date"": ""2025-09-17T01:47:42.766969+00:00"", ""prompt_version"": ""v1"", ""persona"": ""phd""}"
"('philosophyofscienceandthesciences', 'probability')",probability,philosophy of science and the sciences,expert,v1,v1,"{""model"": null, ""temperature"": null, ""date"": ""2025-09-17T01:47:42.767000+00:00"", ""prompt_version"": ""v1"", ""persona"": ""expert""}"
"('ethics', 'socialcontract')",social contract,ethics,phd,v1,v1,"{""model"": null, ""temperature"": null, ""date"": ""2025-09-17T01:47:42.767052+00:00"", ""prompt_version"": ""v1"", ""persona"": ""phd""}"
"('ethics', 'socialcontract')",social contract,ethics,expert,v1,v1,"{""model"": null, ""temperature"": null, ""date"": ""2025-09-17T01:47:42.767082+00:00"", ""prompt_version"": ""v1"", ""persona"": ""expert""}"
"('epistemology', 'philosophyofbiology')",philosophy of biology,epistemology,phd,v1,v1,"{""model"": null, ""temperature"": null, ""date"": ""2025-09-17T01:47:42.767133+00:00"", ""prompt_version"": ""v1"", ""persona"": ""phd""}"
"('epistemology', 'philosophyofbiology')",philosophy of biology,epistemology,expert,v1,v1,"{""model"": null, ""temperature"": null, ""date"": ""2025-09-17T01:47:42.767163+00:00"", ""prompt_version"": ""v1"", ""persona"": ""expert""}"
"('identityofindiscernibles', 'metaphysics')",identity of indiscernibles,metaphysics,phd,v1,v1,"{""model"": null, ""temperature"": null, ""date"": ""2025-09-17T01:47:42.767215+00:00"", ""prompt_version"": ""v1"", ""persona"": ""phd""}"
"('identityofindiscernibles', 'metaphysics')",identity of indiscernibles,metaphysics,expert,v1,v1,"{""model"": null, ""temperature"": null, ""date"": ""2025-09-17T01:47:42.767246+00:00"", ""prompt_version"": ""v1"", ""persona"": ""expert""}"
"('backwardcausation', 'causation')",backward causation,causation,phd,v1,v1,"{""model"": null, ""temperature"": null, ""date"": ""2025-09-17T01:47:42.767297+00:00"", ""prompt_version"": ""v1"", ""persona"": ""phd""}"
"('backwardcausation', 'causation')",backward causation,causation,expert,v1,v1,"{""model"": null, ""temperature"": null, ""date"": ""2025-09-17T01:47:42.767327+00:00"", ""prompt_version"": ""v1"", ""persona"": ""expert""}"
"('aestheticsandphilosophyofart', 'philosophyofcomposition')",aesthetics and philosophy of art,philosophy of composition,course_taker,v1,v1,"{""model"": null, ""temperature"": null, ""date"": ""2025-09-17T01:47:42.767380+00:00"", ""prompt_version"": ""v1"", ""persona"": ""course_taker""}"
"('aestheticsandphilosophyofart', 'philosophyofcomposition')",aesthetics and philosophy of art,philosophy of composition,phd,v1,v1,"{""model"": null, ""temperature"": null, ""date"": ""2025-09-17T01:47:42.767411+00:00"", ""prompt_version"": ""v1"", ""persona"": ""phd""}"
"('epistemology', 'scientificmethodology')",scientific methodology,epistemology,phd,v1,v1,"{""model"": null, ""temperature"": null, ""date"": ""2025-09-17T01:47:42.767464+00:00"", ""prompt_version"": ""v1"", ""persona"": ""phd""}"
"('epistemology', 'scientificmethodology')",scientific methodology,epistemology,expert,v1,v1,"{""model"": null, ""temperature"": null, ""date"": ""2025-09-17T01:47:42.767494+00:00"", ""prompt_version"": ""v1"", ""persona"": ""expert""}"
"('animalcognition', 'cognitivescience')",animal cognition,cognitive science,phd,v1,v1,"{""model"": null, ""temperature"": null, ""date"": ""2025-09-17T01:47:42.767546+00:00"", ""prompt_version"": ""v1"", ""persona"": ""phd""}"
"('animalcognition', 'cognitivescience')",animal cognition,cognitive science,expert,v1,v1,"{""model"": null, ""temperature"": null, ""date"": ""2025-09-17T01:47:42.767576+00:00"", ""prompt_version"": ""v1"", ""persona"": ""expert""}"
"('argumentsfortheexistenceofgod', 'philosophyofreligion')",arguments for the existence of god,philosophy of religion,phd,v1,v1,"{""model"": null, ""temperature"": null, ""date"": ""2025-09-17T01:47:42.767628+00:00"", ""prompt_version"": ""v1"", ""persona"": ""phd""}"
"('argumentsfortheexistenceofgod', 'philosophyofreligion')",arguments for the existence of god,philosophy of religion,expert,v1,v1,"{""model"": null, ""temperature"": null, ""date"": ""2025-09-17T01:47:42.767659+00:00"", ""prompt_version"": ""v1"", ""persona"": ""expert""}"
"('identityandindividualityinquantumtheory', 'metaphysics')",identity and individuality in quantum theory,metaphysics,phd,v1,v1,"{""model"": null, ""temperature"": null, ""date"": ""2025-09-17T01:47:42.767712+00:00"", ""prompt_version"": ""v1"", ""persona"": ""phd""}"
"('identityandindividualityinquantumtheory', 'metaphysics')",identity and individuality in quantum theory,metaphysics,expert,v1,v1,"{""model"": null, ""temperature"": null, ""date"": ""2025-09-17T01:47:42.767743+00:00"", ""prompt_version"": ""v1"", ""persona"": ""expert""}"
"('mentalstate', 'philosophyofmind')",mental state,philosophy of mind,phd,v1,v1,"{""model"": null, ""temperature"": null, ""date"": ""2025-09-17T01:47:42.767795+00:00"", ""prompt_version"": ""v1"", ""persona"": ""phd""}"
"('mentalstate', 'philosophyofmind')",mental state,philosophy of mind,expert,v1,v1,"{""model"": null, ""temperature"": null, ""date"": ""2025-09-17T01:47:42.767825+00:00"", ""prompt_version"": ""v1"", ""persona"": ""expert""}"
"('philosophyofmathematics', 'philosophyofscience')",philosophy of mathematics,philosophy of science,phd,v1,v1,"{""model"": null, ""temperature"": null, ""date"": ""2025-09-17T01:47:42.767877+00:00"", ""prompt_version"": ""v1"", ""persona"": ""phd""}"
"('philosophyofmathematics', 'philosophyofscience')",philosophy of mathematics,philosophy of science,expert,v1,v1,"{""model"": null, ""temperature"": null, ""date"": ""2025-09-17T01:47:42.767908+00:00"", ""prompt_version"": ""v1"", ""persona"": ""expert""}"
"('monotheism', 'philosophyofreligion')",monotheism,philosophy of religion,phd,v1,v1,"{""model"": null, ""temperature"": null, ""date"": ""2025-09-17T01:47:42.767960+00:00"", ""prompt_version"": ""v1"", ""persona"": ""phd""}"
"('monotheism', 'philosophyofreligion')",monotheism,philosophy of religion,expert,v1,v1,"{""model"": null, ""temperature"": null, ""date"": ""2025-09-17T01:47:42.767990+00:00"", ""prompt_version"": ""v1"", ""persona"": ""expert""}"
"('logicandlanguage', 'philosophyofmind')",logic and language,philosophy of mind,phd,v1,v1,"{""model"": null, ""temperature"": null, ""date"": ""2025-09-17T01:47:42.768059+00:00"", ""prompt_version"": ""v1"", ""persona"": ""phd""}"
"('logicandlanguage', 'philosophyofmind')",logic and language,philosophy of mind,expert,v1,v1,"{""model"": null, ""temperature"": null, ""date"": ""2025-09-17T01:47:42.768089+00:00"", ""prompt_version"": ""v1"", ""persona"": ""expert""}"
"('chineseroomargument', 'philosophyofmind')",chinese room argument,philosophy of mind,phd,v1,v1,"{""model"": null, ""temperature"": null, ""date"": ""2025-09-17T01:47:42.768141+00:00"", ""prompt_version"": ""v1"", ""persona"": ""phd""}"
"('chineseroomargument', 'philosophyofmind')",chinese room argument,philosophy of mind,expert,v1,v1,"{""model"": null, ""temperature"": null, ""date"": ""2025-09-17T01:47:42.768171+00:00"", ""prompt_version"": ""v1"", ""persona"": ""expert""}"
"('neutralmonism', 'philosophyofmind')",neutral monism,philosophy of mind,phd,v1,v1,"{""model"": null, ""temperature"": null, ""date"": ""2025-09-17T01:47:42.768223+00:00"", ""prompt_version"": ""v1"", ""persona"": ""phd""}"
"('neutralmonism', 'philosophyofmind')",neutral monism,philosophy of mind,expert,v1,v1,"{""model"": null, ""temperature"": null, ""date"": ""2025-09-17T01:47:42.768253+00:00"", ""prompt_version"": ""v1"", ""persona"": ""expert""}"
"('consciousness', 'phenomenologicalapproachestoselfconsciousness')",phenomenological approaches to self-consciousness,consciousness,phd,v1,v1,"{""model"": null, ""temperature"": null, ""date"": ""2025-09-17T01:47:42.768306+00:00"", ""prompt_version"": ""v1"", ""persona"": ""phd""}"
"('consciousness', 'phenomenologicalapproachestoselfconsciousness')",phenomenological approaches to self-consciousness,consciousness,expert,v1,v1,"{""model"": null, ""temperature"": null, ""date"": ""2025-09-17T01:47:42.768336+00:00"", ""prompt_version"": ""v1"", ""persona"": ""expert""}"
"('omniscience', 'philosophyofreligion')",omniscience,philosophy of religion,phd,v1,v1,"{""model"": null, ""temperature"": null, ""date"": ""2025-09-17T01:47:42.768389+00:00"", ""prompt_version"": ""v1"", ""persona"": ""phd""}"
"('omniscience', 'philosophyofreligion')",omniscience,philosophy of religion,expert,v1,v1,"{""model"": null, ""temperature"": null, ""date"": ""2025-09-17T01:47:42.768419+00:00"", ""prompt_version"": ""v1"", ""persona"": ""expert""}"
"('epistemeandtechne', 'metaphysics')",episteme and techne,metaphysics,phd,v1,v1,"{""model"": null, ""temperature"": null, ""date"": ""2025-09-17T01:47:42.768477+00:00"", ""prompt_version"": ""v1"", ""persona"": ""phd""}"
"('epistemeandtechne', 'metaphysics')",episteme and techne,metaphysics,expert,v1,v1,"{""model"": null, ""temperature"": null, ""date"": ""2025-09-17T01:47:42.768507+00:00"", ""prompt_version"": ""v1"", ""persona"": ""expert""}"
"('aristotleandmathematics', 'philosophyofmathematics')",aristotle and mathematics,philosophy of mathematics,course_taker,v1,v1,"{""model"": null, ""temperature"": null, ""date"": ""2025-09-17T01:47:42.768559+00:00"", ""prompt_version"": ""v1"", ""persona"": ""course_taker""}"
"('aristotleandmathematics', 'philosophyofmathematics')",aristotle and mathematics,philosophy of mathematics,phd,v1,v1,"{""model"": null, ""temperature"": null, ""date"": ""2025-09-17T01:47:42.768590+00:00"", ""prompt_version"": ""v1"", ""persona"": ""phd""}"
"('logic', 'philosophyofcomputerscience')",philosophy of computer science,logic,course_taker,v1,v1,"{""model"": null, ""temperature"": null, ""date"": ""2025-09-17T01:47:42.768643+00:00"", ""prompt_version"": ""v1"", ""persona"": ""course_taker""}"
"('logic', 'philosophyofcomputerscience')",philosophy of computer science,logic,phd,v1,v1,"{""model"": null, ""temperature"": null, ""date"": ""2025-09-17T01:47:42.768673+00:00"", ""prompt_version"": ""v1"", ""persona"": ""phd""}"
"('thinkingmachine', 'turingtest')",thinking machine,turing test,course_taker,v1,v1,"{""model"": null, ""temperature"": null, ""date"": ""2025-09-17T01:47:42.768725+00:00"", ""prompt_version"": ""v1"", ""persona"": ""course_taker""}"
"('thinkingmachine', 'turingtest')",thinking machine,turing test,phd,v1,v1,"{""model"": null, ""temperature"": null, ""date"": ""2025-09-17T01:47:42.768755+00:00"", ""prompt_version"": ""v1"", ""persona"": ""phd""}"
"('mentalrepresentationinmedievalphilosophy', 'philosophyofmind')",mental representation in medieval philosophy,philosophy of mind,phd,v1,v1,"{""model"": null, ""temperature"": null, ""date"": ""2025-09-17T01:47:42.768808+00:00"", ""prompt_version"": ""v1"", ""persona"": ""phd""}"
"('mentalrepresentationinmedievalphilosophy', 'philosophyofmind')",mental representation in medieval philosophy,philosophy of mind,expert,v1,v1,"{""model"": null, ""temperature"": null, ""date"": ""2025-09-17T01:47:42.768839+00:00"", ""prompt_version"": ""v1"", ""persona"": ""expert""}"
"('epistemology', 'philosophyofnature')",philosophy of nature,epistemology,phd,v1,v1,"{""model"": null, ""temperature"": null, ""date"": ""2025-09-17T01:47:42.768892+00:00"", ""prompt_version"": ""v1"", ""persona"": ""phd""}"
"('epistemology', 'philosophyofnature')",philosophy of nature,epistemology,expert,v1,v1,"{""model"": null, ""temperature"": null, ""date"": ""2025-09-17T01:47:42.768922+00:00"", ""prompt_version"": ""v1"", ""persona"": ""expert""}"
"('philosophyofreligion', 'religionandmorality')",religion and morality,philosophy of religion,phd,v1,v1,"{""model"": null, ""temperature"": null, ""date"": ""2025-09-17T01:47:42.768974+00:00"", ""prompt_version"": ""v1"", ""persona"": ""phd""}"
"('philosophyofreligion', 'religionandmorality')",religion and morality,philosophy of religion,expert,v1,v1,"{""model"": null, ""temperature"": null, ""date"": ""2025-09-17T01:47:42.769004+00:00"", ""prompt_version"": ""v1"", ""persona"": ""expert""}"
"('philosophyoflanguage', 'privatelanguage')",private language,philosophy of language,phd,v1,v1,"{""model"": null, ""temperature"": null, ""date"": ""2025-09-17T01:47:42.769057+00:00"", ""prompt_version"": ""v1"", ""persona"": ""phd""}"
"('philosophyoflanguage', 'privatelanguage')",private language,philosophy of language,expert,v1,v1,"{""model"": null, ""temperature"": null, ""date"": ""2025-09-17T01:47:42.769086+00:00"", ""prompt_version"": ""v1"", ""persona"": ""expert""}"
"('epistemology', 'indeterminism')",indeterminism,epistemology,phd,v1,v1,"{""model"": null, ""temperature"": null, ""date"": ""2025-09-17T01:47:42.769138+00:00"", ""prompt_version"": ""v1"", ""persona"": ""phd""}"
"('epistemology', 'indeterminism')",indeterminism,epistemology,expert,v1,v1,"{""model"": null, ""temperature"": null, ""date"": ""2025-09-17T01:47:42.769168+00:00"", ""prompt_version"": ""v1"", ""persona"": ""expert""}"
"('evolutionarypsychology', 'philosophyofreligion')",evolutionary psychology,philosophy of religion,phd,v1,v1,"{""model"": null, ""temperature"": null, ""date"": ""2025-09-17T01:47:42.769220+00:00"", ""prompt_version"": ""v1"", ""persona"": ""phd""}"
"('evolutionarypsychology', 'philosophyofreligion')",evolutionary psychology,philosophy of religion,expert,v1,v1,"{""model"": null, ""temperature"": null, ""date"": ""2025-09-17T01:47:42.769250+00:00"", ""prompt_version"": ""v1"", ""persona"": ""expert""}"
"('philosophyofmind', 'philosophyofperception')",philosophy of perception,philosophy of mind,phd,v1,v1,"{""model"": null, ""temperature"": null, ""date"": ""2025-09-17T01:47:42.769302+00:00"", ""prompt_version"": ""v1"", ""persona"": ""phd""}"
"('philosophyofmind', 'philosophyofperception')",philosophy of perception,philosophy of mind,expert,v1,v1,"{""model"": null, ""temperature"": null, ""date"": ""2025-09-17T01:47:42.769332+00:00"", ""prompt_version"": ""v1"", ""persona"": ""expert""}"
"('algebra', 'philosophyofmathematics')",philosophy of mathematics,algebra,course_taker,v1,v1,"{""model"": null, ""temperature"": null, ""date"": ""2025-09-17T01:47:42.769385+00:00"", ""prompt_version"": ""v1"", ""persona"": ""course_taker""}"
"('algebra', 'philosophyofmathematics')",philosophy of mathematics,algebra,phd,v1,v1,"{""model"": null, ""temperature"": null, ""date"": ""2025-09-17T01:47:42.769431+00:00"", ""prompt_version"": ""v1"", ""persona"": ""phd""}"
"('metaphysics', 'philosophyofbiology')",philosophy of biology,metaphysics,phd,v1,v1,"{""model"": null, ""temperature"": null, ""date"": ""2025-09-17T01:47:42.769484+00:00"", ""prompt_version"": ""v1"", ""persona"": ""phd""}"
"('metaphysics', 'philosophyofbiology')",philosophy of biology,metaphysics,expert,v1,v1,"{""model"": null, ""temperature"": null, ""date"": ""2025-09-17T01:47:42.769514+00:00"", ""prompt_version"": ""v1"", ""persona"": ""expert""}"
"('afterlife', 'eternityoftheworld')",eternity of the world,afterlife,phd,v1,v1,"{""model"": null, ""temperature"": null, ""date"": ""2025-09-17T01:47:42.769566+00:00"", ""prompt_version"": ""v1"", ""persona"": ""phd""}"
"('afterlife', 'eternityoftheworld')",eternity of the world,afterlife,expert,v1,v1,"{""model"": null, ""temperature"": null, ""date"": ""2025-09-17T01:47:42.769596+00:00"", ""prompt_version"": ""v1"", ""persona"": ""expert""}"
"('artificialintelligence', 'modernhistoryofcomputing')",modern history of computing,artificial intelligence,phd,v1,v1,"{""model"": null, ""temperature"": null, ""date"": ""2025-09-17T01:47:42.769648+00:00"", ""prompt_version"": ""v1"", ""persona"": ""phd""}"
"('artificialintelligence', 'modernhistoryofcomputing')",modern history of computing,artificial intelligence,expert,v1,v1,"{""model"": null, ""temperature"": null, ""date"": ""2025-09-17T01:47:42.769678+00:00"", ""prompt_version"": ""v1"", ""persona"": ""expert""}"
"('ambiguity', 'epistemology')",ambiguity,epistemology,phd,v1,v1,"{""model"": null, ""temperature"": null, ""date"": ""2025-09-17T01:47:42.769730+00:00"", ""prompt_version"": ""v1"", ""persona"": ""phd""}"
"('ambiguity', 'epistemology')",ambiguity,epistemology,expert,v1,v1,"{""model"": null, ""temperature"": null, ""date"": ""2025-09-17T01:47:42.769760+00:00"", ""prompt_version"": ""v1"", ""persona"": ""expert""}"
"('artificialintelligence', 'frameproblem')",frame problem,artificial intelligence,phd,v1,v1,"{""model"": null, ""temperature"": null, ""date"": ""2025-09-17T01:47:42.769811+00:00"", ""prompt_version"": ""v1"", ""persona"": ""phd""}"
"('artificialintelligence', 'frameproblem')",frame problem,artificial intelligence,expert,v1,v1,"{""model"": null, ""temperature"": null, ""date"": ""2025-09-17T01:47:42.769841+00:00"", ""prompt_version"": ""v1"", ""persona"": ""expert""}"
"('consciousnessandcontent', 'perception')",consciousness and content,perception,phd,v1,v1,"{""model"": null, ""temperature"": null, ""date"": ""2025-09-17T01:47:42.769894+00:00"", ""prompt_version"": ""v1"", ""persona"": ""phd""}"
"('consciousnessandcontent', 'perception')",consciousness and content,perception,expert,v1,v1,"{""model"": null, ""temperature"": null, ""date"": ""2025-09-17T01:47:42.769924+00:00"", ""prompt_version"": ""v1"", ""persona"": ""expert""}"
"('epistemology', 'interpretation')",interpretation,epistemology,phd,v1,v1,"{""model"": null, ""temperature"": null, ""date"": ""2025-09-17T01:47:42.769976+00:00"", ""prompt_version"": ""v1"", ""persona"": ""phd""}"
"('epistemology', 'interpretation')",interpretation,epistemology,expert,v1,v1,"{""model"": null, ""temperature"": null, ""date"": ""2025-09-17T01:47:42.770006+00:00"", ""prompt_version"": ""v1"", ""persona"": ""expert""}"
"('dualism', 'philosophyofmind')",dualism,philosophy of mind,phd,v1,v1,"{""model"": null, ""temperature"": null, ""date"": ""2025-09-17T01:47:42.770058+00:00"", ""prompt_version"": ""v1"", ""persona"": ""phd""}"
"('dualism', 'philosophyofmind')",dualism,philosophy of mind,expert,v1,v1,"{""model"": null, ""temperature"": null, ""date"": ""2025-09-17T01:47:42.770087+00:00"", ""prompt_version"": ""v1"", ""persona"": ""expert""}"
"('cognitivescience', 'philosophiesoftheparticularsciences')",cognitive science,philosophies of the particular sciences,phd,v1,v1,"{""model"": null, ""temperature"": null, ""date"": ""2025-09-17T01:47:42.770140+00:00"", ""prompt_version"": ""v1"", ""persona"": ""phd""}"
"('cognitivescience', 'philosophiesoftheparticularsciences')",cognitive science,philosophies of the particular sciences,expert,v1,v1,"{""model"": null, ""temperature"": null, ""date"": ""2025-09-17T01:47:42.770171+00:00"", ""prompt_version"": ""v1"", ""persona"": ""expert""}"
"('animalcognition', 'perception')",animal cognition,perception,phd,v1,v1,"{""model"": null, ""temperature"": null, ""date"": ""2025-09-17T01:47:42.770224+00:00"", ""prompt_version"": ""v1"", ""persona"": ""phd""}"
"('animalcognition', 'perception')",animal cognition,perception,expert,v1,v1,"{""model"": null, ""temperature"": null, ""date"": ""2025-09-17T01:47:42.770253+00:00"", ""prompt_version"": ""v1"", ""persona"": ""expert""}"
"('epistemology', 'virtueepistemology')",virtue epistemology,epistemology,phd,v1,v1,"{""model"": null, ""temperature"": null, ""date"": ""2025-09-17T01:47:42.770305+00:00"", ""prompt_version"": ""v1"", ""persona"": ""phd""}"
"('epistemology', 'virtueepistemology')",virtue epistemology,epistemology,expert,v1,v1,"{""model"": null, ""temperature"": null, ""date"": ""2025-09-17T01:47:42.770335+00:00"", ""prompt_version"": ""v1"", ""persona"": ""expert""}"
"('mentalcontent', 'theoriesofmentalcontent')",theories of mental content,mental content,phd,v1,v1,"{""model"": null, ""temperature"": null, ""date"": ""2025-09-17T01:47:42.770387+00:00"", ""prompt_version"": ""v1"", ""persona"": ""phd""}"
"('mentalcontent', 'theoriesofmentalcontent')",theories of mental content,mental content,expert,v1,v1,"{""model"": null, ""temperature"": null, ""date"": ""2025-09-17T01:47:42.770417+00:00"", ""prompt_version"": ""v1"", ""persona"": ""expert""}"
"('mentalcontent', 'mentalimagery')",mental imagery,mental content,phd,v1,v1,"{""model"": null, ""temperature"": null, ""date"": ""2025-09-17T01:47:42.770469+00:00"", ""prompt_version"": ""v1"", ""persona"": ""phd""}"
"('mentalcontent', 'mentalimagery')",mental imagery,mental content,expert,v1,v1,"{""model"": null, ""temperature"": null, ""date"": ""2025-09-17T01:47:42.770499+00:00"", ""prompt_version"": ""v1"", ""persona"": ""expert""}"
"('continentalphilosophy', 'feminism')",feminism,continental philosophy,phd,v1,v1,"{""model"": null, ""temperature"": null, ""date"": ""2025-09-17T01:47:42.770550+00:00"", ""prompt_version"": ""v1"", ""persona"": ""phd""}"
"('continentalphilosophy', 'feminism')",feminism,continental philosophy,expert,v1,v1,"{""model"": null, ""temperature"": null, ""date"": ""2025-09-17T01:47:42.770580+00:00"", ""prompt_version"": ""v1"", ""persona"": ""expert""}"
"('epistemology', 'psychiatry')",psychiatry,epistemology,phd,v1,v1,"{""model"": null, ""temperature"": null, ""date"": ""2025-09-17T01:47:42.770631+00:00"", ""prompt_version"": ""v1"", ""persona"": ""phd""}"
"('epistemology', 'psychiatry')",psychiatry,epistemology,expert,v1,v1,"{""model"": null, ""temperature"": null, ""date"": ""2025-09-17T01:47:42.770661+00:00"", ""prompt_version"": ""v1"", ""persona"": ""expert""}"
"('africanandafricanamericanphilosophy', 'africansagephilosophy')",african sage philosophy,african and african-american philosophy,course_taker,v1,v1,"{""model"": null, ""temperature"": null, ""date"": ""2025-09-17T01:47:42.770713+00:00"", ""prompt_version"": ""v1"", ""persona"": ""course_taker""}"
"('africanandafricanamericanphilosophy', 'africansagephilosophy')",african sage philosophy,african and african-american philosophy,phd,v1,v1,"{""model"": null, ""temperature"": null, ""date"": ""2025-09-17T01:47:42.770744+00:00"", ""prompt_version"": ""v1"", ""persona"": ""phd""}"
"('molecularbiology', 'philosophyofbiology')",molecular biology,philosophy of biology,phd,v1,v1,"{""model"": null, ""temperature"": null, ""date"": ""2025-09-17T01:47:42.770797+00:00"", ""prompt_version"": ""v1"", ""persona"": ""phd""}"
"('molecularbiology', 'philosophyofbiology')",molecular biology,philosophy of biology,expert,v1,v1,"{""model"": null, ""temperature"": null, ""date"": ""2025-09-17T01:47:42.770842+00:00"", ""prompt_version"": ""v1"", ""persona"": ""expert""}"
"('churchturingthesis', 'function')",church-turing thesis,function,phd,v1,v1,"{""model"": null, ""temperature"": null, ""date"": ""2025-09-17T01:47:42.770894+00:00"", ""prompt_version"": ""v1"", ""persona"": ""phd""}"
"('churchturingthesis', 'function')",church-turing thesis,function,expert,v1,v1,"{""model"": null, ""temperature"": null, ""date"": ""2025-09-17T01:47:42.770924+00:00"", ""prompt_version"": ""v1"", ""persona"": ""expert""}"
"('analysis', 'metaphysics')",analysis,metaphysics,phd,v1,v1,"{""model"": null, ""temperature"": null, ""date"": ""2025-09-17T01:47:42.770979+00:00"", ""prompt_version"": ""v1"", ""persona"": ""phd""}"
"('analysis', 'metaphysics')",analysis,metaphysics,expert,v1,v1,"{""model"": null, ""temperature"": null, ""date"": ""2025-09-17T01:47:42.771009+00:00"", ""prompt_version"": ""v1"", ""persona"": ""expert""}"
"('philosophyoflanguage', 'syntax')",philosophy of language,syntax,phd,v1,v1,"{""model"": null, ""temperature"": null, ""date"": ""2025-09-17T01:47:42.771060+00:00"", ""prompt_version"": ""v1"", ""persona"": ""phd""}"
"('philosophyoflanguage', 'syntax')",philosophy of language,syntax,expert,v1,v1,"{""model"": null, ""temperature"": null, ""date"": ""2025-09-17T01:47:42.771090+00:00"", ""prompt_version"": ""v1"", ""persona"": ""expert""}"
"('africanandafricanamericanphilosophy', 'race')",race,african and african-american philosophy,course_taker,v1,v1,"{""model"": null, ""temperature"": null, ""date"": ""2025-09-17T01:47:42.771142+00:00"", ""prompt_version"": ""v1"", ""persona"": ""course_taker""}"
"('africanandafricanamericanphilosophy', 'race')",race,african and african-american philosophy,phd,v1,v1,"{""model"": null, ""temperature"": null, ""date"": ""2025-09-17T01:47:42.771178+00:00"", ""prompt_version"": ""v1"", ""persona"": ""phd""}"
"('cognitivescience', 'languagelearning')",language learning,cognitive science,phd,v1,v1,"{""model"": null, ""temperature"": null, ""date"": ""2025-09-17T01:47:42.771230+00:00"", ""prompt_version"": ""v1"", ""persona"": ""phd""}"
"('cognitivescience', 'languagelearning')",language learning,cognitive science,expert,v1,v1,"{""model"": null, ""temperature"": null, ""date"": ""2025-09-17T01:47:42.771260+00:00"", ""prompt_version"": ""v1"", ""persona"": ""expert""}"
"('aspectsofconsciousness', 'unityofconsciousness')",unity of consciousness,aspects of consciousness,phd,v1,v1,"{""model"": null, ""temperature"": null, ""date"": ""2025-09-17T01:47:42.771312+00:00"", ""prompt_version"": ""v1"", ""persona"": ""phd""}"
"('aspectsofconsciousness', 'unityofconsciousness')",unity of consciousness,aspects of consciousness,expert,v1,v1,"{""model"": null, ""temperature"": null, ""date"": ""2025-09-17T01:47:42.771342+00:00"", ""prompt_version"": ""v1"", ""persona"": ""expert""}"
"('epistemology', 'transworldidentity')",transworld identity,epistemology,phd,v1,v1,"{""model"": null, ""temperature"": null, ""date"": ""2025-09-17T01:47:42.771395+00:00"", ""prompt_version"": ""v1"", ""persona"": ""phd""}"
"('epistemology', 'transworldidentity')",transworld identity,epistemology,expert,v1,v1,"{""model"": null, ""temperature"": null, ""date"": ""2025-09-17T01:47:42.771424+00:00"", ""prompt_version"": ""v1"", ""persona"": ""expert""}"
"('judaism', 'philosophyofreligion')",judaism,philosophy of religion,phd,v1,v1,"{""model"": null, ""temperature"": null, ""date"": ""2025-09-17T01:47:42.771476+00:00"", ""prompt_version"": ""v1"", ""persona"": ""phd""}"
"('judaism', 'philosophyofreligion')",judaism,philosophy of religion,expert,v1,v1,"{""model"": null, ""temperature"": null, ""date"": ""2025-09-17T01:47:42.771506+00:00"", ""prompt_version"": ""v1"", ""persona"": ""expert""}"
"('metaphysics', 'processtheism')",process theism,metaphysics,phd,v1,v1,"{""model"": null, ""temperature"": null, ""date"": ""2025-09-17T01:47:42.771557+00:00"", ""prompt_version"": ""v1"", ""persona"": ""phd""}"
"('metaphysics', 'processtheism')",process theism,metaphysics,expert,v1,v1,"{""model"": null, ""temperature"": null, ""date"": ""2025-09-17T01:47:42.771587+00:00"", ""prompt_version"": ""v1"", ""persona"": ""expert""}"
"('metaphysics', 'philosophiesoftheparticularsciences')",philosophies of the particular sciences,metaphysics,phd,v1,v1,"{""model"": null, ""temperature"": null, ""date"": ""2025-09-17T01:47:42.771639+00:00"", ""prompt_version"": ""v1"", ""persona"": ""phd""}"
"('metaphysics', 'philosophiesoftheparticularsciences')",philosophies of the particular sciences,metaphysics,expert,v1,v1,"{""model"": null, ""temperature"": null, ""date"": ""2025-09-17T01:47:42.771669+00:00"", ""prompt_version"": ""v1"", ""persona"": ""expert""}"
"('creationism', 'philosophyofreligion')",creationism,philosophy of religion,phd,v1,v1,"{""model"": null, ""temperature"": null, ""date"": ""2025-09-17T01:47:42.771722+00:00"", ""prompt_version"": ""v1"", ""persona"": ""phd""}"
"('creationism', 'philosophyofreligion')",creationism,philosophy of religion,expert,v1,v1,"{""model"": null, ""temperature"": null, ""date"": ""2025-09-17T01:47:42.771751+00:00"", ""prompt_version"": ""v1"", ""persona"": ""expert""}"
"('epistemology', 'historyofscience')",history of science,epistemology,phd,v1,v1,"{""model"": null, ""temperature"": null, ""date"": ""2025-09-17T01:47:42.771803+00:00"", ""prompt_version"": ""v1"", ""persona"": ""phd""}"
"('epistemology', 'historyofscience')",history of science,epistemology,expert,v1,v1,"{""model"": null, ""temperature"": null, ""date"": ""2025-09-17T01:47:42.771833+00:00"", ""prompt_version"": ""v1"", ""persona"": ""expert""}"
"('causation', 'counterfactualtheoriesofcausation')",counterfactual theories of causation,causation,phd,v1,v1,"{""model"": null, ""temperature"": null, ""date"": ""2025-09-17T01:47:42.771885+00:00"", ""prompt_version"": ""v1"", ""persona"": ""phd""}"
"('causation', 'counterfactualtheoriesofcausation')",counterfactual theories of causation,causation,expert,v1,v1,"{""model"": null, ""temperature"": null, ""date"": ""2025-09-17T01:47:42.771915+00:00"", ""prompt_version"": ""v1"", ""persona"": ""expert""}"
"('consciousnessandintentionality', 'philosophyofmind')",consciousness and intentionality,philosophy of mind,phd,v1,v1,"{""model"": null, ""temperature"": null, ""date"": ""2025-09-17T01:47:42.771967+00:00"", ""prompt_version"": ""v1"", ""persona"": ""phd""}"
"('consciousnessandintentionality', 'philosophyofmind')",consciousness and intentionality,philosophy of mind,expert,v1,v1,"{""model"": null, ""temperature"": null, ""date"": ""2025-09-17T01:47:42.771998+00:00"", ""prompt_version"": ""v1"", ""persona"": ""expert""}"
"('descartesepistemology', 'philosophyofmind')",descartes' epistemology,philosophy of mind,phd,v1,v1,"{""model"": null, ""temperature"": null, ""date"": ""2025-09-17T01:47:42.772051+00:00"", ""prompt_version"": ""v1"", ""persona"": ""phd""}"
"('descartesepistemology', 'philosophyofmind')",descartes' epistemology,philosophy of mind,expert,v1,v1,"{""model"": null, ""temperature"": null, ""date"": ""2025-09-17T01:47:42.772081+00:00"", ""prompt_version"": ""v1"", ""persona"": ""expert""}"
"('descartesmodalmetaphysics', 'philosophyofmind')",descartes' modal metaphysics,philosophy of mind,phd,v1,v1,"{""model"": null, ""temperature"": null, ""date"": ""2025-09-17T01:47:42.772133+00:00"", ""prompt_version"": ""v1"", ""persona"": ""phd""}"
"('descartesmodalmetaphysics', 'philosophyofmind')",descartes' modal metaphysics,philosophy of mind,expert,v1,v1,"{""model"": null, ""temperature"": null, ""date"": ""2025-09-17T01:47:42.772163+00:00"", ""prompt_version"": ""v1"", ""persona"": ""expert""}"
"('cognitivescience', 'explanation')",cognitive science,explanation,course_taker,v1,v1,"{""model"": null, ""temperature"": null, ""date"": ""2025-09-17T01:47:42.772216+00:00"", ""prompt_version"": ""v1"", ""persona"": ""course_taker""}"
"('cognitivescience', 'explanation')",cognitive science,explanation,expert,v1,v1,"{""model"": null, ""temperature"": null, ""date"": ""2025-09-17T01:47:42.772265+00:00"", ""prompt_version"": ""v1"", ""persona"": ""expert""}"
"('philosophyofmind', 'probability')",probability,philosophy of mind,phd,v1,v1,"{""model"": null, ""temperature"": null, ""date"": ""2025-09-17T01:47:42.772317+00:00"", ""prompt_version"": ""v1"", ""persona"": ""phd""}"
"('philosophyofmind', 'probability')",probability,philosophy of mind,expert,v1,v1,"{""model"": null, ""temperature"": null, ""date"": ""2025-09-17T01:47:42.772347+00:00"", ""prompt_version"": ""v1"", ""persona"": ""expert""}"
"('dadaism', 'perception')",dadaism,perception,phd,v1,v1,"{""model"": null, ""temperature"": null, ""date"": ""2025-09-17T01:47:42.772399+00:00"", ""prompt_version"": ""v1"", ""persona"": ""phd""}"
"('dadaism', 'perception')",dadaism,perception,expert,v1,v1,"{""model"": null, ""temperature"": null, ""date"": ""2025-09-17T01:47:42.772428+00:00"", ""prompt_version"": ""v1"", ""persona"": ""expert""}"
"('cognitivescience', 'computationaltheoryofmind')",computational theory of mind,cognitive science,phd,v1,v1,"{""model"": null, ""temperature"": null, ""date"": ""2025-09-17T01:47:42.772480+00:00"", ""prompt_version"": ""v1"", ""persona"": ""phd""}"
"('cognitivescience', 'computationaltheoryofmind')",computational theory of mind,cognitive science,expert,v1,v1,"{""model"": null, ""temperature"": null, ""date"": ""2025-09-17T01:47:42.772511+00:00"", ""prompt_version"": ""v1"", ""persona"": ""expert""}"
"('artificialintelligence', 'chineseroomargument')",chinese room argument,artificial intelligence,phd,v1,v1,"{""model"": null, ""temperature"": null, ""date"": ""2025-09-17T01:47:42.772563+00:00"", ""prompt_version"": ""v1"", ""persona"": ""phd""}"
"('artificialintelligence', 'chineseroomargument')",chinese room argument,artificial intelligence,expert,v1,v1,"{""model"": null, ""temperature"": null, ""date"": ""2025-09-17T01:47:42.772594+00:00"", ""prompt_version"": ""v1"", ""persona"": ""expert""}"
"('daoism', 'philosophyofreligion')",daoism,philosophy of religion,phd,v1,v1,"{""model"": null, ""temperature"": null, ""date"": ""2025-09-17T01:47:42.772646+00:00"", ""prompt_version"": ""v1"", ""persona"": ""phd""}"
"('daoism', 'philosophyofreligion')",daoism,philosophy of religion,expert,v1,v1,"{""model"": null, ""temperature"": null, ""date"": ""2025-09-17T01:47:42.772675+00:00"", ""prompt_version"": ""v1"", ""persona"": ""expert""}"
"('epistemology', 'evolutionaryepistemology')",evolutionary epistemology,epistemology,phd,v1,v1,"{""model"": null, ""temperature"": null, ""date"": ""2025-09-17T01:47:42.772727+00:00"", ""prompt_version"": ""v1"", ""persona"": ""phd""}"
"('epistemology', 'evolutionaryepistemology')",evolutionary epistemology,epistemology,expert,v1,v1,"{""model"": null, ""temperature"": null, ""date"": ""2025-09-17T01:47:42.772760+00:00"", ""prompt_version"": ""v1"", ""persona"": ""expert""}"
"('causationinthelaw', 'philosophyoflaw')",causation in the law,philosophy of law,novice,v1,v1,"{""model"": null, ""temperature"": null, ""date"": ""2025-09-17T01:47:42.772811+00:00"", ""prompt_version"": ""v1"", ""persona"": ""novice""}"
"('causationinthelaw', 'philosophyoflaw')",causation in the law,philosophy of law,phd,v1,v1,"{""model"": null, ""temperature"": null, ""date"": ""2025-09-17T01:47:42.772842+00:00"", ""prompt_version"": ""v1"", ""persona"": ""phd""}"
"('philosophyofmind', 'problemofperception')",problem of perception,philosophy of mind,phd,v1,v1,"{""model"": null, ""temperature"": null, ""date"": ""2025-09-17T01:47:42.772894+00:00"", ""prompt_version"": ""v1"", ""persona"": ""phd""}"
"('philosophyofmind', 'problemofperception')",problem of perception,philosophy of mind,expert,v1,v1,"{""model"": null, ""temperature"": null, ""date"": ""2025-09-17T01:47:42.772925+00:00"", ""prompt_version"": ""v1"", ""persona"": ""expert""}"
"('consciousnessandpsychology', 'philosophyofmind')",consciousness and psychology,philosophy of mind,phd,v1,v1,"{""model"": null, ""temperature"": null, ""date"": ""2025-09-17T01:47:42.772977+00:00"", ""prompt_version"": ""v1"", ""persona"": ""phd""}"
"('consciousnessandpsychology', 'philosophyofmind')",consciousness and psychology,philosophy of mind,expert,v1,v1,"{""model"": null, ""temperature"": null, ""date"": ""2025-09-17T01:47:42.773007+00:00"", ""prompt_version"": ""v1"", ""persona"": ""expert""}"
"('body', 'perception')",body,perception,phd,v1,v1,"{""model"": null, ""temperature"": null, ""date"": ""2025-09-17T01:47:42.773060+00:00"", ""prompt_version"": ""v1"", ""persona"": ""phd""}"
"('body', 'perception')",body,perception,expert,v1,v1,"{""model"": null, ""temperature"": null, ""date"": ""2025-09-17T01:47:42.773089+00:00"", ""prompt_version"": ""v1"", ""persona"": ""expert""}"
"('metaphysics', 'singularpropositions')",singular propositions,metaphysics,phd,v1,v1,"{""model"": null, ""temperature"": null, ""date"": ""2025-09-17T01:47:42.773140+00:00"", ""prompt_version"": ""v1"", ""persona"": ""phd""}"
"('metaphysics', 'singularpropositions')",singular propositions,metaphysics,expert,v1,v1,"{""model"": null, ""temperature"": null, ""date"": ""2025-09-17T01:47:42.773170+00:00"", ""prompt_version"": ""v1"", ""persona"": ""expert""}"
"('philosophyofmind', 'philosophyofphysics')",philosophy of physics,philosophy of mind,phd,v1,v1,"{""model"": null, ""temperature"": null, ""date"": ""2025-09-17T01:47:42.773222+00:00"", ""prompt_version"": ""v1"", ""persona"": ""phd""}"
"('philosophyofmind', 'philosophyofphysics')",philosophy of physics,philosophy of mind,expert,v1,v1,"{""model"": null, ""temperature"": null, ""date"": ""2025-09-17T01:47:42.773252+00:00"", ""prompt_version"": ""v1"", ""persona"": ""expert""}"
"('aposterioriknowledge', 'perception')",a posteriori knowledge,perception,phd,v1,v1,"{""model"": null, ""temperature"": null, ""date"": ""2025-09-17T01:47:42.773304+00:00"", ""prompt_version"": ""v1"", ""persona"": ""phd""}"
"('aposterioriknowledge', 'perception')",a posteriori knowledge,perception,expert,v1,v1,"{""model"": null, ""temperature"": null, ""date"": ""2025-09-17T01:47:42.773333+00:00"", ""prompt_version"": ""v1"", ""persona"": ""expert""}"
"('emotionsinthechristiantradition', 'philosophyofreligion')",emotions in the christian tradition,philosophy of religion,phd,v1,v1,"{""model"": null, ""temperature"": null, ""date"": ""2025-09-17T01:47:42.773386+00:00"", ""prompt_version"": ""v1"", ""persona"": ""phd""}"
"('emotionsinthechristiantradition', 'philosophyofreligion')",emotions in the christian tradition,philosophy of religion,expert,v1,v1,"{""model"": null, ""temperature"": null, ""date"": ""2025-09-17T01:47:42.773417+00:00"", ""prompt_version"": ""v1"", ""persona"": ""expert""}"
"('consciousnessandintentionality', 'intentionality')",consciousness and intentionality,intentionality,phd,v1,v1,"{""model"": null, ""temperature"": null, ""date"": ""2025-09-17T01:47:42.773470+00:00"", ""prompt_version"": ""v1"", ""persona"": ""phd""}"
"('consciousnessandintentionality', 'intentionality')",consciousness and intentionality,intentionality,expert,v1,v1,"{""model"": null, ""temperature"": null, ""date"": ""2025-09-17T01:47:42.773500+00:00"", ""prompt_version"": ""v1"", ""persona"": ""expert""}"
"('perception', 'phenomenologicalapproachestoselfconsciousness')",phenomenological approaches to self-consciousness,perception,phd,v1,v1,"{""model"": null, ""temperature"": null, ""date"": ""2025-09-17T01:47:42.773553+00:00"", ""prompt_version"": ""v1"", ""persona"": ""phd""}"
"('perception', 'phenomenologicalapproachestoselfconsciousness')",phenomenological approaches to self-consciousness,perception,expert,v1,v1,"{""model"": null, ""temperature"": null, ""date"": ""2025-09-17T01:47:42.773584+00:00"", ""prompt_version"": ""v1"", ""persona"": ""expert""}"
"('antirealism', 'epistemology')",anti-realism,epistemology,phd,v1,v1,"{""model"": null, ""temperature"": null, ""date"": ""2025-09-17T01:47:42.773637+00:00"", ""prompt_version"": ""v1"", ""persona"": ""phd""}"
"('antirealism', 'epistemology')",anti-realism,epistemology,expert,v1,v1,"{""model"": null, ""temperature"": null, ""date"": ""2025-09-17T01:47:42.773683+00:00"", ""prompt_version"": ""v1"", ""persona"": ""expert""}"
"('experienceandperceptionoftime', 'perception')",experience and perception of time,perception,phd,v1,v1,"{""model"": null, ""temperature"": null, ""date"": ""2025-09-17T01:47:42.773749+00:00"", ""prompt_version"": ""v1"", ""persona"": ""phd""}"
"('experienceandperceptionoftime', 'perception')",experience and perception of time,perception,expert,v1,v1,"{""model"": null, ""temperature"": null, ""date"": ""2025-09-17T01:47:42.773779+00:00"", ""prompt_version"": ""v1"", ""persona"": ""expert""}"
"('scientificmethodology', 'thescientificmethod')",the scientific method,scientific methodology,novice,v1,v1,"{""model"": null, ""temperature"": null, ""date"": ""2025-09-17T01:47:42.773833+00:00"", ""prompt_version"": ""v1"", ""persona"": ""novice""}"
"('scientificmethodology', 'thescientificmethod')",the scientific method,scientific methodology,phd,v1,v1,"{""model"": null, ""temperature"": null, ""date"": ""2025-09-17T01:47:42.773865+00:00"", ""prompt_version"": ""v1"", ""persona"": ""phd""}"
"('mentalcontent', 'nonconceptualmentalcontent')",nonconceptual mental content,mental content,phd,v1,v1,"{""model"": null, ""temperature"": null, ""date"": ""2025-09-17T01:47:42.773920+00:00"", ""prompt_version"": ""v1"", ""persona"": ""phd""}"
"('mentalcontent', 'nonconceptualmentalcontent')",nonconceptual mental content,mental content,expert,v1,v1,"{""model"": null, ""temperature"": null, ""date"": ""2025-09-17T01:47:42.773950+00:00"", ""prompt_version"": ""v1"", ""persona"": ""expert""}"
"('epistemology', 'philosophyofphysics')",philosophy of physics,epistemology,phd,v1,v1,"{""model"": null, ""temperature"": null, ""date"": ""2025-09-17T01:47:42.774004+00:00"", ""prompt_version"": ""v1"", ""persona"": ""phd""}"
"('epistemology', 'philosophyofphysics')",philosophy of physics,epistemology,expert,v1,v1,"{""model"": null, ""temperature"": null, ""date"": ""2025-09-17T01:47:42.774034+00:00"", ""prompt_version"": ""v1"", ""persona"": ""expert""}"
"('metaphysics', 'peripatetic')",peripatetic,metaphysics,phd,v1,v1,"{""model"": null, ""temperature"": null, ""date"": ""2025-09-17T01:47:42.774087+00:00"", ""prompt_version"": ""v1"", ""persona"": ""phd""}"
"('metaphysics', 'peripatetic')",peripatetic,metaphysics,expert,v1,v1,"{""model"": null, ""temperature"": null, ""date"": ""2025-09-17T01:47:42.774117+00:00"", ""prompt_version"": ""v1"", ""persona"": ""expert""}"
"('expressionism', 'perception')",expressionism,perception,phd,v1,v1,"{""model"": null, ""temperature"": null, ""date"": ""2025-09-17T01:47:42.774169+00:00"", ""prompt_version"": ""v1"", ""persona"": ""phd""}"
"('expressionism', 'perception')",expressionism,perception,expert,v1,v1,"{""model"": null, ""temperature"": null, ""date"": ""2025-09-17T01:47:42.774198+00:00"", ""prompt_version"": ""v1"", ""persona"": ""expert""}"
"('philosophiesoftheparticularsciences', 'philosophyofmind')",philosophies of the particular sciences,philosophy of mind,phd,v1,v1,"{""model"": null, ""temperature"": null, ""date"": ""2025-09-17T01:47:42.774251+00:00"", ""prompt_version"": ""v1"", ""persona"": ""phd""}"
"('philosophiesoftheparticularsciences', 'philosophyofmind')",philosophies of the particular sciences,philosophy of mind,expert,v1,v1,"{""model"": null, ""temperature"": null, ""date"": ""2025-09-17T01:47:42.774282+00:00"", ""prompt_version"": ""v1"", ""persona"": ""expert""}"
"('africanamericanphilosophy', 'africanandafricanamericanphilosophy')",african american philosophy,african and african-american philosophy,course_taker,v1,v1,"{""model"": null, ""temperature"": null, ""date"": ""2025-09-17T01:47:42.774338+00:00"", ""prompt_version"": ""v1"", ""persona"": ""course_taker""}"
"('africanamericanphilosophy', 'africanandafricanamericanphilosophy')",african american philosophy,african and african-american philosophy,phd,v1,v1,"{""model"": null, ""temperature"": null, ""date"": ""2025-09-17T01:47:42.774370+00:00"", ""prompt_version"": ""v1"", ""persona"": ""phd""}"
"('philosophyofmind', 'scottishphilosophyinthe19thcentury')",scottish philosophy in the 19th century,philosophy of mind,phd,v1,v1,"{""model"": null, ""temperature"": null, ""date"": ""2025-09-17T01:47:42.774426+00:00"", ""prompt_version"": ""v1"", ""persona"": ""phd""}"
"('philosophyofmind', 'scottishphilosophyinthe19thcentury')",scottish philosophy in the 19th century,philosophy of mind,expert,v1,v1,"{""model"": null, ""temperature"": null, ""date"": ""2025-09-17T01:47:42.774457+00:00"", ""prompt_version"": ""v1"", ""persona"": ""expert""}"
"('aristotleandmathematics', 'metaphysics')",aristotle and mathematics,metaphysics,phd,v1,v1,"{""model"": null, ""temperature"": null, ""date"": ""2025-09-17T01:47:42.774511+00:00"", ""prompt_version"": ""v1"", ""persona"": ""phd""}"
"('aristotleandmathematics', 'metaphysics')",aristotle and mathematics,metaphysics,expert,v1,v1,"{""model"": null, ""temperature"": null, ""date"": ""2025-09-17T01:47:42.774542+00:00"", ""prompt_version"": ""v1"", ""persona"": ""expert""}"
"('epistemology', 'logicandlanguage')",logic and language,epistemology,phd,v1,v1,"{""model"": null, ""temperature"": null, ""date"": ""2025-09-17T01:47:42.774595+00:00"", ""prompt_version"": ""v1"", ""persona"": ""phd""}"
"('epistemology', 'logicandlanguage')",logic and language,epistemology,expert,v1,v1,"{""model"": null, ""temperature"": null, ""date"": ""2025-09-17T01:47:42.774625+00:00"", ""prompt_version"": ""v1"", ""persona"": ""expert""}"
"('idealism', 'modernism')",modernism,idealism,course_taker,v1,v1,"{""model"": null, ""temperature"": null, ""date"": ""2025-09-17T01:47:42.774678+00:00"", ""prompt_version"": ""v1"", ""persona"": ""course_taker""}"
"('idealism', 'modernism')",modernism,idealism,expert,v1,v1,"{""model"": null, ""temperature"": null, ""date"": ""2025-09-17T01:47:42.774712+00:00"", ""prompt_version"": ""v1"", ""persona"": ""expert""}"
"('epistemology', 'philosophyofchemistry')",philosophy of chemistry,epistemology,phd,v1,v1,"{""model"": null, ""temperature"": null, ""date"": ""2025-09-17T01:47:42.774764+00:00"", ""prompt_version"": ""v1"", ""persona"": ""phd""}"
"('epistemology', 'philosophyofchemistry')",philosophy of chemistry,epistemology,expert,v1,v1,"{""model"": null, ""temperature"": null, ""date"": ""2025-09-17T01:47:42.774794+00:00"", ""prompt_version"": ""v1"", ""persona"": ""expert""}"
"('africanandafricanamericanphilosophy', 'humanrights')",human rights,african and african-american philosophy,course_taker,v1,v1,"{""model"": null, ""temperature"": null, ""date"": ""2025-09-17T01:47:42.774846+00:00"", ""prompt_version"": ""v1"", ""persona"": ""course_taker""}"
"('africanandafricanamericanphilosophy', 'humanrights')",human rights,african and african-american philosophy,phd,v1,v1,"{""model"": null, ""temperature"": null, ""date"": ""2025-09-17T01:47:42.774877+00:00"", ""prompt_version"": ""v1"", ""persona"": ""phd""}"
"('logic', 'modallogic')",logic,modal logic,course_taker,v1,v1,"{""model"": null, ""temperature"": null, ""date"": ""2025-09-17T01:47:42.774930+00:00"", ""prompt_version"": ""v1"", ""persona"": ""course_taker""}"
"('logic', 'modallogic')",logic,modal logic,phd,v1,v1,"{""model"": null, ""temperature"": null, ""date"": ""2025-09-17T01:47:42.774959+00:00"", ""prompt_version"": ""v1"", ""persona"": ""phd""}"
"('epistemology', 'platoonutopia')",plato on utopia,epistemology,phd,v1,v1,"{""model"": null, ""temperature"": null, ""date"": ""2025-09-17T01:47:42.775011+00:00"", ""prompt_version"": ""v1"", ""persona"": ""phd""}"
"('epistemology', 'platoonutopia')",plato on utopia,epistemology,expert,v1,v1,"{""model"": null, ""temperature"": null, ""date"": ""2025-09-17T01:47:42.775041+00:00"", ""prompt_version"": ""v1"", ""persona"": ""expert""}"
"('introspection', 'perception')",introspection,perception,phd,v1,v1,"{""model"": null, ""temperature"": null, ""date"": ""2025-09-17T01:47:42.775093+00:00"", ""prompt_version"": ""v1"", ""persona"": ""phd""}"
"('introspection', 'perception')",introspection,perception,expert,v1,v1,"{""model"": null, ""temperature"": null, ""date"": ""2025-09-17T01:47:42.775145+00:00"", ""prompt_version"": ""v1"", ""persona"": ""expert""}"
"('philosophyofreligion', 'transcendentalism')",transcendentalism,philosophy of religion,phd,v1,v1,"{""model"": null, ""temperature"": null, ""date"": ""2025-09-17T01:47:42.775198+00:00"", ""prompt_version"": ""v1"", ""persona"": ""phd""}"
"('philosophyofreligion', 'transcendentalism')",transcendentalism,philosophy of religion,expert,v1,v1,"{""model"": null, ""temperature"": null, ""date"": ""2025-09-17T01:47:42.775228+00:00"", ""prompt_version"": ""v1"", ""persona"": ""expert""}"
"('connectionistmodel', 'perception')",connectionist model,perception,phd,v1,v1,"{""model"": null, ""temperature"": null, ""date"": ""2025-09-17T01:47:42.775280+00:00"", ""prompt_version"": ""v1"", ""persona"": ""phd""}"
"('connectionistmodel', 'perception')",connectionist model,perception,expert,v1,v1,"{""model"": null, ""temperature"": null, ""date"": ""2025-09-17T01:47:42.775310+00:00"", ""prompt_version"": ""v1"", ""persona"": ""expert""}"
"('philosophyofcomputerscience', 'philosophyoflanguage')",philosophy of computer science,philosophy of language,course_taker,v1,v1,"{""model"": null, ""temperature"": null, ""date"": ""2025-09-17T01:47:42.775362+00:00"", ""prompt_version"": ""v1"", ""persona"": ""course_taker""}"
"('philosophyofcomputerscience', 'philosophyoflanguage')",philosophy of computer science,philosophy of language,expert,v1,v1,"{""model"": null, ""temperature"": null, ""date"": ""2025-09-17T01:47:42.775393+00:00"", ""prompt_version"": ""v1"", ""persona"": ""expert""}"
"('atonement', 'philosophyofreligion')",atonement,philosophy of religion,phd,v1,v1,"{""model"": null, ""temperature"": null, ""date"": ""2025-09-17T01:47:42.775446+00:00"", ""prompt_version"": ""v1"", ""persona"": ""phd""}"
"('atonement', 'philosophyofreligion')",atonement,philosophy of religion,expert,v1,v1,"{""model"": null, ""temperature"": null, ""date"": ""2025-09-17T01:47:42.775475+00:00"", ""prompt_version"": ""v1"", ""persona"": ""expert""}"
"('cosmologicalargument', 'philosophyofreligion')",cosmological argument,philosophy of religion,phd,v1,v1,"{""model"": null, ""temperature"": null, ""date"": ""2025-09-17T01:47:42.775528+00:00"", ""prompt_version"": ""v1"", ""persona"": ""phd""}"
"('cosmologicalargument', 'philosophyofreligion')",cosmological argument,philosophy of religion,expert,v1,v1,"{""model"": null, ""temperature"": null, ""date"": ""2025-09-17T01:47:42.775558+00:00"", ""prompt_version"": ""v1"", ""persona"": ""expert""}"
"('epistemology', 'internalismandexternalism')",internalism and externalism,epistemology,phd,v1,v1,"{""model"": null, ""temperature"": null, ""date"": ""2025-09-17T01:47:42.775610+00:00"", ""prompt_version"": ""v1"", ""persona"": ""phd""}"
"('epistemology', 'internalismandexternalism')",internalism and externalism,epistemology,expert,v1,v1,"{""model"": null, ""temperature"": null, ""date"": ""2025-09-17T01:47:42.775640+00:00"", ""prompt_version"": ""v1"", ""persona"": ""expert""}"
"('historyoflogic', 'informallogic')",informal logic,history of logic,novice,v1,v1,"{""model"": null, ""temperature"": null, ""date"": ""2025-09-17T01:47:42.775692+00:00"", ""prompt_version"": ""v1"", ""persona"": ""novice""}"
"('historyoflogic', 'informallogic')",informal logic,history of logic,phd,v1,v1,"{""model"": null, ""temperature"": null, ""date"": ""2025-09-17T01:47:42.775722+00:00"", ""prompt_version"": ""v1"", ""persona"": ""phd""}"
"('metaphysics', 'socialphilosophyandpoliticalphilosophy')",social philosophy and political philosophy,metaphysics,phd,v1,v1,"{""model"": null, ""temperature"": null, ""date"": ""2025-09-17T01:47:42.775774+00:00"", ""prompt_version"": ""v1"", ""persona"": ""phd""}"
"('metaphysics', 'socialphilosophyandpoliticalphilosophy')",social philosophy and political philosophy,metaphysics,expert,v1,v1,"{""model"": null, ""temperature"": null, ""date"": ""2025-09-17T01:47:42.775805+00:00"", ""prompt_version"": ""v1"", ""persona"": ""expert""}"
"('medievalpoliticalphilosophy', 'socialandpoliticalphilosophy')",medieval political philosophy,social and political philosophy,phd,v1,v1,"{""model"": null, ""temperature"": null, ""date"": ""2025-09-17T01:47:42.775859+00:00"", ""prompt_version"": ""v1"", ""persona"": ""phd""}"
"('medievalpoliticalphilosophy', 'socialandpoliticalphilosophy')",medieval political philosophy,social and political philosophy,expert,v1,v1,"{""model"": null, ""temperature"": null, ""date"": ""2025-09-17T01:47:42.775889+00:00"", ""prompt_version"": ""v1"", ""persona"": ""expert""}"
"('determinatesvsdeterminables', 'historyoflogic')",determinates vs. determinables,history of logic,novice,v1,v1,"{""model"": null, ""temperature"": null, ""date"": ""2025-09-17T01:47:42.775942+00:00"", ""prompt_version"": ""v1"", ""persona"": ""novice""}"
"('determinatesvsdeterminables', 'historyoflogic')",determinates vs. determinables,history of logic,phd,v1,v1,"{""model"": null, ""temperature"": null, ""date"": ""2025-09-17T01:47:42.775972+00:00"", ""prompt_version"": ""v1"", ""persona"": ""phd""}"
"('epistemology', 'optimism')",optimism,epistemology,phd,v1,v1,"{""model"": null, ""temperature"": null, ""date"": ""2025-09-17T01:47:42.776025+00:00"", ""prompt_version"": ""v1"", ""persona"": ""phd""}"
"('epistemology', 'optimism')",optimism,epistemology,expert,v1,v1,"{""model"": null, ""temperature"": null, ""date"": ""2025-09-17T01:47:42.776054+00:00"", ""prompt_version"": ""v1"", ""persona"": ""expert""}"
"('phenomenologyofreligion', 'philosophyofreligion')",phenomenology of religion,philosophy of religion,phd,v1,v1,"{""model"": null, ""temperature"": null, ""date"": ""2025-09-17T01:47:42.776106+00:00"", ""prompt_version"": ""v1"", ""persona"": ""phd""}"
"('phenomenologyofreligion', 'philosophyofreligion')",phenomenology of religion,philosophy of religion,expert,v1,v1,"{""model"": null, ""temperature"": null, ""date"": ""2025-09-17T01:47:42.776136+00:00"", ""prompt_version"": ""v1"", ""persona"": ""expert""}"
"('metaphysics', 'philosophyofspaceandtime')",philosophy of space and time,metaphysics,phd,v1,v1,"{""model"": null, ""temperature"": null, ""date"": ""2025-09-17T01:47:42.776188+00:00"", ""prompt_version"": ""v1"", ""persona"": ""phd""}"
"('metaphysics', 'philosophyofspaceandtime')",philosophy of space and time,metaphysics,expert,v1,v1,"{""model"": null, ""temperature"": null, ""date"": ""2025-09-17T01:47:42.776218+00:00"", ""prompt_version"": ""v1"", ""persona"": ""expert""}"
"('epistemology', 'philosophyoflogic')",philosophy of logic,epistemology,phd,v1,v1,"{""model"": null, ""temperature"": null, ""date"": ""2025-09-17T01:47:42.776270+00:00"", ""prompt_version"": ""v1"", ""persona"": ""phd""}"
"('epistemology', 'philosophyoflogic')",philosophy of logic,epistemology,expert,v1,v1,"{""model"": null, ""temperature"": null, ""date"": ""2025-09-17T01:47:42.776300+00:00"", ""prompt_version"": ""v1"", ""persona"": ""expert""}"
"('existence', 'perception')",existence,perception,phd,v1,v1,"{""model"": null, ""temperature"": null, ""date"": ""2025-09-17T01:47:42.776352+00:00"", ""prompt_version"": ""v1"", ""persona"": ""phd""}"
"('existence', 'perception')",existence,perception,expert,v1,v1,"{""model"": null, ""temperature"": null, ""date"": ""2025-09-17T01:47:42.776381+00:00"", ""prompt_version"": ""v1"", ""persona"": ""expert""}"
"('computationandrepresentation', 'perception')",computation and representation,perception,phd,v1,v1,"{""model"": null, ""temperature"": null, ""date"": ""2025-09-17T01:47:42.776433+00:00"", ""prompt_version"": ""v1"", ""persona"": ""phd""}"
"('computationandrepresentation', 'perception')",computation and representation,perception,expert,v1,v1,"{""model"": null, ""temperature"": null, ""date"": ""2025-09-17T01:47:42.776464+00:00"", ""prompt_version"": ""v1"", ""persona"": ""expert""}"
"('ancientphilosophyaristotle', 'philosophyofmind')",ancient philosophy (aristotle),philosophy of mind,phd,v1,v1,"{""model"": null, ""temperature"": null, ""date"": ""2025-09-17T01:47:42.776531+00:00"", ""prompt_version"": ""v1"", ""persona"": ""phd""}"
"('ancientphilosophyaristotle', 'philosophyofmind')",ancient philosophy (aristotle),philosophy of mind,expert,v1,v1,"{""model"": null, ""temperature"": null, ""date"": ""2025-09-17T01:47:42.776561+00:00"", ""prompt_version"": ""v1"", ""persona"": ""expert""}"
"('philosophyofmind', 'virtuesandvices')",virtues and vices,philosophy of mind,phd,v1,v1,"{""model"": null, ""temperature"": null, ""date"": ""2025-09-17T01:47:42.776614+00:00"", ""prompt_version"": ""v1"", ""persona"": ""phd""}"
"('philosophyofmind', 'virtuesandvices')",virtues and vices,philosophy of mind,expert,v1,v1,"{""model"": null, ""temperature"": null, ""date"": ""2025-09-17T01:47:42.776644+00:00"", ""prompt_version"": ""v1"", ""persona"": ""expert""}"
"('epistemology', 'ideas')",ideas,epistemology,phd,v1,v1,"{""model"": null, ""temperature"": null, ""date"": ""2025-09-17T01:47:42.776695+00:00"", ""prompt_version"": ""v1"", ""persona"": ""phd""}"
"('epistemology', 'ideas')",ideas,epistemology,expert,v1,v1,"{""model"": null, ""temperature"": null, ""date"": ""2025-09-17T01:47:42.776725+00:00"", ""prompt_version"": ""v1"", ""persona"": ""expert""}"
"('identitytheoryoftruth', 'metaphysics')",identity theory of truth,metaphysics,phd,v1,v1,"{""model"": null, ""temperature"": null, ""date"": ""2025-09-17T01:47:42.776776+00:00"", ""prompt_version"": ""v1"", ""persona"": ""phd""}"
"('identitytheoryoftruth', 'metaphysics')",identity theory of truth,metaphysics,expert,v1,v1,"{""model"": null, ""temperature"": null, ""date"": ""2025-09-17T01:47:42.776806+00:00"", ""prompt_version"": ""v1"", ""persona"": ""expert""}"
"('abstractobject', 'metaphysics')",abstract object,metaphysics,phd,v1,v1,"{""model"": null, ""temperature"": null, ""date"": ""2025-09-17T01:47:42.776858+00:00"", ""prompt_version"": ""v1"", ""persona"": ""phd""}"
"('abstractobject', 'metaphysics')",abstract object,metaphysics,expert,v1,v1,"{""model"": null, ""temperature"": null, ""date"": ""2025-09-17T01:47:42.776888+00:00"", ""prompt_version"": ""v1"", ""persona"": ""expert""}"
"('internalism', 'philosophyofmind')",internalism,philosophy of mind,phd,v1,v1,"{""model"": null, ""temperature"": null, ""date"": ""2025-09-17T01:47:42.776939+00:00"", ""prompt_version"": ""v1"", ""persona"": ""phd""}"
"('internalism', 'philosophyofmind')",internalism,philosophy of mind,expert,v1,v1,"{""model"": null, ""temperature"": null, ""date"": ""2025-09-17T01:47:42.776969+00:00"", ""prompt_version"": ""v1"", ""persona"": ""expert""}"
"('artificialintelligence', 'distributedrepresentation')",distributed representation,artificial intelligence,phd,v1,v1,"{""model"": null, ""temperature"": null, ""date"": ""2025-09-17T01:47:42.777021+00:00"", ""prompt_version"": ""v1"", ""persona"": ""phd""}"
"('artificialintelligence', 'distributedrepresentation')",distributed representation,artificial intelligence,expert,v1,v1,"{""model"": null, ""temperature"": null, ""date"": ""2025-09-17T01:47:42.777051+00:00"", ""prompt_version"": ""v1"", ""persona"": ""expert""}"
"('consciousness', 'philosophyofmind')",consciousness,philosophy of mind,phd,v1,v1,"{""model"": null, ""temperature"": null, ""date"": ""2025-09-17T01:47:42.777104+00:00"", ""prompt_version"": ""v1"", ""persona"": ""phd""}"
"('consciousness', 'philosophyofmind')",consciousness,philosophy of mind,expert,v1,v1,"{""model"": null, ""temperature"": null, ""date"": ""2025-09-17T01:47:42.777134+00:00"", ""prompt_version"": ""v1"", ""persona"": ""expert""}"
"('epistemology', 'inductivelogicanddecisiontheory')",inductive logic and decision theory,epistemology,phd,v1,v1,"{""model"": null, ""temperature"": null, ""date"": ""2025-09-17T01:47:42.777186+00:00"", ""prompt_version"": ""v1"", ""persona"": ""phd""}"
"('epistemology', 'inductivelogicanddecisiontheory')",inductive logic and decision theory,epistemology,expert,v1,v1,"{""model"": null, ""temperature"": null, ""date"": ""2025-09-17T01:47:42.777217+00:00"", ""prompt_version"": ""v1"", ""persona"": ""expert""}"
"('folkpsychology', 'inputunit')",input unit,folk psychology,phd,v1,v1,"{""model"": null, ""temperature"": null, ""date"": ""2025-09-17T01:47:42.777269+00:00"", ""prompt_version"": ""v1"", ""persona"": ""phd""}"
"('folkpsychology', 'inputunit')",input unit,folk psychology,expert,v1,v1,"{""model"": null, ""temperature"": null, ""date"": ""2025-09-17T01:47:42.777298+00:00"", ""prompt_version"": ""v1"", ""persona"": ""expert""}"
"('dualismandmetaphysicsofmind', 'philosophyofmind')",dualism and metaphysics of mind,philosophy of mind,phd,v1,v1,"{""model"": null, ""temperature"": null, ""date"": ""2025-09-17T01:47:42.777350+00:00"", ""prompt_version"": ""v1"", ""persona"": ""phd""}"
"('dualismandmetaphysicsofmind', 'philosophyofmind')",dualism and metaphysics of mind,philosophy of mind,expert,v1,v1,"{""model"": null, ""temperature"": null, ""date"": ""2025-09-17T01:47:42.777380+00:00"", ""prompt_version"": ""v1"", ""persona"": ""expert""}"
"('philosophyofphysics', 'philosophyofscienceandthesciences')",philosophy of physics,philosophy of science and the sciences,phd,v1,v1,"{""model"": null, ""temperature"": null, ""date"": ""2025-09-17T01:47:42.777433+00:00"", ""prompt_version"": ""v1"", ""persona"": ""phd""}"
"('philosophyofphysics', 'philosophyofscienceandthesciences')",philosophy of physics,philosophy of science and the sciences,expert,v1,v1,"{""model"": null, ""temperature"": null, ""date"": ""2025-09-17T01:47:42.777464+00:00"", ""prompt_version"": ""v1"", ""persona"": ""expert""}"
"('mentalimagery', 'perception')",mental imagery,perception,phd,v1,v1,"{""model"": null, ""temperature"": null, ""date"": ""2025-09-17T01:47:42.777517+00:00"", ""prompt_version"": ""v1"", ""persona"": ""phd""}"
"('mentalimagery', 'perception')",mental imagery,perception,expert,v1,v1,"{""model"": null, ""temperature"": null, ""date"": ""2025-09-17T01:47:42.777546+00:00"", ""prompt_version"": ""v1"", ""persona"": ""expert""}"
"('afterlife', 'heavenandhell')",heaven and hell,afterlife,phd,v1,v1,"{""model"": null, ""temperature"": null, ""date"": ""2025-09-17T01:47:42.777598+00:00"", ""prompt_version"": ""v1"", ""persona"": ""phd""}"
"('afterlife', 'heavenandhell')",heaven and hell,afterlife,expert,v1,v1,"{""model"": null, ""temperature"": null, ""date"": ""2025-09-17T01:47:42.777628+00:00"", ""prompt_version"": ""v1"", ""persona"": ""expert""}"
"('divinerevelation', 'philosophyofreligion')",divine revelation,philosophy of religion,phd,v1,v1,"{""model"": null, ""temperature"": null, ""date"": ""2025-09-17T01:47:42.777680+00:00"", ""prompt_version"": ""v1"", ""persona"": ""phd""}"
"('divinerevelation', 'philosophyofreligion')",divine revelation,philosophy of religion,expert,v1,v1,"{""model"": null, ""temperature"": null, ""date"": ""2025-09-17T01:47:42.777709+00:00"", ""prompt_version"": ""v1"", ""persona"": ""expert""}"
"('mind', 'philosophyofmind')",mind,philosophy of mind,phd,v1,v1,"{""model"": null, ""temperature"": null, ""date"": ""2025-09-17T01:47:42.777764+00:00"", ""prompt_version"": ""v1"", ""persona"": ""phd""}"
"('mind', 'philosophyofmind')",mind,philosophy of mind,expert,v1,v1,"{""model"": null, ""temperature"": null, ""date"": ""2025-09-17T01:47:42.777793+00:00"", ""prompt_version"": ""v1"", ""persona"": ""expert""}"
"('folkpsychology', 'simulationtheory')",simulation theory,folk psychology,phd,v1,v1,"{""model"": null, ""temperature"": null, ""date"": ""2025-09-17T01:47:42.777845+00:00"", ""prompt_version"": ""v1"", ""persona"": ""phd""}"
"('folkpsychology', 'simulationtheory')",simulation theory,folk psychology,expert,v1,v1,"{""model"": null, ""temperature"": null, ""date"": ""2025-09-17T01:47:42.777874+00:00"", ""prompt_version"": ""v1"", ""persona"": ""expert""}"
"('existence', 'existentialism')",existentialism,existence,course_taker,v1,v1,"{""model"": null, ""temperature"": null, ""date"": ""2025-09-17T01:47:42.777945+00:00"", ""prompt_version"": ""v1"", ""persona"": ""course_taker""}"
"('existence', 'existentialism')",existentialism,existence,phd,v1,v1,"{""model"": null, ""temperature"": null, ""date"": ""2025-09-17T01:47:42.777976+00:00"", ""prompt_version"": ""v1"", ""persona"": ""phd""}"
"('interpretationsofprobability', 'philosophyofscienceandthesciences')",interpretations of probability,philosophy of science and the sciences,phd,v1,v1,"{""model"": null, ""temperature"": null, ""date"": ""2025-09-17T01:47:42.778028+00:00"", ""prompt_version"": ""v1"", ""persona"": ""phd""}"
"('interpretationsofprobability', 'philosophyofscienceandthesciences')",interpretations of probability,philosophy of science and the sciences,expert,v1,v1,"{""model"": null, ""temperature"": null, ""date"": ""2025-09-17T01:47:42.778059+00:00"", ""prompt_version"": ""v1"", ""persona"": ""expert""}"
"('deontology', 'ethics')",ethics,deontology,novice,v1,v1,"{""model"": null, ""temperature"": null, ""date"": ""2025-09-17T01:47:42.778112+00:00"", ""prompt_version"": ""v1"", ""persona"": ""novice""}"
"('deontology', 'ethics')",ethics,deontology,phd,v1,v1,"{""model"": null, ""temperature"": null, ""date"": ""2025-09-17T01:47:42.778142+00:00"", ""prompt_version"": ""v1"", ""persona"": ""phd""}"
"('logic', 'logicandlanguage')",logic,logic and language,course_taker,v1,v1,"{""model"": null, ""temperature"": null, ""date"": ""2025-09-17T01:47:42.778193+00:00"", ""prompt_version"": ""v1"", ""persona"": ""course_taker""}"
"('logic', 'logicandlanguage')",logic,logic and language,phd,v1,v1,"{""model"": null, ""temperature"": null, ""date"": ""2025-09-17T01:47:42.778223+00:00"", ""prompt_version"": ""v1"", ""persona"": ""phd""}"
"('constructivemathematics', 'philosophyofscienceandthesciences')",constructive mathematics,philosophy of science and the sciences,phd,v1,v1,"{""model"": null, ""temperature"": null, ""date"": ""2025-09-17T01:47:42.778275+00:00"", ""prompt_version"": ""v1"", ""persona"": ""phd""}"
"('constructivemathematics', 'philosophyofscienceandthesciences')",constructive mathematics,philosophy of science and the sciences,expert,v1,v1,"{""model"": null, ""temperature"": null, ""date"": ""2025-09-17T01:47:42.778306+00:00"", ""prompt_version"": ""v1"", ""persona"": ""expert""}"
"('philosophyofmind', 'unityofconsciousness')",unity of consciousness,philosophy of mind,phd,v1,v1,"{""model"": null, ""temperature"": null, ""date"": ""2025-09-17T01:47:42.778359+00:00"", ""prompt_version"": ""v1"", ""persona"": ""phd""}"
"('philosophyofmind', 'unityofconsciousness')",unity of consciousness,philosophy of mind,expert,v1,v1,"{""model"": null, ""temperature"": null, ""date"": ""2025-09-17T01:47:42.778390+00:00"", ""prompt_version"": ""v1"", ""persona"": ""expert""}"
"('otherminds', 'philosophyofmind')",other minds,philosophy of mind,phd,v1,v1,"{""model"": null, ""temperature"": null, ""date"": ""2025-09-17T01:47:42.778441+00:00"", ""prompt_version"": ""v1"", ""persona"": ""phd""}"
"('otherminds', 'philosophyofmind')",other minds,philosophy of mind,expert,v1,v1,"{""model"": null, ""temperature"": null, ""date"": ""2025-09-17T01:47:42.778471+00:00"", ""prompt_version"": ""v1"", ""persona"": ""expert""}"
"('perception', 'psychologicaltheory')",psychological theory,perception,phd,v1,v1,"{""model"": null, ""temperature"": null, ""date"": ""2025-09-17T01:47:42.778523+00:00"", ""prompt_version"": ""v1"", ""persona"": ""phd""}"
"('perception', 'psychologicaltheory')",psychological theory,perception,expert,v1,v1,"{""model"": null, ""temperature"": null, ""date"": ""2025-09-17T01:47:42.778552+00:00"", ""prompt_version"": ""v1"", ""persona"": ""expert""}"
"('knowledgeargument', 'physicalism')",knowledge argument,physicalism,phd,v1,v1,"{""model"": null, ""temperature"": null, ""date"": ""2025-09-17T01:47:42.778604+00:00"", ""prompt_version"": ""v1"", ""persona"": ""phd""}"
"('knowledgeargument', 'physicalism')",knowledge argument,physicalism,expert,v1,v1,"{""model"": null, ""temperature"": null, ""date"": ""2025-09-17T01:47:42.778634+00:00"", ""prompt_version"": ""v1"", ""persona"": ""expert""}"
"('epistemology', 'moralepistemology')",moral epistemology,epistemology,phd,v1,v1,"{""model"": null, ""temperature"": null, ""date"": ""2025-09-17T01:47:42.778686+00:00"", ""prompt_version"": ""v1"", ""persona"": ""phd""}"
"('epistemology', 'moralepistemology')",moral epistemology,epistemology,expert,v1,v1,"{""model"": null, ""temperature"": null, ""date"": ""2025-09-17T01:47:42.778716+00:00"", ""prompt_version"": ""v1"", ""persona"": ""expert""}"
"('epistemology', 'externalism')",externalism,epistemology,phd,v1,v1,"{""model"": null, ""temperature"": null, ""date"": ""2025-09-17T01:47:42.778767+00:00"", ""prompt_version"": ""v1"", ""persona"": ""phd""}"
"('epistemology', 'externalism')",externalism,epistemology,expert,v1,v1,"{""model"": null, ""temperature"": null, ""date"": ""2025-09-17T01:47:42.778797+00:00"", ""prompt_version"": ""v1"", ""persona"": ""expert""}"
"('epistemology', 'realismandantirealism')",realism and anti-realism,epistemology,phd,v1,v1,"{""model"": null, ""temperature"": null, ""date"": ""2025-09-17T01:47:42.778848+00:00"", ""prompt_version"": ""v1"", ""persona"": ""phd""}"
"('epistemology', 'realismandantirealism')",realism and anti-realism,epistemology,expert,v1,v1,"{""model"": null, ""temperature"": null, ""date"": ""2025-09-17T01:47:42.778878+00:00"", ""prompt_version"": ""v1"", ""persona"": ""expert""}"
"('object', 'perception')",object,perception,phd,v1,v1,"{""model"": null, ""temperature"": null, ""date"": ""2025-09-17T01:47:42.778930+00:00"", ""prompt_version"": ""v1"", ""persona"": ""phd""}"
"('object', 'perception')",object,perception,expert,v1,v1,"{""model"": null, ""temperature"": null, ""date"": ""2025-09-17T01:47:42.778959+00:00"", ""prompt_version"": ""v1"", ""persona"": ""expert""}"
"('artificialintelligence', 'logicandlanguage')",logic and language,artificial intelligence,phd,v1,v1,"{""model"": null, ""temperature"": null, ""date"": ""2025-09-17T01:47:42.779010+00:00"", ""prompt_version"": ""v1"", ""persona"": ""phd""}"
"('artificialintelligence', 'logicandlanguage')",logic and language,artificial intelligence,expert,v1,v1,"{""model"": null, ""temperature"": null, ""date"": ""2025-09-17T01:47:42.779040+00:00"", ""prompt_version"": ""v1"", ""persona"": ""expert""}"
"('animalcognition', 'folkpsychology')",animal cognition,folk psychology,phd,v1,v1,"{""model"": null, ""temperature"": null, ""date"": ""2025-09-17T01:47:42.779111+00:00"", ""prompt_version"": ""v1"", ""persona"": ""phd""}"
"('animalcognition', 'folkpsychology')",animal cognition,folk psychology,expert,v1,v1,"{""model"": null, ""temperature"": null, ""date"": ""2025-09-17T01:47:42.779140+00:00"", ""prompt_version"": ""v1"", ""persona"": ""expert""}"
"('metaphysics', 'sophists')",sophists,metaphysics,phd,v1,v1,"{""model"": null, ""temperature"": null, ""date"": ""2025-09-17T01:47:42.779192+00:00"", ""prompt_version"": ""v1"", ""persona"": ""phd""}"
"('metaphysics', 'sophists')",sophists,metaphysics,expert,v1,v1,"{""model"": null, ""temperature"": null, ""date"": ""2025-09-17T01:47:42.779221+00:00"", ""prompt_version"": ""v1"", ""persona"": ""expert""}"
"('fideism', 'philosophyofreligion')",fideism,philosophy of religion,phd,v1,v1,"{""model"": null, ""temperature"": null, ""date"": ""2025-09-17T01:47:42.779272+00:00"", ""prompt_version"": ""v1"", ""persona"": ""phd""}"
"('fideism', 'philosophyofreligion')",fideism,philosophy of religion,expert,v1,v1,"{""model"": null, ""temperature"": null, ""date"": ""2025-09-17T01:47:42.779302+00:00"", ""prompt_version"": ""v1"", ""persona"": ""expert""}"
"('logicandlanguage', 'philosophyoflanguage')",logic and language,philosophy of language,phd,v1,v1,"{""model"": null, ""temperature"": null, ""date"": ""2025-09-17T01:47:42.779354+00:00"", ""prompt_version"": ""v1"", ""persona"": ""phd""}"
"('logicandlanguage', 'philosophyoflanguage')",logic and language,philosophy of language,expert,v1,v1,"{""model"": null, ""temperature"": null, ""date"": ""2025-09-17T01:47:42.779401+00:00"", ""prompt_version"": ""v1"", ""persona"": ""expert""}"
"('determinism', 'freewill')",determinism,free will,phd,v1,v1,"{""model"": null, ""temperature"": null, ""date"": ""2025-09-17T01:47:42.779453+00:00"", ""prompt_version"": ""v1"", ""persona"": ""phd""}"
"('determinism', 'freewill')",determinism,free will,expert,v1,v1,"{""model"": null, ""temperature"": null, ""date"": ""2025-09-17T01:47:42.779483+00:00"", ""prompt_version"": ""v1"", ""persona"": ""expert""}"
"('kantsphilosophyofreligion', 'metaphysics')",kant's philosophy of religion,metaphysics,phd,v1,v1,"{""model"": null, ""temperature"": null, ""date"": ""2025-09-17T01:47:42.779534+00:00"", ""prompt_version"": ""v1"", ""persona"": ""phd""}"
"('kantsphilosophyofreligion', 'metaphysics')",kant's philosophy of religion,metaphysics,expert,v1,v1,"{""model"": null, ""temperature"": null, ""date"": ""2025-09-17T01:47:42.779565+00:00"", ""prompt_version"": ""v1"", ""persona"": ""expert""}"
"('causaltheoriesofmentalcontent', 'mentalcontent')",causal theories of mental content,mental content,phd,v1,v1,"{""model"": null, ""temperature"": null, ""date"": ""2025-09-17T01:47:42.779619+00:00"", ""prompt_version"": ""v1"", ""persona"": ""phd""}"
"('causaltheoriesofmentalcontent', 'mentalcontent')",causal theories of mental content,mental content,expert,v1,v1,"{""model"": null, ""temperature"": null, ""date"": ""2025-09-17T01:47:42.779650+00:00"", ""prompt_version"": ""v1"", ""persona"": ""expert""}"
"('bioethics', 'culturalrelativism')",cultural relativism,bioethics,phd,v1,v1,"{""model"": null, ""temperature"": null, ""date"": ""2025-09-17T01:47:42.779703+00:00"", ""prompt_version"": ""v1"", ""persona"": ""phd""}"
"('bioethics', 'culturalrelativism')",cultural relativism,bioethics,expert,v1,v1,"{""model"": null, ""temperature"": null, ""date"": ""2025-09-17T01:47:42.779733+00:00"", ""prompt_version"": ""v1"", ""persona"": ""expert""}"
"('judaicphilosophy', 'judaism')",judaic philosophy,judaism,course_taker,v1,v1,"{""model"": null, ""temperature"": null, ""date"": ""2025-09-17T01:47:42.779785+00:00"", ""prompt_version"": ""v1"", ""persona"": ""course_taker""}"
"('judaicphilosophy', 'judaism')",judaic philosophy,judaism,phd,v1,v1,"{""model"": null, ""temperature"": null, ""date"": ""2025-09-17T01:47:42.779815+00:00"", ""prompt_version"": ""v1"", ""persona"": ""phd""}"
"('epistemologicalproblemsofperception', 'philosophyofmind')",epistemological problems of perception,philosophy of mind,phd,v1,v1,"{""model"": null, ""temperature"": null, ""date"": ""2025-09-17T01:47:42.779868+00:00"", ""prompt_version"": ""v1"", ""persona"": ""phd""}"
"('epistemologicalproblemsofperception', 'philosophyofmind')",epistemological problems of perception,philosophy of mind,expert,v1,v1,"{""model"": null, ""temperature"": null, ""date"": ""2025-09-17T01:47:42.779898+00:00"", ""prompt_version"": ""v1"", ""persona"": ""expert""}"
"('epistemologicalproblemsofperception', 'perception')",epistemological problems of perception,perception,phd,v1,v1,"{""model"": null, ""temperature"": null, ""date"": ""2025-09-17T01:47:42.779951+00:00"", ""prompt_version"": ""v1"", ""persona"": ""phd""}"
"('epistemologicalproblemsofperception', 'perception')",epistemological problems of perception,perception,expert,v1,v1,"{""model"": null, ""temperature"": null, ""date"": ""2025-09-17T01:47:42.779981+00:00"", ""prompt_version"": ""v1"", ""persona"": ""expert""}"
"('kantsphilosophicaldevelopment', 'metaphysics')",kant's philosophical development,metaphysics,phd,v1,v1,"{""model"": null, ""temperature"": null, ""date"": ""2025-09-17T01:47:42.780034+00:00"", ""prompt_version"": ""v1"", ""persona"": ""phd""}"
"('kantsphilosophicaldevelopment', 'metaphysics')",kant's philosophical development,metaphysics,expert,v1,v1,"{""model"": null, ""temperature"": null, ""date"": ""2025-09-17T01:47:42.780064+00:00"", ""prompt_version"": ""v1"", ""persona"": ""expert""}"
"('abstractexpressionism', 'perception')",abstract expressionism,perception,phd,v1,v1,"{""model"": null, ""temperature"": null, ""date"": ""2025-09-17T01:47:42.780116+00:00"", ""prompt_version"": ""v1"", ""persona"": ""phd""}"
"('abstractexpressionism', 'perception')",abstract expressionism,perception,expert,v1,v1,"{""model"": null, ""temperature"": null, ""date"": ""2025-09-17T01:47:42.780146+00:00"", ""prompt_version"": ""v1"", ""persona"": ""expert""}"
"('mentalcontent', 'narrowmentalcontent')",narrow mental content,mental content,phd,v1,v1,"{""model"": null, ""temperature"": null, ""date"": ""2025-09-17T01:47:42.780198+00:00"", ""prompt_version"": ""v1"", ""persona"": ""phd""}"
"('mentalcontent', 'narrowmentalcontent')",narrow mental content,mental content,expert,v1,v1,"{""model"": null, ""temperature"": null, ""date"": ""2025-09-17T01:47:42.780228+00:00"", ""prompt_version"": ""v1"", ""persona"": ""expert""}"
"('epistemology', 'perception')",perception,epistemology,phd,v1,v1,"{""model"": null, ""temperature"": null, ""date"": ""2025-09-17T01:47:42.780280+00:00"", ""prompt_version"": ""v1"", ""persona"": ""phd""}"
"('epistemology', 'perception')",perception,epistemology,expert,v1,v1,"{""model"": null, ""temperature"": null, ""date"": ""2025-09-17T01:47:42.780309+00:00"", ""prompt_version"": ""v1"", ""persona"": ""expert""}"
"('causaltheoriesofmentalcontent', 'theoriesofmentalcontent')",theories of mental content,causal theories of mental content,course_taker,v1,v1,"{""model"": null, ""temperature"": null, ""date"": ""2025-09-17T01:47:42.780362+00:00"", ""prompt_version"": ""v1"", ""persona"": ""course_taker""}"
"('causaltheoriesofmentalcontent', 'theoriesofmentalcontent')",theories of mental content,causal theories of mental content,phd,v1,v1,"{""model"": null, ""temperature"": null, ""date"": ""2025-09-17T01:47:42.780393+00:00"", ""prompt_version"": ""v1"", ""persona"": ""phd""}"
"('philosophyofmind', 'sensedata')",sense-data,philosophy of mind,phd,v1,v1,"{""model"": null, ""temperature"": null, ""date"": ""2025-09-17T01:47:42.780445+00:00"", ""prompt_version"": ""v1"", ""persona"": ""phd""}"
"('philosophyofmind', 'sensedata')",sense-data,philosophy of mind,expert,v1,v1,"{""model"": null, ""temperature"": null, ""date"": ""2025-09-17T01:47:42.780475+00:00"", ""prompt_version"": ""v1"", ""persona"": ""expert""}"
"('belief', 'epistemology')",belief,epistemology,phd,v1,v1,"{""model"": null, ""temperature"": null, ""date"": ""2025-09-17T01:47:42.780526+00:00"", ""prompt_version"": ""v1"", ""persona"": ""phd""}"
"('belief', 'epistemology')",belief,epistemology,expert,v1,v1,"{""model"": null, ""temperature"": null, ""date"": ""2025-09-17T01:47:42.780556+00:00"", ""prompt_version"": ""v1"", ""persona"": ""expert""}"
"('feministphilosophyoflanguage', 'philosophyoflanguage')",feminist philosophy of language,philosophy of language,phd,v1,v1,"{""model"": null, ""temperature"": null, ""date"": ""2025-09-17T01:47:42.780610+00:00"", ""prompt_version"": ""v1"", ""persona"": ""phd""}"
"('feministphilosophyoflanguage', 'philosophyoflanguage')",feminist philosophy of language,philosophy of language,expert,v1,v1,"{""model"": null, ""temperature"": null, ""date"": ""2025-09-17T01:47:42.780640+00:00"", ""prompt_version"": ""v1"", ""persona"": ""expert""}"
"('divinelaw', 'philosophyofreligion')",divine law,philosophy of religion,phd,v1,v1,"{""model"": null, ""temperature"": null, ""date"": ""2025-09-17T01:47:42.780692+00:00"", ""prompt_version"": ""v1"", ""persona"": ""phd""}"
"('divinelaw', 'philosophyofreligion')",divine law,philosophy of religion,expert,v1,v1,"{""model"": null, ""temperature"": null, ""date"": ""2025-09-17T01:47:42.780722+00:00"", ""prompt_version"": ""v1"", ""persona"": ""expert""}"
"('existence', 'philosophyofmind')",existence,philosophy of mind,phd,v1,v1,"{""model"": null, ""temperature"": null, ""date"": ""2025-09-17T01:47:42.780774+00:00"", ""prompt_version"": ""v1"", ""persona"": ""phd""}"
"('existence', 'philosophyofmind')",existence,philosophy of mind,expert,v1,v1,"{""model"": null, ""temperature"": null, ""date"": ""2025-09-17T01:47:42.780825+00:00"", ""prompt_version"": ""v1"", ""persona"": ""expert""}"
"('epistemology', 'philosophyofscience')",philosophy of science,epistemology,phd,v1,v1,"{""model"": null, ""temperature"": null, ""date"": ""2025-09-17T01:47:42.780878+00:00"", ""prompt_version"": ""v1"", ""persona"": ""phd""}"
"('epistemology', 'philosophyofscience')",philosophy of science,epistemology,expert,v1,v1,"{""model"": null, ""temperature"": null, ""date"": ""2025-09-17T01:47:42.780910+00:00"", ""prompt_version"": ""v1"", ""persona"": ""expert""}"
"('lawsofnature', 'metaphysics')",laws of nature,metaphysics,phd,v1,v1,"{""model"": null, ""temperature"": null, ""date"": ""2025-09-17T01:47:42.780962+00:00"", ""prompt_version"": ""v1"", ""persona"": ""phd""}"
"('lawsofnature', 'metaphysics')",laws of nature,metaphysics,expert,v1,v1,"{""model"": null, ""temperature"": null, ""date"": ""2025-09-17T01:47:42.780991+00:00"", ""prompt_version"": ""v1"", ""persona"": ""expert""}"
"('ideas', 'perception')",ideas,perception,phd,v1,v1,"{""model"": null, ""temperature"": null, ""date"": ""2025-09-17T01:47:42.781043+00:00"", ""prompt_version"": ""v1"", ""persona"": ""phd""}"
"('ideas', 'perception')",ideas,perception,expert,v1,v1,"{""model"": null, ""temperature"": null, ""date"": ""2025-09-17T01:47:42.781072+00:00"", ""prompt_version"": ""v1"", ""persona"": ""expert""}"
