key,ideaA,ideaB,relatedness,generality,persona,system_prompt,user_prompt,metadata
"('chinesephilosophy', 'taoism')",taoism,chinese philosophy,-1,3,novice,v1,v1,"{""model"": null, ""temperature"": null, ""date"": ""2025-09-06T23:06:20.559727+00:00"", ""prompt_version"": ""v1"", ""persona"": ""novice""}"
"('chinesephilosophy', 'taoism')",taoism,chinese philosophy,-1,3,course_taker,v1,v1,"{""model"": null, ""temperature"": null, ""date"": ""2025-09-06T23:06:20.560280+00:00"", ""prompt_version"": ""v1"", ""persona"": ""course_taker""}"
"('chinesephilosophy', 'taoism')",taoism,chinese philosophy,-1,3,phd,v1,v1,"{""model"": null, ""temperature"": null, ""date"": ""2025-09-06T23:06:20.560454+00:00"", ""prompt_version"": ""v1"", ""persona"": ""phd""}"
"('chinesephilosophy', 'taoism')",taoism,chinese philosophy,-1,3,expert,v1,v1,"{""model"": null, ""temperature"": null, ""date"": ""2025-09-06T23:06:20.560647+00:00"", ""prompt_version"": ""v1"", ""persona"": ""expert""}"
"('meaning', 'philosophyoflanguage')",philosophy of language,meaning,-1,3,novice,v1,v1,"{""model"": null, ""temperature"": null, ""date"": ""2025-09-06T23:06:20.560762+00:00"", ""prompt_version"": ""v1"", ""persona"": ""novice""}"
"('meaning', 'philosophyoflanguage')",philosophy of language,meaning,-1,3,course_taker,v1,v1,"{""model"": null, ""temperature"": null, ""date"": ""2025-09-06T23:06:20.560810+00:00"", ""prompt_version"": ""v1"", ""persona"": ""course_taker""}"
"('meaning', 'philosophyoflanguage')",philosophy of language,meaning,-1,3,phd,v1,v1,"{""model"": null, ""temperature"": null, ""date"": ""2025-09-06T23:06:20.560851+00:00"", ""prompt_version"": ""v1"", ""persona"": ""phd""}"
"('meaning', 'philosophyoflanguage')",philosophy of language,meaning,-1,3,expert,v1,v1,"{""model"": null, ""temperature"": null, ""date"": ""2025-09-06T23:06:20.560890+00:00"", ""prompt_version"": ""v1"", ""persona"": ""expert""}"
"('philosophyofscience', 'philosophyofscienceandthesciences')",philosophy of science and the sciences,philosophy of science,-1,3,novice,v1,v1,"{""model"": null, ""temperature"": null, ""date"": ""2025-09-06T23:06:20.560959+00:00"", ""prompt_version"": ""v1"", ""persona"": ""novice""}"
"('philosophyofscience', 'philosophyofscienceandthesciences')",philosophy of science and the sciences,philosophy of science,-1,3,course_taker,v1,v1,"{""model"": null, ""temperature"": null, ""date"": ""2025-09-06T23:06:20.560999+00:00"", ""prompt_version"": ""v1"", ""persona"": ""course_taker""}"
"('philosophyofscience', 'philosophyofscienceandthesciences')",philosophy of science and the sciences,philosophy of science,-1,3,phd,v1,v1,"{""model"": null, ""temperature"": null, ""date"": ""2025-09-06T23:06:20.561037+00:00"", ""prompt_version"": ""v1"", ""persona"": ""phd""}"
"('philosophyofscience', 'philosophyofscienceandthesciences')",philosophy of science and the sciences,philosophy of science,-1,3,expert,v1,v1,"{""model"": null, ""temperature"": null, ""date"": ""2025-09-06T23:06:20.561074+00:00"", ""prompt_version"": ""v1"", ""persona"": ""expert""}"
"('epistemology', 'epistemologyofscience')",epistemology,epistemology of science,-1,3,novice,v1,v1,"{""model"": null, ""temperature"": null, ""date"": ""2025-09-06T23:06:20.561139+00:00"", ""prompt_version"": ""v1"", ""persona"": ""novice""}"
"('epistemology', 'epistemologyofscience')",epistemology,epistemology of science,-1,3,course_taker,v1,v1,"{""model"": null, ""temperature"": null, ""date"": ""2025-09-06T23:06:20.561174+00:00"", ""prompt_version"": ""v1"", ""persona"": ""course_taker""}"
"('epistemology', 'epistemologyofscience')",epistemology,epistemology of science,-1,3,phd,v1,v1,"{""model"": null, ""temperature"": null, ""date"": ""2025-09-06T23:06:20.561212+00:00"", ""prompt_version"": ""v1"", ""persona"": ""phd""}"
"('epistemology', 'epistemologyofscience')",epistemology,epistemology of science,-1,3,expert,v1,v1,"{""model"": null, ""temperature"": null, ""date"": ""2025-09-06T23:06:20.561246+00:00"", ""prompt_version"": ""v1"", ""persona"": ""expert""}"
"('metaphysics', 'substance')",metaphysics,substance,-1,3,novice,v1,v1,"{""model"": null, ""temperature"": null, ""date"": ""2025-09-06T23:06:20.561309+00:00"", ""prompt_version"": ""v1"", ""persona"": ""novice""}"
"('metaphysics', 'substance')",metaphysics,substance,-1,3,course_taker,v1,v1,"{""model"": null, ""temperature"": null, ""date"": ""2025-09-06T23:06:20.561347+00:00"", ""prompt_version"": ""v1"", ""persona"": ""course_taker""}"
"('metaphysics', 'substance')",metaphysics,substance,-1,3,phd,v1,v1,"{""model"": null, ""temperature"": null, ""date"": ""2025-09-06T23:06:20.561383+00:00"", ""prompt_version"": ""v1"", ""persona"": ""phd""}"
"('metaphysics', 'substance')",metaphysics,substance,-1,3,expert,v1,v1,"{""model"": null, ""temperature"": null, ""date"": ""2025-09-06T23:06:20.561416+00:00"", ""prompt_version"": ""v1"", ""persona"": ""expert""}"
"('philosophyofbiology', 'philosophyofscienceandthesciences')",philosophy of science and the sciences,philosophy of biology,-1,3,novice,v1,v1,"{""model"": null, ""temperature"": null, ""date"": ""2025-09-06T23:06:20.561475+00:00"", ""prompt_version"": ""v1"", ""persona"": ""novice""}"
"('philosophyofbiology', 'philosophyofscienceandthesciences')",philosophy of science and the sciences,philosophy of biology,-1,3,course_taker,v1,v1,"{""model"": null, ""temperature"": null, ""date"": ""2025-09-06T23:06:20.561509+00:00"", ""prompt_version"": ""v1"", ""persona"": ""course_taker""}"
"('philosophyofbiology', 'philosophyofscienceandthesciences')",philosophy of science and the sciences,philosophy of biology,-1,3,phd,v1,v1,"{""model"": null, ""temperature"": null, ""date"": ""2025-09-06T23:06:20.561543+00:00"", ""prompt_version"": ""v1"", ""persona"": ""phd""}"
"('philosophyofbiology', 'philosophyofscienceandthesciences')",philosophy of science and the sciences,philosophy of biology,-1,3,expert,v1,v1,"{""model"": null, ""temperature"": null, ""date"": ""2025-09-06T23:06:20.561577+00:00"", ""prompt_version"": ""v1"", ""persona"": ""expert""}"
"('artificialintelligence', 'neuralnetwork')",artificial intelligence,neural network,-1,3,novice,v1,v1,"{""model"": null, ""temperature"": null, ""date"": ""2025-09-06T23:06:20.561637+00:00"", ""prompt_version"": ""v1"", ""persona"": ""novice""}"
"('artificialintelligence', 'neuralnetwork')",artificial intelligence,neural network,-1,3,course_taker,v1,v1,"{""model"": null, ""temperature"": null, ""date"": ""2025-09-06T23:06:20.561670+00:00"", ""prompt_version"": ""v1"", ""persona"": ""course_taker""}"
"('artificialintelligence', 'neuralnetwork')",artificial intelligence,neural network,-1,3,phd,v1,v1,"{""model"": null, ""temperature"": null, ""date"": ""2025-09-06T23:06:20.561704+00:00"", ""prompt_version"": ""v1"", ""persona"": ""phd""}"
"('artificialintelligence', 'neuralnetwork')",artificial intelligence,neural network,-1,3,expert,v1,v1,"{""model"": null, ""temperature"": null, ""date"": ""2025-09-06T23:06:20.561738+00:00"", ""prompt_version"": ""v1"", ""persona"": ""expert""}"
"('epistemology', 'moralepistemologyandmoralreasoning')",epistemology,moral epistemology and moral reasoning,-1,3,novice,v1,v1,"{""model"": null, ""temperature"": null, ""date"": ""2025-09-06T23:06:20.561796+00:00"", ""prompt_version"": ""v1"", ""persona"": ""novice""}"
"('epistemology', 'moralepistemologyandmoralreasoning')",epistemology,moral epistemology and moral reasoning,-1,3,course_taker,v1,v1,"{""model"": null, ""temperature"": null, ""date"": ""2025-09-06T23:06:20.561829+00:00"", ""prompt_version"": ""v1"", ""persona"": ""course_taker""}"
"('epistemology', 'moralepistemologyandmoralreasoning')",epistemology,moral epistemology and moral reasoning,-1,3,phd,v1,v1,"{""model"": null, ""temperature"": null, ""date"": ""2025-09-06T23:06:20.561864+00:00"", ""prompt_version"": ""v1"", ""persona"": ""phd""}"
"('epistemology', 'moralepistemologyandmoralreasoning')",epistemology,moral epistemology and moral reasoning,-1,3,expert,v1,v1,"{""model"": null, ""temperature"": null, ""date"": ""2025-09-06T23:06:20.561898+00:00"", ""prompt_version"": ""v1"", ""persona"": ""expert""}"
"('revisiontheoryoftruth', 'truth')",revision theory of truth,truth,-1,3,novice,v1,v1,"{""model"": null, ""temperature"": null, ""date"": ""2025-09-06T23:06:20.561957+00:00"", ""prompt_version"": ""v1"", ""persona"": ""novice""}"
"('revisiontheoryoftruth', 'truth')",revision theory of truth,truth,-1,3,course_taker,v1,v1,"{""model"": null, ""temperature"": null, ""date"": ""2025-09-06T23:06:20.562028+00:00"", ""prompt_version"": ""v1"", ""persona"": ""course_taker""}"
"('revisiontheoryoftruth', 'truth')",revision theory of truth,truth,-1,3,phd,v1,v1,"{""model"": null, ""temperature"": null, ""date"": ""2025-09-06T23:06:20.562062+00:00"", ""prompt_version"": ""v1"", ""persona"": ""phd""}"
"('revisiontheoryoftruth', 'truth')",revision theory of truth,truth,-1,3,expert,v1,v1,"{""model"": null, ""temperature"": null, ""date"": ""2025-09-06T23:06:20.562095+00:00"", ""prompt_version"": ""v1"", ""persona"": ""expert""}"
"('philosophyofreligion', 'religion')",philosophy of religion,religion,-1,3,novice,v1,v1,"{""model"": null, ""temperature"": null, ""date"": ""2025-09-06T23:06:20.562152+00:00"", ""prompt_version"": ""v1"", ""persona"": ""novice""}"
"('philosophyofreligion', 'religion')",philosophy of religion,religion,-1,3,course_taker,v1,v1,"{""model"": null, ""temperature"": null, ""date"": ""2025-09-06T23:06:20.562190+00:00"", ""prompt_version"": ""v1"", ""persona"": ""course_taker""}"
"('philosophyofreligion', 'religion')",philosophy of religion,religion,-1,3,phd,v1,v1,"{""model"": null, ""temperature"": null, ""date"": ""2025-09-06T23:06:20.562223+00:00"", ""prompt_version"": ""v1"", ""persona"": ""phd""}"
"('philosophyofreligion', 'religion')",philosophy of religion,religion,-1,3,expert,v1,v1,"{""model"": null, ""temperature"": null, ""date"": ""2025-09-06T23:06:20.562256+00:00"", ""prompt_version"": ""v1"", ""persona"": ""expert""}"
"('artificialintelligence', 'thinkingmachine')",thinking machine,artificial intelligence,-1,3,novice,v1,v1,"{""model"": null, ""temperature"": null, ""date"": ""2025-09-06T23:06:20.562314+00:00"", ""prompt_version"": ""v1"", ""persona"": ""novice""}"
"('artificialintelligence', 'thinkingmachine')",thinking machine,artificial intelligence,-1,3,course_taker,v1,v1,"{""model"": null, ""temperature"": null, ""date"": ""2025-09-06T23:06:20.562348+00:00"", ""prompt_version"": ""v1"", ""persona"": ""course_taker""}"
"('artificialintelligence', 'thinkingmachine')",thinking machine,artificial intelligence,-1,3,phd,v1,v1,"{""model"": null, ""temperature"": null, ""date"": ""2025-09-06T23:06:20.562381+00:00"", ""prompt_version"": ""v1"", ""persona"": ""phd""}"
"('artificialintelligence', 'thinkingmachine')",thinking machine,artificial intelligence,-1,3,expert,v1,v1,"{""model"": null, ""temperature"": null, ""date"": ""2025-09-06T23:06:20.562414+00:00"", ""prompt_version"": ""v1"", ""persona"": ""expert""}"
"('belief', 'philosophyofreligion')",philosophy of religion,belief,-1,3,novice,v1,v1,"{""model"": null, ""temperature"": null, ""date"": ""2025-09-06T23:06:20.562473+00:00"", ""prompt_version"": ""v1"", ""persona"": ""novice""}"
"('belief', 'philosophyofreligion')",philosophy of religion,belief,-1,3,course_taker,v1,v1,"{""model"": null, ""temperature"": null, ""date"": ""2025-09-06T23:06:20.562506+00:00"", ""prompt_version"": ""v1"", ""persona"": ""course_taker""}"
"('belief', 'philosophyofreligion')",philosophy of religion,belief,-1,3,phd,v1,v1,"{""model"": null, ""temperature"": null, ""date"": ""2025-09-06T23:06:20.562539+00:00"", ""prompt_version"": ""v1"", ""persona"": ""phd""}"
"('belief', 'philosophyofreligion')",philosophy of religion,belief,-1,3,expert,v1,v1,"{""model"": null, ""temperature"": null, ""date"": ""2025-09-06T23:06:20.562571+00:00"", ""prompt_version"": ""v1"", ""persona"": ""expert""}"
"('chinesephilosophy', 'daoism')",chinese philosophy,daoism,-1,3,novice,v1,v1,"{""model"": null, ""temperature"": null, ""date"": ""2025-09-06T23:06:20.562629+00:00"", ""prompt_version"": ""v1"", ""persona"": ""novice""}"
"('chinesephilosophy', 'daoism')",chinese philosophy,daoism,-1,3,course_taker,v1,v1,"{""model"": null, ""temperature"": null, ""date"": ""2025-09-06T23:06:20.562662+00:00"", ""prompt_version"": ""v1"", ""persona"": ""course_taker""}"
"('chinesephilosophy', 'daoism')",chinese philosophy,daoism,-1,3,phd,v1,v1,"{""model"": null, ""temperature"": null, ""date"": ""2025-09-06T23:06:20.562695+00:00"", ""prompt_version"": ""v1"", ""persona"": ""phd""}"
"('chinesephilosophy', 'daoism')",chinese philosophy,daoism,-1,3,expert,v1,v1,"{""model"": null, ""temperature"": null, ""date"": ""2025-09-06T23:06:20.562728+00:00"", ""prompt_version"": ""v1"", ""persona"": ""expert""}"
"('artificialintelligence', 'philosophyofcomputerscience')",artificial intelligence,philosophy of computer science,-1,3,novice,v1,v1,"{""model"": null, ""temperature"": null, ""date"": ""2025-09-06T23:06:20.562789+00:00"", ""prompt_version"": ""v1"", ""persona"": ""novice""}"
"('artificialintelligence', 'philosophyofcomputerscience')",artificial intelligence,philosophy of computer science,-1,3,course_taker,v1,v1,"{""model"": null, ""temperature"": null, ""date"": ""2025-09-06T23:06:20.562822+00:00"", ""prompt_version"": ""v1"", ""persona"": ""course_taker""}"
"('artificialintelligence', 'philosophyofcomputerscience')",artificial intelligence,philosophy of computer science,-1,3,phd,v1,v1,"{""model"": null, ""temperature"": null, ""date"": ""2025-09-06T23:06:20.562856+00:00"", ""prompt_version"": ""v1"", ""persona"": ""phd""}"
"('artificialintelligence', 'philosophyofcomputerscience')",artificial intelligence,philosophy of computer science,-1,3,expert,v1,v1,"{""model"": null, ""temperature"": null, ""date"": ""2025-09-06T23:06:20.562889+00:00"", ""prompt_version"": ""v1"", ""persona"": ""expert""}"
"('cognitivescience', 'philosophyofscience')",cognitive science,philosophy of science,-1,3,novice,v1,v1,"{""model"": null, ""temperature"": null, ""date"": ""2025-09-06T23:06:20.562947+00:00"", ""prompt_version"": ""v1"", ""persona"": ""novice""}"
"('cognitivescience', 'philosophyofscience')",cognitive science,philosophy of science,-1,3,course_taker,v1,v1,"{""model"": null, ""temperature"": null, ""date"": ""2025-09-06T23:06:20.562980+00:00"", ""prompt_version"": ""v1"", ""persona"": ""course_taker""}"
"('cognitivescience', 'philosophyofscience')",cognitive science,philosophy of science,-1,3,phd,v1,v1,"{""model"": null, ""temperature"": null, ""date"": ""2025-09-06T23:06:20.563014+00:00"", ""prompt_version"": ""v1"", ""persona"": ""phd""}"
"('cognitivescience', 'philosophyofscience')",cognitive science,philosophy of science,-1,3,expert,v1,v1,"{""model"": null, ""temperature"": null, ""date"": ""2025-09-06T23:06:20.563047+00:00"", ""prompt_version"": ""v1"", ""persona"": ""expert""}"
"('philosophyofreligion', 'religiousdiversity')",philosophy of religion,religious diversity,-1,3,novice,v1,v1,"{""model"": null, ""temperature"": null, ""date"": ""2025-09-06T23:06:20.563105+00:00"", ""prompt_version"": ""v1"", ""persona"": ""novice""}"
"('philosophyofreligion', 'religiousdiversity')",philosophy of religion,religious diversity,-1,3,course_taker,v1,v1,"{""model"": null, ""temperature"": null, ""date"": ""2025-09-06T23:06:20.563138+00:00"", ""prompt_version"": ""v1"", ""persona"": ""course_taker""}"
"('philosophyofreligion', 'religiousdiversity')",philosophy of religion,religious diversity,-1,3,phd,v1,v1,"{""model"": null, ""temperature"": null, ""date"": ""2025-09-06T23:06:20.563172+00:00"", ""prompt_version"": ""v1"", ""persona"": ""phd""}"
"('philosophyofreligion', 'religiousdiversity')",philosophy of religion,religious diversity,-1,3,expert,v1,v1,"{""model"": null, ""temperature"": null, ""date"": ""2025-09-06T23:06:20.563204+00:00"", ""prompt_version"": ""v1"", ""persona"": ""expert""}"
"('cognitivescience', 'mind')",cognitive science,mind,-1,3,novice,v1,v1,"{""model"": null, ""temperature"": null, ""date"": ""2025-09-06T23:06:20.563262+00:00"", ""prompt_version"": ""v1"", ""persona"": ""novice""}"
"('cognitivescience', 'mind')",cognitive science,mind,-1,3,course_taker,v1,v1,"{""model"": null, ""temperature"": null, ""date"": ""2025-09-06T23:06:20.563294+00:00"", ""prompt_version"": ""v1"", ""persona"": ""course_taker""}"
"('cognitivescience', 'mind')",cognitive science,mind,-1,3,phd,v1,v1,"{""model"": null, ""temperature"": null, ""date"": ""2025-09-06T23:06:20.563327+00:00"", ""prompt_version"": ""v1"", ""persona"": ""phd""}"
"('cognitivescience', 'mind')",cognitive science,mind,-1,3,expert,v1,v1,"{""model"": null, ""temperature"": null, ""date"": ""2025-09-06T23:06:20.563381+00:00"", ""prompt_version"": ""v1"", ""persona"": ""expert""}"
"('japaneseconfucianphilosophy', 'japanesephilosophy')",japanese confucian philosophy,japanese philosophy,-1,3,novice,v1,v1,"{""model"": null, ""temperature"": null, ""date"": ""2025-09-06T23:06:20.563442+00:00"", ""prompt_version"": ""v1"", ""persona"": ""novice""}"
"('japaneseconfucianphilosophy', 'japanesephilosophy')",japanese confucian philosophy,japanese philosophy,-1,3,course_taker,v1,v1,"{""model"": null, ""temperature"": null, ""date"": ""2025-09-06T23:06:20.563477+00:00"", ""prompt_version"": ""v1"", ""persona"": ""course_taker""}"
"('japaneseconfucianphilosophy', 'japanesephilosophy')",japanese confucian philosophy,japanese philosophy,-1,3,phd,v1,v1,"{""model"": null, ""temperature"": null, ""date"": ""2025-09-06T23:06:20.563511+00:00"", ""prompt_version"": ""v1"", ""persona"": ""phd""}"
"('japaneseconfucianphilosophy', 'japanesephilosophy')",japanese confucian philosophy,japanese philosophy,-1,3,expert,v1,v1,"{""model"": null, ""temperature"": null, ""date"": ""2025-09-06T23:06:20.563544+00:00"", ""prompt_version"": ""v1"", ""persona"": ""expert""}"
"('artificialintelligence', 'logicandartificialintelligence')",artificial intelligence,logic and artificial intelligence,-1,3,novice,v1,v1,"{""model"": null, ""temperature"": null, ""date"": ""2025-09-06T23:06:20.563602+00:00"", ""prompt_version"": ""v1"", ""persona"": ""novice""}"
"('artificialintelligence', 'logicandartificialintelligence')",artificial intelligence,logic and artificial intelligence,-1,3,course_taker,v1,v1,"{""model"": null, ""temperature"": null, ""date"": ""2025-09-06T23:06:20.563636+00:00"", ""prompt_version"": ""v1"", ""persona"": ""course_taker""}"
"('artificialintelligence', 'logicandartificialintelligence')",artificial intelligence,logic and artificial intelligence,-1,3,phd,v1,v1,"{""model"": null, ""temperature"": null, ""date"": ""2025-09-06T23:06:20.563670+00:00"", ""prompt_version"": ""v1"", ""persona"": ""phd""}"
"('artificialintelligence', 'logicandartificialintelligence')",artificial intelligence,logic and artificial intelligence,-1,3,expert,v1,v1,"{""model"": null, ""temperature"": null, ""date"": ""2025-09-06T23:06:20.563703+00:00"", ""prompt_version"": ""v1"", ""persona"": ""expert""}"
"('cognitivescience', 'philosophyofmind')",cognitive science,philosophy of mind,-1,3,novice,v1,v1,"{""model"": null, ""temperature"": null, ""date"": ""2025-09-06T23:06:20.563761+00:00"", ""prompt_version"": ""v1"", ""persona"": ""novice""}"
"('cognitivescience', 'philosophyofmind')",cognitive science,philosophy of mind,-1,3,course_taker,v1,v1,"{""model"": null, ""temperature"": null, ""date"": ""2025-09-06T23:06:20.563794+00:00"", ""prompt_version"": ""v1"", ""persona"": ""course_taker""}"
"('cognitivescience', 'philosophyofmind')",cognitive science,philosophy of mind,-1,3,phd,v1,v1,"{""model"": null, ""temperature"": null, ""date"": ""2025-09-06T23:06:20.563848+00:00"", ""prompt_version"": ""v1"", ""persona"": ""phd""}"
"('cognitivescience', 'philosophyofmind')",cognitive science,philosophy of mind,-1,3,expert,v1,v1,"{""model"": null, ""temperature"": null, ""date"": ""2025-09-06T23:06:20.563881+00:00"", ""prompt_version"": ""v1"", ""persona"": ""expert""}"
"('philosophyofmathematics', 'philosophyofscienceandthesciences')",philosophy of science and the sciences,philosophy of mathematics,-1,3,novice,v1,v1,"{""model"": null, ""temperature"": null, ""date"": ""2025-09-06T23:06:20.563939+00:00"", ""prompt_version"": ""v1"", ""persona"": ""novice""}"
"('philosophyofmathematics', 'philosophyofscienceandthesciences')",philosophy of science and the sciences,philosophy of mathematics,-1,3,course_taker,v1,v1,"{""model"": null, ""temperature"": null, ""date"": ""2025-09-06T23:06:20.563973+00:00"", ""prompt_version"": ""v1"", ""persona"": ""course_taker""}"
"('philosophyofmathematics', 'philosophyofscienceandthesciences')",philosophy of science and the sciences,philosophy of mathematics,-1,3,phd,v1,v1,"{""model"": null, ""temperature"": null, ""date"": ""2025-09-06T23:06:20.564007+00:00"", ""prompt_version"": ""v1"", ""persona"": ""phd""}"
"('philosophyofmathematics', 'philosophyofscienceandthesciences')",philosophy of science and the sciences,philosophy of mathematics,-1,3,expert,v1,v1,"{""model"": null, ""temperature"": null, ""date"": ""2025-09-06T23:06:20.564040+00:00"", ""prompt_version"": ""v1"", ""persona"": ""expert""}"
"('cognitivescience', 'connectionism')",connectionism,cognitive science,-1,3,novice,v1,v1,"{""model"": null, ""temperature"": null, ""date"": ""2025-09-06T23:06:20.564099+00:00"", ""prompt_version"": ""v1"", ""persona"": ""novice""}"
"('cognitivescience', 'connectionism')",connectionism,cognitive science,-1,3,course_taker,v1,v1,"{""model"": null, ""temperature"": null, ""date"": ""2025-09-06T23:06:20.564132+00:00"", ""prompt_version"": ""v1"", ""persona"": ""course_taker""}"
"('cognitivescience', 'connectionism')",connectionism,cognitive science,-1,3,phd,v1,v1,"{""model"": null, ""temperature"": null, ""date"": ""2025-09-06T23:06:20.564165+00:00"", ""prompt_version"": ""v1"", ""persona"": ""phd""}"
"('cognitivescience', 'connectionism')",connectionism,cognitive science,-1,3,expert,v1,v1,"{""model"": null, ""temperature"": null, ""date"": ""2025-09-06T23:06:20.564197+00:00"", ""prompt_version"": ""v1"", ""persona"": ""expert""}"
"('feministphilosophyofreligion', 'philosophyofreligion')",philosophy of religion,feminist philosophy of religion,-1,3,novice,v1,v1,"{""model"": null, ""temperature"": null, ""date"": ""2025-09-06T23:06:20.564254+00:00"", ""prompt_version"": ""v1"", ""persona"": ""novice""}"
"('feministphilosophyofreligion', 'philosophyofreligion')",philosophy of religion,feminist philosophy of religion,-1,3,course_taker,v1,v1,"{""model"": null, ""temperature"": null, ""date"": ""2025-09-06T23:06:20.564288+00:00"", ""prompt_version"": ""v1"", ""persona"": ""course_taker""}"
"('feministphilosophyofreligion', 'philosophyofreligion')",philosophy of religion,feminist philosophy of religion,-1,3,phd,v1,v1,"{""model"": null, ""temperature"": null, ""date"": ""2025-09-06T23:06:20.564322+00:00"", ""prompt_version"": ""v1"", ""persona"": ""phd""}"
"('feministphilosophyofreligion', 'philosophyofreligion')",philosophy of religion,feminist philosophy of religion,-1,3,expert,v1,v1,"{""model"": null, ""temperature"": null, ""date"": ""2025-09-06T23:06:20.564355+00:00"", ""prompt_version"": ""v1"", ""persona"": ""expert""}"
"('philosophyofreligion', 'religionandscience')",philosophy of religion,religion and science,-1,3,novice,v1,v1,"{""model"": null, ""temperature"": null, ""date"": ""2025-09-06T23:06:20.564414+00:00"", ""prompt_version"": ""v1"", ""persona"": ""novice""}"
"('philosophyofreligion', 'religionandscience')",philosophy of religion,religion and science,-1,3,course_taker,v1,v1,"{""model"": null, ""temperature"": null, ""date"": ""2025-09-06T23:06:20.564448+00:00"", ""prompt_version"": ""v1"", ""persona"": ""course_taker""}"
"('philosophyofreligion', 'religionandscience')",philosophy of religion,religion and science,-1,3,phd,v1,v1,"{""model"": null, ""temperature"": null, ""date"": ""2025-09-06T23:06:20.564481+00:00"", ""prompt_version"": ""v1"", ""persona"": ""phd""}"
"('philosophyofreligion', 'religionandscience')",philosophy of religion,religion and science,-1,3,expert,v1,v1,"{""model"": null, ""temperature"": null, ""date"": ""2025-09-06T23:06:20.564514+00:00"", ""prompt_version"": ""v1"", ""persona"": ""expert""}"
"('chinesebuddhism', 'chinesephilosophy')",chinese buddhism,chinese philosophy,-1,3,novice,v1,v1,"{""model"": null, ""temperature"": null, ""date"": ""2025-09-06T23:06:20.564571+00:00"", ""prompt_version"": ""v1"", ""persona"": ""novice""}"
"('chinesebuddhism', 'chinesephilosophy')",chinese buddhism,chinese philosophy,-1,3,course_taker,v1,v1,"{""model"": null, ""temperature"": null, ""date"": ""2025-09-06T23:06:20.564605+00:00"", ""prompt_version"": ""v1"", ""persona"": ""course_taker""}"
"('chinesebuddhism', 'chinesephilosophy')",chinese buddhism,chinese philosophy,-1,3,phd,v1,v1,"{""model"": null, ""temperature"": null, ""date"": ""2025-09-06T23:06:20.564638+00:00"", ""prompt_version"": ""v1"", ""persona"": ""phd""}"
"('chinesebuddhism', 'chinesephilosophy')",chinese buddhism,chinese philosophy,-1,3,expert,v1,v1,"{""model"": null, ""temperature"": null, ""date"": ""2025-09-06T23:06:20.564685+00:00"", ""prompt_version"": ""v1"", ""persona"": ""expert""}"
"('cognitivescience', 'philosophyofpsychology')",cognitive science,philosophy of psychology,-1,3,novice,v1,v1,"{""model"": null, ""temperature"": null, ""date"": ""2025-09-06T23:06:20.564744+00:00"", ""prompt_version"": ""v1"", ""persona"": ""novice""}"
"('cognitivescience', 'philosophyofpsychology')",cognitive science,philosophy of psychology,-1,3,course_taker,v1,v1,"{""model"": null, ""temperature"": null, ""date"": ""2025-09-06T23:06:20.564777+00:00"", ""prompt_version"": ""v1"", ""persona"": ""course_taker""}"
"('cognitivescience', 'philosophyofpsychology')",cognitive science,philosophy of psychology,-1,3,phd,v1,v1,"{""model"": null, ""temperature"": null, ""date"": ""2025-09-06T23:06:20.564812+00:00"", ""prompt_version"": ""v1"", ""persona"": ""phd""}"
"('cognitivescience', 'philosophyofpsychology')",cognitive science,philosophy of psychology,-1,3,expert,v1,v1,"{""model"": null, ""temperature"": null, ""date"": ""2025-09-06T23:06:20.564845+00:00"", ""prompt_version"": ""v1"", ""persona"": ""expert""}"
"('cognitivescience', 'representation')",cognitive science,representation,-1,3,novice,v1,v1,"{""model"": null, ""temperature"": null, ""date"": ""2025-09-06T23:06:20.564902+00:00"", ""prompt_version"": ""v1"", ""persona"": ""novice""}"
"('cognitivescience', 'representation')",cognitive science,representation,-1,3,course_taker,v1,v1,"{""model"": null, ""temperature"": null, ""date"": ""2025-09-06T23:06:20.564935+00:00"", ""prompt_version"": ""v1"", ""persona"": ""course_taker""}"
"('cognitivescience', 'representation')",cognitive science,representation,-1,3,phd,v1,v1,"{""model"": null, ""temperature"": null, ""date"": ""2025-09-06T23:06:20.564968+00:00"", ""prompt_version"": ""v1"", ""persona"": ""phd""}"
"('cognitivescience', 'representation')",cognitive science,representation,-1,3,expert,v1,v1,"{""model"": null, ""temperature"": null, ""date"": ""2025-09-06T23:06:20.565001+00:00"", ""prompt_version"": ""v1"", ""persona"": ""expert""}"
"('philosophyofscienceandthesciences', 'probabilityandstatistics')",philosophy of science and the sciences,probability and statistics,-1,3,novice,v1,v1,"{""model"": null, ""temperature"": null, ""date"": ""2025-09-06T23:06:20.565059+00:00"", ""prompt_version"": ""v1"", ""persona"": ""novice""}"
"('philosophyofscienceandthesciences', 'probabilityandstatistics')",philosophy of science and the sciences,probability and statistics,-1,3,course_taker,v1,v1,"{""model"": null, ""temperature"": null, ""date"": ""2025-09-06T23:06:20.565093+00:00"", ""prompt_version"": ""v1"", ""persona"": ""course_taker""}"
"('philosophyofscienceandthesciences', 'probabilityandstatistics')",philosophy of science and the sciences,probability and statistics,-1,3,phd,v1,v1,"{""model"": null, ""temperature"": null, ""date"": ""2025-09-06T23:06:20.565127+00:00"", ""prompt_version"": ""v1"", ""persona"": ""phd""}"
"('philosophyofscienceandthesciences', 'probabilityandstatistics')",philosophy of science and the sciences,probability and statistics,-1,3,expert,v1,v1,"{""model"": null, ""temperature"": null, ""date"": ""2025-09-06T23:06:20.565160+00:00"", ""prompt_version"": ""v1"", ""persona"": ""expert""}"
"('artificialintelligence', 'logic')",artificial intelligence,logic,-1,3,novice,v1,v1,"{""model"": null, ""temperature"": null, ""date"": ""2025-09-06T23:06:20.565218+00:00"", ""prompt_version"": ""v1"", ""persona"": ""novice""}"
"('artificialintelligence', 'logic')",artificial intelligence,logic,-1,3,course_taker,v1,v1,"{""model"": null, ""temperature"": null, ""date"": ""2025-09-06T23:06:20.565250+00:00"", ""prompt_version"": ""v1"", ""persona"": ""course_taker""}"
"('artificialintelligence', 'logic')",artificial intelligence,logic,-1,3,phd,v1,v1,"{""model"": null, ""temperature"": null, ""date"": ""2025-09-06T23:06:20.565283+00:00"", ""prompt_version"": ""v1"", ""persona"": ""phd""}"
"('artificialintelligence', 'logic')",artificial intelligence,logic,-1,3,expert,v1,v1,"{""model"": null, ""temperature"": null, ""date"": ""2025-09-06T23:06:20.565315+00:00"", ""prompt_version"": ""v1"", ""persona"": ""expert""}"
"('bioethics', 'biomedicalethics')",biomedical ethics,bioethics,-1,3,novice,v1,v1,"{""model"": null, ""temperature"": null, ""date"": ""2025-09-06T23:06:20.565373+00:00"", ""prompt_version"": ""v1"", ""persona"": ""novice""}"
"('bioethics', 'biomedicalethics')",biomedical ethics,bioethics,-1,3,course_taker,v1,v1,"{""model"": null, ""temperature"": null, ""date"": ""2025-09-06T23:06:20.565406+00:00"", ""prompt_version"": ""v1"", ""persona"": ""course_taker""}"
"('bioethics', 'biomedicalethics')",biomedical ethics,bioethics,-1,3,phd,v1,v1,"{""model"": null, ""temperature"": null, ""date"": ""2025-09-06T23:06:20.565440+00:00"", ""prompt_version"": ""v1"", ""persona"": ""phd""}"
"('bioethics', 'biomedicalethics')",biomedical ethics,bioethics,-1,3,expert,v1,v1,"{""model"": null, ""temperature"": null, ""date"": ""2025-09-06T23:06:20.565472+00:00"", ""prompt_version"": ""v1"", ""persona"": ""expert""}"
"('mentalcontent', 'representation')",representation,mental content,-1,3,novice,v1,v1,"{""model"": null, ""temperature"": null, ""date"": ""2025-09-06T23:06:20.565529+00:00"", ""prompt_version"": ""v1"", ""persona"": ""novice""}"
"('mentalcontent', 'representation')",representation,mental content,-1,3,course_taker,v1,v1,"{""model"": null, ""temperature"": null, ""date"": ""2025-09-06T23:06:20.565563+00:00"", ""prompt_version"": ""v1"", ""persona"": ""course_taker""}"
"('mentalcontent', 'representation')",representation,mental content,-1,3,phd,v1,v1,"{""model"": null, ""temperature"": null, ""date"": ""2025-09-06T23:06:20.565596+00:00"", ""prompt_version"": ""v1"", ""persona"": ""phd""}"
"('mentalcontent', 'representation')",representation,mental content,-1,3,expert,v1,v1,"{""model"": null, ""temperature"": null, ""date"": ""2025-09-06T23:06:20.565629+00:00"", ""prompt_version"": ""v1"", ""persona"": ""expert""}"
"('cognitivescience', 'folkpsychology')",folk psychology,cognitive science,-1,3,novice,v1,v1,"{""model"": null, ""temperature"": null, ""date"": ""2025-09-06T23:06:20.565685+00:00"", ""prompt_version"": ""v1"", ""persona"": ""novice""}"
"('cognitivescience', 'folkpsychology')",folk psychology,cognitive science,-1,3,course_taker,v1,v1,"{""model"": null, ""temperature"": null, ""date"": ""2025-09-06T23:06:20.565718+00:00"", ""prompt_version"": ""v1"", ""persona"": ""course_taker""}"
"('cognitivescience', 'folkpsychology')",folk psychology,cognitive science,-1,3,phd,v1,v1,"{""model"": null, ""temperature"": null, ""date"": ""2025-09-06T23:06:20.565751+00:00"", ""prompt_version"": ""v1"", ""persona"": ""phd""}"
"('cognitivescience', 'folkpsychology')",folk psychology,cognitive science,-1,3,expert,v1,v1,"{""model"": null, ""temperature"": null, ""date"": ""2025-09-06T23:06:20.565783+00:00"", ""prompt_version"": ""v1"", ""persona"": ""expert""}"
"('aristotleonnoncontradiction', 'perception')",aristotle on non-contradiction,perception,-1,3,novice,v1,v1,"{""model"": null, ""temperature"": null, ""date"": ""2025-09-06T23:06:20.565841+00:00"", ""prompt_version"": ""v1"", ""persona"": ""novice""}"
"('aristotleonnoncontradiction', 'perception')",aristotle on non-contradiction,perception,-1,3,course_taker,v1,v1,"{""model"": null, ""temperature"": null, ""date"": ""2025-09-06T23:06:20.565874+00:00"", ""prompt_version"": ""v1"", ""persona"": ""course_taker""}"
"('aristotleonnoncontradiction', 'perception')",aristotle on non-contradiction,perception,-1,3,phd,v1,v1,"{""model"": null, ""temperature"": null, ""date"": ""2025-09-06T23:06:20.565908+00:00"", ""prompt_version"": ""v1"", ""persona"": ""phd""}"
"('aristotleonnoncontradiction', 'perception')",aristotle on non-contradiction,perception,-1,3,expert,v1,v1,"{""model"": null, ""temperature"": null, ""date"": ""2025-09-06T23:06:20.565941+00:00"", ""prompt_version"": ""v1"", ""persona"": ""expert""}"
"('epistemology', 'socialphilosophyandpoliticalphilosophy')",social philosophy and political philosophy,epistemology,-1,3,novice,v1,v1,"{""model"": null, ""temperature"": null, ""date"": ""2025-09-06T23:06:20.566000+00:00"", ""prompt_version"": ""v1"", ""persona"": ""novice""}"
"('epistemology', 'socialphilosophyandpoliticalphilosophy')",social philosophy and political philosophy,epistemology,-1,3,course_taker,v1,v1,"{""model"": null, ""temperature"": null, ""date"": ""2025-09-06T23:06:20.566049+00:00"", ""prompt_version"": ""v1"", ""persona"": ""course_taker""}"
"('epistemology', 'socialphilosophyandpoliticalphilosophy')",social philosophy and political philosophy,epistemology,-1,3,phd,v1,v1,"{""model"": null, ""temperature"": null, ""date"": ""2025-09-06T23:06:20.566083+00:00"", ""prompt_version"": ""v1"", ""persona"": ""phd""}"
"('epistemology', 'socialphilosophyandpoliticalphilosophy')",social philosophy and political philosophy,epistemology,-1,3,expert,v1,v1,"{""model"": null, ""temperature"": null, ""date"": ""2025-09-06T23:06:20.566116+00:00"", ""prompt_version"": ""v1"", ""persona"": ""expert""}"
"('epistemology', 'realism')",realism,epistemology,-1,3,novice,v1,v1,"{""model"": null, ""temperature"": null, ""date"": ""2025-09-06T23:06:20.566174+00:00"", ""prompt_version"": ""v1"", ""persona"": ""novice""}"
"('epistemology', 'realism')",realism,epistemology,-1,3,course_taker,v1,v1,"{""model"": null, ""temperature"": null, ""date"": ""2025-09-06T23:06:20.566207+00:00"", ""prompt_version"": ""v1"", ""persona"": ""course_taker""}"
"('epistemology', 'realism')",realism,epistemology,-1,3,phd,v1,v1,"{""model"": null, ""temperature"": null, ""date"": ""2025-09-06T23:06:20.566241+00:00"", ""prompt_version"": ""v1"", ""persona"": ""phd""}"
"('epistemology', 'realism')",realism,epistemology,-1,3,expert,v1,v1,"{""model"": null, ""temperature"": null, ""date"": ""2025-09-06T23:06:20.566273+00:00"", ""prompt_version"": ""v1"", ""persona"": ""expert""}"
"('epistemology', 'philosophiesoftheparticularsciences')",philosophies of the particular sciences,epistemology,-1,3,novice,v1,v1,"{""model"": null, ""temperature"": null, ""date"": ""2025-09-06T23:06:20.566330+00:00"", ""prompt_version"": ""v1"", ""persona"": ""novice""}"
"('epistemology', 'philosophiesoftheparticularsciences')",philosophies of the particular sciences,epistemology,-1,3,course_taker,v1,v1,"{""model"": null, ""temperature"": null, ""date"": ""2025-09-06T23:06:20.566363+00:00"", ""prompt_version"": ""v1"", ""persona"": ""course_taker""}"
"('epistemology', 'philosophiesoftheparticularsciences')",philosophies of the particular sciences,epistemology,-1,3,phd,v1,v1,"{""model"": null, ""temperature"": null, ""date"": ""2025-09-06T23:06:20.566397+00:00"", ""prompt_version"": ""v1"", ""persona"": ""phd""}"
"('epistemology', 'philosophiesoftheparticularsciences')",philosophies of the particular sciences,epistemology,-1,3,expert,v1,v1,"{""model"": null, ""temperature"": null, ""date"": ""2025-09-06T23:06:20.566430+00:00"", ""prompt_version"": ""v1"", ""persona"": ""expert""}"
"('metaphysics', 'realismandantirealism')",realism and anti-realism,metaphysics,-1,3,novice,v1,v1,"{""model"": null, ""temperature"": null, ""date"": ""2025-09-06T23:06:20.566487+00:00"", ""prompt_version"": ""v1"", ""persona"": ""novice""}"
"('metaphysics', 'realismandantirealism')",realism and anti-realism,metaphysics,-1,3,course_taker,v1,v1,"{""model"": null, ""temperature"": null, ""date"": ""2025-09-06T23:06:20.566520+00:00"", ""prompt_version"": ""v1"", ""persona"": ""course_taker""}"
"('metaphysics', 'realismandantirealism')",realism and anti-realism,metaphysics,-1,3,phd,v1,v1,"{""model"": null, ""temperature"": null, ""date"": ""2025-09-06T23:06:20.566553+00:00"", ""prompt_version"": ""v1"", ""persona"": ""phd""}"
"('metaphysics', 'realismandantirealism')",realism and anti-realism,metaphysics,-1,3,expert,v1,v1,"{""model"": null, ""temperature"": null, ""date"": ""2025-09-06T23:06:20.566585+00:00"", ""prompt_version"": ""v1"", ""persona"": ""expert""}"
"('einsteinsphilosophyofscience', 'philosophyofscienceandthesciences')",einstein's philosophy of science,philosophy of science and the sciences,-1,3,novice,v1,v1,"{""model"": null, ""temperature"": null, ""date"": ""2025-09-06T23:06:20.566643+00:00"", ""prompt_version"": ""v1"", ""persona"": ""novice""}"
"('einsteinsphilosophyofscience', 'philosophyofscienceandthesciences')",einstein's philosophy of science,philosophy of science and the sciences,-1,3,course_taker,v1,v1,"{""model"": null, ""temperature"": null, ""date"": ""2025-09-06T23:06:20.566677+00:00"", ""prompt_version"": ""v1"", ""persona"": ""course_taker""}"
"('einsteinsphilosophyofscience', 'philosophyofscienceandthesciences')",einstein's philosophy of science,philosophy of science and the sciences,-1,3,phd,v1,v1,"{""model"": null, ""temperature"": null, ""date"": ""2025-09-06T23:06:20.566710+00:00"", ""prompt_version"": ""v1"", ""persona"": ""phd""}"
"('einsteinsphilosophyofscience', 'philosophyofscienceandthesciences')",einstein's philosophy of science,philosophy of science and the sciences,-1,3,expert,v1,v1,"{""model"": null, ""temperature"": null, ""date"": ""2025-09-06T23:06:20.566744+00:00"", ""prompt_version"": ""v1"", ""persona"": ""expert""}"
"('medievaltheoriesofrelations', 'metaphysics')",medieval theories of relations,metaphysics,-1,3,novice,v1,v1,"{""model"": null, ""temperature"": null, ""date"": ""2025-09-06T23:06:20.566802+00:00"", ""prompt_version"": ""v1"", ""persona"": ""novice""}"
"('medievaltheoriesofrelations', 'metaphysics')",medieval theories of relations,metaphysics,-1,3,course_taker,v1,v1,"{""model"": null, ""temperature"": null, ""date"": ""2025-09-06T23:06:20.566835+00:00"", ""prompt_version"": ""v1"", ""persona"": ""course_taker""}"
"('medievaltheoriesofrelations', 'metaphysics')",medieval theories of relations,metaphysics,-1,3,phd,v1,v1,"{""model"": null, ""temperature"": null, ""date"": ""2025-09-06T23:06:20.566868+00:00"", ""prompt_version"": ""v1"", ""persona"": ""phd""}"
"('medievaltheoriesofrelations', 'metaphysics')",medieval theories of relations,metaphysics,-1,3,expert,v1,v1,"{""model"": null, ""temperature"": null, ""date"": ""2025-09-06T23:06:20.566901+00:00"", ""prompt_version"": ""v1"", ""persona"": ""expert""}"
"('epistemology', 'probability')",probability,epistemology,-1,3,novice,v1,v1,"{""model"": null, ""temperature"": null, ""date"": ""2025-09-06T23:06:20.566957+00:00"", ""prompt_version"": ""v1"", ""persona"": ""novice""}"
"('epistemology', 'probability')",probability,epistemology,-1,3,course_taker,v1,v1,"{""model"": null, ""temperature"": null, ""date"": ""2025-09-06T23:06:20.566990+00:00"", ""prompt_version"": ""v1"", ""persona"": ""course_taker""}"
"('epistemology', 'probability')",probability,epistemology,-1,3,phd,v1,v1,"{""model"": null, ""temperature"": null, ""date"": ""2025-09-06T23:06:20.567023+00:00"", ""prompt_version"": ""v1"", ""persona"": ""phd""}"
"('epistemology', 'probability')",probability,epistemology,-1,3,expert,v1,v1,"{""model"": null, ""temperature"": null, ""date"": ""2025-09-06T23:06:20.567056+00:00"", ""prompt_version"": ""v1"", ""persona"": ""expert""}"
"('epistemologicalproblemsoftestimony', 'epistemology')",epistemological problems of testimony,epistemology,-1,3,novice,v1,v1,"{""model"": null, ""temperature"": null, ""date"": ""2025-09-06T23:06:20.567112+00:00"", ""prompt_version"": ""v1"", ""persona"": ""novice""}"
"('epistemologicalproblemsoftestimony', 'epistemology')",epistemological problems of testimony,epistemology,-1,3,course_taker,v1,v1,"{""model"": null, ""temperature"": null, ""date"": ""2025-09-06T23:06:20.567146+00:00"", ""prompt_version"": ""v1"", ""persona"": ""course_taker""}"
"('epistemologicalproblemsoftestimony', 'epistemology')",epistemological problems of testimony,epistemology,-1,3,phd,v1,v1,"{""model"": null, ""temperature"": null, ""date"": ""2025-09-06T23:06:20.567179+00:00"", ""prompt_version"": ""v1"", ""persona"": ""phd""}"
"('epistemologicalproblemsoftestimony', 'epistemology')",epistemological problems of testimony,epistemology,-1,3,expert,v1,v1,"{""model"": null, ""temperature"": null, ""date"": ""2025-09-06T23:06:20.567211+00:00"", ""prompt_version"": ""v1"", ""persona"": ""expert""}"
"('epistemology', 'reliabilism')",reliabilism,epistemology,-1,3,novice,v1,v1,"{""model"": null, ""temperature"": null, ""date"": ""2025-09-06T23:06:20.567268+00:00"", ""prompt_version"": ""v1"", ""persona"": ""novice""}"
"('epistemology', 'reliabilism')",reliabilism,epistemology,-1,3,course_taker,v1,v1,"{""model"": null, ""temperature"": null, ""date"": ""2025-09-06T23:06:20.567314+00:00"", ""prompt_version"": ""v1"", ""persona"": ""course_taker""}"
"('epistemology', 'reliabilism')",reliabilism,epistemology,-1,3,phd,v1,v1,"{""model"": null, ""temperature"": null, ""date"": ""2025-09-06T23:06:20.567347+00:00"", ""prompt_version"": ""v1"", ""persona"": ""phd""}"
"('epistemology', 'reliabilism')",reliabilism,epistemology,-1,3,expert,v1,v1,"{""model"": null, ""temperature"": null, ""date"": ""2025-09-06T23:06:20.567379+00:00"", ""prompt_version"": ""v1"", ""persona"": ""expert""}"
"('connectionism', 'connectionistmodel')",connectionism,connectionist model,-1,3,novice,v1,v1,"{""model"": null, ""temperature"": null, ""date"": ""2025-09-06T23:06:20.567439+00:00"", ""prompt_version"": ""v1"", ""persona"": ""novice""}"
"('connectionism', 'connectionistmodel')",connectionism,connectionist model,-1,3,course_taker,v1,v1,"{""model"": null, ""temperature"": null, ""date"": ""2025-09-06T23:06:20.567472+00:00"", ""prompt_version"": ""v1"", ""persona"": ""course_taker""}"
"('connectionism', 'connectionistmodel')",connectionism,connectionist model,-1,3,phd,v1,v1,"{""model"": null, ""temperature"": null, ""date"": ""2025-09-06T23:06:20.567505+00:00"", ""prompt_version"": ""v1"", ""persona"": ""phd""}"
"('connectionism', 'connectionistmodel')",connectionism,connectionist model,-1,3,expert,v1,v1,"{""model"": null, ""temperature"": null, ""date"": ""2025-09-06T23:06:20.567537+00:00"", ""prompt_version"": ""v1"", ""persona"": ""expert""}"
"('japanesezenbuddhistphilosophy', 'philosophyofmind')",japanese zen buddhist philosophy,philosophy of mind,-1,3,novice,v1,v1,"{""model"": null, ""temperature"": null, ""date"": ""2025-09-06T23:06:20.567594+00:00"", ""prompt_version"": ""v1"", ""persona"": ""novice""}"
"('japanesezenbuddhistphilosophy', 'philosophyofmind')",japanese zen buddhist philosophy,philosophy of mind,-1,3,course_taker,v1,v1,"{""model"": null, ""temperature"": null, ""date"": ""2025-09-06T23:06:20.567628+00:00"", ""prompt_version"": ""v1"", ""persona"": ""course_taker""}"
"('japanesezenbuddhistphilosophy', 'philosophyofmind')",japanese zen buddhist philosophy,philosophy of mind,-1,3,phd,v1,v1,"{""model"": null, ""temperature"": null, ""date"": ""2025-09-06T23:06:20.567662+00:00"", ""prompt_version"": ""v1"", ""persona"": ""phd""}"
"('japanesezenbuddhistphilosophy', 'philosophyofmind')",japanese zen buddhist philosophy,philosophy of mind,-1,3,expert,v1,v1,"{""model"": null, ""temperature"": null, ""date"": ""2025-09-06T23:06:20.567695+00:00"", ""prompt_version"": ""v1"", ""persona"": ""expert""}"
"('autism', 'perception')",autism,perception,-1,3,novice,v1,v1,"{""model"": null, ""temperature"": null, ""date"": ""2025-09-06T23:06:20.567751+00:00"", ""prompt_version"": ""v1"", ""persona"": ""novice""}"
"('autism', 'perception')",autism,perception,-1,3,course_taker,v1,v1,"{""model"": null, ""temperature"": null, ""date"": ""2025-09-06T23:06:20.567784+00:00"", ""prompt_version"": ""v1"", ""persona"": ""course_taker""}"
"('autism', 'perception')",autism,perception,-1,3,phd,v1,v1,"{""model"": null, ""temperature"": null, ""date"": ""2025-09-06T23:06:20.567816+00:00"", ""prompt_version"": ""v1"", ""persona"": ""phd""}"
"('autism', 'perception')",autism,perception,-1,3,expert,v1,v1,"{""model"": null, ""temperature"": null, ""date"": ""2025-09-06T23:06:20.567848+00:00"", ""prompt_version"": ""v1"", ""persona"": ""expert""}"
"('internalismandexternalism', 'philosophyofmind')",internalism and externalism,philosophy of mind,-1,3,novice,v1,v1,"{""model"": null, ""temperature"": null, ""date"": ""2025-09-06T23:06:20.567905+00:00"", ""prompt_version"": ""v1"", ""persona"": ""novice""}"
"('internalismandexternalism', 'philosophyofmind')",internalism and externalism,philosophy of mind,-1,3,course_taker,v1,v1,"{""model"": null, ""temperature"": null, ""date"": ""2025-09-06T23:06:20.567938+00:00"", ""prompt_version"": ""v1"", ""persona"": ""course_taker""}"
"('internalismandexternalism', 'philosophyofmind')",internalism and externalism,philosophy of mind,-1,3,phd,v1,v1,"{""model"": null, ""temperature"": null, ""date"": ""2025-09-06T23:06:20.567971+00:00"", ""prompt_version"": ""v1"", ""persona"": ""phd""}"
"('internalismandexternalism', 'philosophyofmind')",internalism and externalism,philosophy of mind,-1,3,expert,v1,v1,"{""model"": null, ""temperature"": null, ""date"": ""2025-09-06T23:06:20.568004+00:00"", ""prompt_version"": ""v1"", ""persona"": ""expert""}"
"('knowledge', 'rationalismvsempiricism')",rationalism vs. empiricism,knowledge,-1,3,novice,v1,v1,"{""model"": null, ""temperature"": null, ""date"": ""2025-09-06T23:06:20.568061+00:00"", ""prompt_version"": ""v1"", ""persona"": ""novice""}"
"('knowledge', 'rationalismvsempiricism')",rationalism vs. empiricism,knowledge,-1,3,course_taker,v1,v1,"{""model"": null, ""temperature"": null, ""date"": ""2025-09-06T23:06:20.568093+00:00"", ""prompt_version"": ""v1"", ""persona"": ""course_taker""}"
"('knowledge', 'rationalismvsempiricism')",rationalism vs. empiricism,knowledge,-1,3,phd,v1,v1,"{""model"": null, ""temperature"": null, ""date"": ""2025-09-06T23:06:20.568126+00:00"", ""prompt_version"": ""v1"", ""persona"": ""phd""}"
"('knowledge', 'rationalismvsempiricism')",rationalism vs. empiricism,knowledge,-1,3,expert,v1,v1,"{""model"": null, ""temperature"": null, ""date"": ""2025-09-06T23:06:20.568158+00:00"", ""prompt_version"": ""v1"", ""persona"": ""expert""}"
"('higherordertheoriesofconsciousness', 'perception')",higher-order theories of consciousness,perception,-1,3,novice,v1,v1,"{""model"": null, ""temperature"": null, ""date"": ""2025-09-06T23:06:20.568217+00:00"", ""prompt_version"": ""v1"", ""persona"": ""novice""}"
"('higherordertheoriesofconsciousness', 'perception')",higher-order theories of consciousness,perception,-1,3,course_taker,v1,v1,"{""model"": null, ""temperature"": null, ""date"": ""2025-09-06T23:06:20.568250+00:00"", ""prompt_version"": ""v1"", ""persona"": ""course_taker""}"
"('higherordertheoriesofconsciousness', 'perception')",higher-order theories of consciousness,perception,-1,3,phd,v1,v1,"{""model"": null, ""temperature"": null, ""date"": ""2025-09-06T23:06:20.568283+00:00"", ""prompt_version"": ""v1"", ""persona"": ""phd""}"
"('higherordertheoriesofconsciousness', 'perception')",higher-order theories of consciousness,perception,-1,3,expert,v1,v1,"{""model"": null, ""temperature"": null, ""date"": ""2025-09-06T23:06:20.568316+00:00"", ""prompt_version"": ""v1"", ""persona"": ""expert""}"
"('artisticrepresentation', 'perception')",artistic representation,perception,-1,3,novice,v1,v1,"{""model"": null, ""temperature"": null, ""date"": ""2025-09-06T23:06:20.568373+00:00"", ""prompt_version"": ""v1"", ""persona"": ""novice""}"
"('artisticrepresentation', 'perception')",artistic representation,perception,-1,3,course_taker,v1,v1,"{""model"": null, ""temperature"": null, ""date"": ""2025-09-06T23:06:20.568406+00:00"", ""prompt_version"": ""v1"", ""persona"": ""course_taker""}"
"('artisticrepresentation', 'perception')",artistic representation,perception,-1,3,phd,v1,v1,"{""model"": null, ""temperature"": null, ""date"": ""2025-09-06T23:06:20.568439+00:00"", ""prompt_version"": ""v1"", ""persona"": ""phd""}"
"('artisticrepresentation', 'perception')",artistic representation,perception,-1,3,expert,v1,v1,"{""model"": null, ""temperature"": null, ""date"": ""2025-09-06T23:06:20.568471+00:00"", ""prompt_version"": ""v1"", ""persona"": ""expert""}"
"('chineseandwestern', 'chinesephilosophy')",chinese and western,chinese philosophy,-1,3,novice,v1,v1,"{""model"": null, ""temperature"": null, ""date"": ""2025-09-06T23:06:20.568528+00:00"", ""prompt_version"": ""v1"", ""persona"": ""novice""}"
"('chineseandwestern', 'chinesephilosophy')",chinese and western,chinese philosophy,-1,3,course_taker,v1,v1,"{""model"": null, ""temperature"": null, ""date"": ""2025-09-06T23:06:20.568561+00:00"", ""prompt_version"": ""v1"", ""persona"": ""course_taker""}"
"('chineseandwestern', 'chinesephilosophy')",chinese and western,chinese philosophy,-1,3,phd,v1,v1,"{""model"": null, ""temperature"": null, ""date"": ""2025-09-06T23:06:20.568594+00:00"", ""prompt_version"": ""v1"", ""persona"": ""phd""}"
"('chineseandwestern', 'chinesephilosophy')",chinese and western,chinese philosophy,-1,3,expert,v1,v1,"{""model"": null, ""temperature"": null, ""date"": ""2025-09-06T23:06:20.568644+00:00"", ""prompt_version"": ""v1"", ""persona"": ""expert""}"
"('philosophyofcomputerscience', 'philosophyofmathematics')",philosophy of computer science,philosophy of mathematics,-1,3,novice,v1,v1,"{""model"": null, ""temperature"": null, ""date"": ""2025-09-06T23:06:20.568701+00:00"", ""prompt_version"": ""v1"", ""persona"": ""novice""}"
"('philosophyofcomputerscience', 'philosophyofmathematics')",philosophy of computer science,philosophy of mathematics,-1,3,course_taker,v1,v1,"{""model"": null, ""temperature"": null, ""date"": ""2025-09-06T23:06:20.568734+00:00"", ""prompt_version"": ""v1"", ""persona"": ""course_taker""}"
"('philosophyofcomputerscience', 'philosophyofmathematics')",philosophy of computer science,philosophy of mathematics,-1,3,phd,v1,v1,"{""model"": null, ""temperature"": null, ""date"": ""2025-09-06T23:06:20.568768+00:00"", ""prompt_version"": ""v1"", ""persona"": ""phd""}"
"('philosophyofcomputerscience', 'philosophyofmathematics')",philosophy of computer science,philosophy of mathematics,-1,3,expert,v1,v1,"{""model"": null, ""temperature"": null, ""date"": ""2025-09-06T23:06:20.568801+00:00"", ""prompt_version"": ""v1"", ""persona"": ""expert""}"
"('epistemologicalproblemsoftestimony', 'perception')",epistemological problems of testimony,perception,-1,3,novice,v1,v1,"{""model"": null, ""temperature"": null, ""date"": ""2025-09-06T23:06:20.568859+00:00"", ""prompt_version"": ""v1"", ""persona"": ""novice""}"
"('epistemologicalproblemsoftestimony', 'perception')",epistemological problems of testimony,perception,-1,3,course_taker,v1,v1,"{""model"": null, ""temperature"": null, ""date"": ""2025-09-06T23:06:20.568892+00:00"", ""prompt_version"": ""v1"", ""persona"": ""course_taker""}"
"('epistemologicalproblemsoftestimony', 'perception')",epistemological problems of testimony,perception,-1,3,phd,v1,v1,"{""model"": null, ""temperature"": null, ""date"": ""2025-09-06T23:06:20.568926+00:00"", ""prompt_version"": ""v1"", ""persona"": ""phd""}"
"('epistemologicalproblemsoftestimony', 'perception')",epistemological problems of testimony,perception,-1,3,expert,v1,v1,"{""model"": null, ""temperature"": null, ""date"": ""2025-09-06T23:06:20.568960+00:00"", ""prompt_version"": ""v1"", ""persona"": ""expert""}"
"('everettsrelativestateformulationofquantummechanics', 'philosophyofmind')",everett's relative-state formulation of quantum mechanics,philosophy of mind,-1,3,novice,v1,v1,"{""model"": null, ""temperature"": null, ""date"": ""2025-09-06T23:06:20.569018+00:00"", ""prompt_version"": ""v1"", ""persona"": ""novice""}"
"('everettsrelativestateformulationofquantummechanics', 'philosophyofmind')",everett's relative-state formulation of quantum mechanics,philosophy of mind,-1,3,course_taker,v1,v1,"{""model"": null, ""temperature"": null, ""date"": ""2025-09-06T23:06:20.569052+00:00"", ""prompt_version"": ""v1"", ""persona"": ""course_taker""}"
"('everettsrelativestateformulationofquantummechanics', 'philosophyofmind')",everett's relative-state formulation of quantum mechanics,philosophy of mind,-1,3,phd,v1,v1,"{""model"": null, ""temperature"": null, ""date"": ""2025-09-06T23:06:20.569086+00:00"", ""prompt_version"": ""v1"", ""persona"": ""phd""}"
"('everettsrelativestateformulationofquantummechanics', 'philosophyofmind')",everett's relative-state formulation of quantum mechanics,philosophy of mind,-1,3,expert,v1,v1,"{""model"": null, ""temperature"": null, ""date"": ""2025-09-06T23:06:20.569120+00:00"", ""prompt_version"": ""v1"", ""persona"": ""expert""}"
"('consciousness', 'unityofconsciousness')",unity of consciousness,consciousness,-1,3,novice,v1,v1,"{""model"": null, ""temperature"": null, ""date"": ""2025-09-06T23:06:20.569178+00:00"", ""prompt_version"": ""v1"", ""persona"": ""novice""}"
"('consciousness', 'unityofconsciousness')",unity of consciousness,consciousness,-1,3,course_taker,v1,v1,"{""model"": null, ""temperature"": null, ""date"": ""2025-09-06T23:06:20.569211+00:00"", ""prompt_version"": ""v1"", ""persona"": ""course_taker""}"
"('consciousness', 'unityofconsciousness')",unity of consciousness,consciousness,-1,3,phd,v1,v1,"{""model"": null, ""temperature"": null, ""date"": ""2025-09-06T23:06:20.569244+00:00"", ""prompt_version"": ""v1"", ""persona"": ""phd""}"
"('consciousness', 'unityofconsciousness')",unity of consciousness,consciousness,-1,3,expert,v1,v1,"{""model"": null, ""temperature"": null, ""date"": ""2025-09-06T23:06:20.569277+00:00"", ""prompt_version"": ""v1"", ""persona"": ""expert""}"
"('foreknowledgeandfreewill', 'freewill')",foreknowledge and free will,free will,-1,3,novice,v1,v1,"{""model"": null, ""temperature"": null, ""date"": ""2025-09-06T23:06:20.569337+00:00"", ""prompt_version"": ""v1"", ""persona"": ""novice""}"
"('foreknowledgeandfreewill', 'freewill')",foreknowledge and free will,free will,-1,3,course_taker,v1,v1,"{""model"": null, ""temperature"": null, ""date"": ""2025-09-06T23:06:20.569371+00:00"", ""prompt_version"": ""v1"", ""persona"": ""course_taker""}"
"('foreknowledgeandfreewill', 'freewill')",foreknowledge and free will,free will,-1,3,phd,v1,v1,"{""model"": null, ""temperature"": null, ""date"": ""2025-09-06T23:06:20.569405+00:00"", ""prompt_version"": ""v1"", ""persona"": ""phd""}"
"('foreknowledgeandfreewill', 'freewill')",foreknowledge and free will,free will,-1,3,expert,v1,v1,"{""model"": null, ""temperature"": null, ""date"": ""2025-09-06T23:06:20.569438+00:00"", ""prompt_version"": ""v1"", ""persona"": ""expert""}"
"('aristotleslogic', 'metaphysics')",aristotle's logic,metaphysics,-1,3,novice,v1,v1,"{""model"": null, ""temperature"": null, ""date"": ""2025-09-06T23:06:20.569496+00:00"", ""prompt_version"": ""v1"", ""persona"": ""novice""}"
"('aristotleslogic', 'metaphysics')",aristotle's logic,metaphysics,-1,3,course_taker,v1,v1,"{""model"": null, ""temperature"": null, ""date"": ""2025-09-06T23:06:20.569529+00:00"", ""prompt_version"": ""v1"", ""persona"": ""course_taker""}"
"('aristotleslogic', 'metaphysics')",aristotle's logic,metaphysics,-1,3,phd,v1,v1,"{""model"": null, ""temperature"": null, ""date"": ""2025-09-06T23:06:20.569562+00:00"", ""prompt_version"": ""v1"", ""persona"": ""phd""}"
"('aristotleslogic', 'metaphysics')",aristotle's logic,metaphysics,-1,3,expert,v1,v1,"{""model"": null, ""temperature"": null, ""date"": ""2025-09-06T23:06:20.569596+00:00"", ""prompt_version"": ""v1"", ""persona"": ""expert""}"
"('intentionality', 'perception')",intentionality,perception,-1,3,novice,v1,v1,"{""model"": null, ""temperature"": null, ""date"": ""2025-09-06T23:06:20.569656+00:00"", ""prompt_version"": ""v1"", ""persona"": ""novice""}"
"('intentionality', 'perception')",intentionality,perception,-1,3,course_taker,v1,v1,"{""model"": null, ""temperature"": null, ""date"": ""2025-09-06T23:06:20.569691+00:00"", ""prompt_version"": ""v1"", ""persona"": ""course_taker""}"
"('intentionality', 'perception')",intentionality,perception,-1,3,phd,v1,v1,"{""model"": null, ""temperature"": null, ""date"": ""2025-09-06T23:06:20.569724+00:00"", ""prompt_version"": ""v1"", ""persona"": ""phd""}"
"('intentionality', 'perception')",intentionality,perception,-1,3,expert,v1,v1,"{""model"": null, ""temperature"": null, ""date"": ""2025-09-06T23:06:20.569759+00:00"", ""prompt_version"": ""v1"", ""persona"": ""expert""}"
"('philosophyandchristiantheology', 'philosophyofreligion')",philosophy and christian theology,philosophy of religion,-1,3,novice,v1,v1,"{""model"": null, ""temperature"": null, ""date"": ""2025-09-06T23:06:20.569828+00:00"", ""prompt_version"": ""v1"", ""persona"": ""novice""}"
"('philosophyandchristiantheology', 'philosophyofreligion')",philosophy and christian theology,philosophy of religion,-1,3,course_taker,v1,v1,"{""model"": null, ""temperature"": null, ""date"": ""2025-09-06T23:06:20.569862+00:00"", ""prompt_version"": ""v1"", ""persona"": ""course_taker""}"
"('philosophyandchristiantheology', 'philosophyofreligion')",philosophy and christian theology,philosophy of religion,-1,3,phd,v1,v1,"{""model"": null, ""temperature"": null, ""date"": ""2025-09-06T23:06:20.569896+00:00"", ""prompt_version"": ""v1"", ""persona"": ""phd""}"
"('philosophyandchristiantheology', 'philosophyofreligion')",philosophy and christian theology,philosophy of religion,-1,3,expert,v1,v1,"{""model"": null, ""temperature"": null, ""date"": ""2025-09-06T23:06:20.569947+00:00"", ""prompt_version"": ""v1"", ""persona"": ""expert""}"
"('computationallinguistics', 'perception')",computational linguistics,perception,-1,3,novice,v1,v1,"{""model"": null, ""temperature"": null, ""date"": ""2025-09-06T23:06:20.570007+00:00"", ""prompt_version"": ""v1"", ""persona"": ""novice""}"
"('computationallinguistics', 'perception')",computational linguistics,perception,-1,3,course_taker,v1,v1,"{""model"": null, ""temperature"": null, ""date"": ""2025-09-06T23:06:20.570040+00:00"", ""prompt_version"": ""v1"", ""persona"": ""course_taker""}"
"('computationallinguistics', 'perception')",computational linguistics,perception,-1,3,phd,v1,v1,"{""model"": null, ""temperature"": null, ""date"": ""2025-09-06T23:06:20.570073+00:00"", ""prompt_version"": ""v1"", ""persona"": ""phd""}"
"('computationallinguistics', 'perception')",computational linguistics,perception,-1,3,expert,v1,v1,"{""model"": null, ""temperature"": null, ""date"": ""2025-09-06T23:06:20.570105+00:00"", ""prompt_version"": ""v1"", ""persona"": ""expert""}"
"('metaphysics', 'naturaltheology')",natural theology,metaphysics,-1,3,novice,v1,v1,"{""model"": null, ""temperature"": null, ""date"": ""2025-09-06T23:06:20.570162+00:00"", ""prompt_version"": ""v1"", ""persona"": ""novice""}"
"('metaphysics', 'naturaltheology')",natural theology,metaphysics,-1,3,course_taker,v1,v1,"{""model"": null, ""temperature"": null, ""date"": ""2025-09-06T23:06:20.570194+00:00"", ""prompt_version"": ""v1"", ""persona"": ""course_taker""}"
"('metaphysics', 'naturaltheology')",natural theology,metaphysics,-1,3,phd,v1,v1,"{""model"": null, ""temperature"": null, ""date"": ""2025-09-06T23:06:20.570227+00:00"", ""prompt_version"": ""v1"", ""persona"": ""phd""}"
"('metaphysics', 'naturaltheology')",natural theology,metaphysics,-1,3,expert,v1,v1,"{""model"": null, ""temperature"": null, ""date"": ""2025-09-06T23:06:20.570260+00:00"", ""prompt_version"": ""v1"", ""persona"": ""expert""}"
"('artificialintelligence', 'outputunit')",output unit,artificial intelligence,-1,3,novice,v1,v1,"{""model"": null, ""temperature"": null, ""date"": ""2025-09-06T23:06:20.570316+00:00"", ""prompt_version"": ""v1"", ""persona"": ""novice""}"
"('artificialintelligence', 'outputunit')",output unit,artificial intelligence,-1,3,course_taker,v1,v1,"{""model"": null, ""temperature"": null, ""date"": ""2025-09-06T23:06:20.570349+00:00"", ""prompt_version"": ""v1"", ""persona"": ""course_taker""}"
"('artificialintelligence', 'outputunit')",output unit,artificial intelligence,-1,3,phd,v1,v1,"{""model"": null, ""temperature"": null, ""date"": ""2025-09-06T23:06:20.570382+00:00"", ""prompt_version"": ""v1"", ""persona"": ""phd""}"
"('artificialintelligence', 'outputunit')",output unit,artificial intelligence,-1,3,expert,v1,v1,"{""model"": null, ""temperature"": null, ""date"": ""2025-09-06T23:06:20.570414+00:00"", ""prompt_version"": ""v1"", ""persona"": ""expert""}"
"('externalism', 'philosophyofmind')",externalism,philosophy of mind,-1,3,novice,v1,v1,"{""model"": null, ""temperature"": null, ""date"": ""2025-09-06T23:06:20.570476+00:00"", ""prompt_version"": ""v1"", ""persona"": ""novice""}"
"('externalism', 'philosophyofmind')",externalism,philosophy of mind,-1,3,course_taker,v1,v1,"{""model"": null, ""temperature"": null, ""date"": ""2025-09-06T23:06:20.570531+00:00"", ""prompt_version"": ""v1"", ""persona"": ""course_taker""}"
"('externalism', 'philosophyofmind')",externalism,philosophy of mind,-1,3,phd,v1,v1,"{""model"": null, ""temperature"": null, ""date"": ""2025-09-06T23:06:20.570572+00:00"", ""prompt_version"": ""v1"", ""persona"": ""phd""}"
"('externalism', 'philosophyofmind')",externalism,philosophy of mind,-1,3,expert,v1,v1,"{""model"": null, ""temperature"": null, ""date"": ""2025-09-06T23:06:20.570646+00:00"", ""prompt_version"": ""v1"", ""persona"": ""expert""}"
"('philosophyoflanguage', 'sentence')",sentence,philosophy of language,-1,3,novice,v1,v1,"{""model"": null, ""temperature"": null, ""date"": ""2025-09-06T23:06:20.571396+00:00"", ""prompt_version"": ""v1"", ""persona"": ""novice""}"
"('philosophyoflanguage', 'sentence')",sentence,philosophy of language,-1,3,course_taker,v1,v1,"{""model"": null, ""temperature"": null, ""date"": ""2025-09-06T23:06:20.571556+00:00"", ""prompt_version"": ""v1"", ""persona"": ""course_taker""}"
"('philosophyoflanguage', 'sentence')",sentence,philosophy of language,-1,3,phd,v1,v1,"{""model"": null, ""temperature"": null, ""date"": ""2025-09-06T23:06:20.571812+00:00"", ""prompt_version"": ""v1"", ""persona"": ""phd""}"
"('philosophyoflanguage', 'sentence')",sentence,philosophy of language,-1,3,expert,v1,v1,"{""model"": null, ""temperature"": null, ""date"": ""2025-09-06T23:06:20.572218+00:00"", ""prompt_version"": ""v1"", ""persona"": ""expert""}"
"('perception', 'selfknowledge')",self-knowledge,perception,-1,3,novice,v1,v1,"{""model"": null, ""temperature"": null, ""date"": ""2025-09-06T23:06:20.572681+00:00"", ""prompt_version"": ""v1"", ""persona"": ""novice""}"
"('perception', 'selfknowledge')",self-knowledge,perception,-1,3,course_taker,v1,v1,"{""model"": null, ""temperature"": null, ""date"": ""2025-09-06T23:06:20.572755+00:00"", ""prompt_version"": ""v1"", ""persona"": ""course_taker""}"
"('perception', 'selfknowledge')",self-knowledge,perception,-1,3,phd,v1,v1,"{""model"": null, ""temperature"": null, ""date"": ""2025-09-06T23:06:20.572853+00:00"", ""prompt_version"": ""v1"", ""persona"": ""phd""}"
"('perception', 'selfknowledge')",self-knowledge,perception,-1,3,expert,v1,v1,"{""model"": null, ""temperature"": null, ""date"": ""2025-09-06T23:06:20.572949+00:00"", ""prompt_version"": ""v1"", ""persona"": ""expert""}"
"('continuant', 'metaphysics')",continuant,metaphysics,-1,3,novice,v1,v1,"{""model"": null, ""temperature"": null, ""date"": ""2025-09-06T23:06:20.573187+00:00"", ""prompt_version"": ""v1"", ""persona"": ""novice""}"
"('continuant', 'metaphysics')",continuant,metaphysics,-1,3,course_taker,v1,v1,"{""model"": null, ""temperature"": null, ""date"": ""2025-09-06T23:06:20.573236+00:00"", ""prompt_version"": ""v1"", ""persona"": ""course_taker""}"
"('continuant', 'metaphysics')",continuant,metaphysics,-1,3,phd,v1,v1,"{""model"": null, ""temperature"": null, ""date"": ""2025-09-06T23:06:20.573282+00:00"", ""prompt_version"": ""v1"", ""persona"": ""phd""}"
"('continuant', 'metaphysics')",continuant,metaphysics,-1,3,expert,v1,v1,"{""model"": null, ""temperature"": null, ""date"": ""2025-09-06T23:06:20.573321+00:00"", ""prompt_version"": ""v1"", ""persona"": ""expert""}"
"('matter', 'philosophyofreligion')",matter,philosophy of religion,-1,3,novice,v1,v1,"{""model"": null, ""temperature"": null, ""date"": ""2025-09-06T23:06:20.573389+00:00"", ""prompt_version"": ""v1"", ""persona"": ""novice""}"
"('matter', 'philosophyofreligion')",matter,philosophy of religion,-1,3,course_taker,v1,v1,"{""model"": null, ""temperature"": null, ""date"": ""2025-09-06T23:06:20.573426+00:00"", ""prompt_version"": ""v1"", ""persona"": ""course_taker""}"
"('matter', 'philosophyofreligion')",matter,philosophy of religion,-1,3,phd,v1,v1,"{""model"": null, ""temperature"": null, ""date"": ""2025-09-06T23:06:20.573462+00:00"", ""prompt_version"": ""v1"", ""persona"": ""phd""}"
"('matter', 'philosophyofreligion')",matter,philosophy of religion,-1,3,expert,v1,v1,"{""model"": null, ""temperature"": null, ""date"": ""2025-09-06T23:06:20.573497+00:00"", ""prompt_version"": ""v1"", ""persona"": ""expert""}"
"('metaphysics', 'philosophyofart')",philosophy of art,metaphysics,-1,3,novice,v1,v1,"{""model"": null, ""temperature"": null, ""date"": ""2025-09-06T23:06:20.573561+00:00"", ""prompt_version"": ""v1"", ""persona"": ""novice""}"
"('metaphysics', 'philosophyofart')",philosophy of art,metaphysics,-1,3,course_taker,v1,v1,"{""model"": null, ""temperature"": null, ""date"": ""2025-09-06T23:06:20.573595+00:00"", ""prompt_version"": ""v1"", ""persona"": ""course_taker""}"
"('metaphysics', 'philosophyofart')",philosophy of art,metaphysics,-1,3,phd,v1,v1,"{""model"": null, ""temperature"": null, ""date"": ""2025-09-06T23:06:20.573660+00:00"", ""prompt_version"": ""v1"", ""persona"": ""phd""}"
"('metaphysics', 'philosophyofart')",philosophy of art,metaphysics,-1,3,expert,v1,v1,"{""model"": null, ""temperature"": null, ""date"": ""2025-09-06T23:06:20.573695+00:00"", ""prompt_version"": ""v1"", ""persona"": ""expert""}"
"('philosophyofscience', 'philosophyofsocialscience')",philosophy of social science,philosophy of science,-1,3,novice,v1,v1,"{""model"": null, ""temperature"": null, ""date"": ""2025-09-06T23:06:20.573756+00:00"", ""prompt_version"": ""v1"", ""persona"": ""novice""}"
"('philosophyofscience', 'philosophyofsocialscience')",philosophy of social science,philosophy of science,-1,3,course_taker,v1,v1,"{""model"": null, ""temperature"": null, ""date"": ""2025-09-06T23:06:20.573791+00:00"", ""prompt_version"": ""v1"", ""persona"": ""course_taker""}"
"('philosophyofscience', 'philosophyofsocialscience')",philosophy of social science,philosophy of science,-1,3,phd,v1,v1,"{""model"": null, ""temperature"": null, ""date"": ""2025-09-06T23:06:20.573826+00:00"", ""prompt_version"": ""v1"", ""persona"": ""phd""}"
"('philosophyofscience', 'philosophyofsocialscience')",philosophy of social science,philosophy of science,-1,3,expert,v1,v1,"{""model"": null, ""temperature"": null, ""date"": ""2025-09-06T23:06:20.573860+00:00"", ""prompt_version"": ""v1"", ""persona"": ""expert""}"
"('aesthetics', 'aestheticsandphilosophyofart')",aesthetics,aesthetics and philosophy of art,-1,3,novice,v1,v1,"{""model"": null, ""temperature"": null, ""date"": ""2025-09-06T23:06:20.573920+00:00"", ""prompt_version"": ""v1"", ""persona"": ""novice""}"
"('aesthetics', 'aestheticsandphilosophyofart')",aesthetics,aesthetics and philosophy of art,-1,3,course_taker,v1,v1,"{""model"": null, ""temperature"": null, ""date"": ""2025-09-06T23:06:20.573954+00:00"", ""prompt_version"": ""v1"", ""persona"": ""course_taker""}"
"('aesthetics', 'aestheticsandphilosophyofart')",aesthetics,aesthetics and philosophy of art,-1,3,phd,v1,v1,"{""model"": null, ""temperature"": null, ""date"": ""2025-09-06T23:06:20.573988+00:00"", ""prompt_version"": ""v1"", ""persona"": ""phd""}"
"('aesthetics', 'aestheticsandphilosophyofart')",aesthetics,aesthetics and philosophy of art,-1,3,expert,v1,v1,"{""model"": null, ""temperature"": null, ""date"": ""2025-09-06T23:06:20.574021+00:00"", ""prompt_version"": ""v1"", ""persona"": ""expert""}"
"('epistemology', 'probabilityandstatistics')",probability and statistics,epistemology,-1,3,novice,v1,v1,"{""model"": null, ""temperature"": null, ""date"": ""2025-09-06T23:06:20.574080+00:00"", ""prompt_version"": ""v1"", ""persona"": ""novice""}"
"('epistemology', 'probabilityandstatistics')",probability and statistics,epistemology,-1,3,course_taker,v1,v1,"{""model"": null, ""temperature"": null, ""date"": ""2025-09-06T23:06:20.574114+00:00"", ""prompt_version"": ""v1"", ""persona"": ""course_taker""}"
"('epistemology', 'probabilityandstatistics')",probability and statistics,epistemology,-1,3,phd,v1,v1,"{""model"": null, ""temperature"": null, ""date"": ""2025-09-06T23:06:20.574148+00:00"", ""prompt_version"": ""v1"", ""persona"": ""phd""}"
"('epistemology', 'probabilityandstatistics')",probability and statistics,epistemology,-1,3,expert,v1,v1,"{""model"": null, ""temperature"": null, ""date"": ""2025-09-06T23:06:20.574182+00:00"", ""prompt_version"": ""v1"", ""persona"": ""expert""}"
"('essenceandexistence', 'existence')",essence and existence,existence,-1,3,novice,v1,v1,"{""model"": null, ""temperature"": null, ""date"": ""2025-09-06T23:06:20.574241+00:00"", ""prompt_version"": ""v1"", ""persona"": ""novice""}"
"('essenceandexistence', 'existence')",essence and existence,existence,-1,3,course_taker,v1,v1,"{""model"": null, ""temperature"": null, ""date"": ""2025-09-06T23:06:20.574274+00:00"", ""prompt_version"": ""v1"", ""persona"": ""course_taker""}"
"('essenceandexistence', 'existence')",essence and existence,existence,-1,3,phd,v1,v1,"{""model"": null, ""temperature"": null, ""date"": ""2025-09-06T23:06:20.574307+00:00"", ""prompt_version"": ""v1"", ""persona"": ""phd""}"
"('essenceandexistence', 'existence')",essence and existence,existence,-1,3,expert,v1,v1,"{""model"": null, ""temperature"": null, ""date"": ""2025-09-06T23:06:20.574340+00:00"", ""prompt_version"": ""v1"", ""persona"": ""expert""}"
"('epistemology', 'foundationalism')",foundationalism,epistemology,-1,3,novice,v1,v1,"{""model"": null, ""temperature"": null, ""date"": ""2025-09-06T23:06:20.574399+00:00"", ""prompt_version"": ""v1"", ""persona"": ""novice""}"
"('epistemology', 'foundationalism')",foundationalism,epistemology,-1,3,course_taker,v1,v1,"{""model"": null, ""temperature"": null, ""date"": ""2025-09-06T23:06:20.574432+00:00"", ""prompt_version"": ""v1"", ""persona"": ""course_taker""}"
"('epistemology', 'foundationalism')",foundationalism,epistemology,-1,3,phd,v1,v1,"{""model"": null, ""temperature"": null, ""date"": ""2025-09-06T23:06:20.574466+00:00"", ""prompt_version"": ""v1"", ""persona"": ""phd""}"
"('epistemology', 'foundationalism')",foundationalism,epistemology,-1,3,expert,v1,v1,"{""model"": null, ""temperature"": null, ""date"": ""2025-09-06T23:06:20.574499+00:00"", ""prompt_version"": ""v1"", ""persona"": ""expert""}"
"('body', 'philosophyofmind')",body,philosophy of mind,-1,3,novice,v1,v1,"{""model"": null, ""temperature"": null, ""date"": ""2025-09-06T23:06:20.574558+00:00"", ""prompt_version"": ""v1"", ""persona"": ""novice""}"
"('body', 'philosophyofmind')",body,philosophy of mind,-1,3,course_taker,v1,v1,"{""model"": null, ""temperature"": null, ""date"": ""2025-09-06T23:06:20.574592+00:00"", ""prompt_version"": ""v1"", ""persona"": ""course_taker""}"
"('body', 'philosophyofmind')",body,philosophy of mind,-1,3,phd,v1,v1,"{""model"": null, ""temperature"": null, ""date"": ""2025-09-06T23:06:20.574627+00:00"", ""prompt_version"": ""v1"", ""persona"": ""phd""}"
"('body', 'philosophyofmind')",body,philosophy of mind,-1,3,expert,v1,v1,"{""model"": null, ""temperature"": null, ""date"": ""2025-09-06T23:06:20.574661+00:00"", ""prompt_version"": ""v1"", ""persona"": ""expert""}"
"('philosophyofcomputerscience', 'philosophyofscience')",philosophy of computer science,philosophy of science,-1,3,novice,v1,v1,"{""model"": null, ""temperature"": null, ""date"": ""2025-09-06T23:06:20.574719+00:00"", ""prompt_version"": ""v1"", ""persona"": ""novice""}"
"('philosophyofcomputerscience', 'philosophyofscience')",philosophy of computer science,philosophy of science,-1,3,course_taker,v1,v1,"{""model"": null, ""temperature"": null, ""date"": ""2025-09-06T23:06:20.574754+00:00"", ""prompt_version"": ""v1"", ""persona"": ""course_taker""}"
"('philosophyofcomputerscience', 'philosophyofscience')",philosophy of computer science,philosophy of science,-1,3,phd,v1,v1,"{""model"": null, ""temperature"": null, ""date"": ""2025-09-06T23:06:20.574788+00:00"", ""prompt_version"": ""v1"", ""persona"": ""phd""}"
"('philosophyofcomputerscience', 'philosophyofscience')",philosophy of computer science,philosophy of science,-1,3,expert,v1,v1,"{""model"": null, ""temperature"": null, ""date"": ""2025-09-06T23:06:20.574822+00:00"", ""prompt_version"": ""v1"", ""persona"": ""expert""}"
"('causalprocesses', 'causation')",causal processes,causation,-1,3,novice,v1,v1,"{""model"": null, ""temperature"": null, ""date"": ""2025-09-06T23:06:20.574880+00:00"", ""prompt_version"": ""v1"", ""persona"": ""novice""}"
"('causalprocesses', 'causation')",causal processes,causation,-1,3,course_taker,v1,v1,"{""model"": null, ""temperature"": null, ""date"": ""2025-09-06T23:06:20.574914+00:00"", ""prompt_version"": ""v1"", ""persona"": ""course_taker""}"
"('causalprocesses', 'causation')",causal processes,causation,-1,3,phd,v1,v1,"{""model"": null, ""temperature"": null, ""date"": ""2025-09-06T23:06:20.574947+00:00"", ""prompt_version"": ""v1"", ""persona"": ""phd""}"
"('causalprocesses', 'causation')",causal processes,causation,-1,3,expert,v1,v1,"{""model"": null, ""temperature"": null, ""date"": ""2025-09-06T23:06:20.574980+00:00"", ""prompt_version"": ""v1"", ""persona"": ""expert""}"
"('ethics', 'gametheoryinethics')",game theory in ethics,ethics,-1,3,novice,v1,v1,"{""model"": null, ""temperature"": null, ""date"": ""2025-09-06T23:06:20.575055+00:00"", ""prompt_version"": ""v1"", ""persona"": ""novice""}"
"('ethics', 'gametheoryinethics')",game theory in ethics,ethics,-1,3,course_taker,v1,v1,"{""model"": null, ""temperature"": null, ""date"": ""2025-09-06T23:06:20.575090+00:00"", ""prompt_version"": ""v1"", ""persona"": ""course_taker""}"
"('ethics', 'gametheoryinethics')",game theory in ethics,ethics,-1,3,phd,v1,v1,"{""model"": null, ""temperature"": null, ""date"": ""2025-09-06T23:06:20.575123+00:00"", ""prompt_version"": ""v1"", ""persona"": ""phd""}"
"('ethics', 'gametheoryinethics')",game theory in ethics,ethics,-1,3,expert,v1,v1,"{""model"": null, ""temperature"": null, ""date"": ""2025-09-06T23:06:20.575157+00:00"", ""prompt_version"": ""v1"", ""persona"": ""expert""}"
"('cognitivescience', 'kantsviewofthemindandconsciousnessofself')",kant's view of the mind and consciousness of self,cognitive science,-1,3,novice,v1,v1,"{""model"": null, ""temperature"": null, ""date"": ""2025-09-06T23:06:20.575215+00:00"", ""prompt_version"": ""v1"", ""persona"": ""novice""}"
"('cognitivescience', 'kantsviewofthemindandconsciousnessofself')",kant's view of the mind and consciousness of self,cognitive science,-1,3,course_taker,v1,v1,"{""model"": null, ""temperature"": null, ""date"": ""2025-09-06T23:06:20.575251+00:00"", ""prompt_version"": ""v1"", ""persona"": ""course_taker""}"
"('cognitivescience', 'kantsviewofthemindandconsciousnessofself')",kant's view of the mind and consciousness of self,cognitive science,-1,3,phd,v1,v1,"{""model"": null, ""temperature"": null, ""date"": ""2025-09-06T23:06:20.575285+00:00"", ""prompt_version"": ""v1"", ""persona"": ""phd""}"
"('cognitivescience', 'kantsviewofthemindandconsciousnessofself')",kant's view of the mind and consciousness of self,cognitive science,-1,3,expert,v1,v1,"{""model"": null, ""temperature"": null, ""date"": ""2025-09-06T23:06:20.575319+00:00"", ""prompt_version"": ""v1"", ""persona"": ""expert""}"
"('metaphysics', 'realism')",realism,metaphysics,-1,3,novice,v1,v1,"{""model"": null, ""temperature"": null, ""date"": ""2025-09-06T23:06:20.575378+00:00"", ""prompt_version"": ""v1"", ""persona"": ""novice""}"
"('metaphysics', 'realism')",realism,metaphysics,-1,3,course_taker,v1,v1,"{""model"": null, ""temperature"": null, ""date"": ""2025-09-06T23:06:20.575412+00:00"", ""prompt_version"": ""v1"", ""persona"": ""course_taker""}"
"('metaphysics', 'realism')",realism,metaphysics,-1,3,phd,v1,v1,"{""model"": null, ""temperature"": null, ""date"": ""2025-09-06T23:06:20.575445+00:00"", ""prompt_version"": ""v1"", ""persona"": ""phd""}"
"('metaphysics', 'realism')",realism,metaphysics,-1,3,expert,v1,v1,"{""model"": null, ""temperature"": null, ""date"": ""2025-09-06T23:06:20.575479+00:00"", ""prompt_version"": ""v1"", ""persona"": ""expert""}"
"('perception', 'sensedata')",sense-data,perception,-1,3,novice,v1,v1,"{""model"": null, ""temperature"": null, ""date"": ""2025-09-06T23:06:20.575537+00:00"", ""prompt_version"": ""v1"", ""persona"": ""novice""}"
"('perception', 'sensedata')",sense-data,perception,-1,3,course_taker,v1,v1,"{""model"": null, ""temperature"": null, ""date"": ""2025-09-06T23:06:20.575570+00:00"", ""prompt_version"": ""v1"", ""persona"": ""course_taker""}"
"('perception', 'sensedata')",sense-data,perception,-1,3,phd,v1,v1,"{""model"": null, ""temperature"": null, ""date"": ""2025-09-06T23:06:20.575604+00:00"", ""prompt_version"": ""v1"", ""persona"": ""phd""}"
"('perception', 'sensedata')",sense-data,perception,-1,3,expert,v1,v1,"{""model"": null, ""temperature"": null, ""date"": ""2025-09-06T23:06:20.575636+00:00"", ""prompt_version"": ""v1"", ""persona"": ""expert""}"
"('continentalphilosophy', 'philosophyofhistory')",philosophy of history,continental philosophy,-1,3,novice,v1,v1,"{""model"": null, ""temperature"": null, ""date"": ""2025-09-06T23:06:20.575694+00:00"", ""prompt_version"": ""v1"", ""persona"": ""novice""}"
"('continentalphilosophy', 'philosophyofhistory')",philosophy of history,continental philosophy,-1,3,course_taker,v1,v1,"{""model"": null, ""temperature"": null, ""date"": ""2025-09-06T23:06:20.575728+00:00"", ""prompt_version"": ""v1"", ""persona"": ""course_taker""}"
"('continentalphilosophy', 'philosophyofhistory')",philosophy of history,continental philosophy,-1,3,phd,v1,v1,"{""model"": null, ""temperature"": null, ""date"": ""2025-09-06T23:06:20.575762+00:00"", ""prompt_version"": ""v1"", ""persona"": ""phd""}"
"('continentalphilosophy', 'philosophyofhistory')",philosophy of history,continental philosophy,-1,3,expert,v1,v1,"{""model"": null, ""temperature"": null, ""date"": ""2025-09-06T23:06:20.575796+00:00"", ""prompt_version"": ""v1"", ""persona"": ""expert""}"
"('cognitivescience', 'mentalimagery')",mental imagery,cognitive science,-1,3,novice,v1,v1,"{""model"": null, ""temperature"": null, ""date"": ""2025-09-06T23:06:20.575853+00:00"", ""prompt_version"": ""v1"", ""persona"": ""novice""}"
"('cognitivescience', 'mentalimagery')",mental imagery,cognitive science,-1,3,course_taker,v1,v1,"{""model"": null, ""temperature"": null, ""date"": ""2025-09-06T23:06:20.575887+00:00"", ""prompt_version"": ""v1"", ""persona"": ""course_taker""}"
"('cognitivescience', 'mentalimagery')",mental imagery,cognitive science,-1,3,phd,v1,v1,"{""model"": null, ""temperature"": null, ""date"": ""2025-09-06T23:06:20.575920+00:00"", ""prompt_version"": ""v1"", ""persona"": ""phd""}"
"('cognitivescience', 'mentalimagery')",mental imagery,cognitive science,-1,3,expert,v1,v1,"{""model"": null, ""temperature"": null, ""date"": ""2025-09-06T23:06:20.575952+00:00"", ""prompt_version"": ""v1"", ""persona"": ""expert""}"
"('humeonreligion', 'philosophyofreligion')",hume on religion,philosophy of religion,-1,3,novice,v1,v1,"{""model"": null, ""temperature"": null, ""date"": ""2025-09-06T23:06:20.576009+00:00"", ""prompt_version"": ""v1"", ""persona"": ""novice""}"
"('humeonreligion', 'philosophyofreligion')",hume on religion,philosophy of religion,-1,3,course_taker,v1,v1,"{""model"": null, ""temperature"": null, ""date"": ""2025-09-06T23:06:20.576043+00:00"", ""prompt_version"": ""v1"", ""persona"": ""course_taker""}"
"('humeonreligion', 'philosophyofreligion')",hume on religion,philosophy of religion,-1,3,phd,v1,v1,"{""model"": null, ""temperature"": null, ""date"": ""2025-09-06T23:06:20.576076+00:00"", ""prompt_version"": ""v1"", ""persona"": ""phd""}"
"('humeonreligion', 'philosophyofreligion')",hume on religion,philosophy of religion,-1,3,expert,v1,v1,"{""model"": null, ""temperature"": null, ""date"": ""2025-09-06T23:06:20.576110+00:00"", ""prompt_version"": ""v1"", ""persona"": ""expert""}"
"('epistemology', 'justifiedtruebelief')",justified true belief,epistemology,-1,3,novice,v1,v1,"{""model"": null, ""temperature"": null, ""date"": ""2025-09-06T23:06:20.576166+00:00"", ""prompt_version"": ""v1"", ""persona"": ""novice""}"
"('epistemology', 'justifiedtruebelief')",justified true belief,epistemology,-1,3,course_taker,v1,v1,"{""model"": null, ""temperature"": null, ""date"": ""2025-09-06T23:06:20.576199+00:00"", ""prompt_version"": ""v1"", ""persona"": ""course_taker""}"
"('epistemology', 'justifiedtruebelief')",justified true belief,epistemology,-1,3,phd,v1,v1,"{""model"": null, ""temperature"": null, ""date"": ""2025-09-06T23:06:20.576233+00:00"", ""prompt_version"": ""v1"", ""persona"": ""phd""}"
"('epistemology', 'justifiedtruebelief')",justified true belief,epistemology,-1,3,expert,v1,v1,"{""model"": null, ""temperature"": null, ""date"": ""2025-09-06T23:06:20.576266+00:00"", ""prompt_version"": ""v1"", ""persona"": ""expert""}"
"('bioethics', 'cloning')",cloning,bioethics,-1,3,novice,v1,v1,"{""model"": null, ""temperature"": null, ""date"": ""2025-09-06T23:06:20.576325+00:00"", ""prompt_version"": ""v1"", ""persona"": ""novice""}"
"('bioethics', 'cloning')",cloning,bioethics,-1,3,course_taker,v1,v1,"{""model"": null, ""temperature"": null, ""date"": ""2025-09-06T23:06:20.576358+00:00"", ""prompt_version"": ""v1"", ""persona"": ""course_taker""}"
"('bioethics', 'cloning')",cloning,bioethics,-1,3,phd,v1,v1,"{""model"": null, ""temperature"": null, ""date"": ""2025-09-06T23:06:20.576402+00:00"", ""prompt_version"": ""v1"", ""persona"": ""phd""}"
"('bioethics', 'cloning')",cloning,bioethics,-1,3,expert,v1,v1,"{""model"": null, ""temperature"": null, ""date"": ""2025-09-06T23:06:20.576436+00:00"", ""prompt_version"": ""v1"", ""persona"": ""expert""}"
"('epistemology', 'knowledge')",knowledge,epistemology,-1,3,novice,v1,v1,"{""model"": null, ""temperature"": null, ""date"": ""2025-09-06T23:06:20.576492+00:00"", ""prompt_version"": ""v1"", ""persona"": ""novice""}"
"('epistemology', 'knowledge')",knowledge,epistemology,-1,3,course_taker,v1,v1,"{""model"": null, ""temperature"": null, ""date"": ""2025-09-06T23:06:20.576525+00:00"", ""prompt_version"": ""v1"", ""persona"": ""course_taker""}"
"('epistemology', 'knowledge')",knowledge,epistemology,-1,3,phd,v1,v1,"{""model"": null, ""temperature"": null, ""date"": ""2025-09-06T23:06:20.576559+00:00"", ""prompt_version"": ""v1"", ""persona"": ""phd""}"
"('epistemology', 'knowledge')",knowledge,epistemology,-1,3,expert,v1,v1,"{""model"": null, ""temperature"": null, ""date"": ""2025-09-06T23:06:20.576592+00:00"", ""prompt_version"": ""v1"", ""persona"": ""expert""}"
"('civildisobedience', 'philosophyoflaw')",philosophy of law,civil disobedience,-1,3,novice,v1,v1,"{""model"": null, ""temperature"": null, ""date"": ""2025-09-06T23:06:20.576650+00:00"", ""prompt_version"": ""v1"", ""persona"": ""novice""}"
"('civildisobedience', 'philosophyoflaw')",philosophy of law,civil disobedience,-1,3,course_taker,v1,v1,"{""model"": null, ""temperature"": null, ""date"": ""2025-09-06T23:06:20.576683+00:00"", ""prompt_version"": ""v1"", ""persona"": ""course_taker""}"
"('civildisobedience', 'philosophyoflaw')",philosophy of law,civil disobedience,-1,3,phd,v1,v1,"{""model"": null, ""temperature"": null, ""date"": ""2025-09-06T23:06:20.576716+00:00"", ""prompt_version"": ""v1"", ""persona"": ""phd""}"
"('civildisobedience', 'philosophyoflaw')",philosophy of law,civil disobedience,-1,3,expert,v1,v1,"{""model"": null, ""temperature"": null, ""date"": ""2025-09-06T23:06:20.576748+00:00"", ""prompt_version"": ""v1"", ""persona"": ""expert""}"
"('emergence', 'panpsychism')",panpsychism,emergence,-1,3,novice,v1,v1,"{""model"": null, ""temperature"": null, ""date"": ""2025-09-06T23:06:20.576805+00:00"", ""prompt_version"": ""v1"", ""persona"": ""novice""}"
"('emergence', 'panpsychism')",panpsychism,emergence,-1,3,course_taker,v1,v1,"{""model"": null, ""temperature"": null, ""date"": ""2025-09-06T23:06:20.576838+00:00"", ""prompt_version"": ""v1"", ""persona"": ""course_taker""}"
"('emergence', 'panpsychism')",panpsychism,emergence,-1,3,phd,v1,v1,"{""model"": null, ""temperature"": null, ""date"": ""2025-09-06T23:06:20.576873+00:00"", ""prompt_version"": ""v1"", ""persona"": ""phd""}"
"('emergence', 'panpsychism')",panpsychism,emergence,-1,3,expert,v1,v1,"{""model"": null, ""temperature"": null, ""date"": ""2025-09-06T23:06:20.576906+00:00"", ""prompt_version"": ""v1"", ""persona"": ""expert""}"
"('kantsphilosophyofscience', 'metaphysics')",kant's philosophy of science,metaphysics,-1,3,novice,v1,v1,"{""model"": null, ""temperature"": null, ""date"": ""2025-09-06T23:06:20.576966+00:00"", ""prompt_version"": ""v1"", ""persona"": ""novice""}"
"('kantsphilosophyofscience', 'metaphysics')",kant's philosophy of science,metaphysics,-1,3,course_taker,v1,v1,"{""model"": null, ""temperature"": null, ""date"": ""2025-09-06T23:06:20.577000+00:00"", ""prompt_version"": ""v1"", ""persona"": ""course_taker""}"
"('kantsphilosophyofscience', 'metaphysics')",kant's philosophy of science,metaphysics,-1,3,phd,v1,v1,"{""model"": null, ""temperature"": null, ""date"": ""2025-09-06T23:06:20.577034+00:00"", ""prompt_version"": ""v1"", ""persona"": ""phd""}"
"('kantsphilosophyofscience', 'metaphysics')",kant's philosophy of science,metaphysics,-1,3,expert,v1,v1,"{""model"": null, ""temperature"": null, ""date"": ""2025-09-06T23:06:20.577067+00:00"", ""prompt_version"": ""v1"", ""persona"": ""expert""}"
"('historyoflogic', 'medievallogic')",medieval logic,history of logic,-1,3,novice,v1,v1,"{""model"": null, ""temperature"": null, ""date"": ""2025-09-06T23:06:20.577124+00:00"", ""prompt_version"": ""v1"", ""persona"": ""novice""}"
"('historyoflogic', 'medievallogic')",medieval logic,history of logic,-1,3,course_taker,v1,v1,"{""model"": null, ""temperature"": null, ""date"": ""2025-09-06T23:06:20.577157+00:00"", ""prompt_version"": ""v1"", ""persona"": ""course_taker""}"
"('historyoflogic', 'medievallogic')",medieval logic,history of logic,-1,3,phd,v1,v1,"{""model"": null, ""temperature"": null, ""date"": ""2025-09-06T23:06:20.577191+00:00"", ""prompt_version"": ""v1"", ""persona"": ""phd""}"
"('historyoflogic', 'medievallogic')",medieval logic,history of logic,-1,3,expert,v1,v1,"{""model"": null, ""temperature"": null, ""date"": ""2025-09-06T23:06:20.577224+00:00"", ""prompt_version"": ""v1"", ""persona"": ""expert""}"
"('idiolects', 'philosophyoflanguage')",idiolects,philosophy of language,-1,3,novice,v1,v1,"{""model"": null, ""temperature"": null, ""date"": ""2025-09-06T23:06:20.577281+00:00"", ""prompt_version"": ""v1"", ""persona"": ""novice""}"
"('idiolects', 'philosophyoflanguage')",idiolects,philosophy of language,-1,3,course_taker,v1,v1,"{""model"": null, ""temperature"": null, ""date"": ""2025-09-06T23:06:20.577314+00:00"", ""prompt_version"": ""v1"", ""persona"": ""course_taker""}"
"('idiolects', 'philosophyoflanguage')",idiolects,philosophy of language,-1,3,phd,v1,v1,"{""model"": null, ""temperature"": null, ""date"": ""2025-09-06T23:06:20.577347+00:00"", ""prompt_version"": ""v1"", ""persona"": ""phd""}"
"('idiolects', 'philosophyoflanguage')",idiolects,philosophy of language,-1,3,expert,v1,v1,"{""model"": null, ""temperature"": null, ""date"": ""2025-09-06T23:06:20.577380+00:00"", ""prompt_version"": ""v1"", ""persona"": ""expert""}"
"('divineillumination', 'philosophyofmind')",divine illumination,philosophy of mind,-1,3,novice,v1,v1,"{""model"": null, ""temperature"": null, ""date"": ""2025-09-06T23:06:20.577437+00:00"", ""prompt_version"": ""v1"", ""persona"": ""novice""}"
"('divineillumination', 'philosophyofmind')",divine illumination,philosophy of mind,-1,3,course_taker,v1,v1,"{""model"": null, ""temperature"": null, ""date"": ""2025-09-06T23:06:20.577470+00:00"", ""prompt_version"": ""v1"", ""persona"": ""course_taker""}"
"('divineillumination', 'philosophyofmind')",divine illumination,philosophy of mind,-1,3,phd,v1,v1,"{""model"": null, ""temperature"": null, ""date"": ""2025-09-06T23:06:20.577503+00:00"", ""prompt_version"": ""v1"", ""persona"": ""phd""}"
"('divineillumination', 'philosophyofmind')",divine illumination,philosophy of mind,-1,3,expert,v1,v1,"{""model"": null, ""temperature"": null, ""date"": ""2025-09-06T23:06:20.577535+00:00"", ""prompt_version"": ""v1"", ""persona"": ""expert""}"
"('consciousness', 'consciousnessandintentionality')",consciousness and intentionality,consciousness,-1,3,novice,v1,v1,"{""model"": null, ""temperature"": null, ""date"": ""2025-09-06T23:06:20.577592+00:00"", ""prompt_version"": ""v1"", ""persona"": ""novice""}"
"('consciousness', 'consciousnessandintentionality')",consciousness and intentionality,consciousness,-1,3,course_taker,v1,v1,"{""model"": null, ""temperature"": null, ""date"": ""2025-09-06T23:06:20.577626+00:00"", ""prompt_version"": ""v1"", ""persona"": ""course_taker""}"
"('consciousness', 'consciousnessandintentionality')",consciousness and intentionality,consciousness,-1,3,phd,v1,v1,"{""model"": null, ""temperature"": null, ""date"": ""2025-09-06T23:06:20.577659+00:00"", ""prompt_version"": ""v1"", ""persona"": ""phd""}"
"('consciousness', 'consciousnessandintentionality')",consciousness and intentionality,consciousness,-1,3,expert,v1,v1,"{""model"": null, ""temperature"": null, ""date"": ""2025-09-06T23:06:20.577692+00:00"", ""prompt_version"": ""v1"", ""persona"": ""expert""}"
"('ethnocentrism', 'philosophyofreligion')",ethnocentrism,philosophy of religion,-1,3,novice,v1,v1,"{""model"": null, ""temperature"": null, ""date"": ""2025-09-06T23:06:20.577749+00:00"", ""prompt_version"": ""v1"", ""persona"": ""novice""}"
"('ethnocentrism', 'philosophyofreligion')",ethnocentrism,philosophy of religion,-1,3,course_taker,v1,v1,"{""model"": null, ""temperature"": null, ""date"": ""2025-09-06T23:06:20.577792+00:00"", ""prompt_version"": ""v1"", ""persona"": ""course_taker""}"
"('ethnocentrism', 'philosophyofreligion')",ethnocentrism,philosophy of religion,-1,3,phd,v1,v1,"{""model"": null, ""temperature"": null, ""date"": ""2025-09-06T23:06:20.577825+00:00"", ""prompt_version"": ""v1"", ""persona"": ""phd""}"
"('ethnocentrism', 'philosophyofreligion')",ethnocentrism,philosophy of religion,-1,3,expert,v1,v1,"{""model"": null, ""temperature"": null, ""date"": ""2025-09-06T23:06:20.577858+00:00"", ""prompt_version"": ""v1"", ""persona"": ""expert""}"
"('foundationalism', 'skepticism')",foundationalism,skepticism,-1,3,novice,v1,v1,"{""model"": null, ""temperature"": null, ""date"": ""2025-09-06T23:06:20.577915+00:00"", ""prompt_version"": ""v1"", ""persona"": ""novice""}"
"('foundationalism', 'skepticism')",foundationalism,skepticism,-1,3,course_taker,v1,v1,"{""model"": null, ""temperature"": null, ""date"": ""2025-09-06T23:06:20.577948+00:00"", ""prompt_version"": ""v1"", ""persona"": ""course_taker""}"
"('foundationalism', 'skepticism')",foundationalism,skepticism,-1,3,phd,v1,v1,"{""model"": null, ""temperature"": null, ""date"": ""2025-09-06T23:06:20.577981+00:00"", ""prompt_version"": ""v1"", ""persona"": ""phd""}"
"('foundationalism', 'skepticism')",foundationalism,skepticism,-1,3,expert,v1,v1,"{""model"": null, ""temperature"": null, ""date"": ""2025-09-06T23:06:20.578013+00:00"", ""prompt_version"": ""v1"", ""persona"": ""expert""}"
"('folkpsychology', 'philosophyofmind')",folk psychology,philosophy of mind,-1,3,novice,v1,v1,"{""model"": null, ""temperature"": null, ""date"": ""2025-09-06T23:06:20.578070+00:00"", ""prompt_version"": ""v1"", ""persona"": ""novice""}"
"('folkpsychology', 'philosophyofmind')",folk psychology,philosophy of mind,-1,3,course_taker,v1,v1,"{""model"": null, ""temperature"": null, ""date"": ""2025-09-06T23:06:20.578103+00:00"", ""prompt_version"": ""v1"", ""persona"": ""course_taker""}"
"('folkpsychology', 'philosophyofmind')",folk psychology,philosophy of mind,-1,3,phd,v1,v1,"{""model"": null, ""temperature"": null, ""date"": ""2025-09-06T23:06:20.578137+00:00"", ""prompt_version"": ""v1"", ""persona"": ""phd""}"
"('folkpsychology', 'philosophyofmind')",folk psychology,philosophy of mind,-1,3,expert,v1,v1,"{""model"": null, ""temperature"": null, ""date"": ""2025-09-06T23:06:20.578169+00:00"", ""prompt_version"": ""v1"", ""persona"": ""expert""}"
"('perception', 'qualia')",qualia,perception,-1,3,novice,v1,v1,"{""model"": null, ""temperature"": null, ""date"": ""2025-09-06T23:06:20.578226+00:00"", ""prompt_version"": ""v1"", ""persona"": ""novice""}"
"('perception', 'qualia')",qualia,perception,-1,3,course_taker,v1,v1,"{""model"": null, ""temperature"": null, ""date"": ""2025-09-06T23:06:20.578258+00:00"", ""prompt_version"": ""v1"", ""persona"": ""course_taker""}"
"('perception', 'qualia')",qualia,perception,-1,3,phd,v1,v1,"{""model"": null, ""temperature"": null, ""date"": ""2025-09-06T23:06:20.578291+00:00"", ""prompt_version"": ""v1"", ""persona"": ""phd""}"
"('perception', 'qualia')",qualia,perception,-1,3,expert,v1,v1,"{""model"": null, ""temperature"": null, ""date"": ""2025-09-06T23:06:20.578323+00:00"", ""prompt_version"": ""v1"", ""persona"": ""expert""}"
"('metaphysics', 'motionandtime')",motion and time,metaphysics,-1,3,novice,v1,v1,"{""model"": null, ""temperature"": null, ""date"": ""2025-09-06T23:06:20.578379+00:00"", ""prompt_version"": ""v1"", ""persona"": ""novice""}"
"('metaphysics', 'motionandtime')",motion and time,metaphysics,-1,3,course_taker,v1,v1,"{""model"": null, ""temperature"": null, ""date"": ""2025-09-06T23:06:20.578411+00:00"", ""prompt_version"": ""v1"", ""persona"": ""course_taker""}"
"('metaphysics', 'motionandtime')",motion and time,metaphysics,-1,3,phd,v1,v1,"{""model"": null, ""temperature"": null, ""date"": ""2025-09-06T23:06:20.578444+00:00"", ""prompt_version"": ""v1"", ""persona"": ""phd""}"
"('metaphysics', 'motionandtime')",motion and time,metaphysics,-1,3,expert,v1,v1,"{""model"": null, ""temperature"": null, ""date"": ""2025-09-06T23:06:20.578476+00:00"", ""prompt_version"": ""v1"", ""persona"": ""expert""}"
"('metaphysics', 'naturalphilosophy')",natural philosophy,metaphysics,-1,3,novice,v1,v1,"{""model"": null, ""temperature"": null, ""date"": ""2025-09-06T23:06:20.578533+00:00"", ""prompt_version"": ""v1"", ""persona"": ""novice""}"
"('metaphysics', 'naturalphilosophy')",natural philosophy,metaphysics,-1,3,course_taker,v1,v1,"{""model"": null, ""temperature"": null, ""date"": ""2025-09-06T23:06:20.578566+00:00"", ""prompt_version"": ""v1"", ""persona"": ""course_taker""}"
"('metaphysics', 'naturalphilosophy')",natural philosophy,metaphysics,-1,3,phd,v1,v1,"{""model"": null, ""temperature"": null, ""date"": ""2025-09-06T23:06:20.578599+00:00"", ""prompt_version"": ""v1"", ""persona"": ""phd""}"
"('metaphysics', 'naturalphilosophy')",natural philosophy,metaphysics,-1,3,expert,v1,v1,"{""model"": null, ""temperature"": null, ""date"": ""2025-09-06T23:06:20.578632+00:00"", ""prompt_version"": ""v1"", ""persona"": ""expert""}"
"('pantheism', 'philosophyofreligion')",pantheism,philosophy of religion,-1,3,novice,v1,v1,"{""model"": null, ""temperature"": null, ""date"": ""2025-09-06T23:06:20.578688+00:00"", ""prompt_version"": ""v1"", ""persona"": ""novice""}"
"('pantheism', 'philosophyofreligion')",pantheism,philosophy of religion,-1,3,course_taker,v1,v1,"{""model"": null, ""temperature"": null, ""date"": ""2025-09-06T23:06:20.578721+00:00"", ""prompt_version"": ""v1"", ""persona"": ""course_taker""}"
"('pantheism', 'philosophyofreligion')",pantheism,philosophy of religion,-1,3,phd,v1,v1,"{""model"": null, ""temperature"": null, ""date"": ""2025-09-06T23:06:20.578754+00:00"", ""prompt_version"": ""v1"", ""persona"": ""phd""}"
"('pantheism', 'philosophyofreligion')",pantheism,philosophy of religion,-1,3,expert,v1,v1,"{""model"": null, ""temperature"": null, ""date"": ""2025-09-06T23:06:20.578787+00:00"", ""prompt_version"": ""v1"", ""persona"": ""expert""}"
"('epistemology', 'naturalizedepistemology')",naturalized epistemology,epistemology,-1,3,novice,v1,v1,"{""model"": null, ""temperature"": null, ""date"": ""2025-09-06T23:06:20.578844+00:00"", ""prompt_version"": ""v1"", ""persona"": ""novice""}"
"('epistemology', 'naturalizedepistemology')",naturalized epistemology,epistemology,-1,3,course_taker,v1,v1,"{""model"": null, ""temperature"": null, ""date"": ""2025-09-06T23:06:20.578877+00:00"", ""prompt_version"": ""v1"", ""persona"": ""course_taker""}"
"('epistemology', 'naturalizedepistemology')",naturalized epistemology,epistemology,-1,3,phd,v1,v1,"{""model"": null, ""temperature"": null, ""date"": ""2025-09-06T23:06:20.578910+00:00"", ""prompt_version"": ""v1"", ""persona"": ""phd""}"
"('epistemology', 'naturalizedepistemology')",naturalized epistemology,epistemology,-1,3,expert,v1,v1,"{""model"": null, ""temperature"": null, ""date"": ""2025-09-06T23:06:20.578943+00:00"", ""prompt_version"": ""v1"", ""persona"": ""expert""}"
"('logos', 'perception')",logos,perception,-1,3,novice,v1,v1,"{""model"": null, ""temperature"": null, ""date"": ""2025-09-06T23:06:20.578999+00:00"", ""prompt_version"": ""v1"", ""persona"": ""novice""}"
"('logos', 'perception')",logos,perception,-1,3,course_taker,v1,v1,"{""model"": null, ""temperature"": null, ""date"": ""2025-09-06T23:06:20.579032+00:00"", ""prompt_version"": ""v1"", ""persona"": ""course_taker""}"
"('logos', 'perception')",logos,perception,-1,3,phd,v1,v1,"{""model"": null, ""temperature"": null, ""date"": ""2025-09-06T23:06:20.579064+00:00"", ""prompt_version"": ""v1"", ""persona"": ""phd""}"
"('logos', 'perception')",logos,perception,-1,3,expert,v1,v1,"{""model"": null, ""temperature"": null, ""date"": ""2025-09-06T23:06:20.579096+00:00"", ""prompt_version"": ""v1"", ""persona"": ""expert""}"
"('analyticfeminism', 'metaphysics')",analytic feminism,metaphysics,-1,3,novice,v1,v1,"{""model"": null, ""temperature"": null, ""date"": ""2025-09-06T23:06:20.579156+00:00"", ""prompt_version"": ""v1"", ""persona"": ""novice""}"
"('analyticfeminism', 'metaphysics')",analytic feminism,metaphysics,-1,3,course_taker,v1,v1,"{""model"": null, ""temperature"": null, ""date"": ""2025-09-06T23:06:20.579202+00:00"", ""prompt_version"": ""v1"", ""persona"": ""course_taker""}"
"('analyticfeminism', 'metaphysics')",analytic feminism,metaphysics,-1,3,phd,v1,v1,"{""model"": null, ""temperature"": null, ""date"": ""2025-09-06T23:06:20.579235+00:00"", ""prompt_version"": ""v1"", ""persona"": ""phd""}"
"('analyticfeminism', 'metaphysics')",analytic feminism,metaphysics,-1,3,expert,v1,v1,"{""model"": null, ""temperature"": null, ""date"": ""2025-09-06T23:06:20.579268+00:00"", ""prompt_version"": ""v1"", ""persona"": ""expert""}"
"('chinesephilosophy', 'chinesewesterncomparativephilosophy')",chinese-western comparative philosophy,chinese philosophy,-1,3,novice,v1,v1,"{""model"": null, ""temperature"": null, ""date"": ""2025-09-06T23:06:20.579328+00:00"", ""prompt_version"": ""v1"", ""persona"": ""novice""}"
"('chinesephilosophy', 'chinesewesterncomparativephilosophy')",chinese-western comparative philosophy,chinese philosophy,-1,3,course_taker,v1,v1,"{""model"": null, ""temperature"": null, ""date"": ""2025-09-06T23:06:20.579362+00:00"", ""prompt_version"": ""v1"", ""persona"": ""course_taker""}"
"('chinesephilosophy', 'chinesewesterncomparativephilosophy')",chinese-western comparative philosophy,chinese philosophy,-1,3,phd,v1,v1,"{""model"": null, ""temperature"": null, ""date"": ""2025-09-06T23:06:20.579396+00:00"", ""prompt_version"": ""v1"", ""persona"": ""phd""}"
"('chinesephilosophy', 'chinesewesterncomparativephilosophy')",chinese-western comparative philosophy,chinese philosophy,-1,3,expert,v1,v1,"{""model"": null, ""temperature"": null, ""date"": ""2025-09-06T23:06:20.579429+00:00"", ""prompt_version"": ""v1"", ""persona"": ""expert""}"
"('koreanphilosophy', 'perception')",korean philosophy,perception,-1,3,novice,v1,v1,"{""model"": null, ""temperature"": null, ""date"": ""2025-09-06T23:06:20.579486+00:00"", ""prompt_version"": ""v1"", ""persona"": ""novice""}"
"('koreanphilosophy', 'perception')",korean philosophy,perception,-1,3,course_taker,v1,v1,"{""model"": null, ""temperature"": null, ""date"": ""2025-09-06T23:06:20.579519+00:00"", ""prompt_version"": ""v1"", ""persona"": ""course_taker""}"
"('koreanphilosophy', 'perception')",korean philosophy,perception,-1,3,phd,v1,v1,"{""model"": null, ""temperature"": null, ""date"": ""2025-09-06T23:06:20.579552+00:00"", ""prompt_version"": ""v1"", ""persona"": ""phd""}"
"('koreanphilosophy', 'perception')",korean philosophy,perception,-1,3,expert,v1,v1,"{""model"": null, ""temperature"": null, ""date"": ""2025-09-06T23:06:20.579584+00:00"", ""prompt_version"": ""v1"", ""persona"": ""expert""}"
"('originofaesthetic', 'philosophyofmind')",origin of aesthetic,philosophy of mind,-1,3,novice,v1,v1,"{""model"": null, ""temperature"": null, ""date"": ""2025-09-06T23:06:20.579640+00:00"", ""prompt_version"": ""v1"", ""persona"": ""novice""}"
"('originofaesthetic', 'philosophyofmind')",origin of aesthetic,philosophy of mind,-1,3,course_taker,v1,v1,"{""model"": null, ""temperature"": null, ""date"": ""2025-09-06T23:06:20.579674+00:00"", ""prompt_version"": ""v1"", ""persona"": ""course_taker""}"
"('originofaesthetic', 'philosophyofmind')",origin of aesthetic,philosophy of mind,-1,3,phd,v1,v1,"{""model"": null, ""temperature"": null, ""date"": ""2025-09-06T23:06:20.579707+00:00"", ""prompt_version"": ""v1"", ""persona"": ""phd""}"
"('originofaesthetic', 'philosophyofmind')",origin of aesthetic,philosophy of mind,-1,3,expert,v1,v1,"{""model"": null, ""temperature"": null, ""date"": ""2025-09-06T23:06:20.579740+00:00"", ""prompt_version"": ""v1"", ""persona"": ""expert""}"
"('connectionism', 'trainingset')",connectionism,training set,-1,3,novice,v1,v1,"{""model"": null, ""temperature"": null, ""date"": ""2025-09-06T23:06:20.579797+00:00"", ""prompt_version"": ""v1"", ""persona"": ""novice""}"
"('connectionism', 'trainingset')",connectionism,training set,-1,3,course_taker,v1,v1,"{""model"": null, ""temperature"": null, ""date"": ""2025-09-06T23:06:20.579829+00:00"", ""prompt_version"": ""v1"", ""persona"": ""course_taker""}"
"('connectionism', 'trainingset')",connectionism,training set,-1,3,phd,v1,v1,"{""model"": null, ""temperature"": null, ""date"": ""2025-09-06T23:06:20.579862+00:00"", ""prompt_version"": ""v1"", ""persona"": ""phd""}"
"('connectionism', 'trainingset')",connectionism,training set,-1,3,expert,v1,v1,"{""model"": null, ""temperature"": null, ""date"": ""2025-09-06T23:06:20.579894+00:00"", ""prompt_version"": ""v1"", ""persona"": ""expert""}"
"('evolution', 'unitsandlevelsofselection')",units and levels of selection,evolution,-1,3,novice,v1,v1,"{""model"": null, ""temperature"": null, ""date"": ""2025-09-06T23:06:20.579951+00:00"", ""prompt_version"": ""v1"", ""persona"": ""novice""}"
"('evolution', 'unitsandlevelsofselection')",units and levels of selection,evolution,-1,3,course_taker,v1,v1,"{""model"": null, ""temperature"": null, ""date"": ""2025-09-06T23:06:20.579984+00:00"", ""prompt_version"": ""v1"", ""persona"": ""course_taker""}"
"('evolution', 'unitsandlevelsofselection')",units and levels of selection,evolution,-1,3,phd,v1,v1,"{""model"": null, ""temperature"": null, ""date"": ""2025-09-06T23:06:20.580053+00:00"", ""prompt_version"": ""v1"", ""persona"": ""phd""}"
"('evolution', 'unitsandlevelsofselection')",units and levels of selection,evolution,-1,3,expert,v1,v1,"{""model"": null, ""temperature"": null, ""date"": ""2025-09-06T23:06:20.580085+00:00"", ""prompt_version"": ""v1"", ""persona"": ""expert""}"
"('consciousness', 'consciousnessandcontent')",consciousness and content,consciousness,-1,3,novice,v1,v1,"{""model"": null, ""temperature"": null, ""date"": ""2025-09-06T23:06:20.580142+00:00"", ""prompt_version"": ""v1"", ""persona"": ""novice""}"
"('consciousness', 'consciousnessandcontent')",consciousness and content,consciousness,-1,3,course_taker,v1,v1,"{""model"": null, ""temperature"": null, ""date"": ""2025-09-06T23:06:20.580176+00:00"", ""prompt_version"": ""v1"", ""persona"": ""course_taker""}"
"('consciousness', 'consciousnessandcontent')",consciousness and content,consciousness,-1,3,phd,v1,v1,"{""model"": null, ""temperature"": null, ""date"": ""2025-09-06T23:06:20.580209+00:00"", ""prompt_version"": ""v1"", ""persona"": ""phd""}"
"('consciousness', 'consciousnessandcontent')",consciousness and content,consciousness,-1,3,expert,v1,v1,"{""model"": null, ""temperature"": null, ""date"": ""2025-09-06T23:06:20.580242+00:00"", ""prompt_version"": ""v1"", ""persona"": ""expert""}"
"('perception', 'philosophyofphysics')",philosophy of physics,perception,-1,3,novice,v1,v1,"{""model"": null, ""temperature"": null, ""date"": ""2025-09-06T23:06:20.580298+00:00"", ""prompt_version"": ""v1"", ""persona"": ""novice""}"
"('perception', 'philosophyofphysics')",philosophy of physics,perception,-1,3,course_taker,v1,v1,"{""model"": null, ""temperature"": null, ""date"": ""2025-09-06T23:06:20.580331+00:00"", ""prompt_version"": ""v1"", ""persona"": ""course_taker""}"
"('perception', 'philosophyofphysics')",philosophy of physics,perception,-1,3,phd,v1,v1,"{""model"": null, ""temperature"": null, ""date"": ""2025-09-06T23:06:20.580364+00:00"", ""prompt_version"": ""v1"", ""persona"": ""phd""}"
"('perception', 'philosophyofphysics')",philosophy of physics,perception,-1,3,expert,v1,v1,"{""model"": null, ""temperature"": null, ""date"": ""2025-09-06T23:06:20.580396+00:00"", ""prompt_version"": ""v1"", ""persona"": ""expert""}"
"('dynamicalsystem', 'supertasks')",supertasks,dynamical system,-1,3,novice,v1,v1,"{""model"": null, ""temperature"": null, ""date"": ""2025-09-06T23:06:20.580452+00:00"", ""prompt_version"": ""v1"", ""persona"": ""novice""}"
"('dynamicalsystem', 'supertasks')",supertasks,dynamical system,-1,3,course_taker,v1,v1,"{""model"": null, ""temperature"": null, ""date"": ""2025-09-06T23:06:20.580485+00:00"", ""prompt_version"": ""v1"", ""persona"": ""course_taker""}"
"('dynamicalsystem', 'supertasks')",supertasks,dynamical system,-1,3,phd,v1,v1,"{""model"": null, ""temperature"": null, ""date"": ""2025-09-06T23:06:20.580518+00:00"", ""prompt_version"": ""v1"", ""persona"": ""phd""}"
"('dynamicalsystem', 'supertasks')",supertasks,dynamical system,-1,3,expert,v1,v1,"{""model"": null, ""temperature"": null, ""date"": ""2025-09-06T23:06:20.580558+00:00"", ""prompt_version"": ""v1"", ""persona"": ""expert""}"
"('modularity', 'philosophyofmind')",modularity,philosophy of mind,-1,3,novice,v1,v1,"{""model"": null, ""temperature"": null, ""date"": ""2025-09-06T23:06:20.580615+00:00"", ""prompt_version"": ""v1"", ""persona"": ""novice""}"
"('modularity', 'philosophyofmind')",modularity,philosophy of mind,-1,3,course_taker,v1,v1,"{""model"": null, ""temperature"": null, ""date"": ""2025-09-06T23:06:20.580648+00:00"", ""prompt_version"": ""v1"", ""persona"": ""course_taker""}"
"('modularity', 'philosophyofmind')",modularity,philosophy of mind,-1,3,phd,v1,v1,"{""model"": null, ""temperature"": null, ""date"": ""2025-09-06T23:06:20.580680+00:00"", ""prompt_version"": ""v1"", ""persona"": ""phd""}"
"('modularity', 'philosophyofmind')",modularity,philosophy of mind,-1,3,expert,v1,v1,"{""model"": null, ""temperature"": null, ""date"": ""2025-09-06T23:06:20.580714+00:00"", ""prompt_version"": ""v1"", ""persona"": ""expert""}"
"('logic', 'philosophyofmathematics')",logic,philosophy of mathematics,-1,3,novice,v1,v1,"{""model"": null, ""temperature"": null, ""date"": ""2025-09-06T23:06:20.580771+00:00"", ""prompt_version"": ""v1"", ""persona"": ""novice""}"
"('logic', 'philosophyofmathematics')",logic,philosophy of mathematics,-1,3,course_taker,v1,v1,"{""model"": null, ""temperature"": null, ""date"": ""2025-09-06T23:06:20.580803+00:00"", ""prompt_version"": ""v1"", ""persona"": ""course_taker""}"
"('logic', 'philosophyofmathematics')",logic,philosophy of mathematics,-1,3,phd,v1,v1,"{""model"": null, ""temperature"": null, ""date"": ""2025-09-06T23:06:20.580836+00:00"", ""prompt_version"": ""v1"", ""persona"": ""phd""}"
"('logic', 'philosophyofmathematics')",logic,philosophy of mathematics,-1,3,expert,v1,v1,"{""model"": null, ""temperature"": null, ""date"": ""2025-09-06T23:06:20.580869+00:00"", ""prompt_version"": ""v1"", ""persona"": ""expert""}"
"('defeasiblereasoning', 'epistemology')",defeasible reasoning,epistemology,-1,3,novice,v1,v1,"{""model"": null, ""temperature"": null, ""date"": ""2025-09-06T23:06:20.580927+00:00"", ""prompt_version"": ""v1"", ""persona"": ""novice""}"
"('defeasiblereasoning', 'epistemology')",defeasible reasoning,epistemology,-1,3,course_taker,v1,v1,"{""model"": null, ""temperature"": null, ""date"": ""2025-09-06T23:06:20.580960+00:00"", ""prompt_version"": ""v1"", ""persona"": ""course_taker""}"
"('defeasiblereasoning', 'epistemology')",defeasible reasoning,epistemology,-1,3,phd,v1,v1,"{""model"": null, ""temperature"": null, ""date"": ""2025-09-06T23:06:20.580993+00:00"", ""prompt_version"": ""v1"", ""persona"": ""phd""}"
"('defeasiblereasoning', 'epistemology')",defeasible reasoning,epistemology,-1,3,expert,v1,v1,"{""model"": null, ""temperature"": null, ""date"": ""2025-09-06T23:06:20.581026+00:00"", ""prompt_version"": ""v1"", ""persona"": ""expert""}"
"('descartesontologicalargument', 'perception')",descartes' ontological argument,perception,-1,3,novice,v1,v1,"{""model"": null, ""temperature"": null, ""date"": ""2025-09-06T23:06:20.581083+00:00"", ""prompt_version"": ""v1"", ""persona"": ""novice""}"
"('descartesontologicalargument', 'perception')",descartes' ontological argument,perception,-1,3,course_taker,v1,v1,"{""model"": null, ""temperature"": null, ""date"": ""2025-09-06T23:06:20.581117+00:00"", ""prompt_version"": ""v1"", ""persona"": ""course_taker""}"
"('descartesontologicalargument', 'perception')",descartes' ontological argument,perception,-1,3,phd,v1,v1,"{""model"": null, ""temperature"": null, ""date"": ""2025-09-06T23:06:20.581150+00:00"", ""prompt_version"": ""v1"", ""persona"": ""phd""}"
"('descartesontologicalargument', 'perception')",descartes' ontological argument,perception,-1,3,expert,v1,v1,"{""model"": null, ""temperature"": null, ""date"": ""2025-09-06T23:06:20.581183+00:00"", ""prompt_version"": ""v1"", ""persona"": ""expert""}"
"('bioethics', 'feministbioethics')",feminist bioethics,bioethics,-1,3,novice,v1,v1,"{""model"": null, ""temperature"": null, ""date"": ""2025-09-06T23:06:20.581240+00:00"", ""prompt_version"": ""v1"", ""persona"": ""novice""}"
"('bioethics', 'feministbioethics')",feminist bioethics,bioethics,-1,3,course_taker,v1,v1,"{""model"": null, ""temperature"": null, ""date"": ""2025-09-06T23:06:20.581273+00:00"", ""prompt_version"": ""v1"", ""persona"": ""course_taker""}"
"('bioethics', 'feministbioethics')",feminist bioethics,bioethics,-1,3,phd,v1,v1,"{""model"": null, ""temperature"": null, ""date"": ""2025-09-06T23:06:20.581307+00:00"", ""prompt_version"": ""v1"", ""persona"": ""phd""}"
"('bioethics', 'feministbioethics')",feminist bioethics,bioethics,-1,3,expert,v1,v1,"{""model"": null, ""temperature"": null, ""date"": ""2025-09-06T23:06:20.581340+00:00"", ""prompt_version"": ""v1"", ""persona"": ""expert""}"
"('justifiedtruebelief', 'perception')",justified true belief,perception,-1,3,novice,v1,v1,"{""model"": null, ""temperature"": null, ""date"": ""2025-09-06T23:06:20.581398+00:00"", ""prompt_version"": ""v1"", ""persona"": ""novice""}"
"('justifiedtruebelief', 'perception')",justified true belief,perception,-1,3,course_taker,v1,v1,"{""model"": null, ""temperature"": null, ""date"": ""2025-09-06T23:06:20.581431+00:00"", ""prompt_version"": ""v1"", ""persona"": ""course_taker""}"
"('justifiedtruebelief', 'perception')",justified true belief,perception,-1,3,phd,v1,v1,"{""model"": null, ""temperature"": null, ""date"": ""2025-09-06T23:06:20.581464+00:00"", ""prompt_version"": ""v1"", ""persona"": ""phd""}"
"('justifiedtruebelief', 'perception')",justified true belief,perception,-1,3,expert,v1,v1,"{""model"": null, ""temperature"": null, ""date"": ""2025-09-06T23:06:20.581497+00:00"", ""prompt_version"": ""v1"", ""persona"": ""expert""}"
"('philosophyofreligion', 'polytheism')",polytheism,philosophy of religion,-1,3,novice,v1,v1,"{""model"": null, ""temperature"": null, ""date"": ""2025-09-06T23:06:20.581554+00:00"", ""prompt_version"": ""v1"", ""persona"": ""novice""}"
"('philosophyofreligion', 'polytheism')",polytheism,philosophy of religion,-1,3,course_taker,v1,v1,"{""model"": null, ""temperature"": null, ""date"": ""2025-09-06T23:06:20.581587+00:00"", ""prompt_version"": ""v1"", ""persona"": ""course_taker""}"
"('philosophyofreligion', 'polytheism')",polytheism,philosophy of religion,-1,3,phd,v1,v1,"{""model"": null, ""temperature"": null, ""date"": ""2025-09-06T23:06:20.581620+00:00"", ""prompt_version"": ""v1"", ""persona"": ""phd""}"
"('philosophyofreligion', 'polytheism')",polytheism,philosophy of religion,-1,3,expert,v1,v1,"{""model"": null, ""temperature"": null, ""date"": ""2025-09-06T23:06:20.581653+00:00"", ""prompt_version"": ""v1"", ""persona"": ""expert""}"
"('philosophyofmind', 'philosophyofpsychology')",philosophy of psychology,philosophy of mind,-1,3,novice,v1,v1,"{""model"": null, ""temperature"": null, ""date"": ""2025-09-06T23:06:20.581711+00:00"", ""prompt_version"": ""v1"", ""persona"": ""novice""}"
"('philosophyofmind', 'philosophyofpsychology')",philosophy of psychology,philosophy of mind,-1,3,course_taker,v1,v1,"{""model"": null, ""temperature"": null, ""date"": ""2025-09-06T23:06:20.581744+00:00"", ""prompt_version"": ""v1"", ""persona"": ""course_taker""}"
"('philosophyofmind', 'philosophyofpsychology')",philosophy of psychology,philosophy of mind,-1,3,phd,v1,v1,"{""model"": null, ""temperature"": null, ""date"": ""2025-09-06T23:06:20.581777+00:00"", ""prompt_version"": ""v1"", ""persona"": ""phd""}"
"('philosophyofmind', 'philosophyofpsychology')",philosophy of psychology,philosophy of mind,-1,3,expert,v1,v1,"{""model"": null, ""temperature"": null, ""date"": ""2025-09-06T23:06:20.581810+00:00"", ""prompt_version"": ""v1"", ""persona"": ""expert""}"
"('metaphysics', 'philosophyofscienceandthesciences')",philosophy of science and the sciences,metaphysics,-1,3,novice,v1,v1,"{""model"": null, ""temperature"": null, ""date"": ""2025-09-06T23:06:20.581867+00:00"", ""prompt_version"": ""v1"", ""persona"": ""novice""}"
"('metaphysics', 'philosophyofscienceandthesciences')",philosophy of science and the sciences,metaphysics,-1,3,course_taker,v1,v1,"{""model"": null, ""temperature"": null, ""date"": ""2025-09-06T23:06:20.581909+00:00"", ""prompt_version"": ""v1"", ""persona"": ""course_taker""}"
"('metaphysics', 'philosophyofscienceandthesciences')",philosophy of science and the sciences,metaphysics,-1,3,phd,v1,v1,"{""model"": null, ""temperature"": null, ""date"": ""2025-09-06T23:06:20.581943+00:00"", ""prompt_version"": ""v1"", ""persona"": ""phd""}"
"('metaphysics', 'philosophyofscienceandthesciences')",philosophy of science and the sciences,metaphysics,-1,3,expert,v1,v1,"{""model"": null, ""temperature"": null, ""date"": ""2025-09-06T23:06:20.581976+00:00"", ""prompt_version"": ""v1"", ""persona"": ""expert""}"
"('consciousness', 'phenomenalconsciousness')",phenomenal consciousness,consciousness,-1,3,novice,v1,v1,"{""model"": null, ""temperature"": null, ""date"": ""2025-09-06T23:06:20.582033+00:00"", ""prompt_version"": ""v1"", ""persona"": ""novice""}"
"('consciousness', 'phenomenalconsciousness')",phenomenal consciousness,consciousness,-1,3,course_taker,v1,v1,"{""model"": null, ""temperature"": null, ""date"": ""2025-09-06T23:06:20.582066+00:00"", ""prompt_version"": ""v1"", ""persona"": ""course_taker""}"
"('consciousness', 'phenomenalconsciousness')",phenomenal consciousness,consciousness,-1,3,phd,v1,v1,"{""model"": null, ""temperature"": null, ""date"": ""2025-09-06T23:06:20.582099+00:00"", ""prompt_version"": ""v1"", ""persona"": ""phd""}"
"('consciousness', 'phenomenalconsciousness')",phenomenal consciousness,consciousness,-1,3,expert,v1,v1,"{""model"": null, ""temperature"": null, ""date"": ""2025-09-06T23:06:20.582132+00:00"", ""prompt_version"": ""v1"", ""persona"": ""expert""}"
"('artificialintelligence', 'logicandcomputation')",logic and computation,artificial intelligence,-1,3,novice,v1,v1,"{""model"": null, ""temperature"": null, ""date"": ""2025-09-06T23:06:20.582190+00:00"", ""prompt_version"": ""v1"", ""persona"": ""novice""}"
"('artificialintelligence', 'logicandcomputation')",logic and computation,artificial intelligence,-1,3,course_taker,v1,v1,"{""model"": null, ""temperature"": null, ""date"": ""2025-09-06T23:06:20.582222+00:00"", ""prompt_version"": ""v1"", ""persona"": ""course_taker""}"
"('artificialintelligence', 'logicandcomputation')",logic and computation,artificial intelligence,-1,3,phd,v1,v1,"{""model"": null, ""temperature"": null, ""date"": ""2025-09-06T23:06:20.582256+00:00"", ""prompt_version"": ""v1"", ""persona"": ""phd""}"
"('artificialintelligence', 'logicandcomputation')",logic and computation,artificial intelligence,-1,3,expert,v1,v1,"{""model"": null, ""temperature"": null, ""date"": ""2025-09-06T23:06:20.582289+00:00"", ""prompt_version"": ""v1"", ""persona"": ""expert""}"
"('analysis', 'philosophyofmathematics')",analysis,philosophy of mathematics,-1,3,novice,v1,v1,"{""model"": null, ""temperature"": null, ""date"": ""2025-09-06T23:06:20.582346+00:00"", ""prompt_version"": ""v1"", ""persona"": ""novice""}"
"('analysis', 'philosophyofmathematics')",analysis,philosophy of mathematics,-1,3,course_taker,v1,v1,"{""model"": null, ""temperature"": null, ""date"": ""2025-09-06T23:06:20.582378+00:00"", ""prompt_version"": ""v1"", ""persona"": ""course_taker""}"
"('analysis', 'philosophyofmathematics')",analysis,philosophy of mathematics,-1,3,phd,v1,v1,"{""model"": null, ""temperature"": null, ""date"": ""2025-09-06T23:06:20.582411+00:00"", ""prompt_version"": ""v1"", ""persona"": ""phd""}"
"('analysis', 'philosophyofmathematics')",analysis,philosophy of mathematics,-1,3,expert,v1,v1,"{""model"": null, ""temperature"": null, ""date"": ""2025-09-06T23:06:20.582444+00:00"", ""prompt_version"": ""v1"", ""persona"": ""expert""}"
"('metaphysics', 'principleofsufficientreason')",principle of sufficient reason,metaphysics,-1,3,novice,v1,v1,"{""model"": null, ""temperature"": null, ""date"": ""2025-09-06T23:06:20.582501+00:00"", ""prompt_version"": ""v1"", ""persona"": ""novice""}"
"('metaphysics', 'principleofsufficientreason')",principle of sufficient reason,metaphysics,-1,3,course_taker,v1,v1,"{""model"": null, ""temperature"": null, ""date"": ""2025-09-06T23:06:20.582534+00:00"", ""prompt_version"": ""v1"", ""persona"": ""course_taker""}"
"('metaphysics', 'principleofsufficientreason')",principle of sufficient reason,metaphysics,-1,3,phd,v1,v1,"{""model"": null, ""temperature"": null, ""date"": ""2025-09-06T23:06:20.582567+00:00"", ""prompt_version"": ""v1"", ""persona"": ""phd""}"
"('metaphysics', 'principleofsufficientreason')",principle of sufficient reason,metaphysics,-1,3,expert,v1,v1,"{""model"": null, ""temperature"": null, ""date"": ""2025-09-06T23:06:20.582601+00:00"", ""prompt_version"": ""v1"", ""persona"": ""expert""}"
"('perception', 'unityofconsciousness')",unity of consciousness,perception,-1,3,novice,v1,v1,"{""model"": null, ""temperature"": null, ""date"": ""2025-09-06T23:06:20.582658+00:00"", ""prompt_version"": ""v1"", ""persona"": ""novice""}"
"('perception', 'unityofconsciousness')",unity of consciousness,perception,-1,3,course_taker,v1,v1,"{""model"": null, ""temperature"": null, ""date"": ""2025-09-06T23:06:20.582691+00:00"", ""prompt_version"": ""v1"", ""persona"": ""course_taker""}"
"('perception', 'unityofconsciousness')",unity of consciousness,perception,-1,3,phd,v1,v1,"{""model"": null, ""temperature"": null, ""date"": ""2025-09-06T23:06:20.582724+00:00"", ""prompt_version"": ""v1"", ""persona"": ""phd""}"
"('perception', 'unityofconsciousness')",unity of consciousness,perception,-1,3,expert,v1,v1,"{""model"": null, ""temperature"": null, ""date"": ""2025-09-06T23:06:20.582756+00:00"", ""prompt_version"": ""v1"", ""persona"": ""expert""}"
"('meaning', 'metaphysics')",meaning,metaphysics,-1,3,novice,v1,v1,"{""model"": null, ""temperature"": null, ""date"": ""2025-09-06T23:06:20.583034+00:00"", ""prompt_version"": ""v1"", ""persona"": ""novice""}"
"('meaning', 'metaphysics')",meaning,metaphysics,-1,3,course_taker,v1,v1,"{""model"": null, ""temperature"": null, ""date"": ""2025-09-06T23:06:20.583074+00:00"", ""prompt_version"": ""v1"", ""persona"": ""course_taker""}"
"('meaning', 'metaphysics')",meaning,metaphysics,-1,3,phd,v1,v1,"{""model"": null, ""temperature"": null, ""date"": ""2025-09-06T23:06:20.583112+00:00"", ""prompt_version"": ""v1"", ""persona"": ""phd""}"
"('meaning', 'metaphysics')",meaning,metaphysics,-1,3,expert,v1,v1,"{""model"": null, ""temperature"": null, ""date"": ""2025-09-06T23:06:20.583147+00:00"", ""prompt_version"": ""v1"", ""persona"": ""expert""}"
"('philosophiesoftheparticularsciences', 'philosophyofscienceandthesciences')",philosophies of the particular sciences,philosophy of science and the sciences,-1,3,novice,v1,v1,"{""model"": null, ""temperature"": null, ""date"": ""2025-09-06T23:06:20.583211+00:00"", ""prompt_version"": ""v1"", ""persona"": ""novice""}"
"('philosophiesoftheparticularsciences', 'philosophyofscienceandthesciences')",philosophies of the particular sciences,philosophy of science and the sciences,-1,3,course_taker,v1,v1,"{""model"": null, ""temperature"": null, ""date"": ""2025-09-06T23:06:20.583249+00:00"", ""prompt_version"": ""v1"", ""persona"": ""course_taker""}"
"('philosophiesoftheparticularsciences', 'philosophyofscienceandthesciences')",philosophies of the particular sciences,philosophy of science and the sciences,-1,3,phd,v1,v1,"{""model"": null, ""temperature"": null, ""date"": ""2025-09-06T23:06:20.583287+00:00"", ""prompt_version"": ""v1"", ""persona"": ""phd""}"
"('philosophiesoftheparticularsciences', 'philosophyofscienceandthesciences')",philosophies of the particular sciences,philosophy of science and the sciences,-1,3,expert,v1,v1,"{""model"": null, ""temperature"": null, ""date"": ""2025-09-06T23:06:20.583324+00:00"", ""prompt_version"": ""v1"", ""persona"": ""expert""}"
"('metaphysics', 'mind')",mind,metaphysics,-1,3,novice,v1,v1,"{""model"": null, ""temperature"": null, ""date"": ""2025-09-06T23:06:20.583386+00:00"", ""prompt_version"": ""v1"", ""persona"": ""novice""}"
"('metaphysics', 'mind')",mind,metaphysics,-1,3,course_taker,v1,v1,"{""model"": null, ""temperature"": null, ""date"": ""2025-09-06T23:06:20.583419+00:00"", ""prompt_version"": ""v1"", ""persona"": ""course_taker""}"
"('metaphysics', 'mind')",mind,metaphysics,-1,3,phd,v1,v1,"{""model"": null, ""temperature"": null, ""date"": ""2025-09-06T23:06:20.583468+00:00"", ""prompt_version"": ""v1"", ""persona"": ""phd""}"
"('metaphysics', 'mind')",mind,metaphysics,-1,3,expert,v1,v1,"{""model"": null, ""temperature"": null, ""date"": ""2025-09-06T23:06:20.583502+00:00"", ""prompt_version"": ""v1"", ""persona"": ""expert""}"
"('epistemology', 'propernames')",proper names,epistemology,-1,3,novice,v1,v1,"{""model"": null, ""temperature"": null, ""date"": ""2025-09-06T23:06:20.583561+00:00"", ""prompt_version"": ""v1"", ""persona"": ""novice""}"
"('epistemology', 'propernames')",proper names,epistemology,-1,3,course_taker,v1,v1,"{""model"": null, ""temperature"": null, ""date"": ""2025-09-06T23:06:20.583595+00:00"", ""prompt_version"": ""v1"", ""persona"": ""course_taker""}"
"('epistemology', 'propernames')",proper names,epistemology,-1,3,phd,v1,v1,"{""model"": null, ""temperature"": null, ""date"": ""2025-09-06T23:06:20.583628+00:00"", ""prompt_version"": ""v1"", ""persona"": ""phd""}"
"('epistemology', 'propernames')",proper names,epistemology,-1,3,expert,v1,v1,"{""model"": null, ""temperature"": null, ""date"": ""2025-09-06T23:06:20.583662+00:00"", ""prompt_version"": ""v1"", ""persona"": ""expert""}"
"('metaphysics', 'simultaneity')",simultaneity,metaphysics,-1,3,novice,v1,v1,"{""model"": null, ""temperature"": null, ""date"": ""2025-09-06T23:06:20.583720+00:00"", ""prompt_version"": ""v1"", ""persona"": ""novice""}"
"('metaphysics', 'simultaneity')",simultaneity,metaphysics,-1,3,course_taker,v1,v1,"{""model"": null, ""temperature"": null, ""date"": ""2025-09-06T23:06:20.583753+00:00"", ""prompt_version"": ""v1"", ""persona"": ""course_taker""}"
"('metaphysics', 'simultaneity')",simultaneity,metaphysics,-1,3,phd,v1,v1,"{""model"": null, ""temperature"": null, ""date"": ""2025-09-06T23:06:20.583786+00:00"", ""prompt_version"": ""v1"", ""persona"": ""phd""}"
"('metaphysics', 'simultaneity')",simultaneity,metaphysics,-1,3,expert,v1,v1,"{""model"": null, ""temperature"": null, ""date"": ""2025-09-06T23:06:20.583819+00:00"", ""prompt_version"": ""v1"", ""persona"": ""expert""}"
"('philosophyofmathematics', 'settheory')",philosophy of mathematics,set theory,-1,3,novice,v1,v1,"{""model"": null, ""temperature"": null, ""date"": ""2025-09-06T23:06:20.583877+00:00"", ""prompt_version"": ""v1"", ""persona"": ""novice""}"
"('philosophyofmathematics', 'settheory')",philosophy of mathematics,set theory,-1,3,course_taker,v1,v1,"{""model"": null, ""temperature"": null, ""date"": ""2025-09-06T23:06:20.583911+00:00"", ""prompt_version"": ""v1"", ""persona"": ""course_taker""}"
"('philosophyofmathematics', 'settheory')",philosophy of mathematics,set theory,-1,3,phd,v1,v1,"{""model"": null, ""temperature"": null, ""date"": ""2025-09-06T23:06:20.583944+00:00"", ""prompt_version"": ""v1"", ""persona"": ""phd""}"
"('philosophyofmathematics', 'settheory')",philosophy of mathematics,set theory,-1,3,expert,v1,v1,"{""model"": null, ""temperature"": null, ""date"": ""2025-09-06T23:06:20.583977+00:00"", ""prompt_version"": ""v1"", ""persona"": ""expert""}"
"('historyoflogic', 'medievaltheoriesofthesyllogism')",medieval theories of the syllogism,history of logic,-1,3,novice,v1,v1,"{""model"": null, ""temperature"": null, ""date"": ""2025-09-06T23:06:20.584036+00:00"", ""prompt_version"": ""v1"", ""persona"": ""novice""}"
"('historyoflogic', 'medievaltheoriesofthesyllogism')",medieval theories of the syllogism,history of logic,-1,3,course_taker,v1,v1,"{""model"": null, ""temperature"": null, ""date"": ""2025-09-06T23:06:20.584070+00:00"", ""prompt_version"": ""v1"", ""persona"": ""course_taker""}"
"('historyoflogic', 'medievaltheoriesofthesyllogism')",medieval theories of the syllogism,history of logic,-1,3,phd,v1,v1,"{""model"": null, ""temperature"": null, ""date"": ""2025-09-06T23:06:20.584103+00:00"", ""prompt_version"": ""v1"", ""persona"": ""phd""}"
"('historyoflogic', 'medievaltheoriesofthesyllogism')",medieval theories of the syllogism,history of logic,-1,3,expert,v1,v1,"{""model"": null, ""temperature"": null, ""date"": ""2025-09-06T23:06:20.584137+00:00"", ""prompt_version"": ""v1"", ""persona"": ""expert""}"
"('metaphysicsofmind', 'panpsychism')",panpsychism,metaphysics of mind,-1,3,novice,v1,v1,"{""model"": null, ""temperature"": null, ""date"": ""2025-09-06T23:06:20.584195+00:00"", ""prompt_version"": ""v1"", ""persona"": ""novice""}"
"('metaphysicsofmind', 'panpsychism')",panpsychism,metaphysics of mind,-1,3,course_taker,v1,v1,"{""model"": null, ""temperature"": null, ""date"": ""2025-09-06T23:06:20.584228+00:00"", ""prompt_version"": ""v1"", ""persona"": ""course_taker""}"
"('metaphysicsofmind', 'panpsychism')",panpsychism,metaphysics of mind,-1,3,phd,v1,v1,"{""model"": null, ""temperature"": null, ""date"": ""2025-09-06T23:06:20.584261+00:00"", ""prompt_version"": ""v1"", ""persona"": ""phd""}"
"('metaphysicsofmind', 'panpsychism')",panpsychism,metaphysics of mind,-1,3,expert,v1,v1,"{""model"": null, ""temperature"": null, ""date"": ""2025-09-06T23:06:20.584294+00:00"", ""prompt_version"": ""v1"", ""persona"": ""expert""}"
"('philosophyofmind', 'symbolicprocessing')",symbolic processing,philosophy of mind,-1,3,novice,v1,v1,"{""model"": null, ""temperature"": null, ""date"": ""2025-09-06T23:06:20.584352+00:00"", ""prompt_version"": ""v1"", ""persona"": ""novice""}"
"('philosophyofmind', 'symbolicprocessing')",symbolic processing,philosophy of mind,-1,3,course_taker,v1,v1,"{""model"": null, ""temperature"": null, ""date"": ""2025-09-06T23:06:20.584385+00:00"", ""prompt_version"": ""v1"", ""persona"": ""course_taker""}"
"('philosophyofmind', 'symbolicprocessing')",symbolic processing,philosophy of mind,-1,3,phd,v1,v1,"{""model"": null, ""temperature"": null, ""date"": ""2025-09-06T23:06:20.584418+00:00"", ""prompt_version"": ""v1"", ""persona"": ""phd""}"
"('philosophyofmind', 'symbolicprocessing')",symbolic processing,philosophy of mind,-1,3,expert,v1,v1,"{""model"": null, ""temperature"": null, ""date"": ""2025-09-06T23:06:20.584451+00:00"", ""prompt_version"": ""v1"", ""persona"": ""expert""}"
"('modernphilosophy', 'philosophyofmind')",modern philosophy,philosophy of mind,-1,3,novice,v1,v1,"{""model"": null, ""temperature"": null, ""date"": ""2025-09-06T23:06:20.584508+00:00"", ""prompt_version"": ""v1"", ""persona"": ""novice""}"
"('modernphilosophy', 'philosophyofmind')",modern philosophy,philosophy of mind,-1,3,course_taker,v1,v1,"{""model"": null, ""temperature"": null, ""date"": ""2025-09-06T23:06:20.584541+00:00"", ""prompt_version"": ""v1"", ""persona"": ""course_taker""}"
"('modernphilosophy', 'philosophyofmind')",modern philosophy,philosophy of mind,-1,3,phd,v1,v1,"{""model"": null, ""temperature"": null, ""date"": ""2025-09-06T23:06:20.584574+00:00"", ""prompt_version"": ""v1"", ""persona"": ""phd""}"
"('modernphilosophy', 'philosophyofmind')",modern philosophy,philosophy of mind,-1,3,expert,v1,v1,"{""model"": null, ""temperature"": null, ""date"": ""2025-09-06T23:06:20.584607+00:00"", ""prompt_version"": ""v1"", ""persona"": ""expert""}"
"('chineseroomargument', 'cognitivescience')",chinese room argument,cognitive science,-1,3,novice,v1,v1,"{""model"": null, ""temperature"": null, ""date"": ""2025-09-06T23:06:20.584664+00:00"", ""prompt_version"": ""v1"", ""persona"": ""novice""}"
"('chineseroomargument', 'cognitivescience')",chinese room argument,cognitive science,-1,3,course_taker,v1,v1,"{""model"": null, ""temperature"": null, ""date"": ""2025-09-06T23:06:20.584697+00:00"", ""prompt_version"": ""v1"", ""persona"": ""course_taker""}"
"('chineseroomargument', 'cognitivescience')",chinese room argument,cognitive science,-1,3,phd,v1,v1,"{""model"": null, ""temperature"": null, ""date"": ""2025-09-06T23:06:20.584730+00:00"", ""prompt_version"": ""v1"", ""persona"": ""phd""}"
"('chineseroomargument', 'cognitivescience')",chinese room argument,cognitive science,-1,3,expert,v1,v1,"{""model"": null, ""temperature"": null, ""date"": ""2025-09-06T23:06:20.584763+00:00"", ""prompt_version"": ""v1"", ""persona"": ""expert""}"
"('arabicphilosophyandislamicphilosophy', 'metaphysics')",arabic philosophy and islamic philosophy,metaphysics,-1,3,novice,v1,v1,"{""model"": null, ""temperature"": null, ""date"": ""2025-09-06T23:06:20.584821+00:00"", ""prompt_version"": ""v1"", ""persona"": ""novice""}"
"('arabicphilosophyandislamicphilosophy', 'metaphysics')",arabic philosophy and islamic philosophy,metaphysics,-1,3,course_taker,v1,v1,"{""model"": null, ""temperature"": null, ""date"": ""2025-09-06T23:06:20.584870+00:00"", ""prompt_version"": ""v1"", ""persona"": ""course_taker""}"
"('arabicphilosophyandislamicphilosophy', 'metaphysics')",arabic philosophy and islamic philosophy,metaphysics,-1,3,phd,v1,v1,"{""model"": null, ""temperature"": null, ""date"": ""2025-09-06T23:06:20.584904+00:00"", ""prompt_version"": ""v1"", ""persona"": ""phd""}"
"('arabicphilosophyandislamicphilosophy', 'metaphysics')",arabic philosophy and islamic philosophy,metaphysics,-1,3,expert,v1,v1,"{""model"": null, ""temperature"": null, ""date"": ""2025-09-06T23:06:20.584938+00:00"", ""prompt_version"": ""v1"", ""persona"": ""expert""}"
"('consciousness', 'higherordertheoriesofconsciousness')",higher-order theories of consciousness,consciousness,-1,3,novice,v1,v1,"{""model"": null, ""temperature"": null, ""date"": ""2025-09-06T23:06:20.584996+00:00"", ""prompt_version"": ""v1"", ""persona"": ""novice""}"
"('consciousness', 'higherordertheoriesofconsciousness')",higher-order theories of consciousness,consciousness,-1,3,course_taker,v1,v1,"{""model"": null, ""temperature"": null, ""date"": ""2025-09-06T23:06:20.585029+00:00"", ""prompt_version"": ""v1"", ""persona"": ""course_taker""}"
"('consciousness', 'higherordertheoriesofconsciousness')",higher-order theories of consciousness,consciousness,-1,3,phd,v1,v1,"{""model"": null, ""temperature"": null, ""date"": ""2025-09-06T23:06:20.585062+00:00"", ""prompt_version"": ""v1"", ""persona"": ""phd""}"
"('consciousness', 'higherordertheoriesofconsciousness')",higher-order theories of consciousness,consciousness,-1,3,expert,v1,v1,"{""model"": null, ""temperature"": null, ""date"": ""2025-09-06T23:06:20.585095+00:00"", ""prompt_version"": ""v1"", ""persona"": ""expert""}"
"('afterlife', 'meaningoflife')",meaning of life,afterlife,-1,3,novice,v1,v1,"{""model"": null, ""temperature"": null, ""date"": ""2025-09-06T23:06:20.585153+00:00"", ""prompt_version"": ""v1"", ""persona"": ""novice""}"
"('afterlife', 'meaningoflife')",meaning of life,afterlife,-1,3,course_taker,v1,v1,"{""model"": null, ""temperature"": null, ""date"": ""2025-09-06T23:06:20.585186+00:00"", ""prompt_version"": ""v1"", ""persona"": ""course_taker""}"
"('afterlife', 'meaningoflife')",meaning of life,afterlife,-1,3,phd,v1,v1,"{""model"": null, ""temperature"": null, ""date"": ""2025-09-06T23:06:20.585219+00:00"", ""prompt_version"": ""v1"", ""persona"": ""phd""}"
"('afterlife', 'meaningoflife')",meaning of life,afterlife,-1,3,expert,v1,v1,"{""model"": null, ""temperature"": null, ""date"": ""2025-09-06T23:06:20.585251+00:00"", ""prompt_version"": ""v1"", ""persona"": ""expert""}"
"('philosophyofmind', 'syntacticanalysis')",syntactic analysis,philosophy of mind,-1,3,novice,v1,v1,"{""model"": null, ""temperature"": null, ""date"": ""2025-09-06T23:06:20.585308+00:00"", ""prompt_version"": ""v1"", ""persona"": ""novice""}"
"('philosophyofmind', 'syntacticanalysis')",syntactic analysis,philosophy of mind,-1,3,course_taker,v1,v1,"{""model"": null, ""temperature"": null, ""date"": ""2025-09-06T23:06:20.585341+00:00"", ""prompt_version"": ""v1"", ""persona"": ""course_taker""}"
"('philosophyofmind', 'syntacticanalysis')",syntactic analysis,philosophy of mind,-1,3,phd,v1,v1,"{""model"": null, ""temperature"": null, ""date"": ""2025-09-06T23:06:20.585374+00:00"", ""prompt_version"": ""v1"", ""persona"": ""phd""}"
"('philosophyofmind', 'syntacticanalysis')",syntactic analysis,philosophy of mind,-1,3,expert,v1,v1,"{""model"": null, ""temperature"": null, ""date"": ""2025-09-06T23:06:20.585407+00:00"", ""prompt_version"": ""v1"", ""persona"": ""expert""}"
"('metaphysics', 'universals')",universals,metaphysics,-1,3,novice,v1,v1,"{""model"": null, ""temperature"": null, ""date"": ""2025-09-06T23:06:20.585463+00:00"", ""prompt_version"": ""v1"", ""persona"": ""novice""}"
"('metaphysics', 'universals')",universals,metaphysics,-1,3,course_taker,v1,v1,"{""model"": null, ""temperature"": null, ""date"": ""2025-09-06T23:06:20.585496+00:00"", ""prompt_version"": ""v1"", ""persona"": ""course_taker""}"
"('metaphysics', 'universals')",universals,metaphysics,-1,3,phd,v1,v1,"{""model"": null, ""temperature"": null, ""date"": ""2025-09-06T23:06:20.585528+00:00"", ""prompt_version"": ""v1"", ""persona"": ""phd""}"
"('metaphysics', 'universals')",universals,metaphysics,-1,3,expert,v1,v1,"{""model"": null, ""temperature"": null, ""date"": ""2025-09-06T23:06:20.585561+00:00"", ""prompt_version"": ""v1"", ""persona"": ""expert""}"
"('epistemology', 'matter')",matter,epistemology,-1,3,novice,v1,v1,"{""model"": null, ""temperature"": null, ""date"": ""2025-09-06T23:06:20.585617+00:00"", ""prompt_version"": ""v1"", ""persona"": ""novice""}"
"('epistemology', 'matter')",matter,epistemology,-1,3,course_taker,v1,v1,"{""model"": null, ""temperature"": null, ""date"": ""2025-09-06T23:06:20.585650+00:00"", ""prompt_version"": ""v1"", ""persona"": ""course_taker""}"
"('epistemology', 'matter')",matter,epistemology,-1,3,phd,v1,v1,"{""model"": null, ""temperature"": null, ""date"": ""2025-09-06T23:06:20.585682+00:00"", ""prompt_version"": ""v1"", ""persona"": ""phd""}"
"('epistemology', 'matter')",matter,epistemology,-1,3,expert,v1,v1,"{""model"": null, ""temperature"": null, ""date"": ""2025-09-06T23:06:20.585714+00:00"", ""prompt_version"": ""v1"", ""persona"": ""expert""}"
"('philosophyofreligion', 'religiousexperience')",philosophy of religion,religious experience,-1,3,novice,v1,v1,"{""model"": null, ""temperature"": null, ""date"": ""2025-09-06T23:06:20.585770+00:00"", ""prompt_version"": ""v1"", ""persona"": ""novice""}"
"('philosophyofreligion', 'religiousexperience')",philosophy of religion,religious experience,-1,3,course_taker,v1,v1,"{""model"": null, ""temperature"": null, ""date"": ""2025-09-06T23:06:20.585803+00:00"", ""prompt_version"": ""v1"", ""persona"": ""course_taker""}"
"('philosophyofreligion', 'religiousexperience')",philosophy of religion,religious experience,-1,3,phd,v1,v1,"{""model"": null, ""temperature"": null, ""date"": ""2025-09-06T23:06:20.585837+00:00"", ""prompt_version"": ""v1"", ""persona"": ""phd""}"
"('philosophyofreligion', 'religiousexperience')",philosophy of religion,religious experience,-1,3,expert,v1,v1,"{""model"": null, ""temperature"": null, ""date"": ""2025-09-06T23:06:20.585869+00:00"", ""prompt_version"": ""v1"", ""persona"": ""expert""}"
"('interpretation', 'judaicphilosophy')",judaic philosophy,interpretation,-1,3,novice,v1,v1,"{""model"": null, ""temperature"": null, ""date"": ""2025-09-06T23:06:20.585927+00:00"", ""prompt_version"": ""v1"", ""persona"": ""novice""}"
"('interpretation', 'judaicphilosophy')",judaic philosophy,interpretation,-1,3,course_taker,v1,v1,"{""model"": null, ""temperature"": null, ""date"": ""2025-09-06T23:06:20.585959+00:00"", ""prompt_version"": ""v1"", ""persona"": ""course_taker""}"
"('interpretation', 'judaicphilosophy')",judaic philosophy,interpretation,-1,3,phd,v1,v1,"{""model"": null, ""temperature"": null, ""date"": ""2025-09-06T23:06:20.585992+00:00"", ""prompt_version"": ""v1"", ""persona"": ""phd""}"
"('interpretation', 'judaicphilosophy')",judaic philosophy,interpretation,-1,3,expert,v1,v1,"{""model"": null, ""temperature"": null, ""date"": ""2025-09-06T23:06:20.586025+00:00"", ""prompt_version"": ""v1"", ""persona"": ""expert""}"
"('epistemology', 'philosophyofscienceandthesciences')",philosophy of science and the sciences,epistemology,-1,3,novice,v1,v1,"{""model"": null, ""temperature"": null, ""date"": ""2025-09-06T23:06:20.586082+00:00"", ""prompt_version"": ""v1"", ""persona"": ""novice""}"
"('epistemology', 'philosophyofscienceandthesciences')",philosophy of science and the sciences,epistemology,-1,3,course_taker,v1,v1,"{""model"": null, ""temperature"": null, ""date"": ""2025-09-06T23:06:20.586115+00:00"", ""prompt_version"": ""v1"", ""persona"": ""course_taker""}"
"('epistemology', 'philosophyofscienceandthesciences')",philosophy of science and the sciences,epistemology,-1,3,phd,v1,v1,"{""model"": null, ""temperature"": null, ""date"": ""2025-09-06T23:06:20.586148+00:00"", ""prompt_version"": ""v1"", ""persona"": ""phd""}"
"('epistemology', 'philosophyofscienceandthesciences')",philosophy of science and the sciences,epistemology,-1,3,expert,v1,v1,"{""model"": null, ""temperature"": null, ""date"": ""2025-09-06T23:06:20.586201+00:00"", ""prompt_version"": ""v1"", ""persona"": ""expert""}"
"('causeandeffect', 'perception')",cause and effect,perception,-1,3,novice,v1,v1,"{""model"": null, ""temperature"": null, ""date"": ""2025-09-06T23:06:20.586259+00:00"", ""prompt_version"": ""v1"", ""persona"": ""novice""}"
"('causeandeffect', 'perception')",cause and effect,perception,-1,3,course_taker,v1,v1,"{""model"": null, ""temperature"": null, ""date"": ""2025-09-06T23:06:20.586291+00:00"", ""prompt_version"": ""v1"", ""persona"": ""course_taker""}"
"('causeandeffect', 'perception')",cause and effect,perception,-1,3,phd,v1,v1,"{""model"": null, ""temperature"": null, ""date"": ""2025-09-06T23:06:20.586324+00:00"", ""prompt_version"": ""v1"", ""persona"": ""phd""}"
"('causeandeffect', 'perception')",cause and effect,perception,-1,3,expert,v1,v1,"{""model"": null, ""temperature"": null, ""date"": ""2025-09-06T23:06:20.586356+00:00"", ""prompt_version"": ""v1"", ""persona"": ""expert""}"
"('chinesephilosophy', 'westernphilosophy')",western philosophy,chinese philosophy,-1,3,novice,v1,v1,"{""model"": null, ""temperature"": null, ""date"": ""2025-09-06T23:06:20.586413+00:00"", ""prompt_version"": ""v1"", ""persona"": ""novice""}"
"('chinesephilosophy', 'westernphilosophy')",western philosophy,chinese philosophy,-1,3,course_taker,v1,v1,"{""model"": null, ""temperature"": null, ""date"": ""2025-09-06T23:06:20.586446+00:00"", ""prompt_version"": ""v1"", ""persona"": ""course_taker""}"
"('chinesephilosophy', 'westernphilosophy')",western philosophy,chinese philosophy,-1,3,phd,v1,v1,"{""model"": null, ""temperature"": null, ""date"": ""2025-09-06T23:06:20.586479+00:00"", ""prompt_version"": ""v1"", ""persona"": ""phd""}"
"('chinesephilosophy', 'westernphilosophy')",western philosophy,chinese philosophy,-1,3,expert,v1,v1,"{""model"": null, ""temperature"": null, ""date"": ""2025-09-06T23:06:20.586511+00:00"", ""prompt_version"": ""v1"", ""persona"": ""expert""}"
"('naturallaw', 'philosophyoflaw')",natural law,philosophy of law,-1,3,novice,v1,v1,"{""model"": null, ""temperature"": null, ""date"": ""2025-09-06T23:06:20.586568+00:00"", ""prompt_version"": ""v1"", ""persona"": ""novice""}"
"('naturallaw', 'philosophyoflaw')",natural law,philosophy of law,-1,3,course_taker,v1,v1,"{""model"": null, ""temperature"": null, ""date"": ""2025-09-06T23:06:20.586601+00:00"", ""prompt_version"": ""v1"", ""persona"": ""course_taker""}"
"('naturallaw', 'philosophyoflaw')",natural law,philosophy of law,-1,3,phd,v1,v1,"{""model"": null, ""temperature"": null, ""date"": ""2025-09-06T23:06:20.586633+00:00"", ""prompt_version"": ""v1"", ""persona"": ""phd""}"
"('naturallaw', 'philosophyoflaw')",natural law,philosophy of law,-1,3,expert,v1,v1,"{""model"": null, ""temperature"": null, ""date"": ""2025-09-06T23:06:20.586665+00:00"", ""prompt_version"": ""v1"", ""persona"": ""expert""}"
"('chinesephilosophy', 'zenbuddhism')",zen buddhism,chinese philosophy,-1,3,novice,v1,v1,"{""model"": null, ""temperature"": null, ""date"": ""2025-09-06T23:06:20.586722+00:00"", ""prompt_version"": ""v1"", ""persona"": ""novice""}"
"('chinesephilosophy', 'zenbuddhism')",zen buddhism,chinese philosophy,-1,3,course_taker,v1,v1,"{""model"": null, ""temperature"": null, ""date"": ""2025-09-06T23:06:20.586755+00:00"", ""prompt_version"": ""v1"", ""persona"": ""course_taker""}"
"('chinesephilosophy', 'zenbuddhism')",zen buddhism,chinese philosophy,-1,3,phd,v1,v1,"{""model"": null, ""temperature"": null, ""date"": ""2025-09-06T23:06:20.586788+00:00"", ""prompt_version"": ""v1"", ""persona"": ""phd""}"
"('chinesephilosophy', 'zenbuddhism')",zen buddhism,chinese philosophy,-1,3,expert,v1,v1,"{""model"": null, ""temperature"": null, ""date"": ""2025-09-06T23:06:20.586820+00:00"", ""prompt_version"": ""v1"", ""persona"": ""expert""}"
"('metaphysics', 'metaphysicsofscience')",metaphysics of science,metaphysics,-1,3,novice,v1,v1,"{""model"": null, ""temperature"": null, ""date"": ""2025-09-06T23:06:20.586877+00:00"", ""prompt_version"": ""v1"", ""persona"": ""novice""}"
"('metaphysics', 'metaphysicsofscience')",metaphysics of science,metaphysics,-1,3,course_taker,v1,v1,"{""model"": null, ""temperature"": null, ""date"": ""2025-09-06T23:06:20.586909+00:00"", ""prompt_version"": ""v1"", ""persona"": ""course_taker""}"
"('metaphysics', 'metaphysicsofscience')",metaphysics of science,metaphysics,-1,3,phd,v1,v1,"{""model"": null, ""temperature"": null, ""date"": ""2025-09-06T23:06:20.586942+00:00"", ""prompt_version"": ""v1"", ""persona"": ""phd""}"
"('metaphysics', 'metaphysicsofscience')",metaphysics of science,metaphysics,-1,3,expert,v1,v1,"{""model"": null, ""temperature"": null, ""date"": ""2025-09-06T23:06:20.586974+00:00"", ""prompt_version"": ""v1"", ""persona"": ""expert""}"
"('cognitivescience', 'philosophyofscienceandthesciences')",cognitive science,philosophy of science and the sciences,-1,3,novice,v1,v1,"{""model"": null, ""temperature"": null, ""date"": ""2025-09-06T23:06:20.587035+00:00"", ""prompt_version"": ""v1"", ""persona"": ""novice""}"
"('cognitivescience', 'philosophyofscienceandthesciences')",cognitive science,philosophy of science and the sciences,-1,3,course_taker,v1,v1,"{""model"": null, ""temperature"": null, ""date"": ""2025-09-06T23:06:20.587072+00:00"", ""prompt_version"": ""v1"", ""persona"": ""course_taker""}"
"('cognitivescience', 'philosophyofscienceandthesciences')",cognitive science,philosophy of science and the sciences,-1,3,phd,v1,v1,"{""model"": null, ""temperature"": null, ""date"": ""2025-09-06T23:06:20.587105+00:00"", ""prompt_version"": ""v1"", ""persona"": ""phd""}"
"('cognitivescience', 'philosophyofscienceandthesciences')",cognitive science,philosophy of science and the sciences,-1,3,expert,v1,v1,"{""model"": null, ""temperature"": null, ""date"": ""2025-09-06T23:06:20.587138+00:00"", ""prompt_version"": ""v1"", ""persona"": ""expert""}"
"('metaphysics', 'modernphilosophy')",modern philosophy,metaphysics,-1,3,novice,v1,v1,"{""model"": null, ""temperature"": null, ""date"": ""2025-09-06T23:06:20.587195+00:00"", ""prompt_version"": ""v1"", ""persona"": ""novice""}"
"('metaphysics', 'modernphilosophy')",modern philosophy,metaphysics,-1,3,course_taker,v1,v1,"{""model"": null, ""temperature"": null, ""date"": ""2025-09-06T23:06:20.587228+00:00"", ""prompt_version"": ""v1"", ""persona"": ""course_taker""}"
"('metaphysics', 'modernphilosophy')",modern philosophy,metaphysics,-1,3,phd,v1,v1,"{""model"": null, ""temperature"": null, ""date"": ""2025-09-06T23:06:20.587260+00:00"", ""prompt_version"": ""v1"", ""persona"": ""phd""}"
"('metaphysics', 'modernphilosophy')",modern philosophy,metaphysics,-1,3,expert,v1,v1,"{""model"": null, ""temperature"": null, ""date"": ""2025-09-06T23:06:20.587292+00:00"", ""prompt_version"": ""v1"", ""persona"": ""expert""}"
"('metaphysics', 'personalidentityandethics')",personal identity and ethics,metaphysics,-1,3,novice,v1,v1,"{""model"": null, ""temperature"": null, ""date"": ""2025-09-06T23:06:20.587357+00:00"", ""prompt_version"": ""v1"", ""persona"": ""novice""}"
"('metaphysics', 'personalidentityandethics')",personal identity and ethics,metaphysics,-1,3,course_taker,v1,v1,"{""model"": null, ""temperature"": null, ""date"": ""2025-09-06T23:06:20.587390+00:00"", ""prompt_version"": ""v1"", ""persona"": ""course_taker""}"
"('metaphysics', 'personalidentityandethics')",personal identity and ethics,metaphysics,-1,3,phd,v1,v1,"{""model"": null, ""temperature"": null, ""date"": ""2025-09-06T23:06:20.587423+00:00"", ""prompt_version"": ""v1"", ""persona"": ""phd""}"
"('metaphysics', 'personalidentityandethics')",personal identity and ethics,metaphysics,-1,3,expert,v1,v1,"{""model"": null, ""temperature"": null, ""date"": ""2025-09-06T23:06:20.587456+00:00"", ""prompt_version"": ""v1"", ""persona"": ""expert""}"
"('perception', 'unitarianism')",unitarianism,perception,-1,3,novice,v1,v1,"{""model"": null, ""temperature"": null, ""date"": ""2025-09-06T23:06:20.587514+00:00"", ""prompt_version"": ""v1"", ""persona"": ""novice""}"
"('perception', 'unitarianism')",unitarianism,perception,-1,3,course_taker,v1,v1,"{""model"": null, ""temperature"": null, ""date"": ""2025-09-06T23:06:20.587611+00:00"", ""prompt_version"": ""v1"", ""persona"": ""course_taker""}"
"('perception', 'unitarianism')",unitarianism,perception,-1,3,phd,v1,v1,"{""model"": null, ""temperature"": null, ""date"": ""2025-09-06T23:06:20.587649+00:00"", ""prompt_version"": ""v1"", ""persona"": ""phd""}"
"('perception', 'unitarianism')",unitarianism,perception,-1,3,expert,v1,v1,"{""model"": null, ""temperature"": null, ""date"": ""2025-09-06T23:06:20.587682+00:00"", ""prompt_version"": ""v1"", ""persona"": ""expert""}"
"('epistemology', 'feministepistemologyandphilosophyofscience')",feminist epistemology and philosophy of science,epistemology,-1,3,novice,v1,v1,"{""model"": null, ""temperature"": null, ""date"": ""2025-09-06T23:06:20.587739+00:00"", ""prompt_version"": ""v1"", ""persona"": ""novice""}"
"('epistemology', 'feministepistemologyandphilosophyofscience')",feminist epistemology and philosophy of science,epistemology,-1,3,course_taker,v1,v1,"{""model"": null, ""temperature"": null, ""date"": ""2025-09-06T23:06:20.587773+00:00"", ""prompt_version"": ""v1"", ""persona"": ""course_taker""}"
"('epistemology', 'feministepistemologyandphilosophyofscience')",feminist epistemology and philosophy of science,epistemology,-1,3,phd,v1,v1,"{""model"": null, ""temperature"": null, ""date"": ""2025-09-06T23:06:20.587807+00:00"", ""prompt_version"": ""v1"", ""persona"": ""phd""}"
"('epistemology', 'feministepistemologyandphilosophyofscience')",feminist epistemology and philosophy of science,epistemology,-1,3,expert,v1,v1,"{""model"": null, ""temperature"": null, ""date"": ""2025-09-06T23:06:20.587840+00:00"", ""prompt_version"": ""v1"", ""persona"": ""expert""}"
"('18thcenturygermanaesthetics', 'metaphysics')",18th century german aesthetics,metaphysics,-1,3,novice,v1,v1,"{""model"": null, ""temperature"": null, ""date"": ""2025-09-06T23:06:20.587897+00:00"", ""prompt_version"": ""v1"", ""persona"": ""novice""}"
"('18thcenturygermanaesthetics', 'metaphysics')",18th century german aesthetics,metaphysics,-1,3,course_taker,v1,v1,"{""model"": null, ""temperature"": null, ""date"": ""2025-09-06T23:06:20.587930+00:00"", ""prompt_version"": ""v1"", ""persona"": ""course_taker""}"
"('18thcenturygermanaesthetics', 'metaphysics')",18th century german aesthetics,metaphysics,-1,3,phd,v1,v1,"{""model"": null, ""temperature"": null, ""date"": ""2025-09-06T23:06:20.587963+00:00"", ""prompt_version"": ""v1"", ""persona"": ""phd""}"
"('18thcenturygermanaesthetics', 'metaphysics')",18th century german aesthetics,metaphysics,-1,3,expert,v1,v1,"{""model"": null, ""temperature"": null, ""date"": ""2025-09-06T23:06:20.587996+00:00"", ""prompt_version"": ""v1"", ""persona"": ""expert""}"
"('activationvalue', 'folkpsychology')",activation value,folk psychology,-1,3,novice,v1,v1,"{""model"": null, ""temperature"": null, ""date"": ""2025-09-06T23:06:20.588053+00:00"", ""prompt_version"": ""v1"", ""persona"": ""novice""}"
"('activationvalue', 'folkpsychology')",activation value,folk psychology,-1,3,course_taker,v1,v1,"{""model"": null, ""temperature"": null, ""date"": ""2025-09-06T23:06:20.588099+00:00"", ""prompt_version"": ""v1"", ""persona"": ""course_taker""}"
"('activationvalue', 'folkpsychology')",activation value,folk psychology,-1,3,phd,v1,v1,"{""model"": null, ""temperature"": null, ""date"": ""2025-09-06T23:06:20.588132+00:00"", ""prompt_version"": ""v1"", ""persona"": ""phd""}"
"('activationvalue', 'folkpsychology')",activation value,folk psychology,-1,3,expert,v1,v1,"{""model"": null, ""temperature"": null, ""date"": ""2025-09-06T23:06:20.588165+00:00"", ""prompt_version"": ""v1"", ""persona"": ""expert""}"
"('hilbertsprogram', 'philosophyofmathematics')",hilbert's program,philosophy of mathematics,-1,3,novice,v1,v1,"{""model"": null, ""temperature"": null, ""date"": ""2025-09-06T23:06:20.588222+00:00"", ""prompt_version"": ""v1"", ""persona"": ""novice""}"
"('hilbertsprogram', 'philosophyofmathematics')",hilbert's program,philosophy of mathematics,-1,3,course_taker,v1,v1,"{""model"": null, ""temperature"": null, ""date"": ""2025-09-06T23:06:20.588255+00:00"", ""prompt_version"": ""v1"", ""persona"": ""course_taker""}"
"('hilbertsprogram', 'philosophyofmathematics')",hilbert's program,philosophy of mathematics,-1,3,phd,v1,v1,"{""model"": null, ""temperature"": null, ""date"": ""2025-09-06T23:06:20.588288+00:00"", ""prompt_version"": ""v1"", ""persona"": ""phd""}"
"('hilbertsprogram', 'philosophyofmathematics')",hilbert's program,philosophy of mathematics,-1,3,expert,v1,v1,"{""model"": null, ""temperature"": null, ""date"": ""2025-09-06T23:06:20.588321+00:00"", ""prompt_version"": ""v1"", ""persona"": ""expert""}"
"('eliminativematerialism', 'philosophyofmind')",eliminative materialism,philosophy of mind,-1,3,novice,v1,v1,"{""model"": null, ""temperature"": null, ""date"": ""2025-09-06T23:06:20.588378+00:00"", ""prompt_version"": ""v1"", ""persona"": ""novice""}"
"('eliminativematerialism', 'philosophyofmind')",eliminative materialism,philosophy of mind,-1,3,course_taker,v1,v1,"{""model"": null, ""temperature"": null, ""date"": ""2025-09-06T23:06:20.588411+00:00"", ""prompt_version"": ""v1"", ""persona"": ""course_taker""}"
"('eliminativematerialism', 'philosophyofmind')",eliminative materialism,philosophy of mind,-1,3,phd,v1,v1,"{""model"": null, ""temperature"": null, ""date"": ""2025-09-06T23:06:20.588444+00:00"", ""prompt_version"": ""v1"", ""persona"": ""phd""}"
"('eliminativematerialism', 'philosophyofmind')",eliminative materialism,philosophy of mind,-1,3,expert,v1,v1,"{""model"": null, ""temperature"": null, ""date"": ""2025-09-06T23:06:20.588476+00:00"", ""prompt_version"": ""v1"", ""persona"": ""expert""}"
"('historyoflogic', 'intuitionisticlogic')",intuitionistic logic,history of logic,-1,3,novice,v1,v1,"{""model"": null, ""temperature"": null, ""date"": ""2025-09-06T23:06:20.588532+00:00"", ""prompt_version"": ""v1"", ""persona"": ""novice""}"
"('historyoflogic', 'intuitionisticlogic')",intuitionistic logic,history of logic,-1,3,course_taker,v1,v1,"{""model"": null, ""temperature"": null, ""date"": ""2025-09-06T23:06:20.588565+00:00"", ""prompt_version"": ""v1"", ""persona"": ""course_taker""}"
"('historyoflogic', 'intuitionisticlogic')",intuitionistic logic,history of logic,-1,3,phd,v1,v1,"{""model"": null, ""temperature"": null, ""date"": ""2025-09-06T23:06:20.588598+00:00"", ""prompt_version"": ""v1"", ""persona"": ""phd""}"
"('historyoflogic', 'intuitionisticlogic')",intuitionistic logic,history of logic,-1,3,expert,v1,v1,"{""model"": null, ""temperature"": null, ""date"": ""2025-09-06T23:06:20.588630+00:00"", ""prompt_version"": ""v1"", ""persona"": ""expert""}"
"('blindsight', 'perception')",blindsight,perception,-1,3,novice,v1,v1,"{""model"": null, ""temperature"": null, ""date"": ""2025-09-06T23:06:20.588687+00:00"", ""prompt_version"": ""v1"", ""persona"": ""novice""}"
"('blindsight', 'perception')",blindsight,perception,-1,3,course_taker,v1,v1,"{""model"": null, ""temperature"": null, ""date"": ""2025-09-06T23:06:20.588719+00:00"", ""prompt_version"": ""v1"", ""persona"": ""course_taker""}"
"('blindsight', 'perception')",blindsight,perception,-1,3,phd,v1,v1,"{""model"": null, ""temperature"": null, ""date"": ""2025-09-06T23:06:20.588752+00:00"", ""prompt_version"": ""v1"", ""persona"": ""phd""}"
"('blindsight', 'perception')",blindsight,perception,-1,3,expert,v1,v1,"{""model"": null, ""temperature"": null, ""date"": ""2025-09-06T23:06:20.588784+00:00"", ""prompt_version"": ""v1"", ""persona"": ""expert""}"
"('scientificmethodology', 'unityofscience')",unity of science,scientific methodology,-1,3,novice,v1,v1,"{""model"": null, ""temperature"": null, ""date"": ""2025-09-06T23:06:20.588841+00:00"", ""prompt_version"": ""v1"", ""persona"": ""novice""}"
"('scientificmethodology', 'unityofscience')",unity of science,scientific methodology,-1,3,course_taker,v1,v1,"{""model"": null, ""temperature"": null, ""date"": ""2025-09-06T23:06:20.588874+00:00"", ""prompt_version"": ""v1"", ""persona"": ""course_taker""}"
"('scientificmethodology', 'unityofscience')",unity of science,scientific methodology,-1,3,phd,v1,v1,"{""model"": null, ""temperature"": null, ""date"": ""2025-09-06T23:06:20.588915+00:00"", ""prompt_version"": ""v1"", ""persona"": ""phd""}"
"('scientificmethodology', 'unityofscience')",unity of science,scientific methodology,-1,3,expert,v1,v1,"{""model"": null, ""temperature"": null, ""date"": ""2025-09-06T23:06:20.588949+00:00"", ""prompt_version"": ""v1"", ""persona"": ""expert""}"
"('cognitivescience', 'neuralnetwork')",neural network,cognitive science,-1,3,novice,v1,v1,"{""model"": null, ""temperature"": null, ""date"": ""2025-09-06T23:06:20.589006+00:00"", ""prompt_version"": ""v1"", ""persona"": ""novice""}"
"('cognitivescience', 'neuralnetwork')",neural network,cognitive science,-1,3,course_taker,v1,v1,"{""model"": null, ""temperature"": null, ""date"": ""2025-09-06T23:06:20.589039+00:00"", ""prompt_version"": ""v1"", ""persona"": ""course_taker""}"
"('cognitivescience', 'neuralnetwork')",neural network,cognitive science,-1,3,phd,v1,v1,"{""model"": null, ""temperature"": null, ""date"": ""2025-09-06T23:06:20.589072+00:00"", ""prompt_version"": ""v1"", ""persona"": ""phd""}"
"('cognitivescience', 'neuralnetwork')",neural network,cognitive science,-1,3,expert,v1,v1,"{""model"": null, ""temperature"": null, ""date"": ""2025-09-06T23:06:20.589104+00:00"", ""prompt_version"": ""v1"", ""persona"": ""expert""}"
"('metaphysics', 'time')",time,metaphysics,-1,3,novice,v1,v1,"{""model"": null, ""temperature"": null, ""date"": ""2025-09-06T23:06:20.589161+00:00"", ""prompt_version"": ""v1"", ""persona"": ""novice""}"
"('metaphysics', 'time')",time,metaphysics,-1,3,course_taker,v1,v1,"{""model"": null, ""temperature"": null, ""date"": ""2025-09-06T23:06:20.589195+00:00"", ""prompt_version"": ""v1"", ""persona"": ""course_taker""}"
"('metaphysics', 'time')",time,metaphysics,-1,3,phd,v1,v1,"{""model"": null, ""temperature"": null, ""date"": ""2025-09-06T23:06:20.589228+00:00"", ""prompt_version"": ""v1"", ""persona"": ""phd""}"
"('metaphysics', 'time')",time,metaphysics,-1,3,expert,v1,v1,"{""model"": null, ""temperature"": null, ""date"": ""2025-09-06T23:06:20.589261+00:00"", ""prompt_version"": ""v1"", ""persona"": ""expert""}"
"('functionalism', 'philosophyofmind')",functionalism,philosophy of mind,-1,3,novice,v1,v1,"{""model"": null, ""temperature"": null, ""date"": ""2025-09-06T23:06:20.589318+00:00"", ""prompt_version"": ""v1"", ""persona"": ""novice""}"
"('functionalism', 'philosophyofmind')",functionalism,philosophy of mind,-1,3,course_taker,v1,v1,"{""model"": null, ""temperature"": null, ""date"": ""2025-09-06T23:06:20.589352+00:00"", ""prompt_version"": ""v1"", ""persona"": ""course_taker""}"
"('functionalism', 'philosophyofmind')",functionalism,philosophy of mind,-1,3,phd,v1,v1,"{""model"": null, ""temperature"": null, ""date"": ""2025-09-06T23:06:20.589384+00:00"", ""prompt_version"": ""v1"", ""persona"": ""phd""}"
"('functionalism', 'philosophyofmind')",functionalism,philosophy of mind,-1,3,expert,v1,v1,"{""model"": null, ""temperature"": null, ""date"": ""2025-09-06T23:06:20.589417+00:00"", ""prompt_version"": ""v1"", ""persona"": ""expert""}"
"('foundationalism', 'foundationalisttheoriesofepistemicjustification')",foundationalist theories of epistemic justification,foundationalism,-1,3,novice,v1,v1,"{""model"": null, ""temperature"": null, ""date"": ""2025-09-06T23:06:20.589476+00:00"", ""prompt_version"": ""v1"", ""persona"": ""novice""}"
"('foundationalism', 'foundationalisttheoriesofepistemicjustification')",foundationalist theories of epistemic justification,foundationalism,-1,3,course_taker,v1,v1,"{""model"": null, ""temperature"": null, ""date"": ""2025-09-06T23:06:20.589510+00:00"", ""prompt_version"": ""v1"", ""persona"": ""course_taker""}"
"('foundationalism', 'foundationalisttheoriesofepistemicjustification')",foundationalist theories of epistemic justification,foundationalism,-1,3,phd,v1,v1,"{""model"": null, ""temperature"": null, ""date"": ""2025-09-06T23:06:20.589544+00:00"", ""prompt_version"": ""v1"", ""persona"": ""phd""}"
"('foundationalism', 'foundationalisttheoriesofepistemicjustification')",foundationalist theories of epistemic justification,foundationalism,-1,3,expert,v1,v1,"{""model"": null, ""temperature"": null, ""date"": ""2025-09-06T23:06:20.589577+00:00"", ""prompt_version"": ""v1"", ""persona"": ""expert""}"
"('intuitionisticlogic', 'logic')",logic,intuitionistic logic,-1,3,novice,v1,v1,"{""model"": null, ""temperature"": null, ""date"": ""2025-09-06T23:06:20.589636+00:00"", ""prompt_version"": ""v1"", ""persona"": ""novice""}"
"('intuitionisticlogic', 'logic')",logic,intuitionistic logic,-1,3,course_taker,v1,v1,"{""model"": null, ""temperature"": null, ""date"": ""2025-09-06T23:06:20.589671+00:00"", ""prompt_version"": ""v1"", ""persona"": ""course_taker""}"
"('intuitionisticlogic', 'logic')",logic,intuitionistic logic,-1,3,phd,v1,v1,"{""model"": null, ""temperature"": null, ""date"": ""2025-09-06T23:06:20.589706+00:00"", ""prompt_version"": ""v1"", ""persona"": ""phd""}"
"('intuitionisticlogic', 'logic')",logic,intuitionistic logic,-1,3,expert,v1,v1,"{""model"": null, ""temperature"": null, ""date"": ""2025-09-06T23:06:20.589740+00:00"", ""prompt_version"": ""v1"", ""persona"": ""expert""}"
"('connectionism', 'neuralnetwork')",connectionism,neural network,-1,3,novice,v1,v1,"{""model"": null, ""temperature"": null, ""date"": ""2025-09-06T23:06:20.589797+00:00"", ""prompt_version"": ""v1"", ""persona"": ""novice""}"
"('connectionism', 'neuralnetwork')",connectionism,neural network,-1,3,course_taker,v1,v1,"{""model"": null, ""temperature"": null, ""date"": ""2025-09-06T23:06:20.589830+00:00"", ""prompt_version"": ""v1"", ""persona"": ""course_taker""}"
"('connectionism', 'neuralnetwork')",connectionism,neural network,-1,3,phd,v1,v1,"{""model"": null, ""temperature"": null, ""date"": ""2025-09-06T23:06:20.589863+00:00"", ""prompt_version"": ""v1"", ""persona"": ""phd""}"
"('connectionism', 'neuralnetwork')",connectionism,neural network,-1,3,expert,v1,v1,"{""model"": null, ""temperature"": null, ""date"": ""2025-09-06T23:06:20.589896+00:00"", ""prompt_version"": ""v1"", ""persona"": ""expert""}"
"('causaltheoriesofmentalcontent', 'perception')",causal theories of mental content,perception,-1,3,novice,v1,v1,"{""model"": null, ""temperature"": null, ""date"": ""2025-09-06T23:06:20.589954+00:00"", ""prompt_version"": ""v1"", ""persona"": ""novice""}"
"('causaltheoriesofmentalcontent', 'perception')",causal theories of mental content,perception,-1,3,course_taker,v1,v1,"{""model"": null, ""temperature"": null, ""date"": ""2025-09-06T23:06:20.589988+00:00"", ""prompt_version"": ""v1"", ""persona"": ""course_taker""}"
"('causaltheoriesofmentalcontent', 'perception')",causal theories of mental content,perception,-1,3,phd,v1,v1,"{""model"": null, ""temperature"": null, ""date"": ""2025-09-06T23:06:20.590021+00:00"", ""prompt_version"": ""v1"", ""persona"": ""phd""}"
"('causaltheoriesofmentalcontent', 'perception')",causal theories of mental content,perception,-1,3,expert,v1,v1,"{""model"": null, ""temperature"": null, ""date"": ""2025-09-06T23:06:20.590054+00:00"", ""prompt_version"": ""v1"", ""persona"": ""expert""}"
"('metaphysics', 'mindbodyproblem')",mind-body problem,metaphysics,-1,3,novice,v1,v1,"{""model"": null, ""temperature"": null, ""date"": ""2025-09-06T23:06:20.590111+00:00"", ""prompt_version"": ""v1"", ""persona"": ""novice""}"
"('metaphysics', 'mindbodyproblem')",mind-body problem,metaphysics,-1,3,course_taker,v1,v1,"{""model"": null, ""temperature"": null, ""date"": ""2025-09-06T23:06:20.590144+00:00"", ""prompt_version"": ""v1"", ""persona"": ""course_taker""}"
"('metaphysics', 'mindbodyproblem')",mind-body problem,metaphysics,-1,3,phd,v1,v1,"{""model"": null, ""temperature"": null, ""date"": ""2025-09-06T23:06:20.590176+00:00"", ""prompt_version"": ""v1"", ""persona"": ""phd""}"
"('metaphysics', 'mindbodyproblem')",mind-body problem,metaphysics,-1,3,expert,v1,v1,"{""model"": null, ""temperature"": null, ""date"": ""2025-09-06T23:06:20.590209+00:00"", ""prompt_version"": ""v1"", ""persona"": ""expert""}"
"('greatapes', 'philosophyofmind')",great apes,philosophy of mind,-1,3,novice,v1,v1,"{""model"": null, ""temperature"": null, ""date"": ""2025-09-06T23:06:20.590276+00:00"", ""prompt_version"": ""v1"", ""persona"": ""novice""}"
"('greatapes', 'philosophyofmind')",great apes,philosophy of mind,-1,3,course_taker,v1,v1,"{""model"": null, ""temperature"": null, ""date"": ""2025-09-06T23:06:20.590310+00:00"", ""prompt_version"": ""v1"", ""persona"": ""course_taker""}"
"('greatapes', 'philosophyofmind')",great apes,philosophy of mind,-1,3,phd,v1,v1,"{""model"": null, ""temperature"": null, ""date"": ""2025-09-06T23:06:20.590343+00:00"", ""prompt_version"": ""v1"", ""persona"": ""phd""}"
"('greatapes', 'philosophyofmind')",great apes,philosophy of mind,-1,3,expert,v1,v1,"{""model"": null, ""temperature"": null, ""date"": ""2025-09-06T23:06:20.590375+00:00"", ""prompt_version"": ""v1"", ""persona"": ""expert""}"
"('philosophyofreligion', 'problemofevil')",problem of evil,philosophy of religion,-1,3,novice,v1,v1,"{""model"": null, ""temperature"": null, ""date"": ""2025-09-06T23:06:20.590432+00:00"", ""prompt_version"": ""v1"", ""persona"": ""novice""}"
"('philosophyofreligion', 'problemofevil')",problem of evil,philosophy of religion,-1,3,course_taker,v1,v1,"{""model"": null, ""temperature"": null, ""date"": ""2025-09-06T23:06:20.590465+00:00"", ""prompt_version"": ""v1"", ""persona"": ""course_taker""}"
"('philosophyofreligion', 'problemofevil')",problem of evil,philosophy of religion,-1,3,phd,v1,v1,"{""model"": null, ""temperature"": null, ""date"": ""2025-09-06T23:06:20.590498+00:00"", ""prompt_version"": ""v1"", ""persona"": ""phd""}"
"('philosophyofreligion', 'problemofevil')",problem of evil,philosophy of religion,-1,3,expert,v1,v1,"{""model"": null, ""temperature"": null, ""date"": ""2025-09-06T23:06:20.590531+00:00"", ""prompt_version"": ""v1"", ""persona"": ""expert""}"
"('epistemology', 'gettierproblem')",gettier problem,epistemology,-1,3,novice,v1,v1,"{""model"": null, ""temperature"": null, ""date"": ""2025-09-06T23:06:20.590588+00:00"", ""prompt_version"": ""v1"", ""persona"": ""novice""}"
"('epistemology', 'gettierproblem')",gettier problem,epistemology,-1,3,course_taker,v1,v1,"{""model"": null, ""temperature"": null, ""date"": ""2025-09-06T23:06:20.590621+00:00"", ""prompt_version"": ""v1"", ""persona"": ""course_taker""}"
"('epistemology', 'gettierproblem')",gettier problem,epistemology,-1,3,phd,v1,v1,"{""model"": null, ""temperature"": null, ""date"": ""2025-09-06T23:06:20.590653+00:00"", ""prompt_version"": ""v1"", ""persona"": ""phd""}"
"('epistemology', 'gettierproblem')",gettier problem,epistemology,-1,3,expert,v1,v1,"{""model"": null, ""temperature"": null, ""date"": ""2025-09-06T23:06:20.590686+00:00"", ""prompt_version"": ""v1"", ""persona"": ""expert""}"
"('epistemology', 'internalism')",internalism,epistemology,-1,3,novice,v1,v1,"{""model"": null, ""temperature"": null, ""date"": ""2025-09-06T23:06:20.590742+00:00"", ""prompt_version"": ""v1"", ""persona"": ""novice""}"
"('epistemology', 'internalism')",internalism,epistemology,-1,3,course_taker,v1,v1,"{""model"": null, ""temperature"": null, ""date"": ""2025-09-06T23:06:20.590778+00:00"", ""prompt_version"": ""v1"", ""persona"": ""course_taker""}"
"('epistemology', 'internalism')",internalism,epistemology,-1,3,phd,v1,v1,"{""model"": null, ""temperature"": null, ""date"": ""2025-09-06T23:06:20.590811+00:00"", ""prompt_version"": ""v1"", ""persona"": ""phd""}"
"('epistemology', 'internalism')",internalism,epistemology,-1,3,expert,v1,v1,"{""model"": null, ""temperature"": null, ""date"": ""2025-09-06T23:06:20.590842+00:00"", ""prompt_version"": ""v1"", ""persona"": ""expert""}"
"('eternityinchristianthought', 'philosophyofreligion')",Eternity in Christian Thought,philosophy of religion,-1,3,novice,v1,v1,"{""model"": null, ""temperature"": null, ""date"": ""2025-09-06T23:06:20.590899+00:00"", ""prompt_version"": ""v1"", ""persona"": ""novice""}"
"('eternityinchristianthought', 'philosophyofreligion')",Eternity in Christian Thought,philosophy of religion,-1,3,course_taker,v1,v1,"{""model"": null, ""temperature"": null, ""date"": ""2025-09-06T23:06:20.590933+00:00"", ""prompt_version"": ""v1"", ""persona"": ""course_taker""}"
"('eternityinchristianthought', 'philosophyofreligion')",Eternity in Christian Thought,philosophy of religion,-1,3,phd,v1,v1,"{""model"": null, ""temperature"": null, ""date"": ""2025-09-06T23:06:20.590966+00:00"", ""prompt_version"": ""v1"", ""persona"": ""phd""}"
"('eternityinchristianthought', 'philosophyofreligion')",Eternity in Christian Thought,philosophy of religion,-1,3,expert,v1,v1,"{""model"": null, ""temperature"": null, ""date"": ""2025-09-06T23:06:20.590998+00:00"", ""prompt_version"": ""v1"", ""persona"": ""expert""}"
"('miracles', 'philosophyofreligion')",miracles,philosophy of religion,-1,3,novice,v1,v1,"{""model"": null, ""temperature"": null, ""date"": ""2025-09-06T23:06:20.591055+00:00"", ""prompt_version"": ""v1"", ""persona"": ""novice""}"
"('miracles', 'philosophyofreligion')",miracles,philosophy of religion,-1,3,course_taker,v1,v1,"{""model"": null, ""temperature"": null, ""date"": ""2025-09-06T23:06:20.591088+00:00"", ""prompt_version"": ""v1"", ""persona"": ""course_taker""}"
"('miracles', 'philosophyofreligion')",miracles,philosophy of religion,-1,3,phd,v1,v1,"{""model"": null, ""temperature"": null, ""date"": ""2025-09-06T23:06:20.591120+00:00"", ""prompt_version"": ""v1"", ""persona"": ""phd""}"
"('miracles', 'philosophyofreligion')",miracles,philosophy of religion,-1,3,expert,v1,v1,"{""model"": null, ""temperature"": null, ""date"": ""2025-09-06T23:06:20.591157+00:00"", ""prompt_version"": ""v1"", ""persona"": ""expert""}"
"('existence', 'metaphysics')",existence,metaphysics,-1,3,novice,v1,v1,"{""model"": null, ""temperature"": null, ""date"": ""2025-09-06T23:06:20.591213+00:00"", ""prompt_version"": ""v1"", ""persona"": ""novice""}"
"('existence', 'metaphysics')",existence,metaphysics,-1,3,course_taker,v1,v1,"{""model"": null, ""temperature"": null, ""date"": ""2025-09-06T23:06:20.591246+00:00"", ""prompt_version"": ""v1"", ""persona"": ""course_taker""}"
"('existence', 'metaphysics')",existence,metaphysics,-1,3,phd,v1,v1,"{""model"": null, ""temperature"": null, ""date"": ""2025-09-06T23:06:20.591278+00:00"", ""prompt_version"": ""v1"", ""persona"": ""phd""}"
"('existence', 'metaphysics')",existence,metaphysics,-1,3,expert,v1,v1,"{""model"": null, ""temperature"": null, ""date"": ""2025-09-06T23:06:20.591310+00:00"", ""prompt_version"": ""v1"", ""persona"": ""expert""}"
"('philosophyofreligion', 'sovereignty')",sovereignty,philosophy of religion,-1,3,novice,v1,v1,"{""model"": null, ""temperature"": null, ""date"": ""2025-09-06T23:06:20.591366+00:00"", ""prompt_version"": ""v1"", ""persona"": ""novice""}"
"('philosophyofreligion', 'sovereignty')",sovereignty,philosophy of religion,-1,3,course_taker,v1,v1,"{""model"": null, ""temperature"": null, ""date"": ""2025-09-06T23:06:20.591398+00:00"", ""prompt_version"": ""v1"", ""persona"": ""course_taker""}"
"('philosophyofreligion', 'sovereignty')",sovereignty,philosophy of religion,-1,3,phd,v1,v1,"{""model"": null, ""temperature"": null, ""date"": ""2025-09-06T23:06:20.591431+00:00"", ""prompt_version"": ""v1"", ""persona"": ""phd""}"
"('philosophyofreligion', 'sovereignty')",sovereignty,philosophy of religion,-1,3,expert,v1,v1,"{""model"": null, ""temperature"": null, ""date"": ""2025-09-06T23:06:20.591463+00:00"", ""prompt_version"": ""v1"", ""persona"": ""expert""}"
"('philosophyofpsychology', 'philosophyofscienceandthesciences')",philosophy of psychology,philosophy of science and the sciences,-1,3,novice,v1,v1,"{""model"": null, ""temperature"": null, ""date"": ""2025-09-06T23:06:20.591520+00:00"", ""prompt_version"": ""v1"", ""persona"": ""novice""}"
"('philosophyofpsychology', 'philosophyofscienceandthesciences')",philosophy of psychology,philosophy of science and the sciences,-1,3,course_taker,v1,v1,"{""model"": null, ""temperature"": null, ""date"": ""2025-09-06T23:06:20.591554+00:00"", ""prompt_version"": ""v1"", ""persona"": ""course_taker""}"
"('philosophyofpsychology', 'philosophyofscienceandthesciences')",philosophy of psychology,philosophy of science and the sciences,-1,3,phd,v1,v1,"{""model"": null, ""temperature"": null, ""date"": ""2025-09-06T23:06:20.591598+00:00"", ""prompt_version"": ""v1"", ""persona"": ""phd""}"
"('philosophyofpsychology', 'philosophyofscienceandthesciences')",philosophy of psychology,philosophy of science and the sciences,-1,3,expert,v1,v1,"{""model"": null, ""temperature"": null, ""date"": ""2025-09-06T23:06:20.591632+00:00"", ""prompt_version"": ""v1"", ""persona"": ""expert""}"
"('epistemology', 'naturalisminlegalphilosophy')",naturalism in legal philosophy,epistemology,-1,3,novice,v1,v1,"{""model"": null, ""temperature"": null, ""date"": ""2025-09-06T23:06:20.591690+00:00"", ""prompt_version"": ""v1"", ""persona"": ""novice""}"
"('epistemology', 'naturalisminlegalphilosophy')",naturalism in legal philosophy,epistemology,-1,3,course_taker,v1,v1,"{""model"": null, ""temperature"": null, ""date"": ""2025-09-06T23:06:20.591723+00:00"", ""prompt_version"": ""v1"", ""persona"": ""course_taker""}"
"('epistemology', 'naturalisminlegalphilosophy')",naturalism in legal philosophy,epistemology,-1,3,phd,v1,v1,"{""model"": null, ""temperature"": null, ""date"": ""2025-09-06T23:06:20.591755+00:00"", ""prompt_version"": ""v1"", ""persona"": ""phd""}"
"('epistemology', 'naturalisminlegalphilosophy')",naturalism in legal philosophy,epistemology,-1,3,expert,v1,v1,"{""model"": null, ""temperature"": null, ""date"": ""2025-09-06T23:06:20.591788+00:00"", ""prompt_version"": ""v1"", ""persona"": ""expert""}"
"('perception', 'philosophyofperception')",philosophy of perception,perception,-1,3,novice,v1,v1,"{""model"": null, ""temperature"": null, ""date"": ""2025-09-06T23:06:20.591844+00:00"", ""prompt_version"": ""v1"", ""persona"": ""novice""}"
"('perception', 'philosophyofperception')",philosophy of perception,perception,-1,3,course_taker,v1,v1,"{""model"": null, ""temperature"": null, ""date"": ""2025-09-06T23:06:20.591877+00:00"", ""prompt_version"": ""v1"", ""persona"": ""course_taker""}"
"('perception', 'philosophyofperception')",philosophy of perception,perception,-1,3,phd,v1,v1,"{""model"": null, ""temperature"": null, ""date"": ""2025-09-06T23:06:20.591910+00:00"", ""prompt_version"": ""v1"", ""persona"": ""phd""}"
"('perception', 'philosophyofperception')",philosophy of perception,perception,-1,3,expert,v1,v1,"{""model"": null, ""temperature"": null, ""date"": ""2025-09-06T23:06:20.591942+00:00"", ""prompt_version"": ""v1"", ""persona"": ""expert""}"
"('epistemology', 'platonicrealism')",platonic realism,epistemology,-1,3,novice,v1,v1,"{""model"": null, ""temperature"": null, ""date"": ""2025-09-06T23:06:20.591999+00:00"", ""prompt_version"": ""v1"", ""persona"": ""novice""}"
"('epistemology', 'platonicrealism')",platonic realism,epistemology,-1,3,course_taker,v1,v1,"{""model"": null, ""temperature"": null, ""date"": ""2025-09-06T23:06:20.592031+00:00"", ""prompt_version"": ""v1"", ""persona"": ""course_taker""}"
"('epistemology', 'platonicrealism')",platonic realism,epistemology,-1,3,phd,v1,v1,"{""model"": null, ""temperature"": null, ""date"": ""2025-09-06T23:06:20.592064+00:00"", ""prompt_version"": ""v1"", ""persona"": ""phd""}"
"('epistemology', 'platonicrealism')",platonic realism,epistemology,-1,3,expert,v1,v1,"{""model"": null, ""temperature"": null, ""date"": ""2025-09-06T23:06:20.592096+00:00"", ""prompt_version"": ""v1"", ""persona"": ""expert""}"
"('computationaltheoryofmind', 'philosophyofmind')",computational theory of mind,philosophy of mind,-1,3,novice,v1,v1,"{""model"": null, ""temperature"": null, ""date"": ""2025-09-06T23:06:20.592152+00:00"", ""prompt_version"": ""v1"", ""persona"": ""novice""}"
"('computationaltheoryofmind', 'philosophyofmind')",computational theory of mind,philosophy of mind,-1,3,course_taker,v1,v1,"{""model"": null, ""temperature"": null, ""date"": ""2025-09-06T23:06:20.592185+00:00"", ""prompt_version"": ""v1"", ""persona"": ""course_taker""}"
"('computationaltheoryofmind', 'philosophyofmind')",computational theory of mind,philosophy of mind,-1,3,phd,v1,v1,"{""model"": null, ""temperature"": null, ""date"": ""2025-09-06T23:06:20.592218+00:00"", ""prompt_version"": ""v1"", ""persona"": ""phd""}"
"('computationaltheoryofmind', 'philosophyofmind')",computational theory of mind,philosophy of mind,-1,3,expert,v1,v1,"{""model"": null, ""temperature"": null, ""date"": ""2025-09-06T23:06:20.592251+00:00"", ""prompt_version"": ""v1"", ""persona"": ""expert""}"
"('civilrights', 'racism')",racism,civil rights,-1,3,novice,v1,v1,"{""model"": null, ""temperature"": null, ""date"": ""2025-09-06T23:06:20.592308+00:00"", ""prompt_version"": ""v1"", ""persona"": ""novice""}"
"('civilrights', 'racism')",racism,civil rights,-1,3,course_taker,v1,v1,"{""model"": null, ""temperature"": null, ""date"": ""2025-09-06T23:06:20.592340+00:00"", ""prompt_version"": ""v1"", ""persona"": ""course_taker""}"
"('civilrights', 'racism')",racism,civil rights,-1,3,phd,v1,v1,"{""model"": null, ""temperature"": null, ""date"": ""2025-09-06T23:06:20.592372+00:00"", ""prompt_version"": ""v1"", ""persona"": ""phd""}"
"('civilrights', 'racism')",racism,civil rights,-1,3,expert,v1,v1,"{""model"": null, ""temperature"": null, ""date"": ""2025-09-06T23:06:20.592404+00:00"", ""prompt_version"": ""v1"", ""persona"": ""expert""}"
"('epistemology', 'feministsocialepistemology')",feminist social epistemology,epistemology,-1,3,novice,v1,v1,"{""model"": null, ""temperature"": null, ""date"": ""2025-09-06T23:06:20.592460+00:00"", ""prompt_version"": ""v1"", ""persona"": ""novice""}"
"('epistemology', 'feministsocialepistemology')",feminist social epistemology,epistemology,-1,3,course_taker,v1,v1,"{""model"": null, ""temperature"": null, ""date"": ""2025-09-06T23:06:20.592493+00:00"", ""prompt_version"": ""v1"", ""persona"": ""course_taker""}"
"('epistemology', 'feministsocialepistemology')",feminist social epistemology,epistemology,-1,3,phd,v1,v1,"{""model"": null, ""temperature"": null, ""date"": ""2025-09-06T23:06:20.592526+00:00"", ""prompt_version"": ""v1"", ""persona"": ""phd""}"
"('epistemology', 'feministsocialepistemology')",feminist social epistemology,epistemology,-1,3,expert,v1,v1,"{""model"": null, ""temperature"": null, ""date"": ""2025-09-06T23:06:20.592559+00:00"", ""prompt_version"": ""v1"", ""persona"": ""expert""}"
"('leibnizoncausation', 'perception')",leibniz on causation,perception,-1,3,novice,v1,v1,"{""model"": null, ""temperature"": null, ""date"": ""2025-09-06T23:06:20.592616+00:00"", ""prompt_version"": ""v1"", ""persona"": ""novice""}"
"('leibnizoncausation', 'perception')",leibniz on causation,perception,-1,3,course_taker,v1,v1,"{""model"": null, ""temperature"": null, ""date"": ""2025-09-06T23:06:20.592649+00:00"", ""prompt_version"": ""v1"", ""persona"": ""course_taker""}"
"('leibnizoncausation', 'perception')",leibniz on causation,perception,-1,3,phd,v1,v1,"{""model"": null, ""temperature"": null, ""date"": ""2025-09-06T23:06:20.592681+00:00"", ""prompt_version"": ""v1"", ""persona"": ""phd""}"
"('leibnizoncausation', 'perception')",leibniz on causation,perception,-1,3,expert,v1,v1,"{""model"": null, ""temperature"": null, ""date"": ""2025-09-06T23:06:20.592713+00:00"", ""prompt_version"": ""v1"", ""persona"": ""expert""}"
"('philosophyofscienceandthesciences', 'scientificprogress')",scientific progress,philosophy of science and the sciences,-1,3,novice,v1,v1,"{""model"": null, ""temperature"": null, ""date"": ""2025-09-06T23:06:20.592770+00:00"", ""prompt_version"": ""v1"", ""persona"": ""novice""}"
"('philosophyofscienceandthesciences', 'scientificprogress')",scientific progress,philosophy of science and the sciences,-1,3,course_taker,v1,v1,"{""model"": null, ""temperature"": null, ""date"": ""2025-09-06T23:06:20.592804+00:00"", ""prompt_version"": ""v1"", ""persona"": ""course_taker""}"
"('philosophyofscienceandthesciences', 'scientificprogress')",scientific progress,philosophy of science and the sciences,-1,3,phd,v1,v1,"{""model"": null, ""temperature"": null, ""date"": ""2025-09-06T23:06:20.592837+00:00"", ""prompt_version"": ""v1"", ""persona"": ""phd""}"
"('philosophyofscienceandthesciences', 'scientificprogress')",scientific progress,philosophy of science and the sciences,-1,3,expert,v1,v1,"{""model"": null, ""temperature"": null, ""date"": ""2025-09-06T23:06:20.592883+00:00"", ""prompt_version"": ""v1"", ""persona"": ""expert""}"
"('epistemology', 'sensedata')",sense data,epistemology,-1,3,novice,v1,v1,"{""model"": null, ""temperature"": null, ""date"": ""2025-09-06T23:06:20.592940+00:00"", ""prompt_version"": ""v1"", ""persona"": ""novice""}"
"('epistemology', 'sensedata')",sense data,epistemology,-1,3,course_taker,v1,v1,"{""model"": null, ""temperature"": null, ""date"": ""2025-09-06T23:06:20.592972+00:00"", ""prompt_version"": ""v1"", ""persona"": ""course_taker""}"
"('epistemology', 'sensedata')",sense data,epistemology,-1,3,phd,v1,v1,"{""model"": null, ""temperature"": null, ""date"": ""2025-09-06T23:06:20.593004+00:00"", ""prompt_version"": ""v1"", ""persona"": ""phd""}"
"('epistemology', 'sensedata')",sense data,epistemology,-1,3,expert,v1,v1,"{""model"": null, ""temperature"": null, ""date"": ""2025-09-06T23:06:20.593036+00:00"", ""prompt_version"": ""v1"", ""persona"": ""expert""}"
"('epistemology', 'testimony')",testimony,epistemology,-1,3,novice,v1,v1,"{""model"": null, ""temperature"": null, ""date"": ""2025-09-06T23:06:20.593095+00:00"", ""prompt_version"": ""v1"", ""persona"": ""novice""}"
"('epistemology', 'testimony')",testimony,epistemology,-1,3,course_taker,v1,v1,"{""model"": null, ""temperature"": null, ""date"": ""2025-09-06T23:06:20.593128+00:00"", ""prompt_version"": ""v1"", ""persona"": ""course_taker""}"
"('epistemology', 'testimony')",testimony,epistemology,-1,3,phd,v1,v1,"{""model"": null, ""temperature"": null, ""date"": ""2025-09-06T23:06:20.593160+00:00"", ""prompt_version"": ""v1"", ""persona"": ""phd""}"
"('epistemology', 'testimony')",testimony,epistemology,-1,3,expert,v1,v1,"{""model"": null, ""temperature"": null, ""date"": ""2025-09-06T23:06:20.593193+00:00"", ""prompt_version"": ""v1"", ""persona"": ""expert""}"
"('epistemology', 'scientifictheory')",scientific theory,epistemology,-1,3,novice,v1,v1,"{""model"": null, ""temperature"": null, ""date"": ""2025-09-06T23:06:20.593249+00:00"", ""prompt_version"": ""v1"", ""persona"": ""novice""}"
"('epistemology', 'scientifictheory')",scientific theory,epistemology,-1,3,course_taker,v1,v1,"{""model"": null, ""temperature"": null, ""date"": ""2025-09-06T23:06:20.593281+00:00"", ""prompt_version"": ""v1"", ""persona"": ""course_taker""}"
"('epistemology', 'scientifictheory')",scientific theory,epistemology,-1,3,phd,v1,v1,"{""model"": null, ""temperature"": null, ""date"": ""2025-09-06T23:06:20.593313+00:00"", ""prompt_version"": ""v1"", ""persona"": ""phd""}"
"('epistemology', 'scientifictheory')",scientific theory,epistemology,-1,3,expert,v1,v1,"{""model"": null, ""temperature"": null, ""date"": ""2025-09-06T23:06:20.593346+00:00"", ""prompt_version"": ""v1"", ""persona"": ""expert""}"
"('medievaltheoriesofcausality', 'metaphysics')",medieval theories of causality,metaphysics,-1,3,novice,v1,v1,"{""model"": null, ""temperature"": null, ""date"": ""2025-09-06T23:06:20.593431+00:00"", ""prompt_version"": ""v1"", ""persona"": ""novice""}"
"('medievaltheoriesofcausality', 'metaphysics')",medieval theories of causality,metaphysics,-1,3,course_taker,v1,v1,"{""model"": null, ""temperature"": null, ""date"": ""2025-09-06T23:06:20.593464+00:00"", ""prompt_version"": ""v1"", ""persona"": ""course_taker""}"
"('medievaltheoriesofcausality', 'metaphysics')",medieval theories of causality,metaphysics,-1,3,phd,v1,v1,"{""model"": null, ""temperature"": null, ""date"": ""2025-09-06T23:06:20.593498+00:00"", ""prompt_version"": ""v1"", ""persona"": ""phd""}"
"('medievaltheoriesofcausality', 'metaphysics')",medieval theories of causality,metaphysics,-1,3,expert,v1,v1,"{""model"": null, ""temperature"": null, ""date"": ""2025-09-06T23:06:20.593530+00:00"", ""prompt_version"": ""v1"", ""persona"": ""expert""}"
"('artificialintelligence', 'connectionistmodel')",connectionist model,artificial intelligence,-1,3,novice,v1,v1,"{""model"": null, ""temperature"": null, ""date"": ""2025-09-06T23:06:20.593594+00:00"", ""prompt_version"": ""v1"", ""persona"": ""novice""}"
"('artificialintelligence', 'connectionistmodel')",connectionist model,artificial intelligence,-1,3,course_taker,v1,v1,"{""model"": null, ""temperature"": null, ""date"": ""2025-09-06T23:06:20.593628+00:00"", ""prompt_version"": ""v1"", ""persona"": ""course_taker""}"
"('artificialintelligence', 'connectionistmodel')",connectionist model,artificial intelligence,-1,3,phd,v1,v1,"{""model"": null, ""temperature"": null, ""date"": ""2025-09-06T23:06:20.593660+00:00"", ""prompt_version"": ""v1"", ""persona"": ""phd""}"
"('artificialintelligence', 'connectionistmodel')",connectionist model,artificial intelligence,-1,3,expert,v1,v1,"{""model"": null, ""temperature"": null, ""date"": ""2025-09-06T23:06:20.593693+00:00"", ""prompt_version"": ""v1"", ""persona"": ""expert""}"
"('classicallogic', 'logic')",logic,classical logic,-1,3,novice,v1,v1,"{""model"": null, ""temperature"": null, ""date"": ""2025-09-06T23:06:20.593749+00:00"", ""prompt_version"": ""v1"", ""persona"": ""novice""}"
"('classicallogic', 'logic')",logic,classical logic,-1,3,course_taker,v1,v1,"{""model"": null, ""temperature"": null, ""date"": ""2025-09-06T23:06:20.593782+00:00"", ""prompt_version"": ""v1"", ""persona"": ""course_taker""}"
"('classicallogic', 'logic')",logic,classical logic,-1,3,phd,v1,v1,"{""model"": null, ""temperature"": null, ""date"": ""2025-09-06T23:06:20.593814+00:00"", ""prompt_version"": ""v1"", ""persona"": ""phd""}"
"('classicallogic', 'logic')",logic,classical logic,-1,3,expert,v1,v1,"{""model"": null, ""temperature"": null, ""date"": ""2025-09-06T23:06:20.593846+00:00"", ""prompt_version"": ""v1"", ""persona"": ""expert""}"
"('epistemology', 'modernphilosophy')",modern philosophy,epistemology,-1,3,novice,v1,v1,"{""model"": null, ""temperature"": null, ""date"": ""2025-09-06T23:06:20.593902+00:00"", ""prompt_version"": ""v1"", ""persona"": ""novice""}"
"('epistemology', 'modernphilosophy')",modern philosophy,epistemology,-1,3,course_taker,v1,v1,"{""model"": null, ""temperature"": null, ""date"": ""2025-09-06T23:06:20.593934+00:00"", ""prompt_version"": ""v1"", ""persona"": ""course_taker""}"
"('epistemology', 'modernphilosophy')",modern philosophy,epistemology,-1,3,phd,v1,v1,"{""model"": null, ""temperature"": null, ""date"": ""2025-09-06T23:06:20.593967+00:00"", ""prompt_version"": ""v1"", ""persona"": ""phd""}"
"('epistemology', 'modernphilosophy')",modern philosophy,epistemology,-1,3,expert,v1,v1,"{""model"": null, ""temperature"": null, ""date"": ""2025-09-06T23:06:20.593999+00:00"", ""prompt_version"": ""v1"", ""persona"": ""expert""}"
"('philosophyofreligion', 'scienceandreligion')",science and religion,philosophy of religion,-1,3,novice,v1,v1,"{""model"": null, ""temperature"": null, ""date"": ""2025-09-06T23:06:20.594055+00:00"", ""prompt_version"": ""v1"", ""persona"": ""novice""}"
"('philosophyofreligion', 'scienceandreligion')",science and religion,philosophy of religion,-1,3,course_taker,v1,v1,"{""model"": null, ""temperature"": null, ""date"": ""2025-09-06T23:06:20.594088+00:00"", ""prompt_version"": ""v1"", ""persona"": ""course_taker""}"
"('philosophyofreligion', 'scienceandreligion')",science and religion,philosophy of religion,-1,3,phd,v1,v1,"{""model"": null, ""temperature"": null, ""date"": ""2025-09-06T23:06:20.594120+00:00"", ""prompt_version"": ""v1"", ""persona"": ""phd""}"
"('philosophyofreligion', 'scienceandreligion')",science and religion,philosophy of religion,-1,3,expert,v1,v1,"{""model"": null, ""temperature"": null, ""date"": ""2025-09-06T23:06:20.594153+00:00"", ""prompt_version"": ""v1"", ""persona"": ""expert""}"
"('philosophyofmind', 'spinozaspsychologicaltheory')",spinoza's psychological theory,philosophy of mind,-1,3,novice,v1,v1,"{""model"": null, ""temperature"": null, ""date"": ""2025-09-06T23:06:20.594210+00:00"", ""prompt_version"": ""v1"", ""persona"": ""novice""}"
"('philosophyofmind', 'spinozaspsychologicaltheory')",spinoza's psychological theory,philosophy of mind,-1,3,course_taker,v1,v1,"{""model"": null, ""temperature"": null, ""date"": ""2025-09-06T23:06:20.594243+00:00"", ""prompt_version"": ""v1"", ""persona"": ""course_taker""}"
"('philosophyofmind', 'spinozaspsychologicaltheory')",spinoza's psychological theory,philosophy of mind,-1,3,phd,v1,v1,"{""model"": null, ""temperature"": null, ""date"": ""2025-09-06T23:06:20.594283+00:00"", ""prompt_version"": ""v1"", ""persona"": ""phd""}"
"('philosophyofmind', 'spinozaspsychologicaltheory')",spinoza's psychological theory,philosophy of mind,-1,3,expert,v1,v1,"{""model"": null, ""temperature"": null, ""date"": ""2025-09-06T23:06:20.594320+00:00"", ""prompt_version"": ""v1"", ""persona"": ""expert""}"
"('intellectualism', 'philosophyofreligion')",intellectualism,philosophy of religion,-1,3,novice,v1,v1,"{""model"": null, ""temperature"": null, ""date"": ""2025-09-06T23:06:20.594377+00:00"", ""prompt_version"": ""v1"", ""persona"": ""novice""}"
"('intellectualism', 'philosophyofreligion')",intellectualism,philosophy of religion,-1,3,course_taker,v1,v1,"{""model"": null, ""temperature"": null, ""date"": ""2025-09-06T23:06:20.594410+00:00"", ""prompt_version"": ""v1"", ""persona"": ""course_taker""}"
"('intellectualism', 'philosophyofreligion')",intellectualism,philosophy of religion,-1,3,phd,v1,v1,"{""model"": null, ""temperature"": null, ""date"": ""2025-09-06T23:06:20.594442+00:00"", ""prompt_version"": ""v1"", ""persona"": ""phd""}"
"('intellectualism', 'philosophyofreligion')",intellectualism,philosophy of religion,-1,3,expert,v1,v1,"{""model"": null, ""temperature"": null, ""date"": ""2025-09-06T23:06:20.594475+00:00"", ""prompt_version"": ""v1"", ""persona"": ""expert""}"
"('existence', 'existenceofgod')",existence of god,existence,-1,3,novice,v1,v1,"{""model"": null, ""temperature"": null, ""date"": ""2025-09-06T23:06:20.594531+00:00"", ""prompt_version"": ""v1"", ""persona"": ""novice""}"
"('existence', 'existenceofgod')",existence of god,existence,-1,3,course_taker,v1,v1,"{""model"": null, ""temperature"": null, ""date"": ""2025-09-06T23:06:20.594563+00:00"", ""prompt_version"": ""v1"", ""persona"": ""course_taker""}"
"('existence', 'existenceofgod')",existence of god,existence,-1,3,phd,v1,v1,"{""model"": null, ""temperature"": null, ""date"": ""2025-09-06T23:06:20.594595+00:00"", ""prompt_version"": ""v1"", ""persona"": ""phd""}"
"('existence', 'existenceofgod')",existence of god,existence,-1,3,expert,v1,v1,"{""model"": null, ""temperature"": null, ""date"": ""2025-09-06T23:06:20.594627+00:00"", ""prompt_version"": ""v1"", ""persona"": ""expert""}"
"('philosophyofmind', 'philosophyofscienceandthesciences')",philosophy of science and the sciences,philosophy of mind,-1,3,novice,v1,v1,"{""model"": null, ""temperature"": null, ""date"": ""2025-09-06T23:06:20.594684+00:00"", ""prompt_version"": ""v1"", ""persona"": ""novice""}"
"('philosophyofmind', 'philosophyofscienceandthesciences')",philosophy of science and the sciences,philosophy of mind,-1,3,course_taker,v1,v1,"{""model"": null, ""temperature"": null, ""date"": ""2025-09-06T23:06:20.594718+00:00"", ""prompt_version"": ""v1"", ""persona"": ""course_taker""}"
"('philosophyofmind', 'philosophyofscienceandthesciences')",philosophy of science and the sciences,philosophy of mind,-1,3,phd,v1,v1,"{""model"": null, ""temperature"": null, ""date"": ""2025-09-06T23:06:20.594751+00:00"", ""prompt_version"": ""v1"", ""persona"": ""phd""}"
"('philosophyofmind', 'philosophyofscienceandthesciences')",philosophy of science and the sciences,philosophy of mind,-1,3,expert,v1,v1,"{""model"": null, ""temperature"": null, ""date"": ""2025-09-06T23:06:20.594784+00:00"", ""prompt_version"": ""v1"", ""persona"": ""expert""}"
"('introspection', 'philosophyofmind')",introspection,philosophy of mind,-1,3,novice,v1,v1,"{""model"": null, ""temperature"": null, ""date"": ""2025-09-06T23:06:20.594841+00:00"", ""prompt_version"": ""v1"", ""persona"": ""novice""}"
"('introspection', 'philosophyofmind')",introspection,philosophy of mind,-1,3,course_taker,v1,v1,"{""model"": null, ""temperature"": null, ""date"": ""2025-09-06T23:06:20.594874+00:00"", ""prompt_version"": ""v1"", ""persona"": ""course_taker""}"
"('introspection', 'philosophyofmind')",introspection,philosophy of mind,-1,3,phd,v1,v1,"{""model"": null, ""temperature"": null, ""date"": ""2025-09-06T23:06:20.594906+00:00"", ""prompt_version"": ""v1"", ""persona"": ""phd""}"
"('introspection', 'philosophyofmind')",introspection,philosophy of mind,-1,3,expert,v1,v1,"{""model"": null, ""temperature"": null, ""date"": ""2025-09-06T23:06:20.594939+00:00"", ""prompt_version"": ""v1"", ""persona"": ""expert""}"
"('physicalism', 'zombies')",zombies,physicalism,-1,3,novice,v1,v1,"{""model"": null, ""temperature"": null, ""date"": ""2025-09-06T23:06:20.594998+00:00"", ""prompt_version"": ""v1"", ""persona"": ""novice""}"
"('physicalism', 'zombies')",zombies,physicalism,-1,3,course_taker,v1,v1,"{""model"": null, ""temperature"": null, ""date"": ""2025-09-06T23:06:20.595034+00:00"", ""prompt_version"": ""v1"", ""persona"": ""course_taker""}"
"('physicalism', 'zombies')",zombies,physicalism,-1,3,phd,v1,v1,"{""model"": null, ""temperature"": null, ""date"": ""2025-09-06T23:06:20.595066+00:00"", ""prompt_version"": ""v1"", ""persona"": ""phd""}"
"('physicalism', 'zombies')",zombies,physicalism,-1,3,expert,v1,v1,"{""model"": null, ""temperature"": null, ""date"": ""2025-09-06T23:06:20.595098+00:00"", ""prompt_version"": ""v1"", ""persona"": ""expert""}"
"('metaphysics', 'theoryoftruth')",theory of truth,metaphysics,-1,3,novice,v1,v1,"{""model"": null, ""temperature"": null, ""date"": ""2025-09-06T23:06:20.595154+00:00"", ""prompt_version"": ""v1"", ""persona"": ""novice""}"
"('metaphysics', 'theoryoftruth')",theory of truth,metaphysics,-1,3,course_taker,v1,v1,"{""model"": null, ""temperature"": null, ""date"": ""2025-09-06T23:06:20.595187+00:00"", ""prompt_version"": ""v1"", ""persona"": ""course_taker""}"
"('metaphysics', 'theoryoftruth')",theory of truth,metaphysics,-1,3,phd,v1,v1,"{""model"": null, ""temperature"": null, ""date"": ""2025-09-06T23:06:20.595219+00:00"", ""prompt_version"": ""v1"", ""persona"": ""phd""}"
"('metaphysics', 'theoryoftruth')",theory of truth,metaphysics,-1,3,expert,v1,v1,"{""model"": null, ""temperature"": null, ""date"": ""2025-09-06T23:06:20.595251+00:00"", ""prompt_version"": ""v1"", ""persona"": ""expert""}"
"('cartesiandualism', 'philosophyofmind')",cartesian dualism,philosophy of mind,-1,3,novice,v1,v1,"{""model"": null, ""temperature"": null, ""date"": ""2025-09-06T23:06:20.595307+00:00"", ""prompt_version"": ""v1"", ""persona"": ""novice""}"
"('cartesiandualism', 'philosophyofmind')",cartesian dualism,philosophy of mind,-1,3,course_taker,v1,v1,"{""model"": null, ""temperature"": null, ""date"": ""2025-09-06T23:06:20.595340+00:00"", ""prompt_version"": ""v1"", ""persona"": ""course_taker""}"
"('cartesiandualism', 'philosophyofmind')",cartesian dualism,philosophy of mind,-1,3,phd,v1,v1,"{""model"": null, ""temperature"": null, ""date"": ""2025-09-06T23:06:20.595372+00:00"", ""prompt_version"": ""v1"", ""persona"": ""phd""}"
"('cartesiandualism', 'philosophyofmind')",cartesian dualism,philosophy of mind,-1,3,expert,v1,v1,"{""model"": null, ""temperature"": null, ""date"": ""2025-09-06T23:06:20.595405+00:00"", ""prompt_version"": ""v1"", ""persona"": ""expert""}"
"('metaphysics', 'theoryofforms')",theory of forms,metaphysics,-1,3,novice,v1,v1,"{""model"": null, ""temperature"": null, ""date"": ""2025-09-06T23:06:20.595461+00:00"", ""prompt_version"": ""v1"", ""persona"": ""novice""}"
"('metaphysics', 'theoryofforms')",theory of forms,metaphysics,-1,3,course_taker,v1,v1,"{""model"": null, ""temperature"": null, ""date"": ""2025-09-06T23:06:20.595493+00:00"", ""prompt_version"": ""v1"", ""persona"": ""course_taker""}"
"('metaphysics', 'theoryofforms')",theory of forms,metaphysics,-1,3,phd,v1,v1,"{""model"": null, ""temperature"": null, ""date"": ""2025-09-06T23:06:20.595526+00:00"", ""prompt_version"": ""v1"", ""persona"": ""phd""}"
"('metaphysics', 'theoryofforms')",theory of forms,metaphysics,-1,3,expert,v1,v1,"{""model"": null, ""temperature"": null, ""date"": ""2025-09-06T23:06:20.595558+00:00"", ""prompt_version"": ""v1"", ""persona"": ""expert""}"
"('epistemology', 'historyoffeminism')",history of feminism,epistemology,-1,3,novice,v1,v1,"{""model"": null, ""temperature"": null, ""date"": ""2025-09-06T23:06:20.595614+00:00"", ""prompt_version"": ""v1"", ""persona"": ""novice""}"
"('epistemology', 'historyoffeminism')",history of feminism,epistemology,-1,3,course_taker,v1,v1,"{""model"": null, ""temperature"": null, ""date"": ""2025-09-06T23:06:20.595658+00:00"", ""prompt_version"": ""v1"", ""persona"": ""course_taker""}"
"('epistemology', 'historyoffeminism')",history of feminism,epistemology,-1,3,phd,v1,v1,"{""model"": null, ""temperature"": null, ""date"": ""2025-09-06T23:06:20.595690+00:00"", ""prompt_version"": ""v1"", ""persona"": ""phd""}"
"('epistemology', 'historyoffeminism')",history of feminism,epistemology,-1,3,expert,v1,v1,"{""model"": null, ""temperature"": null, ""date"": ""2025-09-06T23:06:20.595723+00:00"", ""prompt_version"": ""v1"", ""persona"": ""expert""}"
"('causation', 'metaphysicsofcausation')",metaphysics of causation,causation,-1,3,novice,v1,v1,"{""model"": null, ""temperature"": null, ""date"": ""2025-09-06T23:06:20.595780+00:00"", ""prompt_version"": ""v1"", ""persona"": ""novice""}"
"('causation', 'metaphysicsofcausation')",metaphysics of causation,causation,-1,3,course_taker,v1,v1,"{""model"": null, ""temperature"": null, ""date"": ""2025-09-06T23:06:20.595812+00:00"", ""prompt_version"": ""v1"", ""persona"": ""course_taker""}"
"('causation', 'metaphysicsofcausation')",metaphysics of causation,causation,-1,3,phd,v1,v1,"{""model"": null, ""temperature"": null, ""date"": ""2025-09-06T23:06:20.595845+00:00"", ""prompt_version"": ""v1"", ""persona"": ""phd""}"
"('causation', 'metaphysicsofcausation')",metaphysics of causation,causation,-1,3,expert,v1,v1,"{""model"": null, ""temperature"": null, ""date"": ""2025-09-06T23:06:20.595877+00:00"", ""prompt_version"": ""v1"", ""persona"": ""expert""}"
"('folkpsychology', 'perception')",folk psychology,perception,-1,3,novice,v1,v1,"{""model"": null, ""temperature"": null, ""date"": ""2025-09-06T23:06:20.595933+00:00"", ""prompt_version"": ""v1"", ""persona"": ""novice""}"
"('folkpsychology', 'perception')",folk psychology,perception,-1,3,course_taker,v1,v1,"{""model"": null, ""temperature"": null, ""date"": ""2025-09-06T23:06:20.595965+00:00"", ""prompt_version"": ""v1"", ""persona"": ""course_taker""}"
"('folkpsychology', 'perception')",folk psychology,perception,-1,3,phd,v1,v1,"{""model"": null, ""temperature"": null, ""date"": ""2025-09-06T23:06:20.595998+00:00"", ""prompt_version"": ""v1"", ""persona"": ""phd""}"
"('folkpsychology', 'perception')",folk psychology,perception,-1,3,expert,v1,v1,"{""model"": null, ""temperature"": null, ""date"": ""2025-09-06T23:06:20.596030+00:00"", ""prompt_version"": ""v1"", ""persona"": ""expert""}"
"('computerethics', 'ethics')",computer ethics,ethics,-1,3,novice,v1,v1,"{""model"": null, ""temperature"": null, ""date"": ""2025-09-06T23:06:20.596086+00:00"", ""prompt_version"": ""v1"", ""persona"": ""novice""}"
"('computerethics', 'ethics')",computer ethics,ethics,-1,3,course_taker,v1,v1,"{""model"": null, ""temperature"": null, ""date"": ""2025-09-06T23:06:20.596118+00:00"", ""prompt_version"": ""v1"", ""persona"": ""course_taker""}"
"('computerethics', 'ethics')",computer ethics,ethics,-1,3,phd,v1,v1,"{""model"": null, ""temperature"": null, ""date"": ""2025-09-06T23:06:20.596168+00:00"", ""prompt_version"": ""v1"", ""persona"": ""phd""}"
"('computerethics', 'ethics')",computer ethics,ethics,-1,3,expert,v1,v1,"{""model"": null, ""temperature"": null, ""date"": ""2025-09-06T23:06:20.596200+00:00"", ""prompt_version"": ""v1"", ""persona"": ""expert""}"
"('essentialversusaccidentalproperties', 'propertyandownership')",essential versus accidental properties,property and ownership,-1,3,novice,v1,v1,"{""model"": null, ""temperature"": null, ""date"": ""2025-09-06T23:06:20.596257+00:00"", ""prompt_version"": ""v1"", ""persona"": ""novice""}"
"('essentialversusaccidentalproperties', 'propertyandownership')",essential versus accidental properties,property and ownership,-1,3,course_taker,v1,v1,"{""model"": null, ""temperature"": null, ""date"": ""2025-09-06T23:06:20.596290+00:00"", ""prompt_version"": ""v1"", ""persona"": ""course_taker""}"
"('essentialversusaccidentalproperties', 'propertyandownership')",essential versus accidental properties,property and ownership,-1,3,phd,v1,v1,"{""model"": null, ""temperature"": null, ""date"": ""2025-09-06T23:06:20.596324+00:00"", ""prompt_version"": ""v1"", ""persona"": ""phd""}"
"('essentialversusaccidentalproperties', 'propertyandownership')",essential versus accidental properties,property and ownership,-1,3,expert,v1,v1,"{""model"": null, ""temperature"": null, ""date"": ""2025-09-06T23:06:20.596357+00:00"", ""prompt_version"": ""v1"", ""persona"": ""expert""}"
"('philosophyofreligion', 'publicreason')",public reason,philosophy of religion,-1,3,novice,v1,v1,"{""model"": null, ""temperature"": null, ""date"": ""2025-09-06T23:06:20.596414+00:00"", ""prompt_version"": ""v1"", ""persona"": ""novice""}"
"('philosophyofreligion', 'publicreason')",public reason,philosophy of religion,-1,3,course_taker,v1,v1,"{""model"": null, ""temperature"": null, ""date"": ""2025-09-06T23:06:20.596447+00:00"", ""prompt_version"": ""v1"", ""persona"": ""course_taker""}"
"('philosophyofreligion', 'publicreason')",public reason,philosophy of religion,-1,3,phd,v1,v1,"{""model"": null, ""temperature"": null, ""date"": ""2025-09-06T23:06:20.596479+00:00"", ""prompt_version"": ""v1"", ""persona"": ""phd""}"
"('philosophyofreligion', 'publicreason')",public reason,philosophy of religion,-1,3,expert,v1,v1,"{""model"": null, ""temperature"": null, ""date"": ""2025-09-06T23:06:20.596511+00:00"", ""prompt_version"": ""v1"", ""persona"": ""expert""}"
"('agnosticism', 'philosophyofreligion')",agnosticism,philosophy of religion,-1,3,novice,v1,v1,"{""model"": null, ""temperature"": null, ""date"": ""2025-09-06T23:06:20.596567+00:00"", ""prompt_version"": ""v1"", ""persona"": ""novice""}"
"('agnosticism', 'philosophyofreligion')",agnosticism,philosophy of religion,-1,3,course_taker,v1,v1,"{""model"": null, ""temperature"": null, ""date"": ""2025-09-06T23:06:20.596600+00:00"", ""prompt_version"": ""v1"", ""persona"": ""course_taker""}"
"('agnosticism', 'philosophyofreligion')",agnosticism,philosophy of religion,-1,3,phd,v1,v1,"{""model"": null, ""temperature"": null, ""date"": ""2025-09-06T23:06:20.596633+00:00"", ""prompt_version"": ""v1"", ""persona"": ""phd""}"
"('agnosticism', 'philosophyofreligion')",agnosticism,philosophy of religion,-1,3,expert,v1,v1,"{""model"": null, ""temperature"": null, ""date"": ""2025-09-06T23:06:20.596666+00:00"", ""prompt_version"": ""v1"", ""persona"": ""expert""}"
"('chinesephilosophy', 'confucianism')",chinese philosophy,confucianism,-1,3,novice,v1,v1,"{""model"": null, ""temperature"": null, ""date"": ""2025-09-06T23:06:20.596723+00:00"", ""prompt_version"": ""v1"", ""persona"": ""novice""}"
"('chinesephilosophy', 'confucianism')",chinese philosophy,confucianism,-1,3,course_taker,v1,v1,"{""model"": null, ""temperature"": null, ""date"": ""2025-09-06T23:06:20.596755+00:00"", ""prompt_version"": ""v1"", ""persona"": ""course_taker""}"
"('chinesephilosophy', 'confucianism')",chinese philosophy,confucianism,-1,3,phd,v1,v1,"{""model"": null, ""temperature"": null, ""date"": ""2025-09-06T23:06:20.596787+00:00"", ""prompt_version"": ""v1"", ""persona"": ""phd""}"
"('chinesephilosophy', 'confucianism')",chinese philosophy,confucianism,-1,3,expert,v1,v1,"{""model"": null, ""temperature"": null, ""date"": ""2025-09-06T23:06:20.596819+00:00"", ""prompt_version"": ""v1"", ""persona"": ""expert""}"
"('symmetryandinvariance', 'symmetryandsymmetrybreaking')",symmetry and symmetry breaking,symmetry and invariance,-1,3,novice,v1,v1,"{""model"": null, ""temperature"": null, ""date"": ""2025-09-06T23:06:20.596876+00:00"", ""prompt_version"": ""v1"", ""persona"": ""novice""}"
"('symmetryandinvariance', 'symmetryandsymmetrybreaking')",symmetry and symmetry breaking,symmetry and invariance,-1,3,course_taker,v1,v1,"{""model"": null, ""temperature"": null, ""date"": ""2025-09-06T23:06:20.596910+00:00"", ""prompt_version"": ""v1"", ""persona"": ""course_taker""}"
"('symmetryandinvariance', 'symmetryandsymmetrybreaking')",symmetry and symmetry breaking,symmetry and invariance,-1,3,phd,v1,v1,"{""model"": null, ""temperature"": null, ""date"": ""2025-09-06T23:06:20.596943+00:00"", ""prompt_version"": ""v1"", ""persona"": ""phd""}"
"('symmetryandinvariance', 'symmetryandsymmetrybreaking')",symmetry and symmetry breaking,symmetry and invariance,-1,3,expert,v1,v1,"{""model"": null, ""temperature"": null, ""date"": ""2025-09-06T23:06:20.596991+00:00"", ""prompt_version"": ""v1"", ""persona"": ""expert""}"
"('epistemology', 'socialandpoliticalphilosophy')",social and political philosophy,epistemology,-1,3,novice,v1,v1,"{""model"": null, ""temperature"": null, ""date"": ""2025-09-06T23:06:20.597048+00:00"", ""prompt_version"": ""v1"", ""persona"": ""novice""}"
"('epistemology', 'socialandpoliticalphilosophy')",social and political philosophy,epistemology,-1,3,course_taker,v1,v1,"{""model"": null, ""temperature"": null, ""date"": ""2025-09-06T23:06:20.597082+00:00"", ""prompt_version"": ""v1"", ""persona"": ""course_taker""}"
"('epistemology', 'socialandpoliticalphilosophy')",social and political philosophy,epistemology,-1,3,phd,v1,v1,"{""model"": null, ""temperature"": null, ""date"": ""2025-09-06T23:06:20.597115+00:00"", ""prompt_version"": ""v1"", ""persona"": ""phd""}"
"('epistemology', 'socialandpoliticalphilosophy')",social and political philosophy,epistemology,-1,3,expert,v1,v1,"{""model"": null, ""temperature"": null, ""date"": ""2025-09-06T23:06:20.597148+00:00"", ""prompt_version"": ""v1"", ""persona"": ""expert""}"
"('ideas', 'metaphysics')",ideas,metaphysics,-1,3,novice,v1,v1,"{""model"": null, ""temperature"": null, ""date"": ""2025-09-06T23:06:20.597204+00:00"", ""prompt_version"": ""v1"", ""persona"": ""novice""}"
"('ideas', 'metaphysics')",ideas,metaphysics,-1,3,course_taker,v1,v1,"{""model"": null, ""temperature"": null, ""date"": ""2025-09-06T23:06:20.597236+00:00"", ""prompt_version"": ""v1"", ""persona"": ""course_taker""}"
"('ideas', 'metaphysics')",ideas,metaphysics,-1,3,phd,v1,v1,"{""model"": null, ""temperature"": null, ""date"": ""2025-09-06T23:06:20.597268+00:00"", ""prompt_version"": ""v1"", ""persona"": ""phd""}"
"('ideas', 'metaphysics')",ideas,metaphysics,-1,3,expert,v1,v1,"{""model"": null, ""temperature"": null, ""date"": ""2025-09-06T23:06:20.597300+00:00"", ""prompt_version"": ""v1"", ""persona"": ""expert""}"
"('matter', 'perception')",matter,perception,-1,3,novice,v1,v1,"{""model"": null, ""temperature"": null, ""date"": ""2025-09-06T23:06:20.597356+00:00"", ""prompt_version"": ""v1"", ""persona"": ""novice""}"
"('matter', 'perception')",matter,perception,-1,3,course_taker,v1,v1,"{""model"": null, ""temperature"": null, ""date"": ""2025-09-06T23:06:20.597388+00:00"", ""prompt_version"": ""v1"", ""persona"": ""course_taker""}"
"('matter', 'perception')",matter,perception,-1,3,phd,v1,v1,"{""model"": null, ""temperature"": null, ""date"": ""2025-09-06T23:06:20.597421+00:00"", ""prompt_version"": ""v1"", ""persona"": ""phd""}"
"('matter', 'perception')",matter,perception,-1,3,expert,v1,v1,"{""model"": null, ""temperature"": null, ""date"": ""2025-09-06T23:06:20.597453+00:00"", ""prompt_version"": ""v1"", ""persona"": ""expert""}"
"('20thcenturycontinentalphilosophy', 'philosophyofmind')",20th century continental philosophy,philosophy of mind,-1,3,novice,v1,v1,"{""model"": null, ""temperature"": null, ""date"": ""2025-09-06T23:06:20.597509+00:00"", ""prompt_version"": ""v1"", ""persona"": ""novice""}"
"('20thcenturycontinentalphilosophy', 'philosophyofmind')",20th century continental philosophy,philosophy of mind,-1,3,course_taker,v1,v1,"{""model"": null, ""temperature"": null, ""date"": ""2025-09-06T23:06:20.597543+00:00"", ""prompt_version"": ""v1"", ""persona"": ""course_taker""}"
"('20thcenturycontinentalphilosophy', 'philosophyofmind')",20th century continental philosophy,philosophy of mind,-1,3,phd,v1,v1,"{""model"": null, ""temperature"": null, ""date"": ""2025-09-06T23:06:20.597576+00:00"", ""prompt_version"": ""v1"", ""persona"": ""phd""}"
"('20thcenturycontinentalphilosophy', 'philosophyofmind')",20th century continental philosophy,philosophy of mind,-1,3,expert,v1,v1,"{""model"": null, ""temperature"": null, ""date"": ""2025-09-06T23:06:20.597612+00:00"", ""prompt_version"": ""v1"", ""persona"": ""expert""}"
"('epistemology', 'philosophyofmathematics')",philosophy of mathematics,epistemology,-1,3,novice,v1,v1,"{""model"": null, ""temperature"": null, ""date"": ""2025-09-06T23:06:20.597669+00:00"", ""prompt_version"": ""v1"", ""persona"": ""novice""}"
"('epistemology', 'philosophyofmathematics')",philosophy of mathematics,epistemology,-1,3,course_taker,v1,v1,"{""model"": null, ""temperature"": null, ""date"": ""2025-09-06T23:06:20.597702+00:00"", ""prompt_version"": ""v1"", ""persona"": ""course_taker""}"
"('epistemology', 'philosophyofmathematics')",philosophy of mathematics,epistemology,-1,3,phd,v1,v1,"{""model"": null, ""temperature"": null, ""date"": ""2025-09-06T23:06:20.597736+00:00"", ""prompt_version"": ""v1"", ""persona"": ""phd""}"
"('epistemology', 'philosophyofmathematics')",philosophy of mathematics,epistemology,-1,3,expert,v1,v1,"{""model"": null, ""temperature"": null, ""date"": ""2025-09-06T23:06:20.597768+00:00"", ""prompt_version"": ""v1"", ""persona"": ""expert""}"
"('churchturingthesis', 'turingmachine')",church-turing thesis,turing machine,-1,3,novice,v1,v1,"{""model"": null, ""temperature"": null, ""date"": ""2025-09-06T23:06:20.597825+00:00"", ""prompt_version"": ""v1"", ""persona"": ""novice""}"
"('churchturingthesis', 'turingmachine')",church-turing thesis,turing machine,-1,3,course_taker,v1,v1,"{""model"": null, ""temperature"": null, ""date"": ""2025-09-06T23:06:20.597859+00:00"", ""prompt_version"": ""v1"", ""persona"": ""course_taker""}"
"('churchturingthesis', 'turingmachine')",church-turing thesis,turing machine,-1,3,phd,v1,v1,"{""model"": null, ""temperature"": null, ""date"": ""2025-09-06T23:06:20.597893+00:00"", ""prompt_version"": ""v1"", ""persona"": ""phd""}"
"('churchturingthesis', 'turingmachine')",church-turing thesis,turing machine,-1,3,expert,v1,v1,"{""model"": null, ""temperature"": null, ""date"": ""2025-09-06T23:06:20.597926+00:00"", ""prompt_version"": ""v1"", ""persona"": ""expert""}"
"('cognitivevalueofart', 'perception')",cognitive value of art,perception,-1,3,novice,v1,v1,"{""model"": null, ""temperature"": null, ""date"": ""2025-09-06T23:06:20.597984+00:00"", ""prompt_version"": ""v1"", ""persona"": ""novice""}"
"('cognitivevalueofart', 'perception')",cognitive value of art,perception,-1,3,course_taker,v1,v1,"{""model"": null, ""temperature"": null, ""date"": ""2025-09-06T23:06:20.598016+00:00"", ""prompt_version"": ""v1"", ""persona"": ""course_taker""}"
"('cognitivevalueofart', 'perception')",cognitive value of art,perception,-1,3,phd,v1,v1,"{""model"": null, ""temperature"": null, ""date"": ""2025-09-06T23:06:20.598049+00:00"", ""prompt_version"": ""v1"", ""persona"": ""phd""}"
"('cognitivevalueofart', 'perception')",cognitive value of art,perception,-1,3,expert,v1,v1,"{""model"": null, ""temperature"": null, ""date"": ""2025-09-06T23:06:20.598081+00:00"", ""prompt_version"": ""v1"", ""persona"": ""expert""}"
"('kantscritiqueofmetaphysics', 'metaphysics')",kant's critique of metaphysics,metaphysics,-1,3,novice,v1,v1,"{""model"": null, ""temperature"": null, ""date"": ""2025-09-06T23:06:20.598138+00:00"", ""prompt_version"": ""v1"", ""persona"": ""novice""}"
"('kantscritiqueofmetaphysics', 'metaphysics')",kant's critique of metaphysics,metaphysics,-1,3,course_taker,v1,v1,"{""model"": null, ""temperature"": null, ""date"": ""2025-09-06T23:06:20.598171+00:00"", ""prompt_version"": ""v1"", ""persona"": ""course_taker""}"
"('kantscritiqueofmetaphysics', 'metaphysics')",kant's critique of metaphysics,metaphysics,-1,3,phd,v1,v1,"{""model"": null, ""temperature"": null, ""date"": ""2025-09-06T23:06:20.598204+00:00"", ""prompt_version"": ""v1"", ""persona"": ""phd""}"
"('kantscritiqueofmetaphysics', 'metaphysics')",kant's critique of metaphysics,metaphysics,-1,3,expert,v1,v1,"{""model"": null, ""temperature"": null, ""date"": ""2025-09-06T23:06:20.598237+00:00"", ""prompt_version"": ""v1"", ""persona"": ""expert""}"
"('koreanphilosophy', 'philosophyofmind')",korean philosophy,philosophy of mind,-1,3,novice,v1,v1,"{""model"": null, ""temperature"": null, ""date"": ""2025-09-06T23:06:20.598294+00:00"", ""prompt_version"": ""v1"", ""persona"": ""novice""}"
"('koreanphilosophy', 'philosophyofmind')",korean philosophy,philosophy of mind,-1,3,course_taker,v1,v1,"{""model"": null, ""temperature"": null, ""date"": ""2025-09-06T23:06:20.598336+00:00"", ""prompt_version"": ""v1"", ""persona"": ""course_taker""}"
"('koreanphilosophy', 'philosophyofmind')",korean philosophy,philosophy of mind,-1,3,phd,v1,v1,"{""model"": null, ""temperature"": null, ""date"": ""2025-09-06T23:06:20.598369+00:00"", ""prompt_version"": ""v1"", ""persona"": ""phd""}"
"('koreanphilosophy', 'philosophyofmind')",korean philosophy,philosophy of mind,-1,3,expert,v1,v1,"{""model"": null, ""temperature"": null, ""date"": ""2025-09-06T23:06:20.598401+00:00"", ""prompt_version"": ""v1"", ""persona"": ""expert""}"
"('artificialintelligence', 'churchturingthesis')",church-turing thesis,artificial intelligence,-1,3,novice,v1,v1,"{""model"": null, ""temperature"": null, ""date"": ""2025-09-06T23:06:20.598457+00:00"", ""prompt_version"": ""v1"", ""persona"": ""novice""}"
"('artificialintelligence', 'churchturingthesis')",church-turing thesis,artificial intelligence,-1,3,course_taker,v1,v1,"{""model"": null, ""temperature"": null, ""date"": ""2025-09-06T23:06:20.598490+00:00"", ""prompt_version"": ""v1"", ""persona"": ""course_taker""}"
"('artificialintelligence', 'churchturingthesis')",church-turing thesis,artificial intelligence,-1,3,phd,v1,v1,"{""model"": null, ""temperature"": null, ""date"": ""2025-09-06T23:06:20.598523+00:00"", ""prompt_version"": ""v1"", ""persona"": ""phd""}"
"('artificialintelligence', 'churchturingthesis')",church-turing thesis,artificial intelligence,-1,3,expert,v1,v1,"{""model"": null, ""temperature"": null, ""date"": ""2025-09-06T23:06:20.598555+00:00"", ""prompt_version"": ""v1"", ""persona"": ""expert""}"
"('nonconceptualmentalcontent', 'perception')",nonconceptual mental content,perception,-1,3,novice,v1,v1,"{""model"": null, ""temperature"": null, ""date"": ""2025-09-06T23:06:20.598612+00:00"", ""prompt_version"": ""v1"", ""persona"": ""novice""}"
"('nonconceptualmentalcontent', 'perception')",nonconceptual mental content,perception,-1,3,course_taker,v1,v1,"{""model"": null, ""temperature"": null, ""date"": ""2025-09-06T23:06:20.598644+00:00"", ""prompt_version"": ""v1"", ""persona"": ""course_taker""}"
"('nonconceptualmentalcontent', 'perception')",nonconceptual mental content,perception,-1,3,phd,v1,v1,"{""model"": null, ""temperature"": null, ""date"": ""2025-09-06T23:06:20.598677+00:00"", ""prompt_version"": ""v1"", ""persona"": ""phd""}"
"('nonconceptualmentalcontent', 'perception')",nonconceptual mental content,perception,-1,3,expert,v1,v1,"{""model"": null, ""temperature"": null, ""date"": ""2025-09-06T23:06:20.598710+00:00"", ""prompt_version"": ""v1"", ""persona"": ""expert""}"
"('cognitivescience', 'eliminativematerialism')",eliminative materialism,cognitive science,-1,3,novice,v1,v1,"{""model"": null, ""temperature"": null, ""date"": ""2025-09-06T23:06:20.598766+00:00"", ""prompt_version"": ""v1"", ""persona"": ""novice""}"
"('cognitivescience', 'eliminativematerialism')",eliminative materialism,cognitive science,-1,3,course_taker,v1,v1,"{""model"": null, ""temperature"": null, ""date"": ""2025-09-06T23:06:20.598798+00:00"", ""prompt_version"": ""v1"", ""persona"": ""course_taker""}"
"('cognitivescience', 'eliminativematerialism')",eliminative materialism,cognitive science,-1,3,phd,v1,v1,"{""model"": null, ""temperature"": null, ""date"": ""2025-09-06T23:06:20.598831+00:00"", ""prompt_version"": ""v1"", ""persona"": ""phd""}"
"('cognitivescience', 'eliminativematerialism')",eliminative materialism,cognitive science,-1,3,expert,v1,v1,"{""model"": null, ""temperature"": null, ""date"": ""2025-09-06T23:06:20.598863+00:00"", ""prompt_version"": ""v1"", ""persona"": ""expert""}"
"('epistemologyofscience', 'metaphysics')",epistemology of science,metaphysics,-1,3,novice,v1,v1,"{""model"": null, ""temperature"": null, ""date"": ""2025-09-06T23:06:20.598920+00:00"", ""prompt_version"": ""v1"", ""persona"": ""novice""}"
"('epistemologyofscience', 'metaphysics')",epistemology of science,metaphysics,-1,3,course_taker,v1,v1,"{""model"": null, ""temperature"": null, ""date"": ""2025-09-06T23:06:20.598952+00:00"", ""prompt_version"": ""v1"", ""persona"": ""course_taker""}"
"('epistemologyofscience', 'metaphysics')",epistemology of science,metaphysics,-1,3,phd,v1,v1,"{""model"": null, ""temperature"": null, ""date"": ""2025-09-06T23:06:20.598985+00:00"", ""prompt_version"": ""v1"", ""persona"": ""phd""}"
"('epistemologyofscience', 'metaphysics')",epistemology of science,metaphysics,-1,3,expert,v1,v1,"{""model"": null, ""temperature"": null, ""date"": ""2025-09-06T23:06:20.599017+00:00"", ""prompt_version"": ""v1"", ""persona"": ""expert""}"
"('medievalproblemofuniversals', 'philosophyofmind')",medieval problem of universals,philosophy of mind,-1,3,novice,v1,v1,"{""model"": null, ""temperature"": null, ""date"": ""2025-09-06T23:06:20.599074+00:00"", ""prompt_version"": ""v1"", ""persona"": ""novice""}"
"('medievalproblemofuniversals', 'philosophyofmind')",medieval problem of universals,philosophy of mind,-1,3,course_taker,v1,v1,"{""model"": null, ""temperature"": null, ""date"": ""2025-09-06T23:06:20.599107+00:00"", ""prompt_version"": ""v1"", ""persona"": ""course_taker""}"
"('medievalproblemofuniversals', 'philosophyofmind')",medieval problem of universals,philosophy of mind,-1,3,phd,v1,v1,"{""model"": null, ""temperature"": null, ""date"": ""2025-09-06T23:06:20.599141+00:00"", ""prompt_version"": ""v1"", ""persona"": ""phd""}"
"('medievalproblemofuniversals', 'philosophyofmind')",medieval problem of universals,philosophy of mind,-1,3,expert,v1,v1,"{""model"": null, ""temperature"": null, ""date"": ""2025-09-06T23:06:20.599173+00:00"", ""prompt_version"": ""v1"", ""persona"": ""expert""}"
"('bellstheorem', 'quantummechanics')",bell's theorem,quantum mechanics,-1,3,novice,v1,v1,"{""model"": null, ""temperature"": null, ""date"": ""2025-09-06T23:06:20.599230+00:00"", ""prompt_version"": ""v1"", ""persona"": ""novice""}"
"('bellstheorem', 'quantummechanics')",bell's theorem,quantum mechanics,-1,3,course_taker,v1,v1,"{""model"": null, ""temperature"": null, ""date"": ""2025-09-06T23:06:20.599262+00:00"", ""prompt_version"": ""v1"", ""persona"": ""course_taker""}"
"('bellstheorem', 'quantummechanics')",bell's theorem,quantum mechanics,-1,3,phd,v1,v1,"{""model"": null, ""temperature"": null, ""date"": ""2025-09-06T23:06:20.599295+00:00"", ""prompt_version"": ""v1"", ""persona"": ""phd""}"
"('bellstheorem', 'quantummechanics')",bell's theorem,quantum mechanics,-1,3,expert,v1,v1,"{""model"": null, ""temperature"": null, ""date"": ""2025-09-06T23:06:20.599327+00:00"", ""prompt_version"": ""v1"", ""persona"": ""expert""}"
"('africanandafricanamericanphilosophy', 'akanphilosophyoftheperson')",akan philosophy of the person,african and african-american philosophy,-1,3,novice,v1,v1,"{""model"": null, ""temperature"": null, ""date"": ""2025-09-06T23:06:20.599384+00:00"", ""prompt_version"": ""v1"", ""persona"": ""novice""}"
"('africanandafricanamericanphilosophy', 'akanphilosophyoftheperson')",akan philosophy of the person,african and african-american philosophy,-1,3,course_taker,v1,v1,"{""model"": null, ""temperature"": null, ""date"": ""2025-09-06T23:06:20.599418+00:00"", ""prompt_version"": ""v1"", ""persona"": ""course_taker""}"
"('africanandafricanamericanphilosophy', 'akanphilosophyoftheperson')",akan philosophy of the person,african and african-american philosophy,-1,3,phd,v1,v1,"{""model"": null, ""temperature"": null, ""date"": ""2025-09-06T23:06:20.599451+00:00"", ""prompt_version"": ""v1"", ""persona"": ""phd""}"
"('africanandafricanamericanphilosophy', 'akanphilosophyoftheperson')",akan philosophy of the person,african and african-american philosophy,-1,3,expert,v1,v1,"{""model"": null, ""temperature"": null, ""date"": ""2025-09-06T23:06:20.599485+00:00"", ""prompt_version"": ""v1"", ""persona"": ""expert""}"
"('epistemology', 'theoryofforms')",theory of forms,epistemology,-1,3,novice,v1,v1,"{""model"": null, ""temperature"": null, ""date"": ""2025-09-06T23:06:20.599542+00:00"", ""prompt_version"": ""v1"", ""persona"": ""novice""}"
"('epistemology', 'theoryofforms')",theory of forms,epistemology,-1,3,course_taker,v1,v1,"{""model"": null, ""temperature"": null, ""date"": ""2025-09-06T23:06:20.599589+00:00"", ""prompt_version"": ""v1"", ""persona"": ""course_taker""}"
"('epistemology', 'theoryofforms')",theory of forms,epistemology,-1,3,phd,v1,v1,"{""model"": null, ""temperature"": null, ""date"": ""2025-09-06T23:06:20.599621+00:00"", ""prompt_version"": ""v1"", ""persona"": ""phd""}"
"('epistemology', 'theoryofforms')",theory of forms,epistemology,-1,3,expert,v1,v1,"{""model"": null, ""temperature"": null, ""date"": ""2025-09-06T23:06:20.599661+00:00"", ""prompt_version"": ""v1"", ""persona"": ""expert""}"
"('philosophyofscienceandthesciences', 'socialdimensionsofscientificknowledge')",social dimensions of scientific knowledge,philosophy of science and the sciences,-1,3,novice,v1,v1,"{""model"": null, ""temperature"": null, ""date"": ""2025-09-06T23:06:20.599720+00:00"", ""prompt_version"": ""v1"", ""persona"": ""novice""}"
"('philosophyofscienceandthesciences', 'socialdimensionsofscientificknowledge')",social dimensions of scientific knowledge,philosophy of science and the sciences,-1,3,course_taker,v1,v1,"{""model"": null, ""temperature"": null, ""date"": ""2025-09-06T23:06:20.599757+00:00"", ""prompt_version"": ""v1"", ""persona"": ""course_taker""}"
"('philosophyofscienceandthesciences', 'socialdimensionsofscientificknowledge')",social dimensions of scientific knowledge,philosophy of science and the sciences,-1,3,phd,v1,v1,"{""model"": null, ""temperature"": null, ""date"": ""2025-09-06T23:06:20.599795+00:00"", ""prompt_version"": ""v1"", ""persona"": ""phd""}"
"('philosophyofscienceandthesciences', 'socialdimensionsofscientificknowledge')",social dimensions of scientific knowledge,philosophy of science and the sciences,-1,3,expert,v1,v1,"{""model"": null, ""temperature"": null, ""date"": ""2025-09-06T23:06:20.599831+00:00"", ""prompt_version"": ""v1"", ""persona"": ""expert""}"
"('chinesephilosophy', 'chineseroomargument')",chinese room argument,chinese philosophy,-1,3,novice,v1,v1,"{""model"": null, ""temperature"": null, ""date"": ""2025-09-06T23:06:20.599889+00:00"", ""prompt_version"": ""v1"", ""persona"": ""novice""}"
"('chinesephilosophy', 'chineseroomargument')",chinese room argument,chinese philosophy,-1,3,course_taker,v1,v1,"{""model"": null, ""temperature"": null, ""date"": ""2025-09-06T23:06:20.599923+00:00"", ""prompt_version"": ""v1"", ""persona"": ""course_taker""}"
"('chinesephilosophy', 'chineseroomargument')",chinese room argument,chinese philosophy,-1,3,phd,v1,v1,"{""model"": null, ""temperature"": null, ""date"": ""2025-09-06T23:06:20.599956+00:00"", ""prompt_version"": ""v1"", ""persona"": ""phd""}"
"('chinesephilosophy', 'chineseroomargument')",chinese room argument,chinese philosophy,-1,3,expert,v1,v1,"{""model"": null, ""temperature"": null, ""date"": ""2025-09-06T23:06:20.599988+00:00"", ""prompt_version"": ""v1"", ""persona"": ""expert""}"
"('inherence', 'metaphysics')",inherence,metaphysics,-1,3,novice,v1,v1,"{""model"": null, ""temperature"": null, ""date"": ""2025-09-06T23:06:20.600044+00:00"", ""prompt_version"": ""v1"", ""persona"": ""novice""}"
"('inherence', 'metaphysics')",inherence,metaphysics,-1,3,course_taker,v1,v1,"{""model"": null, ""temperature"": null, ""date"": ""2025-09-06T23:06:20.600077+00:00"", ""prompt_version"": ""v1"", ""persona"": ""course_taker""}"
"('inherence', 'metaphysics')",inherence,metaphysics,-1,3,phd,v1,v1,"{""model"": null, ""temperature"": null, ""date"": ""2025-09-06T23:06:20.600109+00:00"", ""prompt_version"": ""v1"", ""persona"": ""phd""}"
"('inherence', 'metaphysics')",inherence,metaphysics,-1,3,expert,v1,v1,"{""model"": null, ""temperature"": null, ""date"": ""2025-09-06T23:06:20.600142+00:00"", ""prompt_version"": ""v1"", ""persona"": ""expert""}"
"('cosmologicalargumentsfortheexistenceofgod', 'philosophyofreligion')",cosmological arguments for the existence of god,philosophy of religion,-1,3,novice,v1,v1,"{""model"": null, ""temperature"": null, ""date"": ""2025-09-06T23:06:20.600199+00:00"", ""prompt_version"": ""v1"", ""persona"": ""novice""}"
"('cosmologicalargumentsfortheexistenceofgod', 'philosophyofreligion')",cosmological arguments for the existence of god,philosophy of religion,-1,3,course_taker,v1,v1,"{""model"": null, ""temperature"": null, ""date"": ""2025-09-06T23:06:20.600232+00:00"", ""prompt_version"": ""v1"", ""persona"": ""course_taker""}"
"('cosmologicalargumentsfortheexistenceofgod', 'philosophyofreligion')",cosmological arguments for the existence of god,philosophy of religion,-1,3,phd,v1,v1,"{""model"": null, ""temperature"": null, ""date"": ""2025-09-06T23:06:20.600266+00:00"", ""prompt_version"": ""v1"", ""persona"": ""phd""}"
"('cosmologicalargumentsfortheexistenceofgod', 'philosophyofreligion')",cosmological arguments for the existence of god,philosophy of religion,-1,3,expert,v1,v1,"{""model"": null, ""temperature"": null, ""date"": ""2025-09-06T23:06:20.600299+00:00"", ""prompt_version"": ""v1"", ""persona"": ""expert""}"
"('logic', 'philosophiesoftheparticularsciences')",philosophies of the particular sciences,logic,-1,3,novice,v1,v1,"{""model"": null, ""temperature"": null, ""date"": ""2025-09-06T23:06:20.600357+00:00"", ""prompt_version"": ""v1"", ""persona"": ""novice""}"
"('logic', 'philosophiesoftheparticularsciences')",philosophies of the particular sciences,logic,-1,3,course_taker,v1,v1,"{""model"": null, ""temperature"": null, ""date"": ""2025-09-06T23:06:20.600390+00:00"", ""prompt_version"": ""v1"", ""persona"": ""course_taker""}"
"('logic', 'philosophiesoftheparticularsciences')",philosophies of the particular sciences,logic,-1,3,phd,v1,v1,"{""model"": null, ""temperature"": null, ""date"": ""2025-09-06T23:06:20.600422+00:00"", ""prompt_version"": ""v1"", ""persona"": ""phd""}"
"('logic', 'philosophiesoftheparticularsciences')",philosophies of the particular sciences,logic,-1,3,expert,v1,v1,"{""model"": null, ""temperature"": null, ""date"": ""2025-09-06T23:06:20.600455+00:00"", ""prompt_version"": ""v1"", ""persona"": ""expert""}"
"('analyticfeminism', 'epistemology')",analytic feminism,epistemology,-1,3,novice,v1,v1,"{""model"": null, ""temperature"": null, ""date"": ""2025-09-06T23:06:20.600511+00:00"", ""prompt_version"": ""v1"", ""persona"": ""novice""}"
"('analyticfeminism', 'epistemology')",analytic feminism,epistemology,-1,3,course_taker,v1,v1,"{""model"": null, ""temperature"": null, ""date"": ""2025-09-06T23:06:20.600544+00:00"", ""prompt_version"": ""v1"", ""persona"": ""course_taker""}"
"('analyticfeminism', 'epistemology')",analytic feminism,epistemology,-1,3,phd,v1,v1,"{""model"": null, ""temperature"": null, ""date"": ""2025-09-06T23:06:20.600576+00:00"", ""prompt_version"": ""v1"", ""persona"": ""phd""}"
"('analyticfeminism', 'epistemology')",analytic feminism,epistemology,-1,3,expert,v1,v1,"{""model"": null, ""temperature"": null, ""date"": ""2025-09-06T23:06:20.600609+00:00"", ""prompt_version"": ""v1"", ""persona"": ""expert""}"
"('cognitivescience', 'perception')",cognitive science,perception,-1,3,novice,v1,v1,"{""model"": null, ""temperature"": null, ""date"": ""2025-09-06T23:06:20.600668+00:00"", ""prompt_version"": ""v1"", ""persona"": ""novice""}"
"('cognitivescience', 'perception')",cognitive science,perception,-1,3,course_taker,v1,v1,"{""model"": null, ""temperature"": null, ""date"": ""2025-09-06T23:06:20.600700+00:00"", ""prompt_version"": ""v1"", ""persona"": ""course_taker""}"
"('cognitivescience', 'perception')",cognitive science,perception,-1,3,phd,v1,v1,"{""model"": null, ""temperature"": null, ""date"": ""2025-09-06T23:06:20.600733+00:00"", ""prompt_version"": ""v1"", ""persona"": ""phd""}"
"('cognitivescience', 'perception')",cognitive science,perception,-1,3,expert,v1,v1,"{""model"": null, ""temperature"": null, ""date"": ""2025-09-06T23:06:20.600765+00:00"", ""prompt_version"": ""v1"", ""persona"": ""expert""}"
"('confirmationandinduction', 'metaphysics')",confirmation and induction,metaphysics,-1,3,novice,v1,v1,"{""model"": null, ""temperature"": null, ""date"": ""2025-09-06T23:06:20.600821+00:00"", ""prompt_version"": ""v1"", ""persona"": ""novice""}"
"('confirmationandinduction', 'metaphysics')",confirmation and induction,metaphysics,-1,3,course_taker,v1,v1,"{""model"": null, ""temperature"": null, ""date"": ""2025-09-06T23:06:20.600865+00:00"", ""prompt_version"": ""v1"", ""persona"": ""course_taker""}"
"('confirmationandinduction', 'metaphysics')",confirmation and induction,metaphysics,-1,3,phd,v1,v1,"{""model"": null, ""temperature"": null, ""date"": ""2025-09-06T23:06:20.600898+00:00"", ""prompt_version"": ""v1"", ""persona"": ""phd""}"
"('confirmationandinduction', 'metaphysics')",confirmation and induction,metaphysics,-1,3,expert,v1,v1,"{""model"": null, ""temperature"": null, ""date"": ""2025-09-06T23:06:20.600930+00:00"", ""prompt_version"": ""v1"", ""persona"": ""expert""}"
"('malebranchestheoryofideasandvisioningod', 'philosophyofmind')",malebranche's theory of ideas and vision in god,philosophy of mind,-1,3,novice,v1,v1,"{""model"": null, ""temperature"": null, ""date"": ""2025-09-06T23:06:20.600987+00:00"", ""prompt_version"": ""v1"", ""persona"": ""novice""}"
"('malebranchestheoryofideasandvisioningod', 'philosophyofmind')",malebranche's theory of ideas and vision in god,philosophy of mind,-1,3,course_taker,v1,v1,"{""model"": null, ""temperature"": null, ""date"": ""2025-09-06T23:06:20.601021+00:00"", ""prompt_version"": ""v1"", ""persona"": ""course_taker""}"
"('malebranchestheoryofideasandvisioningod', 'philosophyofmind')",malebranche's theory of ideas and vision in god,philosophy of mind,-1,3,phd,v1,v1,"{""model"": null, ""temperature"": null, ""date"": ""2025-09-06T23:06:20.601054+00:00"", ""prompt_version"": ""v1"", ""persona"": ""phd""}"
"('malebranchestheoryofideasandvisioningod', 'philosophyofmind')",malebranche's theory of ideas and vision in god,philosophy of mind,-1,3,expert,v1,v1,"{""model"": null, ""temperature"": null, ""date"": ""2025-09-06T23:06:20.601087+00:00"", ""prompt_version"": ""v1"", ""persona"": ""expert""}"
"('philosophyofphysics', 'quantummechanics')",quantum mechanics,philosophy of physics,-1,3,novice,v1,v1,"{""model"": null, ""temperature"": null, ""date"": ""2025-09-06T23:06:20.601144+00:00"", ""prompt_version"": ""v1"", ""persona"": ""novice""}"
"('philosophyofphysics', 'quantummechanics')",quantum mechanics,philosophy of physics,-1,3,course_taker,v1,v1,"{""model"": null, ""temperature"": null, ""date"": ""2025-09-06T23:06:20.601177+00:00"", ""prompt_version"": ""v1"", ""persona"": ""course_taker""}"
"('philosophyofphysics', 'quantummechanics')",quantum mechanics,philosophy of physics,-1,3,phd,v1,v1,"{""model"": null, ""temperature"": null, ""date"": ""2025-09-06T23:06:20.601209+00:00"", ""prompt_version"": ""v1"", ""persona"": ""phd""}"
"('philosophyofphysics', 'quantummechanics')",quantum mechanics,philosophy of physics,-1,3,expert,v1,v1,"{""model"": null, ""temperature"": null, ""date"": ""2025-09-06T23:06:20.601242+00:00"", ""prompt_version"": ""v1"", ""persona"": ""expert""}"
"('relativism', 'truth')",relativism,truth,-1,3,novice,v1,v1,"{""model"": null, ""temperature"": null, ""date"": ""2025-09-06T23:06:20.601297+00:00"", ""prompt_version"": ""v1"", ""persona"": ""novice""}"
"('relativism', 'truth')",relativism,truth,-1,3,course_taker,v1,v1,"{""model"": null, ""temperature"": null, ""date"": ""2025-09-06T23:06:20.601330+00:00"", ""prompt_version"": ""v1"", ""persona"": ""course_taker""}"
"('relativism', 'truth')",relativism,truth,-1,3,phd,v1,v1,"{""model"": null, ""temperature"": null, ""date"": ""2025-09-06T23:06:20.601362+00:00"", ""prompt_version"": ""v1"", ""persona"": ""phd""}"
"('relativism', 'truth')",relativism,truth,-1,3,expert,v1,v1,"{""model"": null, ""temperature"": null, ""date"": ""2025-09-06T23:06:20.601394+00:00"", ""prompt_version"": ""v1"", ""persona"": ""expert""}"
"('philosophyofreligion', 'theism')",theism,philosophy of religion,-1,3,novice,v1,v1,"{""model"": null, ""temperature"": null, ""date"": ""2025-09-06T23:06:20.601449+00:00"", ""prompt_version"": ""v1"", ""persona"": ""novice""}"
"('philosophyofreligion', 'theism')",theism,philosophy of religion,-1,3,course_taker,v1,v1,"{""model"": null, ""temperature"": null, ""date"": ""2025-09-06T23:06:20.601481+00:00"", ""prompt_version"": ""v1"", ""persona"": ""course_taker""}"
"('philosophyofreligion', 'theism')",theism,philosophy of religion,-1,3,phd,v1,v1,"{""model"": null, ""temperature"": null, ""date"": ""2025-09-06T23:06:20.601513+00:00"", ""prompt_version"": ""v1"", ""persona"": ""phd""}"
"('philosophyofreligion', 'theism')",theism,philosophy of religion,-1,3,expert,v1,v1,"{""model"": null, ""temperature"": null, ""date"": ""2025-09-06T23:06:20.601546+00:00"", ""prompt_version"": ""v1"", ""persona"": ""expert""}"
"('fregestheoremandfoundationsforarithmetic', 'philosophyoflaw')",frege's theorem and foundations for arithmetic,philosophy of law,-1,3,novice,v1,v1,"{""model"": null, ""temperature"": null, ""date"": ""2025-09-06T23:06:20.601602+00:00"", ""prompt_version"": ""v1"", ""persona"": ""novice""}"
"('fregestheoremandfoundationsforarithmetic', 'philosophyoflaw')",frege's theorem and foundations for arithmetic,philosophy of law,-1,3,course_taker,v1,v1,"{""model"": null, ""temperature"": null, ""date"": ""2025-09-06T23:06:20.601636+00:00"", ""prompt_version"": ""v1"", ""persona"": ""course_taker""}"
"('fregestheoremandfoundationsforarithmetic', 'philosophyoflaw')",frege's theorem and foundations for arithmetic,philosophy of law,-1,3,phd,v1,v1,"{""model"": null, ""temperature"": null, ""date"": ""2025-09-06T23:06:20.601669+00:00"", ""prompt_version"": ""v1"", ""persona"": ""phd""}"
"('fregestheoremandfoundationsforarithmetic', 'philosophyoflaw')",frege's theorem and foundations for arithmetic,philosophy of law,-1,3,expert,v1,v1,"{""model"": null, ""temperature"": null, ""date"": ""2025-09-06T23:06:20.601710+00:00"", ""prompt_version"": ""v1"", ""persona"": ""expert""}"
"('futurecontingents', 'historyoflogic')",future contingents,history of logic,-1,3,novice,v1,v1,"{""model"": null, ""temperature"": null, ""date"": ""2025-09-06T23:06:20.601768+00:00"", ""prompt_version"": ""v1"", ""persona"": ""novice""}"
"('futurecontingents', 'historyoflogic')",future contingents,history of logic,-1,3,course_taker,v1,v1,"{""model"": null, ""temperature"": null, ""date"": ""2025-09-06T23:06:20.601800+00:00"", ""prompt_version"": ""v1"", ""persona"": ""course_taker""}"
"('futurecontingents', 'historyoflogic')",future contingents,history of logic,-1,3,phd,v1,v1,"{""model"": null, ""temperature"": null, ""date"": ""2025-09-06T23:06:20.601833+00:00"", ""prompt_version"": ""v1"", ""persona"": ""phd""}"
"('futurecontingents', 'historyoflogic')",future contingents,history of logic,-1,3,expert,v1,v1,"{""model"": null, ""temperature"": null, ""date"": ""2025-09-06T23:06:20.601865+00:00"", ""prompt_version"": ""v1"", ""persona"": ""expert""}"
"('nonconceptualcontent', 'perception')",non-conceptual content,perception,-1,3,novice,v1,v1,"{""model"": null, ""temperature"": null, ""date"": ""2025-09-06T23:06:20.601921+00:00"", ""prompt_version"": ""v1"", ""persona"": ""novice""}"
"('nonconceptualcontent', 'perception')",non-conceptual content,perception,-1,3,course_taker,v1,v1,"{""model"": null, ""temperature"": null, ""date"": ""2025-09-06T23:06:20.601954+00:00"", ""prompt_version"": ""v1"", ""persona"": ""course_taker""}"
"('nonconceptualcontent', 'perception')",non-conceptual content,perception,-1,3,phd,v1,v1,"{""model"": null, ""temperature"": null, ""date"": ""2025-09-06T23:06:20.601987+00:00"", ""prompt_version"": ""v1"", ""persona"": ""phd""}"
"('nonconceptualcontent', 'perception')",non-conceptual content,perception,-1,3,expert,v1,v1,"{""model"": null, ""temperature"": null, ""date"": ""2025-09-06T23:06:20.602019+00:00"", ""prompt_version"": ""v1"", ""persona"": ""expert""}"
"('foundationalisttheoriesofepistemicjustification', 'justification')",foundationalist theories of epistemic justification,justification,-1,3,novice,v1,v1,"{""model"": null, ""temperature"": null, ""date"": ""2025-09-06T23:06:20.602076+00:00"", ""prompt_version"": ""v1"", ""persona"": ""novice""}"
"('foundationalisttheoriesofepistemicjustification', 'justification')",foundationalist theories of epistemic justification,justification,-1,3,course_taker,v1,v1,"{""model"": null, ""temperature"": null, ""date"": ""2025-09-06T23:06:20.602109+00:00"", ""prompt_version"": ""v1"", ""persona"": ""course_taker""}"
"('foundationalisttheoriesofepistemicjustification', 'justification')",foundationalist theories of epistemic justification,justification,-1,3,phd,v1,v1,"{""model"": null, ""temperature"": null, ""date"": ""2025-09-06T23:06:20.602150+00:00"", ""prompt_version"": ""v1"", ""persona"": ""phd""}"
"('foundationalisttheoriesofepistemicjustification', 'justification')",foundationalist theories of epistemic justification,justification,-1,3,expert,v1,v1,"{""model"": null, ""temperature"": null, ""date"": ""2025-09-06T23:06:20.602183+00:00"", ""prompt_version"": ""v1"", ""persona"": ""expert""}"
"('philosophyofmind', 'selfconsciousness')",self-consciousness,philosophy of mind,-1,3,novice,v1,v1,"{""model"": null, ""temperature"": null, ""date"": ""2025-09-06T23:06:20.602241+00:00"", ""prompt_version"": ""v1"", ""persona"": ""novice""}"
"('philosophyofmind', 'selfconsciousness')",self-consciousness,philosophy of mind,-1,3,course_taker,v1,v1,"{""model"": null, ""temperature"": null, ""date"": ""2025-09-06T23:06:20.602273+00:00"", ""prompt_version"": ""v1"", ""persona"": ""course_taker""}"
"('philosophyofmind', 'selfconsciousness')",self-consciousness,philosophy of mind,-1,3,phd,v1,v1,"{""model"": null, ""temperature"": null, ""date"": ""2025-09-06T23:06:20.602306+00:00"", ""prompt_version"": ""v1"", ""persona"": ""phd""}"
"('philosophyofmind', 'selfconsciousness')",self-consciousness,philosophy of mind,-1,3,expert,v1,v1,"{""model"": null, ""temperature"": null, ""date"": ""2025-09-06T23:06:20.602338+00:00"", ""prompt_version"": ""v1"", ""persona"": ""expert""}"
"('philosophyofcomputerscience', 'philosophyofmind')",philosophy of computer science,philosophy of mind,-1,3,novice,v1,v1,"{""model"": null, ""temperature"": null, ""date"": ""2025-09-06T23:06:20.602394+00:00"", ""prompt_version"": ""v1"", ""persona"": ""novice""}"
"('philosophyofcomputerscience', 'philosophyofmind')",philosophy of computer science,philosophy of mind,-1,3,course_taker,v1,v1,"{""model"": null, ""temperature"": null, ""date"": ""2025-09-06T23:06:20.602427+00:00"", ""prompt_version"": ""v1"", ""persona"": ""course_taker""}"
"('philosophyofcomputerscience', 'philosophyofmind')",philosophy of computer science,philosophy of mind,-1,3,phd,v1,v1,"{""model"": null, ""temperature"": null, ""date"": ""2025-09-06T23:06:20.602460+00:00"", ""prompt_version"": ""v1"", ""persona"": ""phd""}"
"('philosophyofcomputerscience', 'philosophyofmind')",philosophy of computer science,philosophy of mind,-1,3,expert,v1,v1,"{""model"": null, ""temperature"": null, ""date"": ""2025-09-06T23:06:20.602493+00:00"", ""prompt_version"": ""v1"", ""persona"": ""expert""}"
"('artificialintelligence', 'philosophyofmind')",artificial intelligence,philosophy of mind,-1,3,novice,v1,v1,"{""model"": null, ""temperature"": null, ""date"": ""2025-09-06T23:06:20.602551+00:00"", ""prompt_version"": ""v1"", ""persona"": ""novice""}"
"('artificialintelligence', 'philosophyofmind')",artificial intelligence,philosophy of mind,-1,3,course_taker,v1,v1,"{""model"": null, ""temperature"": null, ""date"": ""2025-09-06T23:06:20.602584+00:00"", ""prompt_version"": ""v1"", ""persona"": ""course_taker""}"
"('artificialintelligence', 'philosophyofmind')",artificial intelligence,philosophy of mind,-1,3,phd,v1,v1,"{""model"": null, ""temperature"": null, ""date"": ""2025-09-06T23:06:20.602616+00:00"", ""prompt_version"": ""v1"", ""persona"": ""phd""}"
"('artificialintelligence', 'philosophyofmind')",artificial intelligence,philosophy of mind,-1,3,expert,v1,v1,"{""model"": null, ""temperature"": null, ""date"": ""2025-09-06T23:06:20.602652+00:00"", ""prompt_version"": ""v1"", ""persona"": ""expert""}"
"('animalconsciousness', 'consciousness')",animal consciousness,consciousness,-1,3,novice,v1,v1,"{""model"": null, ""temperature"": null, ""date"": ""2025-09-06T23:06:20.602708+00:00"", ""prompt_version"": ""v1"", ""persona"": ""novice""}"
"('animalconsciousness', 'consciousness')",animal consciousness,consciousness,-1,3,course_taker,v1,v1,"{""model"": null, ""temperature"": null, ""date"": ""2025-09-06T23:06:20.602741+00:00"", ""prompt_version"": ""v1"", ""persona"": ""course_taker""}"
"('animalconsciousness', 'consciousness')",animal consciousness,consciousness,-1,3,phd,v1,v1,"{""model"": null, ""temperature"": null, ""date"": ""2025-09-06T23:06:20.602773+00:00"", ""prompt_version"": ""v1"", ""persona"": ""phd""}"
"('animalconsciousness', 'consciousness')",animal consciousness,consciousness,-1,3,expert,v1,v1,"{""model"": null, ""temperature"": null, ""date"": ""2025-09-06T23:06:20.602806+00:00"", ""prompt_version"": ""v1"", ""persona"": ""expert""}"
"('17thand18thcenturytheoriesofemotions', 'perception')",17th and 18th century theories of emotions,perception,-1,3,novice,v1,v1,"{""model"": null, ""temperature"": null, ""date"": ""2025-09-06T23:06:20.602862+00:00"", ""prompt_version"": ""v1"", ""persona"": ""novice""}"
"('17thand18thcenturytheoriesofemotions', 'perception')",17th and 18th century theories of emotions,perception,-1,3,course_taker,v1,v1,"{""model"": null, ""temperature"": null, ""date"": ""2025-09-06T23:06:20.602895+00:00"", ""prompt_version"": ""v1"", ""persona"": ""course_taker""}"
"('17thand18thcenturytheoriesofemotions', 'perception')",17th and 18th century theories of emotions,perception,-1,3,phd,v1,v1,"{""model"": null, ""temperature"": null, ""date"": ""2025-09-06T23:06:20.602929+00:00"", ""prompt_version"": ""v1"", ""persona"": ""phd""}"
"('17thand18thcenturytheoriesofemotions', 'perception')",17th and 18th century theories of emotions,perception,-1,3,expert,v1,v1,"{""model"": null, ""temperature"": null, ""date"": ""2025-09-06T23:06:20.602962+00:00"", ""prompt_version"": ""v1"", ""persona"": ""expert""}"
"('combininglogics', 'logic')",logic,combining logics,-1,3,novice,v1,v1,"{""model"": null, ""temperature"": null, ""date"": ""2025-09-06T23:06:20.603018+00:00"", ""prompt_version"": ""v1"", ""persona"": ""novice""}"
"('combininglogics', 'logic')",logic,combining logics,-1,3,course_taker,v1,v1,"{""model"": null, ""temperature"": null, ""date"": ""2025-09-06T23:06:20.603051+00:00"", ""prompt_version"": ""v1"", ""persona"": ""course_taker""}"
"('combininglogics', 'logic')",logic,combining logics,-1,3,phd,v1,v1,"{""model"": null, ""temperature"": null, ""date"": ""2025-09-06T23:06:20.603082+00:00"", ""prompt_version"": ""v1"", ""persona"": ""phd""}"
"('combininglogics', 'logic')",logic,combining logics,-1,3,expert,v1,v1,"{""model"": null, ""temperature"": null, ""date"": ""2025-09-06T23:06:20.603114+00:00"", ""prompt_version"": ""v1"", ""persona"": ""expert""}"
"('consciousnessandscience', 'perception')",consciousness and science,perception,-1,3,novice,v1,v1,"{""model"": null, ""temperature"": null, ""date"": ""2025-09-06T23:06:20.603180+00:00"", ""prompt_version"": ""v1"", ""persona"": ""novice""}"
"('consciousnessandscience', 'perception')",consciousness and science,perception,-1,3,course_taker,v1,v1,"{""model"": null, ""temperature"": null, ""date"": ""2025-09-06T23:06:20.603212+00:00"", ""prompt_version"": ""v1"", ""persona"": ""course_taker""}"
"('consciousnessandscience', 'perception')",consciousness and science,perception,-1,3,phd,v1,v1,"{""model"": null, ""temperature"": null, ""date"": ""2025-09-06T23:06:20.603245+00:00"", ""prompt_version"": ""v1"", ""persona"": ""phd""}"
"('consciousnessandscience', 'perception')",consciousness and science,perception,-1,3,expert,v1,v1,"{""model"": null, ""temperature"": null, ""date"": ""2025-09-06T23:06:20.603277+00:00"", ""prompt_version"": ""v1"", ""persona"": ""expert""}"
"('epistemology', 'otherminds')",other minds,epistemology,-1,3,novice,v1,v1,"{""model"": null, ""temperature"": null, ""date"": ""2025-09-06T23:06:20.603333+00:00"", ""prompt_version"": ""v1"", ""persona"": ""novice""}"
"('epistemology', 'otherminds')",other minds,epistemology,-1,3,course_taker,v1,v1,"{""model"": null, ""temperature"": null, ""date"": ""2025-09-06T23:06:20.603366+00:00"", ""prompt_version"": ""v1"", ""persona"": ""course_taker""}"
"('epistemology', 'otherminds')",other minds,epistemology,-1,3,phd,v1,v1,"{""model"": null, ""temperature"": null, ""date"": ""2025-09-06T23:06:20.603398+00:00"", ""prompt_version"": ""v1"", ""persona"": ""phd""}"
"('epistemology', 'otherminds')",other minds,epistemology,-1,3,expert,v1,v1,"{""model"": null, ""temperature"": null, ""date"": ""2025-09-06T23:06:20.603464+00:00"", ""prompt_version"": ""v1"", ""persona"": ""expert""}"
"('mindbodyproblem', 'philosophyofmind')",mind-body problem,philosophy of mind,-1,3,novice,v1,v1,"{""model"": null, ""temperature"": null, ""date"": ""2025-09-06T23:06:20.603520+00:00"", ""prompt_version"": ""v1"", ""persona"": ""novice""}"
"('mindbodyproblem', 'philosophyofmind')",mind-body problem,philosophy of mind,-1,3,course_taker,v1,v1,"{""model"": null, ""temperature"": null, ""date"": ""2025-09-06T23:06:20.603553+00:00"", ""prompt_version"": ""v1"", ""persona"": ""course_taker""}"
"('mindbodyproblem', 'philosophyofmind')",mind-body problem,philosophy of mind,-1,3,phd,v1,v1,"{""model"": null, ""temperature"": null, ""date"": ""2025-09-06T23:06:20.603587+00:00"", ""prompt_version"": ""v1"", ""persona"": ""phd""}"
"('mindbodyproblem', 'philosophyofmind')",mind-body problem,philosophy of mind,-1,3,expert,v1,v1,"{""model"": null, ""temperature"": null, ""date"": ""2025-09-06T23:06:20.603619+00:00"", ""prompt_version"": ""v1"", ""persona"": ""expert""}"
"('existence', 'possibleworlds')",possible worlds,existence,-1,3,novice,v1,v1,"{""model"": null, ""temperature"": null, ""date"": ""2025-09-06T23:06:20.603676+00:00"", ""prompt_version"": ""v1"", ""persona"": ""novice""}"
"('existence', 'possibleworlds')",possible worlds,existence,-1,3,course_taker,v1,v1,"{""model"": null, ""temperature"": null, ""date"": ""2025-09-06T23:06:20.603708+00:00"", ""prompt_version"": ""v1"", ""persona"": ""course_taker""}"
"('existence', 'possibleworlds')",possible worlds,existence,-1,3,phd,v1,v1,"{""model"": null, ""temperature"": null, ""date"": ""2025-09-06T23:06:20.603740+00:00"", ""prompt_version"": ""v1"", ""persona"": ""phd""}"
"('existence', 'possibleworlds')",possible worlds,existence,-1,3,expert,v1,v1,"{""model"": null, ""temperature"": null, ""date"": ""2025-09-06T23:06:20.603772+00:00"", ""prompt_version"": ""v1"", ""persona"": ""expert""}"
"('afterlife', 'incompatibilism')",incompatibilism,afterlife,-1,3,novice,v1,v1,"{""model"": null, ""temperature"": null, ""date"": ""2025-09-06T23:06:20.603829+00:00"", ""prompt_version"": ""v1"", ""persona"": ""novice""}"
"('afterlife', 'incompatibilism')",incompatibilism,afterlife,-1,3,course_taker,v1,v1,"{""model"": null, ""temperature"": null, ""date"": ""2025-09-06T23:06:20.603861+00:00"", ""prompt_version"": ""v1"", ""persona"": ""course_taker""}"
"('afterlife', 'incompatibilism')",incompatibilism,afterlife,-1,3,phd,v1,v1,"{""model"": null, ""temperature"": null, ""date"": ""2025-09-06T23:06:20.603893+00:00"", ""prompt_version"": ""v1"", ""persona"": ""phd""}"
"('afterlife', 'incompatibilism')",incompatibilism,afterlife,-1,3,expert,v1,v1,"{""model"": null, ""temperature"": null, ""date"": ""2025-09-06T23:06:20.603925+00:00"", ""prompt_version"": ""v1"", ""persona"": ""expert""}"
"('mathematicallogic', 'metaphysics')",mathematical logic,metaphysics,-1,3,novice,v1,v1,"{""model"": null, ""temperature"": null, ""date"": ""2025-09-06T23:06:20.603982+00:00"", ""prompt_version"": ""v1"", ""persona"": ""novice""}"
"('mathematicallogic', 'metaphysics')",mathematical logic,metaphysics,-1,3,course_taker,v1,v1,"{""model"": null, ""temperature"": null, ""date"": ""2025-09-06T23:06:20.604014+00:00"", ""prompt_version"": ""v1"", ""persona"": ""course_taker""}"
"('mathematicallogic', 'metaphysics')",mathematical logic,metaphysics,-1,3,phd,v1,v1,"{""model"": null, ""temperature"": null, ""date"": ""2025-09-06T23:06:20.604046+00:00"", ""prompt_version"": ""v1"", ""persona"": ""phd""}"
"('mathematicallogic', 'metaphysics')",mathematical logic,metaphysics,-1,3,expert,v1,v1,"{""model"": null, ""temperature"": null, ""date"": ""2025-09-06T23:06:20.604078+00:00"", ""prompt_version"": ""v1"", ""persona"": ""expert""}"
"('animalconsciousness', 'philosophyofmind')",animal consciousness,philosophy of mind,-1,3,novice,v1,v1,"{""model"": null, ""temperature"": null, ""date"": ""2025-09-06T23:06:20.604135+00:00"", ""prompt_version"": ""v1"", ""persona"": ""novice""}"
"('animalconsciousness', 'philosophyofmind')",animal consciousness,philosophy of mind,-1,3,course_taker,v1,v1,"{""model"": null, ""temperature"": null, ""date"": ""2025-09-06T23:06:20.604168+00:00"", ""prompt_version"": ""v1"", ""persona"": ""course_taker""}"
"('animalconsciousness', 'philosophyofmind')",animal consciousness,philosophy of mind,-1,3,phd,v1,v1,"{""model"": null, ""temperature"": null, ""date"": ""2025-09-06T23:06:20.604201+00:00"", ""prompt_version"": ""v1"", ""persona"": ""phd""}"
"('animalconsciousness', 'philosophyofmind')",animal consciousness,philosophy of mind,-1,3,expert,v1,v1,"{""model"": null, ""temperature"": null, ""date"": ""2025-09-06T23:06:20.604269+00:00"", ""prompt_version"": ""v1"", ""persona"": ""expert""}"
"('philosophyofmind', 'teleologicalargumentsforgodsexistence')",teleological arguments for god's existence,philosophy of mind,-1,3,novice,v1,v1,"{""model"": null, ""temperature"": null, ""date"": ""2025-09-06T23:06:20.604326+00:00"", ""prompt_version"": ""v1"", ""persona"": ""novice""}"
"('philosophyofmind', 'teleologicalargumentsforgodsexistence')",teleological arguments for god's existence,philosophy of mind,-1,3,course_taker,v1,v1,"{""model"": null, ""temperature"": null, ""date"": ""2025-09-06T23:06:20.604359+00:00"", ""prompt_version"": ""v1"", ""persona"": ""course_taker""}"
"('philosophyofmind', 'teleologicalargumentsforgodsexistence')",teleological arguments for god's existence,philosophy of mind,-1,3,phd,v1,v1,"{""model"": null, ""temperature"": null, ""date"": ""2025-09-06T23:06:20.604392+00:00"", ""prompt_version"": ""v1"", ""persona"": ""phd""}"
"('philosophyofmind', 'teleologicalargumentsforgodsexistence')",teleological arguments for god's existence,philosophy of mind,-1,3,expert,v1,v1,"{""model"": null, ""temperature"": null, ""date"": ""2025-09-06T23:06:20.604425+00:00"", ""prompt_version"": ""v1"", ""persona"": ""expert""}"
"('christiantheology', 'philosophyofreligion')",christian theology,philosophy of religion,-1,3,novice,v1,v1,"{""model"": null, ""temperature"": null, ""date"": ""2025-09-06T23:06:20.604482+00:00"", ""prompt_version"": ""v1"", ""persona"": ""novice""}"
"('christiantheology', 'philosophyofreligion')",christian theology,philosophy of religion,-1,3,course_taker,v1,v1,"{""model"": null, ""temperature"": null, ""date"": ""2025-09-06T23:06:20.604515+00:00"", ""prompt_version"": ""v1"", ""persona"": ""course_taker""}"
"('christiantheology', 'philosophyofreligion')",christian theology,philosophy of religion,-1,3,phd,v1,v1,"{""model"": null, ""temperature"": null, ""date"": ""2025-09-06T23:06:20.604548+00:00"", ""prompt_version"": ""v1"", ""persona"": ""phd""}"
"('christiantheology', 'philosophyofreligion')",christian theology,philosophy of religion,-1,3,expert,v1,v1,"{""model"": null, ""temperature"": null, ""date"": ""2025-09-06T23:06:20.604580+00:00"", ""prompt_version"": ""v1"", ""persona"": ""expert""}"
"('historicisttheoriesofrationality', 'philosophyofscienceandthesciences')",historicist theories of rationality,philosophy of science and the sciences,-1,3,novice,v1,v1,"{""model"": null, ""temperature"": null, ""date"": ""2025-09-06T23:06:20.604637+00:00"", ""prompt_version"": ""v1"", ""persona"": ""novice""}"
"('historicisttheoriesofrationality', 'philosophyofscienceandthesciences')",historicist theories of rationality,philosophy of science and the sciences,-1,3,course_taker,v1,v1,"{""model"": null, ""temperature"": null, ""date"": ""2025-09-06T23:06:20.604671+00:00"", ""prompt_version"": ""v1"", ""persona"": ""course_taker""}"
"('historicisttheoriesofrationality', 'philosophyofscienceandthesciences')",historicist theories of rationality,philosophy of science and the sciences,-1,3,phd,v1,v1,"{""model"": null, ""temperature"": null, ""date"": ""2025-09-06T23:06:20.604704+00:00"", ""prompt_version"": ""v1"", ""persona"": ""phd""}"
"('historicisttheoriesofrationality', 'philosophyofscienceandthesciences')",historicist theories of rationality,philosophy of science and the sciences,-1,3,expert,v1,v1,"{""model"": null, ""temperature"": null, ""date"": ""2025-09-06T23:06:20.604737+00:00"", ""prompt_version"": ""v1"", ""persona"": ""expert""}"
"('explanation', 'philosophyofscienceandthesciences')",explanation,philosophy of science and the sciences,-1,3,novice,v1,v1,"{""model"": null, ""temperature"": null, ""date"": ""2025-09-06T23:06:20.604802+00:00"", ""prompt_version"": ""v1"", ""persona"": ""novice""}"
"('explanation', 'philosophyofscienceandthesciences')",explanation,philosophy of science and the sciences,-1,3,course_taker,v1,v1,"{""model"": null, ""temperature"": null, ""date"": ""2025-09-06T23:06:20.604836+00:00"", ""prompt_version"": ""v1"", ""persona"": ""course_taker""}"
"('explanation', 'philosophyofscienceandthesciences')",explanation,philosophy of science and the sciences,-1,3,phd,v1,v1,"{""model"": null, ""temperature"": null, ""date"": ""2025-09-06T23:06:20.604869+00:00"", ""prompt_version"": ""v1"", ""persona"": ""phd""}"
"('explanation', 'philosophyofscienceandthesciences')",explanation,philosophy of science and the sciences,-1,3,expert,v1,v1,"{""model"": null, ""temperature"": null, ""date"": ""2025-09-06T23:06:20.604902+00:00"", ""prompt_version"": ""v1"", ""persona"": ""expert""}"
"('modernphilosophy', 'perception')",modern philosophy,perception,-1,3,novice,v1,v1,"{""model"": null, ""temperature"": null, ""date"": ""2025-09-06T23:06:20.604959+00:00"", ""prompt_version"": ""v1"", ""persona"": ""novice""}"
"('modernphilosophy', 'perception')",modern philosophy,perception,-1,3,course_taker,v1,v1,"{""model"": null, ""temperature"": null, ""date"": ""2025-09-06T23:06:20.604991+00:00"", ""prompt_version"": ""v1"", ""persona"": ""course_taker""}"
"('modernphilosophy', 'perception')",modern philosophy,perception,-1,3,phd,v1,v1,"{""model"": null, ""temperature"": null, ""date"": ""2025-09-06T23:06:20.605024+00:00"", ""prompt_version"": ""v1"", ""persona"": ""phd""}"
"('modernphilosophy', 'perception')",modern philosophy,perception,-1,3,expert,v1,v1,"{""model"": null, ""temperature"": null, ""date"": ""2025-09-06T23:06:20.605056+00:00"", ""prompt_version"": ""v1"", ""persona"": ""expert""}"
"('culture', 'philosophyofreligion')",culture,philosophy of religion,-1,3,novice,v1,v1,"{""model"": null, ""temperature"": null, ""date"": ""2025-09-06T23:06:20.605112+00:00"", ""prompt_version"": ""v1"", ""persona"": ""novice""}"
"('culture', 'philosophyofreligion')",culture,philosophy of religion,-1,3,course_taker,v1,v1,"{""model"": null, ""temperature"": null, ""date"": ""2025-09-06T23:06:20.605145+00:00"", ""prompt_version"": ""v1"", ""persona"": ""course_taker""}"
"('culture', 'philosophyofreligion')",culture,philosophy of religion,-1,3,phd,v1,v1,"{""model"": null, ""temperature"": null, ""date"": ""2025-09-06T23:06:20.605177+00:00"", ""prompt_version"": ""v1"", ""persona"": ""phd""}"
"('culture', 'philosophyofreligion')",culture,philosophy of religion,-1,3,expert,v1,v1,"{""model"": null, ""temperature"": null, ""date"": ""2025-09-06T23:06:20.605210+00:00"", ""prompt_version"": ""v1"", ""persona"": ""expert""}"
"('mentalcontent', 'mentalrepresentation')",mental representation,mental content,-1,3,novice,v1,v1,"{""model"": null, ""temperature"": null, ""date"": ""2025-09-06T23:06:20.605266+00:00"", ""prompt_version"": ""v1"", ""persona"": ""novice""}"
"('mentalcontent', 'mentalrepresentation')",mental representation,mental content,-1,3,course_taker,v1,v1,"{""model"": null, ""temperature"": null, ""date"": ""2025-09-06T23:06:20.605300+00:00"", ""prompt_version"": ""v1"", ""persona"": ""course_taker""}"
"('mentalcontent', 'mentalrepresentation')",mental representation,mental content,-1,3,phd,v1,v1,"{""model"": null, ""temperature"": null, ""date"": ""2025-09-06T23:06:20.605332+00:00"", ""prompt_version"": ""v1"", ""persona"": ""phd""}"
"('mentalcontent', 'mentalrepresentation')",mental representation,mental content,-1,3,expert,v1,v1,"{""model"": null, ""temperature"": null, ""date"": ""2025-09-06T23:06:20.605364+00:00"", ""prompt_version"": ""v1"", ""persona"": ""expert""}"
"('cognitivescience', 'connectionistmodel')",connectionist model,cognitive science,-1,3,novice,v1,v1,"{""model"": null, ""temperature"": null, ""date"": ""2025-09-06T23:06:20.605421+00:00"", ""prompt_version"": ""v1"", ""persona"": ""novice""}"
"('cognitivescience', 'connectionistmodel')",connectionist model,cognitive science,-1,3,course_taker,v1,v1,"{""model"": null, ""temperature"": null, ""date"": ""2025-09-06T23:06:20.605454+00:00"", ""prompt_version"": ""v1"", ""persona"": ""course_taker""}"
"('cognitivescience', 'connectionistmodel')",connectionist model,cognitive science,-1,3,phd,v1,v1,"{""model"": null, ""temperature"": null, ""date"": ""2025-09-06T23:06:20.605486+00:00"", ""prompt_version"": ""v1"", ""persona"": ""phd""}"
"('cognitivescience', 'connectionistmodel')",connectionist model,cognitive science,-1,3,expert,v1,v1,"{""model"": null, ""temperature"": null, ""date"": ""2025-09-06T23:06:20.605519+00:00"", ""prompt_version"": ""v1"", ""persona"": ""expert""}"
"('epistemology', 'philosophyofmind')",philosophy of mind,epistemology,-1,3,novice,v1,v1,"{""model"": null, ""temperature"": null, ""date"": ""2025-09-06T23:06:20.605576+00:00"", ""prompt_version"": ""v1"", ""persona"": ""novice""}"
"('epistemology', 'philosophyofmind')",philosophy of mind,epistemology,-1,3,course_taker,v1,v1,"{""model"": null, ""temperature"": null, ""date"": ""2025-09-06T23:06:20.605608+00:00"", ""prompt_version"": ""v1"", ""persona"": ""course_taker""}"
"('epistemology', 'philosophyofmind')",philosophy of mind,epistemology,-1,3,phd,v1,v1,"{""model"": null, ""temperature"": null, ""date"": ""2025-09-06T23:06:20.605640+00:00"", ""prompt_version"": ""v1"", ""persona"": ""phd""}"
"('epistemology', 'philosophyofmind')",philosophy of mind,epistemology,-1,3,expert,v1,v1,"{""model"": null, ""temperature"": null, ""date"": ""2025-09-06T23:06:20.605673+00:00"", ""prompt_version"": ""v1"", ""persona"": ""expert""}"
"('conservationbiology', 'philosophyofscienceandthesciences')",conservation biology,philosophy of science and the sciences,-1,3,novice,v1,v1,"{""model"": null, ""temperature"": null, ""date"": ""2025-09-06T23:06:20.605729+00:00"", ""prompt_version"": ""v1"", ""persona"": ""novice""}"
"('conservationbiology', 'philosophyofscienceandthesciences')",conservation biology,philosophy of science and the sciences,-1,3,course_taker,v1,v1,"{""model"": null, ""temperature"": null, ""date"": ""2025-09-06T23:06:20.605763+00:00"", ""prompt_version"": ""v1"", ""persona"": ""course_taker""}"
"('conservationbiology', 'philosophyofscienceandthesciences')",conservation biology,philosophy of science and the sciences,-1,3,phd,v1,v1,"{""model"": null, ""temperature"": null, ""date"": ""2025-09-06T23:06:20.605798+00:00"", ""prompt_version"": ""v1"", ""persona"": ""phd""}"
"('conservationbiology', 'philosophyofscienceandthesciences')",conservation biology,philosophy of science and the sciences,-1,3,expert,v1,v1,"{""model"": null, ""temperature"": null, ""date"": ""2025-09-06T23:06:20.605832+00:00"", ""prompt_version"": ""v1"", ""persona"": ""expert""}"
"('coherentisttheoriesofjustification', 'epistemology')",coherentist theories of justification,epistemology,-1,3,novice,v1,v1,"{""model"": null, ""temperature"": null, ""date"": ""2025-09-06T23:06:20.605889+00:00"", ""prompt_version"": ""v1"", ""persona"": ""novice""}"
"('coherentisttheoriesofjustification', 'epistemology')",coherentist theories of justification,epistemology,-1,3,course_taker,v1,v1,"{""model"": null, ""temperature"": null, ""date"": ""2025-09-06T23:06:20.605923+00:00"", ""prompt_version"": ""v1"", ""persona"": ""course_taker""}"
"('coherentisttheoriesofjustification', 'epistemology')",coherentist theories of justification,epistemology,-1,3,phd,v1,v1,"{""model"": null, ""temperature"": null, ""date"": ""2025-09-06T23:06:20.605956+00:00"", ""prompt_version"": ""v1"", ""persona"": ""phd""}"
"('coherentisttheoriesofjustification', 'epistemology')",coherentist theories of justification,epistemology,-1,3,expert,v1,v1,"{""model"": null, ""temperature"": null, ""date"": ""2025-09-06T23:06:20.605989+00:00"", ""prompt_version"": ""v1"", ""persona"": ""expert""}"
"('eliminativematerialism', 'philosophyofscienceandthesciences')",eliminative materialism,philosophy of science and the sciences,-1,3,novice,v1,v1,"{""model"": null, ""temperature"": null, ""date"": ""2025-09-06T23:06:20.606046+00:00"", ""prompt_version"": ""v1"", ""persona"": ""novice""}"
"('eliminativematerialism', 'philosophyofscienceandthesciences')",eliminative materialism,philosophy of science and the sciences,-1,3,course_taker,v1,v1,"{""model"": null, ""temperature"": null, ""date"": ""2025-09-06T23:06:20.606095+00:00"", ""prompt_version"": ""v1"", ""persona"": ""course_taker""}"
"('eliminativematerialism', 'philosophyofscienceandthesciences')",eliminative materialism,philosophy of science and the sciences,-1,3,phd,v1,v1,"{""model"": null, ""temperature"": null, ""date"": ""2025-09-06T23:06:20.606130+00:00"", ""prompt_version"": ""v1"", ""persona"": ""phd""}"
"('eliminativematerialism', 'philosophyofscienceandthesciences')",eliminative materialism,philosophy of science and the sciences,-1,3,expert,v1,v1,"{""model"": null, ""temperature"": null, ""date"": ""2025-09-06T23:06:20.606164+00:00"", ""prompt_version"": ""v1"", ""persona"": ""expert""}"
"('artificialintelligence', 'inputunit')",input unit,artificial intelligence,-1,3,novice,v1,v1,"{""model"": null, ""temperature"": null, ""date"": ""2025-09-06T23:06:20.606222+00:00"", ""prompt_version"": ""v1"", ""persona"": ""novice""}"
"('artificialintelligence', 'inputunit')",input unit,artificial intelligence,-1,3,course_taker,v1,v1,"{""model"": null, ""temperature"": null, ""date"": ""2025-09-06T23:06:20.606254+00:00"", ""prompt_version"": ""v1"", ""persona"": ""course_taker""}"
"('artificialintelligence', 'inputunit')",input unit,artificial intelligence,-1,3,phd,v1,v1,"{""model"": null, ""temperature"": null, ""date"": ""2025-09-06T23:06:20.606287+00:00"", ""prompt_version"": ""v1"", ""persona"": ""phd""}"
"('artificialintelligence', 'inputunit')",input unit,artificial intelligence,-1,3,expert,v1,v1,"{""model"": null, ""temperature"": null, ""date"": ""2025-09-06T23:06:20.606320+00:00"", ""prompt_version"": ""v1"", ""persona"": ""expert""}"
"('lebensphilosophie', 'philosophyofreligion')",lebensphilosophie,philosophy of religion,-1,3,novice,v1,v1,"{""model"": null, ""temperature"": null, ""date"": ""2025-09-06T23:06:20.606378+00:00"", ""prompt_version"": ""v1"", ""persona"": ""novice""}"
"('lebensphilosophie', 'philosophyofreligion')",lebensphilosophie,philosophy of religion,-1,3,course_taker,v1,v1,"{""model"": null, ""temperature"": null, ""date"": ""2025-09-06T23:06:20.606411+00:00"", ""prompt_version"": ""v1"", ""persona"": ""course_taker""}"
"('lebensphilosophie', 'philosophyofreligion')",lebensphilosophie,philosophy of religion,-1,3,phd,v1,v1,"{""model"": null, ""temperature"": null, ""date"": ""2025-09-06T23:06:20.606444+00:00"", ""prompt_version"": ""v1"", ""persona"": ""phd""}"
"('lebensphilosophie', 'philosophyofreligion')",lebensphilosophie,philosophy of religion,-1,3,expert,v1,v1,"{""model"": null, ""temperature"": null, ""date"": ""2025-09-06T23:06:20.606476+00:00"", ""prompt_version"": ""v1"", ""persona"": ""expert""}"
"('perception', 'platoonknowledgeinthetheaetetus')",plato on knowledge in the theaetetus,perception,-1,3,novice,v1,v1,"{""model"": null, ""temperature"": null, ""date"": ""2025-09-06T23:06:20.606533+00:00"", ""prompt_version"": ""v1"", ""persona"": ""novice""}"
"('perception', 'platoonknowledgeinthetheaetetus')",plato on knowledge in the theaetetus,perception,-1,3,course_taker,v1,v1,"{""model"": null, ""temperature"": null, ""date"": ""2025-09-06T23:06:20.606566+00:00"", ""prompt_version"": ""v1"", ""persona"": ""course_taker""}"
"('perception', 'platoonknowledgeinthetheaetetus')",plato on knowledge in the theaetetus,perception,-1,3,phd,v1,v1,"{""model"": null, ""temperature"": null, ""date"": ""2025-09-06T23:06:20.606600+00:00"", ""prompt_version"": ""v1"", ""persona"": ""phd""}"
"('perception', 'platoonknowledgeinthetheaetetus')",plato on knowledge in the theaetetus,perception,-1,3,expert,v1,v1,"{""model"": null, ""temperature"": null, ""date"": ""2025-09-06T23:06:20.606632+00:00"", ""prompt_version"": ""v1"", ""persona"": ""expert""}"
"('cognitivescience', 'nativism')",nativism,cognitive science,-1,3,novice,v1,v1,"{""model"": null, ""temperature"": null, ""date"": ""2025-09-06T23:06:20.606690+00:00"", ""prompt_version"": ""v1"", ""persona"": ""novice""}"
"('cognitivescience', 'nativism')",nativism,cognitive science,-1,3,course_taker,v1,v1,"{""model"": null, ""temperature"": null, ""date"": ""2025-09-06T23:06:20.606722+00:00"", ""prompt_version"": ""v1"", ""persona"": ""course_taker""}"
"('cognitivescience', 'nativism')",nativism,cognitive science,-1,3,phd,v1,v1,"{""model"": null, ""temperature"": null, ""date"": ""2025-09-06T23:06:20.606755+00:00"", ""prompt_version"": ""v1"", ""persona"": ""phd""}"
"('cognitivescience', 'nativism')",nativism,cognitive science,-1,3,expert,v1,v1,"{""model"": null, ""temperature"": null, ""date"": ""2025-09-06T23:06:20.606787+00:00"", ""prompt_version"": ""v1"", ""persona"": ""expert""}"
"('conceptsofgod', 'philosophyofreligion')",concepts of god,philosophy of religion,-1,3,novice,v1,v1,"{""model"": null, ""temperature"": null, ""date"": ""2025-09-06T23:06:20.606843+00:00"", ""prompt_version"": ""v1"", ""persona"": ""novice""}"
"('conceptsofgod', 'philosophyofreligion')",concepts of god,philosophy of religion,-1,3,course_taker,v1,v1,"{""model"": null, ""temperature"": null, ""date"": ""2025-09-06T23:06:20.606877+00:00"", ""prompt_version"": ""v1"", ""persona"": ""course_taker""}"
"('conceptsofgod', 'philosophyofreligion')",concepts of god,philosophy of religion,-1,3,phd,v1,v1,"{""model"": null, ""temperature"": null, ""date"": ""2025-09-06T23:06:20.606910+00:00"", ""prompt_version"": ""v1"", ""persona"": ""phd""}"
"('conceptsofgod', 'philosophyofreligion')",concepts of god,philosophy of religion,-1,3,expert,v1,v1,"{""model"": null, ""temperature"": null, ""date"": ""2025-09-06T23:06:20.606942+00:00"", ""prompt_version"": ""v1"", ""persona"": ""expert""}"
"('churchturingthesis', 'philosophyofcomputerscience')",philosophy of computer science,church-turing thesis,-1,3,novice,v1,v1,"{""model"": null, ""temperature"": null, ""date"": ""2025-09-06T23:06:20.607000+00:00"", ""prompt_version"": ""v1"", ""persona"": ""novice""}"
"('churchturingthesis', 'philosophyofcomputerscience')",philosophy of computer science,church-turing thesis,-1,3,course_taker,v1,v1,"{""model"": null, ""temperature"": null, ""date"": ""2025-09-06T23:06:20.607033+00:00"", ""prompt_version"": ""v1"", ""persona"": ""course_taker""}"
"('churchturingthesis', 'philosophyofcomputerscience')",philosophy of computer science,church-turing thesis,-1,3,phd,v1,v1,"{""model"": null, ""temperature"": null, ""date"": ""2025-09-06T23:06:20.607066+00:00"", ""prompt_version"": ""v1"", ""persona"": ""phd""}"
"('churchturingthesis', 'philosophyofcomputerscience')",philosophy of computer science,church-turing thesis,-1,3,expert,v1,v1,"{""model"": null, ""temperature"": null, ""date"": ""2025-09-06T23:06:20.607099+00:00"", ""prompt_version"": ""v1"", ""persona"": ""expert""}"
"('hylomorphism', 'metaphysics')",hylomorphism,metaphysics,-1,3,novice,v1,v1,"{""model"": null, ""temperature"": null, ""date"": ""2025-09-06T23:06:20.607156+00:00"", ""prompt_version"": ""v1"", ""persona"": ""novice""}"
"('hylomorphism', 'metaphysics')",hylomorphism,metaphysics,-1,3,course_taker,v1,v1,"{""model"": null, ""temperature"": null, ""date"": ""2025-09-06T23:06:20.607189+00:00"", ""prompt_version"": ""v1"", ""persona"": ""course_taker""}"
"('hylomorphism', 'metaphysics')",hylomorphism,metaphysics,-1,3,phd,v1,v1,"{""model"": null, ""temperature"": null, ""date"": ""2025-09-06T23:06:20.607221+00:00"", ""prompt_version"": ""v1"", ""persona"": ""phd""}"
"('hylomorphism', 'metaphysics')",hylomorphism,metaphysics,-1,3,expert,v1,v1,"{""model"": null, ""temperature"": null, ""date"": ""2025-09-06T23:06:20.607253+00:00"", ""prompt_version"": ""v1"", ""persona"": ""expert""}"
"('cognitivescience', 'symbolicprocessing')",symbolic processing,cognitive science,-1,3,novice,v1,v1,"{""model"": null, ""temperature"": null, ""date"": ""2025-09-06T23:06:20.607309+00:00"", ""prompt_version"": ""v1"", ""persona"": ""novice""}"
"('cognitivescience', 'symbolicprocessing')",symbolic processing,cognitive science,-1,3,course_taker,v1,v1,"{""model"": null, ""temperature"": null, ""date"": ""2025-09-06T23:06:20.607342+00:00"", ""prompt_version"": ""v1"", ""persona"": ""course_taker""}"
"('cognitivescience', 'symbolicprocessing')",symbolic processing,cognitive science,-1,3,phd,v1,v1,"{""model"": null, ""temperature"": null, ""date"": ""2025-09-06T23:06:20.607383+00:00"", ""prompt_version"": ""v1"", ""persona"": ""phd""}"
"('cognitivescience', 'symbolicprocessing')",symbolic processing,cognitive science,-1,3,expert,v1,v1,"{""model"": null, ""temperature"": null, ""date"": ""2025-09-06T23:06:20.607415+00:00"", ""prompt_version"": ""v1"", ""persona"": ""expert""}"
"('pacifism', 'philosophyofreligion')",pacifism,philosophy of religion,-1,3,novice,v1,v1,"{""model"": null, ""temperature"": null, ""date"": ""2025-09-06T23:06:20.607472+00:00"", ""prompt_version"": ""v1"", ""persona"": ""novice""}"
"('pacifism', 'philosophyofreligion')",pacifism,philosophy of religion,-1,3,course_taker,v1,v1,"{""model"": null, ""temperature"": null, ""date"": ""2025-09-06T23:06:20.607504+00:00"", ""prompt_version"": ""v1"", ""persona"": ""course_taker""}"
"('pacifism', 'philosophyofreligion')",pacifism,philosophy of religion,-1,3,phd,v1,v1,"{""model"": null, ""temperature"": null, ""date"": ""2025-09-06T23:06:20.607536+00:00"", ""prompt_version"": ""v1"", ""persona"": ""phd""}"
"('pacifism', 'philosophyofreligion')",pacifism,philosophy of religion,-1,3,expert,v1,v1,"{""model"": null, ""temperature"": null, ""date"": ""2025-09-06T23:06:20.607568+00:00"", ""prompt_version"": ""v1"", ""persona"": ""expert""}"
"('epistemology', 'lawsofnature')",laws of nature,epistemology,-1,3,novice,v1,v1,"{""model"": null, ""temperature"": null, ""date"": ""2025-09-06T23:06:20.607627+00:00"", ""prompt_version"": ""v1"", ""persona"": ""novice""}"
"('epistemology', 'lawsofnature')",laws of nature,epistemology,-1,3,course_taker,v1,v1,"{""model"": null, ""temperature"": null, ""date"": ""2025-09-06T23:06:20.607660+00:00"", ""prompt_version"": ""v1"", ""persona"": ""course_taker""}"
"('epistemology', 'lawsofnature')",laws of nature,epistemology,-1,3,phd,v1,v1,"{""model"": null, ""temperature"": null, ""date"": ""2025-09-06T23:06:20.607692+00:00"", ""prompt_version"": ""v1"", ""persona"": ""phd""}"
"('epistemology', 'lawsofnature')",laws of nature,epistemology,-1,3,expert,v1,v1,"{""model"": null, ""temperature"": null, ""date"": ""2025-09-06T23:06:20.607724+00:00"", ""prompt_version"": ""v1"", ""persona"": ""expert""}"
"('philosophyofmind', 'probabilityandstatistics')",probability and statistics,philosophy of mind,-1,3,novice,v1,v1,"{""model"": null, ""temperature"": null, ""date"": ""2025-09-06T23:06:20.607781+00:00"", ""prompt_version"": ""v1"", ""persona"": ""novice""}"
"('philosophyofmind', 'probabilityandstatistics')",probability and statistics,philosophy of mind,-1,3,course_taker,v1,v1,"{""model"": null, ""temperature"": null, ""date"": ""2025-09-06T23:06:20.607814+00:00"", ""prompt_version"": ""v1"", ""persona"": ""course_taker""}"
"('philosophyofmind', 'probabilityandstatistics')",probability and statistics,philosophy of mind,-1,3,phd,v1,v1,"{""model"": null, ""temperature"": null, ""date"": ""2025-09-06T23:06:20.607846+00:00"", ""prompt_version"": ""v1"", ""persona"": ""phd""}"
"('philosophyofmind', 'probabilityandstatistics')",probability and statistics,philosophy of mind,-1,3,expert,v1,v1,"{""model"": null, ""temperature"": null, ""date"": ""2025-09-06T23:06:20.607879+00:00"", ""prompt_version"": ""v1"", ""persona"": ""expert""}"
"('metaphysics', 'philosophyofperception')",philosophy of perception,metaphysics,-1,3,novice,v1,v1,"{""model"": null, ""temperature"": null, ""date"": ""2025-09-06T23:06:20.607939+00:00"", ""prompt_version"": ""v1"", ""persona"": ""novice""}"
"('metaphysics', 'philosophyofperception')",philosophy of perception,metaphysics,-1,3,course_taker,v1,v1,"{""model"": null, ""temperature"": null, ""date"": ""2025-09-06T23:06:20.607972+00:00"", ""prompt_version"": ""v1"", ""persona"": ""course_taker""}"
"('metaphysics', 'philosophyofperception')",philosophy of perception,metaphysics,-1,3,phd,v1,v1,"{""model"": null, ""temperature"": null, ""date"": ""2025-09-06T23:06:20.608004+00:00"", ""prompt_version"": ""v1"", ""persona"": ""phd""}"
"('metaphysics', 'philosophyofperception')",philosophy of perception,metaphysics,-1,3,expert,v1,v1,"{""model"": null, ""temperature"": null, ""date"": ""2025-09-06T23:06:20.608040+00:00"", ""prompt_version"": ""v1"", ""persona"": ""expert""}"
"('cognitivescience', 'modularity')",modularity,cognitive science,-1,3,novice,v1,v1,"{""model"": null, ""temperature"": null, ""date"": ""2025-09-06T23:06:20.608120+00:00"", ""prompt_version"": ""v1"", ""persona"": ""novice""}"
"('cognitivescience', 'modularity')",modularity,cognitive science,-1,3,course_taker,v1,v1,"{""model"": null, ""temperature"": null, ""date"": ""2025-09-06T23:06:20.608153+00:00"", ""prompt_version"": ""v1"", ""persona"": ""course_taker""}"
"('cognitivescience', 'modularity')",modularity,cognitive science,-1,3,phd,v1,v1,"{""model"": null, ""temperature"": null, ""date"": ""2025-09-06T23:06:20.608186+00:00"", ""prompt_version"": ""v1"", ""persona"": ""phd""}"
"('cognitivescience', 'modularity')",modularity,cognitive science,-1,3,expert,v1,v1,"{""model"": null, ""temperature"": null, ""date"": ""2025-09-06T23:06:20.608218+00:00"", ""prompt_version"": ""v1"", ""persona"": ""expert""}"
"('matter', 'metaphysics')",matter,metaphysics,-1,3,novice,v1,v1,"{""model"": null, ""temperature"": null, ""date"": ""2025-09-06T23:06:20.608273+00:00"", ""prompt_version"": ""v1"", ""persona"": ""novice""}"
"('matter', 'metaphysics')",matter,metaphysics,-1,3,course_taker,v1,v1,"{""model"": null, ""temperature"": null, ""date"": ""2025-09-06T23:06:20.608305+00:00"", ""prompt_version"": ""v1"", ""persona"": ""course_taker""}"
"('matter', 'metaphysics')",matter,metaphysics,-1,3,phd,v1,v1,"{""model"": null, ""temperature"": null, ""date"": ""2025-09-06T23:06:20.608337+00:00"", ""prompt_version"": ""v1"", ""persona"": ""phd""}"
"('matter', 'metaphysics')",matter,metaphysics,-1,3,expert,v1,v1,"{""model"": null, ""temperature"": null, ""date"": ""2025-09-06T23:06:20.608369+00:00"", ""prompt_version"": ""v1"", ""persona"": ""expert""}"
"('artificialintelligence', 'cognitivescience')",artificial intelligence,cognitive science,-1,3,novice,v1,v1,"{""model"": null, ""temperature"": null, ""date"": ""2025-09-06T23:06:20.608425+00:00"", ""prompt_version"": ""v1"", ""persona"": ""novice""}"
"('artificialintelligence', 'cognitivescience')",artificial intelligence,cognitive science,-1,3,course_taker,v1,v1,"{""model"": null, ""temperature"": null, ""date"": ""2025-09-06T23:06:20.608458+00:00"", ""prompt_version"": ""v1"", ""persona"": ""course_taker""}"
"('artificialintelligence', 'cognitivescience')",artificial intelligence,cognitive science,-1,3,phd,v1,v1,"{""model"": null, ""temperature"": null, ""date"": ""2025-09-06T23:06:20.608491+00:00"", ""prompt_version"": ""v1"", ""persona"": ""phd""}"
"('artificialintelligence', 'cognitivescience')",artificial intelligence,cognitive science,-1,3,expert,v1,v1,"{""model"": null, ""temperature"": null, ""date"": ""2025-09-06T23:06:20.608524+00:00"", ""prompt_version"": ""v1"", ""persona"": ""expert""}"
"('cartesiandualism', 'dualism')",cartesian dualism,dualism,-1,3,novice,v1,v1,"{""model"": null, ""temperature"": null, ""date"": ""2025-09-06T23:06:20.608580+00:00"", ""prompt_version"": ""v1"", ""persona"": ""novice""}"
"('cartesiandualism', 'dualism')",cartesian dualism,dualism,-1,3,course_taker,v1,v1,"{""model"": null, ""temperature"": null, ""date"": ""2025-09-06T23:06:20.608612+00:00"", ""prompt_version"": ""v1"", ""persona"": ""course_taker""}"
"('cartesiandualism', 'dualism')",cartesian dualism,dualism,-1,3,phd,v1,v1,"{""model"": null, ""temperature"": null, ""date"": ""2025-09-06T23:06:20.608644+00:00"", ""prompt_version"": ""v1"", ""persona"": ""phd""}"
"('cartesiandualism', 'dualism')",cartesian dualism,dualism,-1,3,expert,v1,v1,"{""model"": null, ""temperature"": null, ""date"": ""2025-09-06T23:06:20.608676+00:00"", ""prompt_version"": ""v1"", ""persona"": ""expert""}"
"('definitionofmorality', 'philosophyofreligion')",definition of morality,philosophy of religion,-1,3,novice,v1,v1,"{""model"": null, ""temperature"": null, ""date"": ""2025-09-06T23:06:20.608732+00:00"", ""prompt_version"": ""v1"", ""persona"": ""novice""}"
"('definitionofmorality', 'philosophyofreligion')",definition of morality,philosophy of religion,-1,3,course_taker,v1,v1,"{""model"": null, ""temperature"": null, ""date"": ""2025-09-06T23:06:20.608774+00:00"", ""prompt_version"": ""v1"", ""persona"": ""course_taker""}"
"('definitionofmorality', 'philosophyofreligion')",definition of morality,philosophy of religion,-1,3,phd,v1,v1,"{""model"": null, ""temperature"": null, ""date"": ""2025-09-06T23:06:20.608806+00:00"", ""prompt_version"": ""v1"", ""persona"": ""phd""}"
"('definitionofmorality', 'philosophyofreligion')",definition of morality,philosophy of religion,-1,3,expert,v1,v1,"{""model"": null, ""temperature"": null, ""date"": ""2025-09-06T23:06:20.608839+00:00"", ""prompt_version"": ""v1"", ""persona"": ""expert""}"
"('aesthetics', 'environmentalaesthetics')",environmental aesthetics,aesthetics,-1,3,novice,v1,v1,"{""model"": null, ""temperature"": null, ""date"": ""2025-09-06T23:06:20.608896+00:00"", ""prompt_version"": ""v1"", ""persona"": ""novice""}"
"('aesthetics', 'environmentalaesthetics')",environmental aesthetics,aesthetics,-1,3,course_taker,v1,v1,"{""model"": null, ""temperature"": null, ""date"": ""2025-09-06T23:06:20.608929+00:00"", ""prompt_version"": ""v1"", ""persona"": ""course_taker""}"
"('aesthetics', 'environmentalaesthetics')",environmental aesthetics,aesthetics,-1,3,phd,v1,v1,"{""model"": null, ""temperature"": null, ""date"": ""2025-09-06T23:06:20.608962+00:00"", ""prompt_version"": ""v1"", ""persona"": ""phd""}"
"('aesthetics', 'environmentalaesthetics')",environmental aesthetics,aesthetics,-1,3,expert,v1,v1,"{""model"": null, ""temperature"": null, ""date"": ""2025-09-06T23:06:20.608994+00:00"", ""prompt_version"": ""v1"", ""persona"": ""expert""}"
"('leibnizsphilosophyofmind', 'philosophyofmind')",leibniz's philosophy of mind,philosophy of mind,-1,3,novice,v1,v1,"{""model"": null, ""temperature"": null, ""date"": ""2025-09-06T23:06:20.609051+00:00"", ""prompt_version"": ""v1"", ""persona"": ""novice""}"
"('leibnizsphilosophyofmind', 'philosophyofmind')",leibniz's philosophy of mind,philosophy of mind,-1,3,course_taker,v1,v1,"{""model"": null, ""temperature"": null, ""date"": ""2025-09-06T23:06:20.609084+00:00"", ""prompt_version"": ""v1"", ""persona"": ""course_taker""}"
"('leibnizsphilosophyofmind', 'philosophyofmind')",leibniz's philosophy of mind,philosophy of mind,-1,3,phd,v1,v1,"{""model"": null, ""temperature"": null, ""date"": ""2025-09-06T23:06:20.609116+00:00"", ""prompt_version"": ""v1"", ""persona"": ""phd""}"
"('leibnizsphilosophyofmind', 'philosophyofmind')",leibniz's philosophy of mind,philosophy of mind,-1,3,expert,v1,v1,"{""model"": null, ""temperature"": null, ""date"": ""2025-09-06T23:06:20.609149+00:00"", ""prompt_version"": ""v1"", ""persona"": ""expert""}"
"('descartesmodalmetaphysics', 'metaphysics')",descartes' modal metaphysics,metaphysics,-1,3,novice,v1,v1,"{""model"": null, ""temperature"": null, ""date"": ""2025-09-06T23:06:20.609206+00:00"", ""prompt_version"": ""v1"", ""persona"": ""novice""}"
"('descartesmodalmetaphysics', 'metaphysics')",descartes' modal metaphysics,metaphysics,-1,3,course_taker,v1,v1,"{""model"": null, ""temperature"": null, ""date"": ""2025-09-06T23:06:20.609239+00:00"", ""prompt_version"": ""v1"", ""persona"": ""course_taker""}"
"('descartesmodalmetaphysics', 'metaphysics')",descartes' modal metaphysics,metaphysics,-1,3,phd,v1,v1,"{""model"": null, ""temperature"": null, ""date"": ""2025-09-06T23:06:20.609272+00:00"", ""prompt_version"": ""v1"", ""persona"": ""phd""}"
"('descartesmodalmetaphysics', 'metaphysics')",descartes' modal metaphysics,metaphysics,-1,3,expert,v1,v1,"{""model"": null, ""temperature"": null, ""date"": ""2025-09-06T23:06:20.609304+00:00"", ""prompt_version"": ""v1"", ""persona"": ""expert""}"
"('logic', 'philosophyoflanguage')",logic,philosophy of language,-1,3,novice,v1,v1,"{""model"": null, ""temperature"": null, ""date"": ""2025-09-06T23:06:20.609360+00:00"", ""prompt_version"": ""v1"", ""persona"": ""novice""}"
"('logic', 'philosophyoflanguage')",logic,philosophy of language,-1,3,course_taker,v1,v1,"{""model"": null, ""temperature"": null, ""date"": ""2025-09-06T23:06:20.609393+00:00"", ""prompt_version"": ""v1"", ""persona"": ""course_taker""}"
"('logic', 'philosophyoflanguage')",logic,philosophy of language,-1,3,phd,v1,v1,"{""model"": null, ""temperature"": null, ""date"": ""2025-09-06T23:06:20.609425+00:00"", ""prompt_version"": ""v1"", ""persona"": ""phd""}"
"('logic', 'philosophyoflanguage')",logic,philosophy of language,-1,3,expert,v1,v1,"{""model"": null, ""temperature"": null, ""date"": ""2025-09-06T23:06:20.609457+00:00"", ""prompt_version"": ""v1"", ""persona"": ""expert""}"
"('atomism', 'philosophyofchemistry')",atomism,philosophy of chemistry,-1,3,novice,v1,v1,"{""model"": null, ""temperature"": null, ""date"": ""2025-09-06T23:06:20.609513+00:00"", ""prompt_version"": ""v1"", ""persona"": ""novice""}"
"('atomism', 'philosophyofchemistry')",atomism,philosophy of chemistry,-1,3,course_taker,v1,v1,"{""model"": null, ""temperature"": null, ""date"": ""2025-09-06T23:06:20.609545+00:00"", ""prompt_version"": ""v1"", ""persona"": ""course_taker""}"
"('atomism', 'philosophyofchemistry')",atomism,philosophy of chemistry,-1,3,phd,v1,v1,"{""model"": null, ""temperature"": null, ""date"": ""2025-09-06T23:06:20.609577+00:00"", ""prompt_version"": ""v1"", ""persona"": ""phd""}"
"('atomism', 'philosophyofchemistry')",atomism,philosophy of chemistry,-1,3,expert,v1,v1,"{""model"": null, ""temperature"": null, ""date"": ""2025-09-06T23:06:20.609609+00:00"", ""prompt_version"": ""v1"", ""persona"": ""expert""}"
"('philosophyofbiology', 'philosophyofscience')",philosophy of biology,philosophy of science,-1,3,novice,v1,v1,"{""model"": null, ""temperature"": null, ""date"": ""2025-09-06T23:06:20.609666+00:00"", ""prompt_version"": ""v1"", ""persona"": ""novice""}"
"('philosophyofbiology', 'philosophyofscience')",philosophy of biology,philosophy of science,-1,3,course_taker,v1,v1,"{""model"": null, ""temperature"": null, ""date"": ""2025-09-06T23:06:20.609698+00:00"", ""prompt_version"": ""v1"", ""persona"": ""course_taker""}"
"('philosophyofbiology', 'philosophyofscience')",philosophy of biology,philosophy of science,-1,3,phd,v1,v1,"{""model"": null, ""temperature"": null, ""date"": ""2025-09-06T23:06:20.609731+00:00"", ""prompt_version"": ""v1"", ""persona"": ""phd""}"
"('philosophyofbiology', 'philosophyofscience')",philosophy of biology,philosophy of science,-1,3,expert,v1,v1,"{""model"": null, ""temperature"": null, ""date"": ""2025-09-06T23:06:20.609764+00:00"", ""prompt_version"": ""v1"", ""persona"": ""expert""}"
"('molecularbiology', 'philosophyofscienceandthesciences')",molecular biology,philosophy of science and the sciences,-1,3,novice,v1,v1,"{""model"": null, ""temperature"": null, ""date"": ""2025-09-06T23:06:20.609821+00:00"", ""prompt_version"": ""v1"", ""persona"": ""novice""}"
"('molecularbiology', 'philosophyofscienceandthesciences')",molecular biology,philosophy of science and the sciences,-1,3,course_taker,v1,v1,"{""model"": null, ""temperature"": null, ""date"": ""2025-09-06T23:06:20.609854+00:00"", ""prompt_version"": ""v1"", ""persona"": ""course_taker""}"
"('molecularbiology', 'philosophyofscienceandthesciences')",molecular biology,philosophy of science and the sciences,-1,3,phd,v1,v1,"{""model"": null, ""temperature"": null, ""date"": ""2025-09-06T23:06:20.609887+00:00"", ""prompt_version"": ""v1"", ""persona"": ""phd""}"
"('molecularbiology', 'philosophyofscienceandthesciences')",molecular biology,philosophy of science and the sciences,-1,3,expert,v1,v1,"{""model"": null, ""temperature"": null, ""date"": ""2025-09-06T23:06:20.609920+00:00"", ""prompt_version"": ""v1"", ""persona"": ""expert""}"
"('epistemology', 'induction')",induction,epistemology,-1,3,novice,v1,v1,"{""model"": null, ""temperature"": null, ""date"": ""2025-09-06T23:06:20.609976+00:00"", ""prompt_version"": ""v1"", ""persona"": ""novice""}"
"('epistemology', 'induction')",induction,epistemology,-1,3,course_taker,v1,v1,"{""model"": null, ""temperature"": null, ""date"": ""2025-09-06T23:06:20.610008+00:00"", ""prompt_version"": ""v1"", ""persona"": ""course_taker""}"
"('epistemology', 'induction')",induction,epistemology,-1,3,phd,v1,v1,"{""model"": null, ""temperature"": null, ""date"": ""2025-09-06T23:06:20.610048+00:00"", ""prompt_version"": ""v1"", ""persona"": ""phd""}"
"('epistemology', 'induction')",induction,epistemology,-1,3,expert,v1,v1,"{""model"": null, ""temperature"": null, ""date"": ""2025-09-06T23:06:20.610080+00:00"", ""prompt_version"": ""v1"", ""persona"": ""expert""}"
"('causeandeffect', 'metaphysics')",cause and effect,metaphysics,-1,3,novice,v1,v1,"{""model"": null, ""temperature"": null, ""date"": ""2025-09-06T23:06:20.610136+00:00"", ""prompt_version"": ""v1"", ""persona"": ""novice""}"
"('causeandeffect', 'metaphysics')",cause and effect,metaphysics,-1,3,course_taker,v1,v1,"{""model"": null, ""temperature"": null, ""date"": ""2025-09-06T23:06:20.610169+00:00"", ""prompt_version"": ""v1"", ""persona"": ""course_taker""}"
"('causeandeffect', 'metaphysics')",cause and effect,metaphysics,-1,3,phd,v1,v1,"{""model"": null, ""temperature"": null, ""date"": ""2025-09-06T23:06:20.610201+00:00"", ""prompt_version"": ""v1"", ""persona"": ""phd""}"
"('causeandeffect', 'metaphysics')",cause and effect,metaphysics,-1,3,expert,v1,v1,"{""model"": null, ""temperature"": null, ""date"": ""2025-09-06T23:06:20.610233+00:00"", ""prompt_version"": ""v1"", ""persona"": ""expert""}"
"('metaphysics', 'metaphysicsofmind')",metaphysics,metaphysics of mind,-1,3,novice,v1,v1,"{""model"": null, ""temperature"": null, ""date"": ""2025-09-06T23:06:20.610289+00:00"", ""prompt_version"": ""v1"", ""persona"": ""novice""}"
"('metaphysics', 'metaphysicsofmind')",metaphysics,metaphysics of mind,-1,3,course_taker,v1,v1,"{""model"": null, ""temperature"": null, ""date"": ""2025-09-06T23:06:20.610321+00:00"", ""prompt_version"": ""v1"", ""persona"": ""course_taker""}"
"('metaphysics', 'metaphysicsofmind')",metaphysics,metaphysics of mind,-1,3,phd,v1,v1,"{""model"": null, ""temperature"": null, ""date"": ""2025-09-06T23:06:20.610354+00:00"", ""prompt_version"": ""v1"", ""persona"": ""phd""}"
"('metaphysics', 'metaphysicsofmind')",metaphysics,metaphysics of mind,-1,3,expert,v1,v1,"{""model"": null, ""temperature"": null, ""date"": ""2025-09-06T23:06:20.610386+00:00"", ""prompt_version"": ""v1"", ""persona"": ""expert""}"
"('contextualism', 'epistemology')",contextualism,epistemology,-1,3,novice,v1,v1,"{""model"": null, ""temperature"": null, ""date"": ""2025-09-06T23:06:20.610446+00:00"", ""prompt_version"": ""v1"", ""persona"": ""novice""}"
"('contextualism', 'epistemology')",contextualism,epistemology,-1,3,course_taker,v1,v1,"{""model"": null, ""temperature"": null, ""date"": ""2025-09-06T23:06:20.610478+00:00"", ""prompt_version"": ""v1"", ""persona"": ""course_taker""}"
"('contextualism', 'epistemology')",contextualism,epistemology,-1,3,phd,v1,v1,"{""model"": null, ""temperature"": null, ""date"": ""2025-09-06T23:06:20.610511+00:00"", ""prompt_version"": ""v1"", ""persona"": ""phd""}"
"('contextualism', 'epistemology')",contextualism,epistemology,-1,3,expert,v1,v1,"{""model"": null, ""temperature"": null, ""date"": ""2025-09-06T23:06:20.610543+00:00"", ""prompt_version"": ""v1"", ""persona"": ""expert""}"
"('18thcenturybritishaesthetics', 'philosophyofmind')",18th century british aesthetics,philosophy of mind,-1,3,novice,v1,v1,"{""model"": null, ""temperature"": null, ""date"": ""2025-09-06T23:06:20.610603+00:00"", ""prompt_version"": ""v1"", ""persona"": ""novice""}"
"('18thcenturybritishaesthetics', 'philosophyofmind')",18th century british aesthetics,philosophy of mind,-1,3,course_taker,v1,v1,"{""model"": null, ""temperature"": null, ""date"": ""2025-09-06T23:06:20.610635+00:00"", ""prompt_version"": ""v1"", ""persona"": ""course_taker""}"
"('18thcenturybritishaesthetics', 'philosophyofmind')",18th century british aesthetics,philosophy of mind,-1,3,phd,v1,v1,"{""model"": null, ""temperature"": null, ""date"": ""2025-09-06T23:06:20.610668+00:00"", ""prompt_version"": ""v1"", ""persona"": ""phd""}"
"('18thcenturybritishaesthetics', 'philosophyofmind')",18th century british aesthetics,philosophy of mind,-1,3,expert,v1,v1,"{""model"": null, ""temperature"": null, ""date"": ""2025-09-06T23:06:20.610701+00:00"", ""prompt_version"": ""v1"", ""persona"": ""expert""}"
"('metaphysics', 'propernames')",proper names,metaphysics,-1,3,novice,v1,v1,"{""model"": null, ""temperature"": null, ""date"": ""2025-09-06T23:06:20.610757+00:00"", ""prompt_version"": ""v1"", ""persona"": ""novice""}"
"('metaphysics', 'propernames')",proper names,metaphysics,-1,3,course_taker,v1,v1,"{""model"": null, ""temperature"": null, ""date"": ""2025-09-06T23:06:20.610790+00:00"", ""prompt_version"": ""v1"", ""persona"": ""course_taker""}"
"('metaphysics', 'propernames')",proper names,metaphysics,-1,3,phd,v1,v1,"{""model"": null, ""temperature"": null, ""date"": ""2025-09-06T23:06:20.610822+00:00"", ""prompt_version"": ""v1"", ""persona"": ""phd""}"
"('metaphysics', 'propernames')",proper names,metaphysics,-1,3,expert,v1,v1,"{""model"": null, ""temperature"": null, ""date"": ""2025-09-06T23:06:20.610854+00:00"", ""prompt_version"": ""v1"", ""persona"": ""expert""}"
"('panpsychism', 'philosophyofmind')",panpsychism,philosophy of mind,-1,3,novice,v1,v1,"{""model"": null, ""temperature"": null, ""date"": ""2025-09-06T23:06:20.610910+00:00"", ""prompt_version"": ""v1"", ""persona"": ""novice""}"
"('panpsychism', 'philosophyofmind')",panpsychism,philosophy of mind,-1,3,course_taker,v1,v1,"{""model"": null, ""temperature"": null, ""date"": ""2025-09-06T23:06:20.610943+00:00"", ""prompt_version"": ""v1"", ""persona"": ""course_taker""}"
"('panpsychism', 'philosophyofmind')",panpsychism,philosophy of mind,-1,3,phd,v1,v1,"{""model"": null, ""temperature"": null, ""date"": ""2025-09-06T23:06:20.610975+00:00"", ""prompt_version"": ""v1"", ""persona"": ""phd""}"
"('panpsychism', 'philosophyofmind')",panpsychism,philosophy of mind,-1,3,expert,v1,v1,"{""model"": null, ""temperature"": null, ""date"": ""2025-09-06T23:06:20.611007+00:00"", ""prompt_version"": ""v1"", ""persona"": ""expert""}"
"('philosophyofreligion', 'religionandpolitics')",religion and politics,philosophy of religion,-1,3,novice,v1,v1,"{""model"": null, ""temperature"": null, ""date"": ""2025-09-06T23:06:20.611064+00:00"", ""prompt_version"": ""v1"", ""persona"": ""novice""}"
"('philosophyofreligion', 'religionandpolitics')",religion and politics,philosophy of religion,-1,3,course_taker,v1,v1,"{""model"": null, ""temperature"": null, ""date"": ""2025-09-06T23:06:20.611097+00:00"", ""prompt_version"": ""v1"", ""persona"": ""course_taker""}"
"('philosophyofreligion', 'religionandpolitics')",religion and politics,philosophy of religion,-1,3,phd,v1,v1,"{""model"": null, ""temperature"": null, ""date"": ""2025-09-06T23:06:20.611131+00:00"", ""prompt_version"": ""v1"", ""persona"": ""phd""}"
"('philosophyofreligion', 'religionandpolitics')",religion and politics,philosophy of religion,-1,3,expert,v1,v1,"{""model"": null, ""temperature"": null, ""date"": ""2025-09-06T23:06:20.611163+00:00"", ""prompt_version"": ""v1"", ""persona"": ""expert""}"
"('18thcenturygermanaesthetics', 'perception')",18th century german aesthetics,perception,-1,3,novice,v1,v1,"{""model"": null, ""temperature"": null, ""date"": ""2025-09-06T23:06:20.611220+00:00"", ""prompt_version"": ""v1"", ""persona"": ""novice""}"
"('18thcenturygermanaesthetics', 'perception')",18th century german aesthetics,perception,-1,3,course_taker,v1,v1,"{""model"": null, ""temperature"": null, ""date"": ""2025-09-06T23:06:20.611253+00:00"", ""prompt_version"": ""v1"", ""persona"": ""course_taker""}"
"('18thcenturygermanaesthetics', 'perception')",18th century german aesthetics,perception,-1,3,phd,v1,v1,"{""model"": null, ""temperature"": null, ""date"": ""2025-09-06T23:06:20.611286+00:00"", ""prompt_version"": ""v1"", ""persona"": ""phd""}"
"('18thcenturygermanaesthetics', 'perception')",18th century german aesthetics,perception,-1,3,expert,v1,v1,"{""model"": null, ""temperature"": null, ""date"": ""2025-09-06T23:06:20.611319+00:00"", ""prompt_version"": ""v1"", ""persona"": ""expert""}"
"('knowledge', 'platoonknowledgeinthetheaetetus')",plato on knowledge in the theaetetus,knowledge,-1,3,novice,v1,v1,"{""model"": null, ""temperature"": null, ""date"": ""2025-09-06T23:06:20.611376+00:00"", ""prompt_version"": ""v1"", ""persona"": ""novice""}"
"('knowledge', 'platoonknowledgeinthetheaetetus')",plato on knowledge in the theaetetus,knowledge,-1,3,course_taker,v1,v1,"{""model"": null, ""temperature"": null, ""date"": ""2025-09-06T23:06:20.611418+00:00"", ""prompt_version"": ""v1"", ""persona"": ""course_taker""}"
"('knowledge', 'platoonknowledgeinthetheaetetus')",plato on knowledge in the theaetetus,knowledge,-1,3,phd,v1,v1,"{""model"": null, ""temperature"": null, ""date"": ""2025-09-06T23:06:20.611451+00:00"", ""prompt_version"": ""v1"", ""persona"": ""phd""}"
"('knowledge', 'platoonknowledgeinthetheaetetus')",plato on knowledge in the theaetetus,knowledge,-1,3,expert,v1,v1,"{""model"": null, ""temperature"": null, ""date"": ""2025-09-06T23:06:20.611484+00:00"", ""prompt_version"": ""v1"", ""persona"": ""expert""}"
"('appliedethics', 'bioethics')",bioethics,applied ethics,-1,3,novice,v1,v1,"{""model"": null, ""temperature"": null, ""date"": ""2025-09-06T23:06:20.611541+00:00"", ""prompt_version"": ""v1"", ""persona"": ""novice""}"
"('appliedethics', 'bioethics')",bioethics,applied ethics,-1,3,course_taker,v1,v1,"{""model"": null, ""temperature"": null, ""date"": ""2025-09-06T23:06:20.611574+00:00"", ""prompt_version"": ""v1"", ""persona"": ""course_taker""}"
"('appliedethics', 'bioethics')",bioethics,applied ethics,-1,3,phd,v1,v1,"{""model"": null, ""temperature"": null, ""date"": ""2025-09-06T23:06:20.611606+00:00"", ""prompt_version"": ""v1"", ""persona"": ""phd""}"
"('appliedethics', 'bioethics')",bioethics,applied ethics,-1,3,expert,v1,v1,"{""model"": null, ""temperature"": null, ""date"": ""2025-09-06T23:06:20.611639+00:00"", ""prompt_version"": ""v1"", ""persona"": ""expert""}"
"('gettierproblem', 'perception')",gettier problem,perception,-1,3,novice,v1,v1,"{""model"": null, ""temperature"": null, ""date"": ""2025-09-06T23:06:20.611697+00:00"", ""prompt_version"": ""v1"", ""persona"": ""novice""}"
"('gettierproblem', 'perception')",gettier problem,perception,-1,3,course_taker,v1,v1,"{""model"": null, ""temperature"": null, ""date"": ""2025-09-06T23:06:20.611729+00:00"", ""prompt_version"": ""v1"", ""persona"": ""course_taker""}"
"('gettierproblem', 'perception')",gettier problem,perception,-1,3,phd,v1,v1,"{""model"": null, ""temperature"": null, ""date"": ""2025-09-06T23:06:20.611763+00:00"", ""prompt_version"": ""v1"", ""persona"": ""phd""}"
"('gettierproblem', 'perception')",gettier problem,perception,-1,3,expert,v1,v1,"{""model"": null, ""temperature"": null, ""date"": ""2025-09-06T23:06:20.611795+00:00"", ""prompt_version"": ""v1"", ""persona"": ""expert""}"
"('chinesephilosophy', 'mohism')",mohism,chinese philosophy,-1,3,novice,v1,v1,"{""model"": null, ""temperature"": null, ""date"": ""2025-09-06T23:06:20.611853+00:00"", ""prompt_version"": ""v1"", ""persona"": ""novice""}"
"('chinesephilosophy', 'mohism')",mohism,chinese philosophy,-1,3,course_taker,v1,v1,"{""model"": null, ""temperature"": null, ""date"": ""2025-09-06T23:06:20.611885+00:00"", ""prompt_version"": ""v1"", ""persona"": ""course_taker""}"
"('chinesephilosophy', 'mohism')",mohism,chinese philosophy,-1,3,phd,v1,v1,"{""model"": null, ""temperature"": null, ""date"": ""2025-09-06T23:06:20.611917+00:00"", ""prompt_version"": ""v1"", ""persona"": ""phd""}"
"('chinesephilosophy', 'mohism')",mohism,chinese philosophy,-1,3,expert,v1,v1,"{""model"": null, ""temperature"": null, ""date"": ""2025-09-06T23:06:20.611949+00:00"", ""prompt_version"": ""v1"", ""persona"": ""expert""}"
"('artificialintelligence', 'computationandrepresentation')",computation and representation,artificial intelligence,-1,3,novice,v1,v1,"{""model"": null, ""temperature"": null, ""date"": ""2025-09-06T23:06:20.612006+00:00"", ""prompt_version"": ""v1"", ""persona"": ""novice""}"
"('artificialintelligence', 'computationandrepresentation')",computation and representation,artificial intelligence,-1,3,course_taker,v1,v1,"{""model"": null, ""temperature"": null, ""date"": ""2025-09-06T23:06:20.612040+00:00"", ""prompt_version"": ""v1"", ""persona"": ""course_taker""}"
"('artificialintelligence', 'computationandrepresentation')",computation and representation,artificial intelligence,-1,3,phd,v1,v1,"{""model"": null, ""temperature"": null, ""date"": ""2025-09-06T23:06:20.612073+00:00"", ""prompt_version"": ""v1"", ""persona"": ""phd""}"
"('artificialintelligence', 'computationandrepresentation')",computation and representation,artificial intelligence,-1,3,expert,v1,v1,"{""model"": null, ""temperature"": null, ""date"": ""2025-09-06T23:06:20.612107+00:00"", ""prompt_version"": ""v1"", ""persona"": ""expert""}"
"('epistemologicalproblemsofmemory', 'epistemology')",epistemological problems of memory,epistemology,-1,3,novice,v1,v1,"{""model"": null, ""temperature"": null, ""date"": ""2025-09-06T23:06:20.612165+00:00"", ""prompt_version"": ""v1"", ""persona"": ""novice""}"
"('epistemologicalproblemsofmemory', 'epistemology')",epistemological problems of memory,epistemology,-1,3,course_taker,v1,v1,"{""model"": null, ""temperature"": null, ""date"": ""2025-09-06T23:06:20.612198+00:00"", ""prompt_version"": ""v1"", ""persona"": ""course_taker""}"
"('epistemologicalproblemsofmemory', 'epistemology')",epistemological problems of memory,epistemology,-1,3,phd,v1,v1,"{""model"": null, ""temperature"": null, ""date"": ""2025-09-06T23:06:20.612230+00:00"", ""prompt_version"": ""v1"", ""persona"": ""phd""}"
"('epistemologicalproblemsofmemory', 'epistemology')",epistemological problems of memory,epistemology,-1,3,expert,v1,v1,"{""model"": null, ""temperature"": null, ""date"": ""2025-09-06T23:06:20.612263+00:00"", ""prompt_version"": ""v1"", ""persona"": ""expert""}"
"('mentalcontent', 'teleologicaltheoriesofmentalcontent')",teleological theories of mental content,mental content,-1,3,novice,v1,v1,"{""model"": null, ""temperature"": null, ""date"": ""2025-09-06T23:06:20.612336+00:00"", ""prompt_version"": ""v1"", ""persona"": ""novice""}"
"('mentalcontent', 'teleologicaltheoriesofmentalcontent')",teleological theories of mental content,mental content,-1,3,course_taker,v1,v1,"{""model"": null, ""temperature"": null, ""date"": ""2025-09-06T23:06:20.612370+00:00"", ""prompt_version"": ""v1"", ""persona"": ""course_taker""}"
"('mentalcontent', 'teleologicaltheoriesofmentalcontent')",teleological theories of mental content,mental content,-1,3,phd,v1,v1,"{""model"": null, ""temperature"": null, ""date"": ""2025-09-06T23:06:20.612403+00:00"", ""prompt_version"": ""v1"", ""persona"": ""phd""}"
"('mentalcontent', 'teleologicaltheoriesofmentalcontent')",teleological theories of mental content,mental content,-1,3,expert,v1,v1,"{""model"": null, ""temperature"": null, ""date"": ""2025-09-06T23:06:20.612436+00:00"", ""prompt_version"": ""v1"", ""persona"": ""expert""}"
"('confirmationandinduction', 'epistemology')",confirmation and induction,epistemology,-1,3,novice,v1,v1,"{""model"": null, ""temperature"": null, ""date"": ""2025-09-06T23:06:20.612495+00:00"", ""prompt_version"": ""v1"", ""persona"": ""novice""}"
"('confirmationandinduction', 'epistemology')",confirmation and induction,epistemology,-1,3,course_taker,v1,v1,"{""model"": null, ""temperature"": null, ""date"": ""2025-09-06T23:06:20.612528+00:00"", ""prompt_version"": ""v1"", ""persona"": ""course_taker""}"
"('confirmationandinduction', 'epistemology')",confirmation and induction,epistemology,-1,3,phd,v1,v1,"{""model"": null, ""temperature"": null, ""date"": ""2025-09-06T23:06:20.612560+00:00"", ""prompt_version"": ""v1"", ""persona"": ""phd""}"
"('confirmationandinduction', 'epistemology')",confirmation and induction,epistemology,-1,3,expert,v1,v1,"{""model"": null, ""temperature"": null, ""date"": ""2025-09-06T23:06:20.612593+00:00"", ""prompt_version"": ""v1"", ""persona"": ""expert""}"
"('islamicphilosophy', 'philosophyofreligion')",islamic philosophy,philosophy of religion,-1,3,novice,v1,v1,"{""model"": null, ""temperature"": null, ""date"": ""2025-09-06T23:06:20.612649+00:00"", ""prompt_version"": ""v1"", ""persona"": ""novice""}"
"('islamicphilosophy', 'philosophyofreligion')",islamic philosophy,philosophy of religion,-1,3,course_taker,v1,v1,"{""model"": null, ""temperature"": null, ""date"": ""2025-09-06T23:06:20.612682+00:00"", ""prompt_version"": ""v1"", ""persona"": ""course_taker""}"
"('islamicphilosophy', 'philosophyofreligion')",islamic philosophy,philosophy of religion,-1,3,phd,v1,v1,"{""model"": null, ""temperature"": null, ""date"": ""2025-09-06T23:06:20.612722+00:00"", ""prompt_version"": ""v1"", ""persona"": ""phd""}"
"('islamicphilosophy', 'philosophyofreligion')",islamic philosophy,philosophy of religion,-1,3,expert,v1,v1,"{""model"": null, ""temperature"": null, ""date"": ""2025-09-06T23:06:20.612755+00:00"", ""prompt_version"": ""v1"", ""persona"": ""expert""}"
"('boltzmannsworkinstatisticalphysics', 'philosophyofscienceandthesciences')",boltzmann's work in statistical physics,philosophy of science and the sciences,-1,3,novice,v1,v1,"{""model"": null, ""temperature"": null, ""date"": ""2025-09-06T23:06:20.612813+00:00"", ""prompt_version"": ""v1"", ""persona"": ""novice""}"
"('boltzmannsworkinstatisticalphysics', 'philosophyofscienceandthesciences')",boltzmann's work in statistical physics,philosophy of science and the sciences,-1,3,course_taker,v1,v1,"{""model"": null, ""temperature"": null, ""date"": ""2025-09-06T23:06:20.612847+00:00"", ""prompt_version"": ""v1"", ""persona"": ""course_taker""}"
"('boltzmannsworkinstatisticalphysics', 'philosophyofscienceandthesciences')",boltzmann's work in statistical physics,philosophy of science and the sciences,-1,3,phd,v1,v1,"{""model"": null, ""temperature"": null, ""date"": ""2025-09-06T23:06:20.612881+00:00"", ""prompt_version"": ""v1"", ""persona"": ""phd""}"
"('boltzmannsworkinstatisticalphysics', 'philosophyofscienceandthesciences')",boltzmann's work in statistical physics,philosophy of science and the sciences,-1,3,expert,v1,v1,"{""model"": null, ""temperature"": null, ""date"": ""2025-09-06T23:06:20.612915+00:00"", ""prompt_version"": ""v1"", ""persona"": ""expert""}"
"('formsofgovernment', 'philosophyofreligion')",forms of government,philosophy of religion,-1,3,novice,v1,v1,"{""model"": null, ""temperature"": null, ""date"": ""2025-09-06T23:06:20.612991+00:00"", ""prompt_version"": ""v1"", ""persona"": ""novice""}"
"('formsofgovernment', 'philosophyofreligion')",forms of government,philosophy of religion,-1,3,course_taker,v1,v1,"{""model"": null, ""temperature"": null, ""date"": ""2025-09-06T23:06:20.613024+00:00"", ""prompt_version"": ""v1"", ""persona"": ""course_taker""}"
"('formsofgovernment', 'philosophyofreligion')",forms of government,philosophy of religion,-1,3,phd,v1,v1,"{""model"": null, ""temperature"": null, ""date"": ""2025-09-06T23:06:20.613057+00:00"", ""prompt_version"": ""v1"", ""persona"": ""phd""}"
"('formsofgovernment', 'philosophyofreligion')",forms of government,philosophy of religion,-1,3,expert,v1,v1,"{""model"": null, ""temperature"": null, ""date"": ""2025-09-06T23:06:20.613090+00:00"", ""prompt_version"": ""v1"", ""persona"": ""expert""}"
"('logicalform', 'philosophyoflanguage')",philosophy of language,logical form,-1,3,novice,v1,v1,"{""model"": null, ""temperature"": null, ""date"": ""2025-09-06T23:06:20.613146+00:00"", ""prompt_version"": ""v1"", ""persona"": ""novice""}"
"('logicalform', 'philosophyoflanguage')",philosophy of language,logical form,-1,3,course_taker,v1,v1,"{""model"": null, ""temperature"": null, ""date"": ""2025-09-06T23:06:20.613180+00:00"", ""prompt_version"": ""v1"", ""persona"": ""course_taker""}"
"('logicalform', 'philosophyoflanguage')",philosophy of language,logical form,-1,3,phd,v1,v1,"{""model"": null, ""temperature"": null, ""date"": ""2025-09-06T23:06:20.613213+00:00"", ""prompt_version"": ""v1"", ""persona"": ""phd""}"
"('logicalform', 'philosophyoflanguage')",philosophy of language,logical form,-1,3,expert,v1,v1,"{""model"": null, ""temperature"": null, ""date"": ""2025-09-06T23:06:20.613245+00:00"", ""prompt_version"": ""v1"", ""persona"": ""expert""}"
"('philosophyofreligion', 'religiouslanguage')",religious language,philosophy of religion,-1,3,novice,v1,v1,"{""model"": null, ""temperature"": null, ""date"": ""2025-09-06T23:06:20.613302+00:00"", ""prompt_version"": ""v1"", ""persona"": ""novice""}"
"('philosophyofreligion', 'religiouslanguage')",religious language,philosophy of religion,-1,3,course_taker,v1,v1,"{""model"": null, ""temperature"": null, ""date"": ""2025-09-06T23:06:20.613335+00:00"", ""prompt_version"": ""v1"", ""persona"": ""course_taker""}"
"('philosophyofreligion', 'religiouslanguage')",religious language,philosophy of religion,-1,3,phd,v1,v1,"{""model"": null, ""temperature"": null, ""date"": ""2025-09-06T23:06:20.613368+00:00"", ""prompt_version"": ""v1"", ""persona"": ""phd""}"
"('philosophyofreligion', 'religiouslanguage')",religious language,philosophy of religion,-1,3,expert,v1,v1,"{""model"": null, ""temperature"": null, ""date"": ""2025-09-06T23:06:20.613401+00:00"", ""prompt_version"": ""v1"", ""persona"": ""expert""}"
"('perception', 'philosophyofmind')",perception,philosophy of mind,-1,3,novice,v1,v1,"{""model"": null, ""temperature"": null, ""date"": ""2025-09-06T23:06:20.613458+00:00"", ""prompt_version"": ""v1"", ""persona"": ""novice""}"
"('perception', 'philosophyofmind')",perception,philosophy of mind,-1,3,course_taker,v1,v1,"{""model"": null, ""temperature"": null, ""date"": ""2025-09-06T23:06:20.613491+00:00"", ""prompt_version"": ""v1"", ""persona"": ""course_taker""}"
"('perception', 'philosophyofmind')",perception,philosophy of mind,-1,3,phd,v1,v1,"{""model"": null, ""temperature"": null, ""date"": ""2025-09-06T23:06:20.613525+00:00"", ""prompt_version"": ""v1"", ""persona"": ""phd""}"
"('perception', 'philosophyofmind')",perception,philosophy of mind,-1,3,expert,v1,v1,"{""model"": null, ""temperature"": null, ""date"": ""2025-09-06T23:06:20.613557+00:00"", ""prompt_version"": ""v1"", ""persona"": ""expert""}"
"('philosophyofmind', 'propositionalattitude')",propositional attitude,philosophy of mind,-1,3,novice,v1,v1,"{""model"": null, ""temperature"": null, ""date"": ""2025-09-06T23:06:20.613614+00:00"", ""prompt_version"": ""v1"", ""persona"": ""novice""}"
"('philosophyofmind', 'propositionalattitude')",propositional attitude,philosophy of mind,-1,3,course_taker,v1,v1,"{""model"": null, ""temperature"": null, ""date"": ""2025-09-06T23:06:20.613647+00:00"", ""prompt_version"": ""v1"", ""persona"": ""course_taker""}"
"('philosophyofmind', 'propositionalattitude')",propositional attitude,philosophy of mind,-1,3,phd,v1,v1,"{""model"": null, ""temperature"": null, ""date"": ""2025-09-06T23:06:20.613680+00:00"", ""prompt_version"": ""v1"", ""persona"": ""phd""}"
"('philosophyofmind', 'propositionalattitude')",propositional attitude,philosophy of mind,-1,3,expert,v1,v1,"{""model"": null, ""temperature"": null, ""date"": ""2025-09-06T23:06:20.613712+00:00"", ""prompt_version"": ""v1"", ""persona"": ""expert""}"
"('neuralcorrelates', 'perception')",neural correlates,perception,-1,3,novice,v1,v1,"{""model"": null, ""temperature"": null, ""date"": ""2025-09-06T23:06:20.613769+00:00"", ""prompt_version"": ""v1"", ""persona"": ""novice""}"
"('neuralcorrelates', 'perception')",neural correlates,perception,-1,3,course_taker,v1,v1,"{""model"": null, ""temperature"": null, ""date"": ""2025-09-06T23:06:20.613802+00:00"", ""prompt_version"": ""v1"", ""persona"": ""course_taker""}"
"('neuralcorrelates', 'perception')",neural correlates,perception,-1,3,phd,v1,v1,"{""model"": null, ""temperature"": null, ""date"": ""2025-09-06T23:06:20.613834+00:00"", ""prompt_version"": ""v1"", ""persona"": ""phd""}"
"('neuralcorrelates', 'perception')",neural correlates,perception,-1,3,expert,v1,v1,"{""model"": null, ""temperature"": null, ""date"": ""2025-09-06T23:06:20.613866+00:00"", ""prompt_version"": ""v1"", ""persona"": ""expert""}"
"('descartesandthepinealgland', 'perception')",descartes and the pineal gland,perception,-1,3,novice,v1,v1,"{""model"": null, ""temperature"": null, ""date"": ""2025-09-06T23:06:20.613924+00:00"", ""prompt_version"": ""v1"", ""persona"": ""novice""}"
"('descartesandthepinealgland', 'perception')",descartes and the pineal gland,perception,-1,3,course_taker,v1,v1,"{""model"": null, ""temperature"": null, ""date"": ""2025-09-06T23:06:20.613957+00:00"", ""prompt_version"": ""v1"", ""persona"": ""course_taker""}"
"('descartesandthepinealgland', 'perception')",descartes and the pineal gland,perception,-1,3,phd,v1,v1,"{""model"": null, ""temperature"": null, ""date"": ""2025-09-06T23:06:20.613990+00:00"", ""prompt_version"": ""v1"", ""persona"": ""phd""}"
"('descartesandthepinealgland', 'perception')",descartes and the pineal gland,perception,-1,3,expert,v1,v1,"{""model"": null, ""temperature"": null, ""date"": ""2025-09-06T23:06:20.614032+00:00"", ""prompt_version"": ""v1"", ""persona"": ""expert""}"
"('literature', 'philosophyofscienceandthesciences')",literature,philosophy of science and the sciences,-1,3,novice,v1,v1,"{""model"": null, ""temperature"": null, ""date"": ""2025-09-06T23:06:20.614092+00:00"", ""prompt_version"": ""v1"", ""persona"": ""novice""}"
"('literature', 'philosophyofscienceandthesciences')",literature,philosophy of science and the sciences,-1,3,course_taker,v1,v1,"{""model"": null, ""temperature"": null, ""date"": ""2025-09-06T23:06:20.614128+00:00"", ""prompt_version"": ""v1"", ""persona"": ""course_taker""}"
"('literature', 'philosophyofscienceandthesciences')",literature,philosophy of science and the sciences,-1,3,phd,v1,v1,"{""model"": null, ""temperature"": null, ""date"": ""2025-09-06T23:06:20.614162+00:00"", ""prompt_version"": ""v1"", ""persona"": ""phd""}"
"('literature', 'philosophyofscienceandthesciences')",literature,philosophy of science and the sciences,-1,3,expert,v1,v1,"{""model"": null, ""temperature"": null, ""date"": ""2025-09-06T23:06:20.614196+00:00"", ""prompt_version"": ""v1"", ""persona"": ""expert""}"
"('perception', 'surrealism')",surrealism,perception,-1,3,novice,v1,v1,"{""model"": null, ""temperature"": null, ""date"": ""2025-09-06T23:06:20.614253+00:00"", ""prompt_version"": ""v1"", ""persona"": ""novice""}"
"('perception', 'surrealism')",surrealism,perception,-1,3,course_taker,v1,v1,"{""model"": null, ""temperature"": null, ""date"": ""2025-09-06T23:06:20.614285+00:00"", ""prompt_version"": ""v1"", ""persona"": ""course_taker""}"
"('perception', 'surrealism')",surrealism,perception,-1,3,phd,v1,v1,"{""model"": null, ""temperature"": null, ""date"": ""2025-09-06T23:06:20.614318+00:00"", ""prompt_version"": ""v1"", ""persona"": ""phd""}"
"('perception', 'surrealism')",surrealism,perception,-1,3,expert,v1,v1,"{""model"": null, ""temperature"": null, ""date"": ""2025-09-06T23:06:20.614350+00:00"", ""prompt_version"": ""v1"", ""persona"": ""expert""}"
"('philosophyofreligion', 'toleration')",toleration,philosophy of religion,-1,3,novice,v1,v1,"{""model"": null, ""temperature"": null, ""date"": ""2025-09-06T23:06:20.614407+00:00"", ""prompt_version"": ""v1"", ""persona"": ""novice""}"
"('philosophyofreligion', 'toleration')",toleration,philosophy of religion,-1,3,course_taker,v1,v1,"{""model"": null, ""temperature"": null, ""date"": ""2025-09-06T23:06:20.614442+00:00"", ""prompt_version"": ""v1"", ""persona"": ""course_taker""}"
"('philosophyofreligion', 'toleration')",toleration,philosophy of religion,-1,3,phd,v1,v1,"{""model"": null, ""temperature"": null, ""date"": ""2025-09-06T23:06:20.614475+00:00"", ""prompt_version"": ""v1"", ""persona"": ""phd""}"
"('philosophyofreligion', 'toleration')",toleration,philosophy of religion,-1,3,expert,v1,v1,"{""model"": null, ""temperature"": null, ""date"": ""2025-09-06T23:06:20.614508+00:00"", ""prompt_version"": ""v1"", ""persona"": ""expert""}"
"('metaphysics', 'philosophyofmind')",philosophy of mind,metaphysics,-1,3,novice,v1,v1,"{""model"": null, ""temperature"": null, ""date"": ""2025-09-06T23:06:20.614565+00:00"", ""prompt_version"": ""v1"", ""persona"": ""novice""}"
"('metaphysics', 'philosophyofmind')",philosophy of mind,metaphysics,-1,3,course_taker,v1,v1,"{""model"": null, ""temperature"": null, ""date"": ""2025-09-06T23:06:20.614597+00:00"", ""prompt_version"": ""v1"", ""persona"": ""course_taker""}"
"('metaphysics', 'philosophyofmind')",philosophy of mind,metaphysics,-1,3,phd,v1,v1,"{""model"": null, ""temperature"": null, ""date"": ""2025-09-06T23:06:20.614630+00:00"", ""prompt_version"": ""v1"", ""persona"": ""phd""}"
"('metaphysics', 'philosophyofmind')",philosophy of mind,metaphysics,-1,3,expert,v1,v1,"{""model"": null, ""temperature"": null, ""date"": ""2025-09-06T23:06:20.614663+00:00"", ""prompt_version"": ""v1"", ""persona"": ""expert""}"
"('aspectsofconsciousness', 'functionofconsciousness')",function of consciousness,aspects of consciousness,-1,3,novice,v1,v1,"{""model"": null, ""temperature"": null, ""date"": ""2025-09-06T23:06:20.614720+00:00"", ""prompt_version"": ""v1"", ""persona"": ""novice""}"
"('aspectsofconsciousness', 'functionofconsciousness')",function of consciousness,aspects of consciousness,-1,3,course_taker,v1,v1,"{""model"": null, ""temperature"": null, ""date"": ""2025-09-06T23:06:20.614754+00:00"", ""prompt_version"": ""v1"", ""persona"": ""course_taker""}"
"('aspectsofconsciousness', 'functionofconsciousness')",function of consciousness,aspects of consciousness,-1,3,phd,v1,v1,"{""model"": null, ""temperature"": null, ""date"": ""2025-09-06T23:06:20.614788+00:00"", ""prompt_version"": ""v1"", ""persona"": ""phd""}"
"('aspectsofconsciousness', 'functionofconsciousness')",function of consciousness,aspects of consciousness,-1,3,expert,v1,v1,"{""model"": null, ""temperature"": null, ""date"": ""2025-09-06T23:06:20.614821+00:00"", ""prompt_version"": ""v1"", ""persona"": ""expert""}"
"('earlyphilosophicalinterpretationsofgeneralrelativity', 'epistemology')",early philosophical interpretations of general relativity,epistemology,-1,3,novice,v1,v1,"{""model"": null, ""temperature"": null, ""date"": ""2025-09-06T23:06:20.614879+00:00"", ""prompt_version"": ""v1"", ""persona"": ""novice""}"
"('earlyphilosophicalinterpretationsofgeneralrelativity', 'epistemology')",early philosophical interpretations of general relativity,epistemology,-1,3,course_taker,v1,v1,"{""model"": null, ""temperature"": null, ""date"": ""2025-09-06T23:06:20.614913+00:00"", ""prompt_version"": ""v1"", ""persona"": ""course_taker""}"
"('earlyphilosophicalinterpretationsofgeneralrelativity', 'epistemology')",early philosophical interpretations of general relativity,epistemology,-1,3,phd,v1,v1,"{""model"": null, ""temperature"": null, ""date"": ""2025-09-06T23:06:20.614947+00:00"", ""prompt_version"": ""v1"", ""persona"": ""phd""}"
"('earlyphilosophicalinterpretationsofgeneralrelativity', 'epistemology')",early philosophical interpretations of general relativity,epistemology,-1,3,expert,v1,v1,"{""model"": null, ""temperature"": null, ""date"": ""2025-09-06T23:06:20.614980+00:00"", ""prompt_version"": ""v1"", ""persona"": ""expert""}"
"('medievaltheoriesofanalogy', 'metaphysics')",medieval theories of analogy,metaphysics,-1,3,novice,v1,v1,"{""model"": null, ""temperature"": null, ""date"": ""2025-09-06T23:06:20.615038+00:00"", ""prompt_version"": ""v1"", ""persona"": ""novice""}"
"('medievaltheoriesofanalogy', 'metaphysics')",medieval theories of analogy,metaphysics,-1,3,course_taker,v1,v1,"{""model"": null, ""temperature"": null, ""date"": ""2025-09-06T23:06:20.615071+00:00"", ""prompt_version"": ""v1"", ""persona"": ""course_taker""}"
"('medievaltheoriesofanalogy', 'metaphysics')",medieval theories of analogy,metaphysics,-1,3,phd,v1,v1,"{""model"": null, ""temperature"": null, ""date"": ""2025-09-06T23:06:20.615104+00:00"", ""prompt_version"": ""v1"", ""persona"": ""phd""}"
"('medievaltheoriesofanalogy', 'metaphysics')",medieval theories of analogy,metaphysics,-1,3,expert,v1,v1,"{""model"": null, ""temperature"": null, ""date"": ""2025-09-06T23:06:20.615137+00:00"", ""prompt_version"": ""v1"", ""persona"": ""expert""}"
"('metaphysics', 'platoonutopia')",plato on utopia,metaphysics,-1,3,novice,v1,v1,"{""model"": null, ""temperature"": null, ""date"": ""2025-09-06T23:06:20.615193+00:00"", ""prompt_version"": ""v1"", ""persona"": ""novice""}"
"('metaphysics', 'platoonutopia')",plato on utopia,metaphysics,-1,3,course_taker,v1,v1,"{""model"": null, ""temperature"": null, ""date"": ""2025-09-06T23:06:20.615227+00:00"", ""prompt_version"": ""v1"", ""persona"": ""course_taker""}"
"('metaphysics', 'platoonutopia')",plato on utopia,metaphysics,-1,3,phd,v1,v1,"{""model"": null, ""temperature"": null, ""date"": ""2025-09-06T23:06:20.615259+00:00"", ""prompt_version"": ""v1"", ""persona"": ""phd""}"
"('metaphysics', 'platoonutopia')",plato on utopia,metaphysics,-1,3,expert,v1,v1,"{""model"": null, ""temperature"": null, ""date"": ""2025-09-06T23:06:20.615292+00:00"", ""prompt_version"": ""v1"", ""persona"": ""expert""}"
"('continentalphilosophy', 'pragmatism')",continental philosophy,pragmatism,-1,3,novice,v1,v1,"{""model"": null, ""temperature"": null, ""date"": ""2025-09-06T23:06:20.615356+00:00"", ""prompt_version"": ""v1"", ""persona"": ""novice""}"
"('continentalphilosophy', 'pragmatism')",continental philosophy,pragmatism,-1,3,course_taker,v1,v1,"{""model"": null, ""temperature"": null, ""date"": ""2025-09-06T23:06:20.615390+00:00"", ""prompt_version"": ""v1"", ""persona"": ""course_taker""}"
"('continentalphilosophy', 'pragmatism')",continental philosophy,pragmatism,-1,3,phd,v1,v1,"{""model"": null, ""temperature"": null, ""date"": ""2025-09-06T23:06:20.615422+00:00"", ""prompt_version"": ""v1"", ""persona"": ""phd""}"
"('continentalphilosophy', 'pragmatism')",continental philosophy,pragmatism,-1,3,expert,v1,v1,"{""model"": null, ""temperature"": null, ""date"": ""2025-09-06T23:06:20.615455+00:00"", ""prompt_version"": ""v1"", ""persona"": ""expert""}"
"('artificialintelligence', 'symbolicprocessing')",symbolic processing,artificial intelligence,-1,3,novice,v1,v1,"{""model"": null, ""temperature"": null, ""date"": ""2025-09-06T23:06:20.615511+00:00"", ""prompt_version"": ""v1"", ""persona"": ""novice""}"
"('artificialintelligence', 'symbolicprocessing')",symbolic processing,artificial intelligence,-1,3,course_taker,v1,v1,"{""model"": null, ""temperature"": null, ""date"": ""2025-09-06T23:06:20.615545+00:00"", ""prompt_version"": ""v1"", ""persona"": ""course_taker""}"
"('artificialintelligence', 'symbolicprocessing')",symbolic processing,artificial intelligence,-1,3,phd,v1,v1,"{""model"": null, ""temperature"": null, ""date"": ""2025-09-06T23:06:20.615579+00:00"", ""prompt_version"": ""v1"", ""persona"": ""phd""}"
"('artificialintelligence', 'symbolicprocessing')",symbolic processing,artificial intelligence,-1,3,expert,v1,v1,"{""model"": null, ""temperature"": null, ""date"": ""2025-09-06T23:06:20.615612+00:00"", ""prompt_version"": ""v1"", ""persona"": ""expert""}"
"('aristotlesnaturalphilosophy', 'metaphysics')",aristotle's natural philosophy,metaphysics,-1,3,novice,v1,v1,"{""model"": null, ""temperature"": null, ""date"": ""2025-09-06T23:06:20.615669+00:00"", ""prompt_version"": ""v1"", ""persona"": ""novice""}"
"('aristotlesnaturalphilosophy', 'metaphysics')",aristotle's natural philosophy,metaphysics,-1,3,course_taker,v1,v1,"{""model"": null, ""temperature"": null, ""date"": ""2025-09-06T23:06:20.615702+00:00"", ""prompt_version"": ""v1"", ""persona"": ""course_taker""}"
"('aristotlesnaturalphilosophy', 'metaphysics')",aristotle's natural philosophy,metaphysics,-1,3,phd,v1,v1,"{""model"": null, ""temperature"": null, ""date"": ""2025-09-06T23:06:20.615735+00:00"", ""prompt_version"": ""v1"", ""persona"": ""phd""}"
"('aristotlesnaturalphilosophy', 'metaphysics')",aristotle's natural philosophy,metaphysics,-1,3,expert,v1,v1,"{""model"": null, ""temperature"": null, ""date"": ""2025-09-06T23:06:20.615768+00:00"", ""prompt_version"": ""v1"", ""persona"": ""expert""}"
"('consciousnessandintentionality', 'perception')",consciousness and intentionality,perception,-1,3,novice,v1,v1,"{""model"": null, ""temperature"": null, ""date"": ""2025-09-06T23:06:20.615825+00:00"", ""prompt_version"": ""v1"", ""persona"": ""novice""}"
"('consciousnessandintentionality', 'perception')",consciousness and intentionality,perception,-1,3,course_taker,v1,v1,"{""model"": null, ""temperature"": null, ""date"": ""2025-09-06T23:06:20.615858+00:00"", ""prompt_version"": ""v1"", ""persona"": ""course_taker""}"
"('consciousnessandintentionality', 'perception')",consciousness and intentionality,perception,-1,3,phd,v1,v1,"{""model"": null, ""temperature"": null, ""date"": ""2025-09-06T23:06:20.615891+00:00"", ""prompt_version"": ""v1"", ""persona"": ""phd""}"
"('consciousnessandintentionality', 'perception')",consciousness and intentionality,perception,-1,3,expert,v1,v1,"{""model"": null, ""temperature"": null, ""date"": ""2025-09-06T23:06:20.615924+00:00"", ""prompt_version"": ""v1"", ""persona"": ""expert""}"
"('metaphysics', 'philosophyofpsychology')",philosophy of psychology,metaphysics,-1,3,novice,v1,v1,"{""model"": null, ""temperature"": null, ""date"": ""2025-09-06T23:06:20.615982+00:00"", ""prompt_version"": ""v1"", ""persona"": ""novice""}"
"('metaphysics', 'philosophyofpsychology')",philosophy of psychology,metaphysics,-1,3,course_taker,v1,v1,"{""model"": null, ""temperature"": null, ""date"": ""2025-09-06T23:06:20.616015+00:00"", ""prompt_version"": ""v1"", ""persona"": ""course_taker""}"
"('metaphysics', 'philosophyofpsychology')",philosophy of psychology,metaphysics,-1,3,phd,v1,v1,"{""model"": null, ""temperature"": null, ""date"": ""2025-09-06T23:06:20.616048+00:00"", ""prompt_version"": ""v1"", ""persona"": ""phd""}"
"('metaphysics', 'philosophyofpsychology')",philosophy of psychology,metaphysics,-1,3,expert,v1,v1,"{""model"": null, ""temperature"": null, ""date"": ""2025-09-06T23:06:20.616080+00:00"", ""prompt_version"": ""v1"", ""persona"": ""expert""}"
"('epistemology', 'philosophyofperception')",philosophy of perception,epistemology,-1,3,novice,v1,v1,"{""model"": null, ""temperature"": null, ""date"": ""2025-09-06T23:06:20.616137+00:00"", ""prompt_version"": ""v1"", ""persona"": ""novice""}"
"('epistemology', 'philosophyofperception')",philosophy of perception,epistemology,-1,3,course_taker,v1,v1,"{""model"": null, ""temperature"": null, ""date"": ""2025-09-06T23:06:20.616169+00:00"", ""prompt_version"": ""v1"", ""persona"": ""course_taker""}"
"('epistemology', 'philosophyofperception')",philosophy of perception,epistemology,-1,3,phd,v1,v1,"{""model"": null, ""temperature"": null, ""date"": ""2025-09-06T23:06:20.616202+00:00"", ""prompt_version"": ""v1"", ""persona"": ""phd""}"
"('epistemology', 'philosophyofperception')",philosophy of perception,epistemology,-1,3,expert,v1,v1,"{""model"": null, ""temperature"": null, ""date"": ""2025-09-06T23:06:20.616234+00:00"", ""prompt_version"": ""v1"", ""persona"": ""expert""}"
"('hinduism', 'philosophyofreligion')",hinduism,philosophy of religion,-1,3,novice,v1,v1,"{""model"": null, ""temperature"": null, ""date"": ""2025-09-06T23:06:20.616291+00:00"", ""prompt_version"": ""v1"", ""persona"": ""novice""}"
"('hinduism', 'philosophyofreligion')",hinduism,philosophy of religion,-1,3,course_taker,v1,v1,"{""model"": null, ""temperature"": null, ""date"": ""2025-09-06T23:06:20.616324+00:00"", ""prompt_version"": ""v1"", ""persona"": ""course_taker""}"
"('hinduism', 'philosophyofreligion')",hinduism,philosophy of religion,-1,3,phd,v1,v1,"{""model"": null, ""temperature"": null, ""date"": ""2025-09-06T23:06:20.616357+00:00"", ""prompt_version"": ""v1"", ""persona"": ""phd""}"
"('hinduism', 'philosophyofreligion')",hinduism,philosophy of religion,-1,3,expert,v1,v1,"{""model"": null, ""temperature"": null, ""date"": ""2025-09-06T23:06:20.616389+00:00"", ""prompt_version"": ""v1"", ""persona"": ""expert""}"
"('cognitivescience', 'psychiatry')",cognitive science,psychiatry,-1,3,novice,v1,v1,"{""model"": null, ""temperature"": null, ""date"": ""2025-09-06T23:06:20.616447+00:00"", ""prompt_version"": ""v1"", ""persona"": ""novice""}"
"('cognitivescience', 'psychiatry')",cognitive science,psychiatry,-1,3,course_taker,v1,v1,"{""model"": null, ""temperature"": null, ""date"": ""2025-09-06T23:06:20.616480+00:00"", ""prompt_version"": ""v1"", ""persona"": ""course_taker""}"
"('cognitivescience', 'psychiatry')",cognitive science,psychiatry,-1,3,phd,v1,v1,"{""model"": null, ""temperature"": null, ""date"": ""2025-09-06T23:06:20.616512+00:00"", ""prompt_version"": ""v1"", ""persona"": ""phd""}"
"('cognitivescience', 'psychiatry')",cognitive science,psychiatry,-1,3,expert,v1,v1,"{""model"": null, ""temperature"": null, ""date"": ""2025-09-06T23:06:20.616544+00:00"", ""prompt_version"": ""v1"", ""persona"": ""expert""}"
"('causaltheoriesofmentalcontent', 'cognitivescience')",causal theories of mental content,cognitive science,-1,3,novice,v1,v1,"{""model"": null, ""temperature"": null, ""date"": ""2025-09-06T23:06:20.616601+00:00"", ""prompt_version"": ""v1"", ""persona"": ""novice""}"
"('causaltheoriesofmentalcontent', 'cognitivescience')",causal theories of mental content,cognitive science,-1,3,course_taker,v1,v1,"{""model"": null, ""temperature"": null, ""date"": ""2025-09-06T23:06:20.616634+00:00"", ""prompt_version"": ""v1"", ""persona"": ""course_taker""}"
"('causaltheoriesofmentalcontent', 'cognitivescience')",causal theories of mental content,cognitive science,-1,3,phd,v1,v1,"{""model"": null, ""temperature"": null, ""date"": ""2025-09-06T23:06:20.616684+00:00"", ""prompt_version"": ""v1"", ""persona"": ""phd""}"
"('causaltheoriesofmentalcontent', 'cognitivescience')",causal theories of mental content,cognitive science,-1,3,expert,v1,v1,"{""model"": null, ""temperature"": null, ""date"": ""2025-09-06T23:06:20.616717+00:00"", ""prompt_version"": ""v1"", ""persona"": ""expert""}"
"('philosophyofbiology', 'philosophyofchemistry')",philosophy of chemistry,philosophy of biology,-1,3,novice,v1,v1,"{""model"": null, ""temperature"": null, ""date"": ""2025-09-06T23:06:20.616774+00:00"", ""prompt_version"": ""v1"", ""persona"": ""novice""}"
"('philosophyofbiology', 'philosophyofchemistry')",philosophy of chemistry,philosophy of biology,-1,3,course_taker,v1,v1,"{""model"": null, ""temperature"": null, ""date"": ""2025-09-06T23:06:20.616807+00:00"", ""prompt_version"": ""v1"", ""persona"": ""course_taker""}"
"('philosophyofbiology', 'philosophyofchemistry')",philosophy of chemistry,philosophy of biology,-1,3,phd,v1,v1,"{""model"": null, ""temperature"": null, ""date"": ""2025-09-06T23:06:20.616839+00:00"", ""prompt_version"": ""v1"", ""persona"": ""phd""}"
"('philosophyofbiology', 'philosophyofchemistry')",philosophy of chemistry,philosophy of biology,-1,3,expert,v1,v1,"{""model"": null, ""temperature"": null, ""date"": ""2025-09-06T23:06:20.616873+00:00"", ""prompt_version"": ""v1"", ""persona"": ""expert""}"
"('perception', 'propositionalattitude')",propositional attitude,perception,-1,3,novice,v1,v1,"{""model"": null, ""temperature"": null, ""date"": ""2025-09-06T23:06:20.616930+00:00"", ""prompt_version"": ""v1"", ""persona"": ""novice""}"
"('perception', 'propositionalattitude')",propositional attitude,perception,-1,3,course_taker,v1,v1,"{""model"": null, ""temperature"": null, ""date"": ""2025-09-06T23:06:20.616962+00:00"", ""prompt_version"": ""v1"", ""persona"": ""course_taker""}"
"('perception', 'propositionalattitude')",propositional attitude,perception,-1,3,phd,v1,v1,"{""model"": null, ""temperature"": null, ""date"": ""2025-09-06T23:06:20.616995+00:00"", ""prompt_version"": ""v1"", ""persona"": ""phd""}"
"('perception', 'propositionalattitude')",propositional attitude,perception,-1,3,expert,v1,v1,"{""model"": null, ""temperature"": null, ""date"": ""2025-09-06T23:06:20.617027+00:00"", ""prompt_version"": ""v1"", ""persona"": ""expert""}"
"('philosophyofreligion', 'politicalauthority')",political authority,philosophy of religion,-1,3,novice,v1,v1,"{""model"": null, ""temperature"": null, ""date"": ""2025-09-06T23:06:20.617083+00:00"", ""prompt_version"": ""v1"", ""persona"": ""novice""}"
"('philosophyofreligion', 'politicalauthority')",political authority,philosophy of religion,-1,3,course_taker,v1,v1,"{""model"": null, ""temperature"": null, ""date"": ""2025-09-06T23:06:20.617116+00:00"", ""prompt_version"": ""v1"", ""persona"": ""course_taker""}"
"('philosophyofreligion', 'politicalauthority')",political authority,philosophy of religion,-1,3,phd,v1,v1,"{""model"": null, ""temperature"": null, ""date"": ""2025-09-06T23:06:20.617149+00:00"", ""prompt_version"": ""v1"", ""persona"": ""phd""}"
"('philosophyofreligion', 'politicalauthority')",political authority,philosophy of religion,-1,3,expert,v1,v1,"{""model"": null, ""temperature"": null, ""date"": ""2025-09-06T23:06:20.617182+00:00"", ""prompt_version"": ""v1"", ""persona"": ""expert""}"
"('influenceofislamicthoughtonmaimonides', 'philosophyofreligion')",influence of islamic thought on maimonides,philosophy of religion,-1,3,novice,v1,v1,"{""model"": null, ""temperature"": null, ""date"": ""2025-09-06T23:06:20.617239+00:00"", ""prompt_version"": ""v1"", ""persona"": ""novice""}"
"('influenceofislamicthoughtonmaimonides', 'philosophyofreligion')",influence of islamic thought on maimonides,philosophy of religion,-1,3,course_taker,v1,v1,"{""model"": null, ""temperature"": null, ""date"": ""2025-09-06T23:06:20.617273+00:00"", ""prompt_version"": ""v1"", ""persona"": ""course_taker""}"
"('influenceofislamicthoughtonmaimonides', 'philosophyofreligion')",influence of islamic thought on maimonides,philosophy of religion,-1,3,phd,v1,v1,"{""model"": null, ""temperature"": null, ""date"": ""2025-09-06T23:06:20.617316+00:00"", ""prompt_version"": ""v1"", ""persona"": ""phd""}"
"('influenceofislamicthoughtonmaimonides', 'philosophyofreligion')",influence of islamic thought on maimonides,philosophy of religion,-1,3,expert,v1,v1,"{""model"": null, ""temperature"": null, ""date"": ""2025-09-06T23:06:20.617350+00:00"", ""prompt_version"": ""v1"", ""persona"": ""expert""}"
"('kantsviewofthemindandconsciousnessofself', 'perception')",kant's view of the mind and consciousness of self,perception,-1,3,novice,v1,v1,"{""model"": null, ""temperature"": null, ""date"": ""2025-09-06T23:06:20.617407+00:00"", ""prompt_version"": ""v1"", ""persona"": ""novice""}"
"('kantsviewofthemindandconsciousnessofself', 'perception')",kant's view of the mind and consciousness of self,perception,-1,3,course_taker,v1,v1,"{""model"": null, ""temperature"": null, ""date"": ""2025-09-06T23:06:20.617440+00:00"", ""prompt_version"": ""v1"", ""persona"": ""course_taker""}"
"('kantsviewofthemindandconsciousnessofself', 'perception')",kant's view of the mind and consciousness of self,perception,-1,3,phd,v1,v1,"{""model"": null, ""temperature"": null, ""date"": ""2025-09-06T23:06:20.617474+00:00"", ""prompt_version"": ""v1"", ""persona"": ""phd""}"
"('kantsviewofthemindandconsciousnessofself', 'perception')",kant's view of the mind and consciousness of self,perception,-1,3,expert,v1,v1,"{""model"": null, ""temperature"": null, ""date"": ""2025-09-06T23:06:20.617507+00:00"", ""prompt_version"": ""v1"", ""persona"": ""expert""}"
"('coherentism', 'epistemology')",coherentism,epistemology,-1,3,novice,v1,v1,"{""model"": null, ""temperature"": null, ""date"": ""2025-09-06T23:06:20.617564+00:00"", ""prompt_version"": ""v1"", ""persona"": ""novice""}"
"('coherentism', 'epistemology')",coherentism,epistemology,-1,3,course_taker,v1,v1,"{""model"": null, ""temperature"": null, ""date"": ""2025-09-06T23:06:20.617597+00:00"", ""prompt_version"": ""v1"", ""persona"": ""course_taker""}"
"('coherentism', 'epistemology')",coherentism,epistemology,-1,3,phd,v1,v1,"{""model"": null, ""temperature"": null, ""date"": ""2025-09-06T23:06:20.617635+00:00"", ""prompt_version"": ""v1"", ""persona"": ""phd""}"
"('coherentism', 'epistemology')",coherentism,epistemology,-1,3,expert,v1,v1,"{""model"": null, ""temperature"": null, ""date"": ""2025-09-06T23:06:20.617667+00:00"", ""prompt_version"": ""v1"", ""persona"": ""expert""}"
"('internalistvsexternalistconceptionsofepistemicjustification', 'justification')",internalist vs. externalist conceptions of epistemic justification,justification,-1,3,novice,v1,v1,"{""model"": null, ""temperature"": null, ""date"": ""2025-09-06T23:06:20.617723+00:00"", ""prompt_version"": ""v1"", ""persona"": ""novice""}"
"('internalistvsexternalistconceptionsofepistemicjustification', 'justification')",internalist vs. externalist conceptions of epistemic justification,justification,-1,3,course_taker,v1,v1,"{""model"": null, ""temperature"": null, ""date"": ""2025-09-06T23:06:20.617757+00:00"", ""prompt_version"": ""v1"", ""persona"": ""course_taker""}"
"('internalistvsexternalistconceptionsofepistemicjustification', 'justification')",internalist vs. externalist conceptions of epistemic justification,justification,-1,3,phd,v1,v1,"{""model"": null, ""temperature"": null, ""date"": ""2025-09-06T23:06:20.617792+00:00"", ""prompt_version"": ""v1"", ""persona"": ""phd""}"
"('internalistvsexternalistconceptionsofepistemicjustification', 'justification')",internalist vs. externalist conceptions of epistemic justification,justification,-1,3,expert,v1,v1,"{""model"": null, ""temperature"": null, ""date"": ""2025-09-06T23:06:20.617825+00:00"", ""prompt_version"": ""v1"", ""persona"": ""expert""}"
"('externalismaboutmentalcontent', 'internalismandexternalism')",externalism about mental content,internalism and externalism,-1,3,novice,v1,v1,"{""model"": null, ""temperature"": null, ""date"": ""2025-09-06T23:06:20.617883+00:00"", ""prompt_version"": ""v1"", ""persona"": ""novice""}"
"('externalismaboutmentalcontent', 'internalismandexternalism')",externalism about mental content,internalism and externalism,-1,3,course_taker,v1,v1,"{""model"": null, ""temperature"": null, ""date"": ""2025-09-06T23:06:20.617924+00:00"", ""prompt_version"": ""v1"", ""persona"": ""course_taker""}"
"('externalismaboutmentalcontent', 'internalismandexternalism')",externalism about mental content,internalism and externalism,-1,3,phd,v1,v1,"{""model"": null, ""temperature"": null, ""date"": ""2025-09-06T23:06:20.617958+00:00"", ""prompt_version"": ""v1"", ""persona"": ""phd""}"
"('externalismaboutmentalcontent', 'internalismandexternalism')",externalism about mental content,internalism and externalism,-1,3,expert,v1,v1,"{""model"": null, ""temperature"": null, ""date"": ""2025-09-06T23:06:20.617991+00:00"", ""prompt_version"": ""v1"", ""persona"": ""expert""}"
"('philosophyofreligion', 'secularism')",secularism,philosophy of religion,-1,3,novice,v1,v1,"{""model"": null, ""temperature"": null, ""date"": ""2025-09-06T23:06:20.618049+00:00"", ""prompt_version"": ""v1"", ""persona"": ""novice""}"
"('philosophyofreligion', 'secularism')",secularism,philosophy of religion,-1,3,course_taker,v1,v1,"{""model"": null, ""temperature"": null, ""date"": ""2025-09-06T23:06:20.618082+00:00"", ""prompt_version"": ""v1"", ""persona"": ""course_taker""}"
"('philosophyofreligion', 'secularism')",secularism,philosophy of religion,-1,3,phd,v1,v1,"{""model"": null, ""temperature"": null, ""date"": ""2025-09-06T23:06:20.618115+00:00"", ""prompt_version"": ""v1"", ""persona"": ""phd""}"
"('philosophyofreligion', 'secularism')",secularism,philosophy of religion,-1,3,expert,v1,v1,"{""model"": null, ""temperature"": null, ""date"": ""2025-09-06T23:06:20.618147+00:00"", ""prompt_version"": ""v1"", ""persona"": ""expert""}"
"('mentalcontent', 'philosophyofmind')",mental content,philosophy of mind,-1,3,novice,v1,v1,"{""model"": null, ""temperature"": null, ""date"": ""2025-09-06T23:06:20.618204+00:00"", ""prompt_version"": ""v1"", ""persona"": ""novice""}"
"('mentalcontent', 'philosophyofmind')",mental content,philosophy of mind,-1,3,course_taker,v1,v1,"{""model"": null, ""temperature"": null, ""date"": ""2025-09-06T23:06:20.618236+00:00"", ""prompt_version"": ""v1"", ""persona"": ""course_taker""}"
"('mentalcontent', 'philosophyofmind')",mental content,philosophy of mind,-1,3,phd,v1,v1,"{""model"": null, ""temperature"": null, ""date"": ""2025-09-06T23:06:20.618269+00:00"", ""prompt_version"": ""v1"", ""persona"": ""phd""}"
"('mentalcontent', 'philosophyofmind')",mental content,philosophy of mind,-1,3,expert,v1,v1,"{""model"": null, ""temperature"": null, ""date"": ""2025-09-06T23:06:20.618301+00:00"", ""prompt_version"": ""v1"", ""persona"": ""expert""}"
"('animalcognition', 'philosophyofmind')",animal cognition,philosophy of mind,-1,3,novice,v1,v1,"{""model"": null, ""temperature"": null, ""date"": ""2025-09-06T23:06:20.618358+00:00"", ""prompt_version"": ""v1"", ""persona"": ""novice""}"
"('animalcognition', 'philosophyofmind')",animal cognition,philosophy of mind,-1,3,course_taker,v1,v1,"{""model"": null, ""temperature"": null, ""date"": ""2025-09-06T23:06:20.618391+00:00"", ""prompt_version"": ""v1"", ""persona"": ""course_taker""}"
"('animalcognition', 'philosophyofmind')",animal cognition,philosophy of mind,-1,3,phd,v1,v1,"{""model"": null, ""temperature"": null, ""date"": ""2025-09-06T23:06:20.618424+00:00"", ""prompt_version"": ""v1"", ""persona"": ""phd""}"
"('animalcognition', 'philosophyofmind')",animal cognition,philosophy of mind,-1,3,expert,v1,v1,"{""model"": null, ""temperature"": null, ""date"": ""2025-09-06T23:06:20.618457+00:00"", ""prompt_version"": ""v1"", ""persona"": ""expert""}"
"('metaphysicsofmind', 'philosophyofmind')",metaphysics of mind,philosophy of mind,-1,3,novice,v1,v1,"{""model"": null, ""temperature"": null, ""date"": ""2025-09-06T23:06:20.618514+00:00"", ""prompt_version"": ""v1"", ""persona"": ""novice""}"
"('metaphysicsofmind', 'philosophyofmind')",metaphysics of mind,philosophy of mind,-1,3,course_taker,v1,v1,"{""model"": null, ""temperature"": null, ""date"": ""2025-09-06T23:06:20.618547+00:00"", ""prompt_version"": ""v1"", ""persona"": ""course_taker""}"
"('metaphysicsofmind', 'philosophyofmind')",metaphysics of mind,philosophy of mind,-1,3,phd,v1,v1,"{""model"": null, ""temperature"": null, ""date"": ""2025-09-06T23:06:20.618579+00:00"", ""prompt_version"": ""v1"", ""persona"": ""phd""}"
"('metaphysicsofmind', 'philosophyofmind')",metaphysics of mind,philosophy of mind,-1,3,expert,v1,v1,"{""model"": null, ""temperature"": null, ""date"": ""2025-09-06T23:06:20.618612+00:00"", ""prompt_version"": ""v1"", ""persona"": ""expert""}"
"('aspectsofmind', 'philosophyofmind')",aspects of mind,philosophy of mind,-1,3,novice,v1,v1,"{""model"": null, ""temperature"": null, ""date"": ""2025-09-06T23:06:20.618669+00:00"", ""prompt_version"": ""v1"", ""persona"": ""novice""}"
"('aspectsofmind', 'philosophyofmind')",aspects of mind,philosophy of mind,-1,3,course_taker,v1,v1,"{""model"": null, ""temperature"": null, ""date"": ""2025-09-06T23:06:20.618701+00:00"", ""prompt_version"": ""v1"", ""persona"": ""course_taker""}"
"('aspectsofmind', 'philosophyofmind')",aspects of mind,philosophy of mind,-1,3,phd,v1,v1,"{""model"": null, ""temperature"": null, ""date"": ""2025-09-06T23:06:20.618734+00:00"", ""prompt_version"": ""v1"", ""persona"": ""phd""}"
"('aspectsofmind', 'philosophyofmind')",aspects of mind,philosophy of mind,-1,3,expert,v1,v1,"{""model"": null, ""temperature"": null, ""date"": ""2025-09-06T23:06:20.618766+00:00"", ""prompt_version"": ""v1"", ""persona"": ""expert""}"
"('mentalcontent', 'nonconceptualcontent')",non-conceptual content,mental content,-1,3,novice,v1,v1,"{""model"": null, ""temperature"": null, ""date"": ""2025-09-06T23:06:20.618823+00:00"", ""prompt_version"": ""v1"", ""persona"": ""novice""}"
"('mentalcontent', 'nonconceptualcontent')",non-conceptual content,mental content,-1,3,course_taker,v1,v1,"{""model"": null, ""temperature"": null, ""date"": ""2025-09-06T23:06:20.618855+00:00"", ""prompt_version"": ""v1"", ""persona"": ""course_taker""}"
"('mentalcontent', 'nonconceptualcontent')",non-conceptual content,mental content,-1,3,phd,v1,v1,"{""model"": null, ""temperature"": null, ""date"": ""2025-09-06T23:06:20.618888+00:00"", ""prompt_version"": ""v1"", ""persona"": ""phd""}"
"('mentalcontent', 'nonconceptualcontent')",non-conceptual content,mental content,-1,3,expert,v1,v1,"{""model"": null, ""temperature"": null, ""date"": ""2025-09-06T23:06:20.618921+00:00"", ""prompt_version"": ""v1"", ""persona"": ""expert""}"
"('folkpsychology', 'folkpsychologyasmentalsimulation')",folk psychology as mental simulation,folk psychology,-1,3,novice,v1,v1,"{""model"": null, ""temperature"": null, ""date"": ""2025-09-06T23:06:20.618978+00:00"", ""prompt_version"": ""v1"", ""persona"": ""novice""}"
"('folkpsychology', 'folkpsychologyasmentalsimulation')",folk psychology as mental simulation,folk psychology,-1,3,course_taker,v1,v1,"{""model"": null, ""temperature"": null, ""date"": ""2025-09-06T23:06:20.619012+00:00"", ""prompt_version"": ""v1"", ""persona"": ""course_taker""}"
"('folkpsychology', 'folkpsychologyasmentalsimulation')",folk psychology as mental simulation,folk psychology,-1,3,phd,v1,v1,"{""model"": null, ""temperature"": null, ""date"": ""2025-09-06T23:06:20.619045+00:00"", ""prompt_version"": ""v1"", ""persona"": ""phd""}"
"('folkpsychology', 'folkpsychologyasmentalsimulation')",folk psychology as mental simulation,folk psychology,-1,3,expert,v1,v1,"{""model"": null, ""temperature"": null, ""date"": ""2025-09-06T23:06:20.619077+00:00"", ""prompt_version"": ""v1"", ""persona"": ""expert""}"
"('18thcenturybritishaesthetics', 'perception')",18th century british aesthetics,perception,-1,3,novice,v1,v1,"{""model"": null, ""temperature"": null, ""date"": ""2025-09-06T23:06:20.619134+00:00"", ""prompt_version"": ""v1"", ""persona"": ""novice""}"
"('18thcenturybritishaesthetics', 'perception')",18th century british aesthetics,perception,-1,3,course_taker,v1,v1,"{""model"": null, ""temperature"": null, ""date"": ""2025-09-06T23:06:20.619167+00:00"", ""prompt_version"": ""v1"", ""persona"": ""course_taker""}"
"('18thcenturybritishaesthetics', 'perception')",18th century british aesthetics,perception,-1,3,phd,v1,v1,"{""model"": null, ""temperature"": null, ""date"": ""2025-09-06T23:06:20.619210+00:00"", ""prompt_version"": ""v1"", ""persona"": ""phd""}"
"('18thcenturybritishaesthetics', 'perception')",18th century british aesthetics,perception,-1,3,expert,v1,v1,"{""model"": null, ""temperature"": null, ""date"": ""2025-09-06T23:06:20.619243+00:00"", ""prompt_version"": ""v1"", ""persona"": ""expert""}"
"('bioethics', 'businessethics')",business ethics,bioethics,-1,3,novice,v1,v1,"{""model"": null, ""temperature"": null, ""date"": ""2025-09-06T23:06:20.619300+00:00"", ""prompt_version"": ""v1"", ""persona"": ""novice""}"
"('bioethics', 'businessethics')",business ethics,bioethics,-1,3,course_taker,v1,v1,"{""model"": null, ""temperature"": null, ""date"": ""2025-09-06T23:06:20.619332+00:00"", ""prompt_version"": ""v1"", ""persona"": ""course_taker""}"
"('bioethics', 'businessethics')",business ethics,bioethics,-1,3,phd,v1,v1,"{""model"": null, ""temperature"": null, ""date"": ""2025-09-06T23:06:20.619375+00:00"", ""prompt_version"": ""v1"", ""persona"": ""phd""}"
"('bioethics', 'businessethics')",business ethics,bioethics,-1,3,expert,v1,v1,"{""model"": null, ""temperature"": null, ""date"": ""2025-09-06T23:06:20.619407+00:00"", ""prompt_version"": ""v1"", ""persona"": ""expert""}"
"('18thcenturygermanaesthetics', 'aestheticsandphilosophyofart')",aesthetics and philosophy of art,18th century german aesthetics,-1,3,novice,v1,v1,"{""model"": null, ""temperature"": null, ""date"": ""2025-09-06T23:06:20.619471+00:00"", ""prompt_version"": ""v1"", ""persona"": ""novice""}"
"('18thcenturygermanaesthetics', 'aestheticsandphilosophyofart')",aesthetics and philosophy of art,18th century german aesthetics,-1,3,course_taker,v1,v1,"{""model"": null, ""temperature"": null, ""date"": ""2025-09-06T23:06:20.619505+00:00"", ""prompt_version"": ""v1"", ""persona"": ""course_taker""}"
"('18thcenturygermanaesthetics', 'aestheticsandphilosophyofart')",aesthetics and philosophy of art,18th century german aesthetics,-1,3,phd,v1,v1,"{""model"": null, ""temperature"": null, ""date"": ""2025-09-06T23:06:20.619538+00:00"", ""prompt_version"": ""v1"", ""persona"": ""phd""}"
"('18thcenturygermanaesthetics', 'aestheticsandphilosophyofart')",aesthetics and philosophy of art,18th century german aesthetics,-1,3,expert,v1,v1,"{""model"": null, ""temperature"": null, ""date"": ""2025-09-06T23:06:20.619572+00:00"", ""prompt_version"": ""v1"", ""persona"": ""expert""}"
"('ideas', 'philosophyofmind')",ideas,philosophy of mind,-1,3,novice,v1,v1,"{""model"": null, ""temperature"": null, ""date"": ""2025-09-06T23:06:20.619630+00:00"", ""prompt_version"": ""v1"", ""persona"": ""novice""}"
"('ideas', 'philosophyofmind')",ideas,philosophy of mind,-1,3,course_taker,v1,v1,"{""model"": null, ""temperature"": null, ""date"": ""2025-09-06T23:06:20.619662+00:00"", ""prompt_version"": ""v1"", ""persona"": ""course_taker""}"
"('ideas', 'philosophyofmind')",ideas,philosophy of mind,-1,3,phd,v1,v1,"{""model"": null, ""temperature"": null, ""date"": ""2025-09-06T23:06:20.619696+00:00"", ""prompt_version"": ""v1"", ""persona"": ""phd""}"
"('ideas', 'philosophyofmind')",ideas,philosophy of mind,-1,3,expert,v1,v1,"{""model"": null, ""temperature"": null, ""date"": ""2025-09-06T23:06:20.619729+00:00"", ""prompt_version"": ""v1"", ""persona"": ""expert""}"
"('methodologicaldebatesincosmologythe1930sand1940s', 'philosophyofscienceandthesciences')",methodological debates in cosmology the 1930s and 1940s,philosophy of science and the sciences,-1,3,novice,v1,v1,"{""model"": null, ""temperature"": null, ""date"": ""2025-09-06T23:06:20.619787+00:00"", ""prompt_version"": ""v1"", ""persona"": ""novice""}"
"('methodologicaldebatesincosmologythe1930sand1940s', 'philosophyofscienceandthesciences')",methodological debates in cosmology the 1930s and 1940s,philosophy of science and the sciences,-1,3,course_taker,v1,v1,"{""model"": null, ""temperature"": null, ""date"": ""2025-09-06T23:06:20.619842+00:00"", ""prompt_version"": ""v1"", ""persona"": ""course_taker""}"
"('methodologicaldebatesincosmologythe1930sand1940s', 'philosophyofscienceandthesciences')",methodological debates in cosmology the 1930s and 1940s,philosophy of science and the sciences,-1,3,phd,v1,v1,"{""model"": null, ""temperature"": null, ""date"": ""2025-09-06T23:06:20.619877+00:00"", ""prompt_version"": ""v1"", ""persona"": ""phd""}"
"('methodologicaldebatesincosmologythe1930sand1940s', 'philosophyofscienceandthesciences')",methodological debates in cosmology the 1930s and 1940s,philosophy of science and the sciences,-1,3,expert,v1,v1,"{""model"": null, ""temperature"": null, ""date"": ""2025-09-06T23:06:20.619911+00:00"", ""prompt_version"": ""v1"", ""persona"": ""expert""}"
"('compositionalityandlogicalform', 'metaphysics')",compositionality and logical form,metaphysics,-1,3,novice,v1,v1,"{""model"": null, ""temperature"": null, ""date"": ""2025-09-06T23:06:20.619971+00:00"", ""prompt_version"": ""v1"", ""persona"": ""novice""}"
"('compositionalityandlogicalform', 'metaphysics')",compositionality and logical form,metaphysics,-1,3,course_taker,v1,v1,"{""model"": null, ""temperature"": null, ""date"": ""2025-09-06T23:06:20.620004+00:00"", ""prompt_version"": ""v1"", ""persona"": ""course_taker""}"
"('compositionalityandlogicalform', 'metaphysics')",compositionality and logical form,metaphysics,-1,3,phd,v1,v1,"{""model"": null, ""temperature"": null, ""date"": ""2025-09-06T23:06:20.620037+00:00"", ""prompt_version"": ""v1"", ""persona"": ""phd""}"
"('compositionalityandlogicalform', 'metaphysics')",compositionality and logical form,metaphysics,-1,3,expert,v1,v1,"{""model"": null, ""temperature"": null, ""date"": ""2025-09-06T23:06:20.620069+00:00"", ""prompt_version"": ""v1"", ""persona"": ""expert""}"
"('leibnizsinfluenceonkant', 'perception')",leibniz's influence on kant,perception,-1,3,novice,v1,v1,"{""model"": null, ""temperature"": null, ""date"": ""2025-09-06T23:06:20.620126+00:00"", ""prompt_version"": ""v1"", ""persona"": ""novice""}"
"('leibnizsinfluenceonkant', 'perception')",leibniz's influence on kant,perception,-1,3,course_taker,v1,v1,"{""model"": null, ""temperature"": null, ""date"": ""2025-09-06T23:06:20.620158+00:00"", ""prompt_version"": ""v1"", ""persona"": ""course_taker""}"
"('leibnizsinfluenceonkant', 'perception')",leibniz's influence on kant,perception,-1,3,phd,v1,v1,"{""model"": null, ""temperature"": null, ""date"": ""2025-09-06T23:06:20.620191+00:00"", ""prompt_version"": ""v1"", ""persona"": ""phd""}"
"('leibnizsinfluenceonkant', 'perception')",leibniz's influence on kant,perception,-1,3,expert,v1,v1,"{""model"": null, ""temperature"": null, ""date"": ""2025-09-06T23:06:20.620224+00:00"", ""prompt_version"": ""v1"", ""persona"": ""expert""}"
"('chinesephilosophy', 'mohistcanons')",mohist canons,chinese philosophy,-1,3,novice,v1,v1,"{""model"": null, ""temperature"": null, ""date"": ""2025-09-06T23:06:20.620281+00:00"", ""prompt_version"": ""v1"", ""persona"": ""novice""}"
"('chinesephilosophy', 'mohistcanons')",mohist canons,chinese philosophy,-1,3,course_taker,v1,v1,"{""model"": null, ""temperature"": null, ""date"": ""2025-09-06T23:06:20.620314+00:00"", ""prompt_version"": ""v1"", ""persona"": ""course_taker""}"
"('chinesephilosophy', 'mohistcanons')",mohist canons,chinese philosophy,-1,3,phd,v1,v1,"{""model"": null, ""temperature"": null, ""date"": ""2025-09-06T23:06:20.620347+00:00"", ""prompt_version"": ""v1"", ""persona"": ""phd""}"
"('chinesephilosophy', 'mohistcanons')",mohist canons,chinese philosophy,-1,3,expert,v1,v1,"{""model"": null, ""temperature"": null, ""date"": ""2025-09-06T23:06:20.620379+00:00"", ""prompt_version"": ""v1"", ""persona"": ""expert""}"
"('deweysaesthetics', 'perception')",dewey's aesthetics,perception,-1,3,novice,v1,v1,"{""model"": null, ""temperature"": null, ""date"": ""2025-09-06T23:06:20.620436+00:00"", ""prompt_version"": ""v1"", ""persona"": ""novice""}"
"('deweysaesthetics', 'perception')",dewey's aesthetics,perception,-1,3,course_taker,v1,v1,"{""model"": null, ""temperature"": null, ""date"": ""2025-09-06T23:06:20.620468+00:00"", ""prompt_version"": ""v1"", ""persona"": ""course_taker""}"
"('deweysaesthetics', 'perception')",dewey's aesthetics,perception,-1,3,phd,v1,v1,"{""model"": null, ""temperature"": null, ""date"": ""2025-09-06T23:06:20.620508+00:00"", ""prompt_version"": ""v1"", ""persona"": ""phd""}"
"('deweysaesthetics', 'perception')",dewey's aesthetics,perception,-1,3,expert,v1,v1,"{""model"": null, ""temperature"": null, ""date"": ""2025-09-06T23:06:20.620541+00:00"", ""prompt_version"": ""v1"", ""persona"": ""expert""}"
"('consciousness', 'perception')",consciousness,perception,-1,3,novice,v1,v1,"{""model"": null, ""temperature"": null, ""date"": ""2025-09-06T23:06:20.620597+00:00"", ""prompt_version"": ""v1"", ""persona"": ""novice""}"
"('consciousness', 'perception')",consciousness,perception,-1,3,course_taker,v1,v1,"{""model"": null, ""temperature"": null, ""date"": ""2025-09-06T23:06:20.620630+00:00"", ""prompt_version"": ""v1"", ""persona"": ""course_taker""}"
"('consciousness', 'perception')",consciousness,perception,-1,3,phd,v1,v1,"{""model"": null, ""temperature"": null, ""date"": ""2025-09-06T23:06:20.620662+00:00"", ""prompt_version"": ""v1"", ""persona"": ""phd""}"
"('consciousness', 'perception')",consciousness,perception,-1,3,expert,v1,v1,"{""model"": null, ""temperature"": null, ""date"": ""2025-09-06T23:06:20.620694+00:00"", ""prompt_version"": ""v1"", ""persona"": ""expert""}"
"('epistemology', 'philosophyofpsychology')",philosophy of psychology,epistemology,-1,3,novice,v1,v1,"{""model"": null, ""temperature"": null, ""date"": ""2025-09-06T23:06:20.620750+00:00"", ""prompt_version"": ""v1"", ""persona"": ""novice""}"
"('epistemology', 'philosophyofpsychology')",philosophy of psychology,epistemology,-1,3,course_taker,v1,v1,"{""model"": null, ""temperature"": null, ""date"": ""2025-09-06T23:06:20.620784+00:00"", ""prompt_version"": ""v1"", ""persona"": ""course_taker""}"
"('epistemology', 'philosophyofpsychology')",philosophy of psychology,epistemology,-1,3,phd,v1,v1,"{""model"": null, ""temperature"": null, ""date"": ""2025-09-06T23:06:20.620816+00:00"", ""prompt_version"": ""v1"", ""persona"": ""phd""}"
"('epistemology', 'philosophyofpsychology')",philosophy of psychology,epistemology,-1,3,expert,v1,v1,"{""model"": null, ""temperature"": null, ""date"": ""2025-09-06T23:06:20.620849+00:00"", ""prompt_version"": ""v1"", ""persona"": ""expert""}"
"('logos', 'metaphysics')",logos,metaphysics,-1,3,novice,v1,v1,"{""model"": null, ""temperature"": null, ""date"": ""2025-09-06T23:06:20.620905+00:00"", ""prompt_version"": ""v1"", ""persona"": ""novice""}"
"('logos', 'metaphysics')",logos,metaphysics,-1,3,course_taker,v1,v1,"{""model"": null, ""temperature"": null, ""date"": ""2025-09-06T23:06:20.620937+00:00"", ""prompt_version"": ""v1"", ""persona"": ""course_taker""}"
"('logos', 'metaphysics')",logos,metaphysics,-1,3,phd,v1,v1,"{""model"": null, ""temperature"": null, ""date"": ""2025-09-06T23:06:20.620969+00:00"", ""prompt_version"": ""v1"", ""persona"": ""phd""}"
"('logos', 'metaphysics')",logos,metaphysics,-1,3,expert,v1,v1,"{""model"": null, ""temperature"": null, ""date"": ""2025-09-06T23:06:20.621001+00:00"", ""prompt_version"": ""v1"", ""persona"": ""expert""}"
"('artificialintelligence', 'turingmachine')",turing machine,artificial intelligence,-1,3,novice,v1,v1,"{""model"": null, ""temperature"": null, ""date"": ""2025-09-06T23:06:20.621056+00:00"", ""prompt_version"": ""v1"", ""persona"": ""novice""}"
"('artificialintelligence', 'turingmachine')",turing machine,artificial intelligence,-1,3,course_taker,v1,v1,"{""model"": null, ""temperature"": null, ""date"": ""2025-09-06T23:06:20.621089+00:00"", ""prompt_version"": ""v1"", ""persona"": ""course_taker""}"
"('artificialintelligence', 'turingmachine')",turing machine,artificial intelligence,-1,3,phd,v1,v1,"{""model"": null, ""temperature"": null, ""date"": ""2025-09-06T23:06:20.621122+00:00"", ""prompt_version"": ""v1"", ""persona"": ""phd""}"
"('artificialintelligence', 'turingmachine')",turing machine,artificial intelligence,-1,3,expert,v1,v1,"{""model"": null, ""temperature"": null, ""date"": ""2025-09-06T23:06:20.621154+00:00"", ""prompt_version"": ""v1"", ""persona"": ""expert""}"
"('interpretation', 'philosophyoflanguage')",philosophy of language,interpretation,-1,3,novice,v1,v1,"{""model"": null, ""temperature"": null, ""date"": ""2025-09-06T23:06:20.621212+00:00"", ""prompt_version"": ""v1"", ""persona"": ""novice""}"
"('interpretation', 'philosophyoflanguage')",philosophy of language,interpretation,-1,3,course_taker,v1,v1,"{""model"": null, ""temperature"": null, ""date"": ""2025-09-06T23:06:20.621245+00:00"", ""prompt_version"": ""v1"", ""persona"": ""course_taker""}"
"('interpretation', 'philosophyoflanguage')",philosophy of language,interpretation,-1,3,phd,v1,v1,"{""model"": null, ""temperature"": null, ""date"": ""2025-09-06T23:06:20.621279+00:00"", ""prompt_version"": ""v1"", ""persona"": ""phd""}"
"('interpretation', 'philosophyoflanguage')",philosophy of language,interpretation,-1,3,expert,v1,v1,"{""model"": null, ""temperature"": null, ""date"": ""2025-09-06T23:06:20.621313+00:00"", ""prompt_version"": ""v1"", ""persona"": ""expert""}"
"('cognitivescience', 'dynamicalsystem')",dynamical system,cognitive science,-1,3,novice,v1,v1,"{""model"": null, ""temperature"": null, ""date"": ""2025-09-06T23:06:20.621369+00:00"", ""prompt_version"": ""v1"", ""persona"": ""novice""}"
"('cognitivescience', 'dynamicalsystem')",dynamical system,cognitive science,-1,3,course_taker,v1,v1,"{""model"": null, ""temperature"": null, ""date"": ""2025-09-06T23:06:20.621402+00:00"", ""prompt_version"": ""v1"", ""persona"": ""course_taker""}"
"('cognitivescience', 'dynamicalsystem')",dynamical system,cognitive science,-1,3,phd,v1,v1,"{""model"": null, ""temperature"": null, ""date"": ""2025-09-06T23:06:20.621435+00:00"", ""prompt_version"": ""v1"", ""persona"": ""phd""}"
"('cognitivescience', 'dynamicalsystem')",dynamical system,cognitive science,-1,3,expert,v1,v1,"{""model"": null, ""temperature"": null, ""date"": ""2025-09-06T23:06:20.621468+00:00"", ""prompt_version"": ""v1"", ""persona"": ""expert""}"
"('churchandstate', 'philosophyofreligion')",church and state,philosophy of religion,-1,3,novice,v1,v1,"{""model"": null, ""temperature"": null, ""date"": ""2025-09-06T23:06:20.621525+00:00"", ""prompt_version"": ""v1"", ""persona"": ""novice""}"
"('churchandstate', 'philosophyofreligion')",church and state,philosophy of religion,-1,3,course_taker,v1,v1,"{""model"": null, ""temperature"": null, ""date"": ""2025-09-06T23:06:20.621558+00:00"", ""prompt_version"": ""v1"", ""persona"": ""course_taker""}"
"('churchandstate', 'philosophyofreligion')",church and state,philosophy of religion,-1,3,phd,v1,v1,"{""model"": null, ""temperature"": null, ""date"": ""2025-09-06T23:06:20.621591+00:00"", ""prompt_version"": ""v1"", ""persona"": ""phd""}"
"('churchandstate', 'philosophyofreligion')",church and state,philosophy of religion,-1,3,expert,v1,v1,"{""model"": null, ""temperature"": null, ""date"": ""2025-09-06T23:06:20.621624+00:00"", ""prompt_version"": ""v1"", ""persona"": ""expert""}"
"('bohmianmechanics', 'quantummechanics')",bohmian mechanics,quantum mechanics,-1,3,novice,v1,v1,"{""model"": null, ""temperature"": null, ""date"": ""2025-09-06T23:06:20.621680+00:00"", ""prompt_version"": ""v1"", ""persona"": ""novice""}"
"('bohmianmechanics', 'quantummechanics')",bohmian mechanics,quantum mechanics,-1,3,course_taker,v1,v1,"{""model"": null, ""temperature"": null, ""date"": ""2025-09-06T23:06:20.621713+00:00"", ""prompt_version"": ""v1"", ""persona"": ""course_taker""}"
"('bohmianmechanics', 'quantummechanics')",bohmian mechanics,quantum mechanics,-1,3,phd,v1,v1,"{""model"": null, ""temperature"": null, ""date"": ""2025-09-06T23:06:20.621745+00:00"", ""prompt_version"": ""v1"", ""persona"": ""phd""}"
"('bohmianmechanics', 'quantummechanics')",bohmian mechanics,quantum mechanics,-1,3,expert,v1,v1,"{""model"": null, ""temperature"": null, ""date"": ""2025-09-06T23:06:20.621778+00:00"", ""prompt_version"": ""v1"", ""persona"": ""expert""}"
"('philosophyofart', 'philosophyofmind')",philosophy of art,philosophy of mind,-1,3,novice,v1,v1,"{""model"": null, ""temperature"": null, ""date"": ""2025-09-06T23:06:20.621836+00:00"", ""prompt_version"": ""v1"", ""persona"": ""novice""}"
"('philosophyofart', 'philosophyofmind')",philosophy of art,philosophy of mind,-1,3,course_taker,v1,v1,"{""model"": null, ""temperature"": null, ""date"": ""2025-09-06T23:06:20.621880+00:00"", ""prompt_version"": ""v1"", ""persona"": ""course_taker""}"
"('philosophyofart', 'philosophyofmind')",philosophy of art,philosophy of mind,-1,3,phd,v1,v1,"{""model"": null, ""temperature"": null, ""date"": ""2025-09-06T23:06:20.621914+00:00"", ""prompt_version"": ""v1"", ""persona"": ""phd""}"
"('philosophyofart', 'philosophyofmind')",philosophy of art,philosophy of mind,-1,3,expert,v1,v1,"{""model"": null, ""temperature"": null, ""date"": ""2025-09-06T23:06:20.621947+00:00"", ""prompt_version"": ""v1"", ""persona"": ""expert""}"
"('africansagephilosophy', 'afterlife')",african sage philosophy,afterlife,-1,3,novice,v1,v1,"{""model"": null, ""temperature"": null, ""date"": ""2025-09-06T23:06:20.622005+00:00"", ""prompt_version"": ""v1"", ""persona"": ""novice""}"
"('africansagephilosophy', 'afterlife')",african sage philosophy,afterlife,-1,3,course_taker,v1,v1,"{""model"": null, ""temperature"": null, ""date"": ""2025-09-06T23:06:20.622038+00:00"", ""prompt_version"": ""v1"", ""persona"": ""course_taker""}"
"('africansagephilosophy', 'afterlife')",african sage philosophy,afterlife,-1,3,phd,v1,v1,"{""model"": null, ""temperature"": null, ""date"": ""2025-09-06T23:06:20.622071+00:00"", ""prompt_version"": ""v1"", ""persona"": ""phd""}"
"('africansagephilosophy', 'afterlife')",african sage philosophy,afterlife,-1,3,expert,v1,v1,"{""model"": null, ""temperature"": null, ""date"": ""2025-09-06T23:06:20.622103+00:00"", ""prompt_version"": ""v1"", ""persona"": ""expert""}"
"('ethicsandart', 'philosophyofart')",philosophy of art,ethics and art,-1,3,novice,v1,v1,"{""model"": null, ""temperature"": null, ""date"": ""2025-09-06T23:06:20.622160+00:00"", ""prompt_version"": ""v1"", ""persona"": ""novice""}"
"('ethicsandart', 'philosophyofart')",philosophy of art,ethics and art,-1,3,course_taker,v1,v1,"{""model"": null, ""temperature"": null, ""date"": ""2025-09-06T23:06:20.622194+00:00"", ""prompt_version"": ""v1"", ""persona"": ""course_taker""}"
"('ethicsandart', 'philosophyofart')",philosophy of art,ethics and art,-1,3,phd,v1,v1,"{""model"": null, ""temperature"": null, ""date"": ""2025-09-06T23:06:20.622227+00:00"", ""prompt_version"": ""v1"", ""persona"": ""phd""}"
"('ethicsandart', 'philosophyofart')",philosophy of art,ethics and art,-1,3,expert,v1,v1,"{""model"": null, ""temperature"": null, ""date"": ""2025-09-06T23:06:20.622260+00:00"", ""prompt_version"": ""v1"", ""persona"": ""expert""}"
"('modernphilosophy', 'philosophyofreligion')",modern philosophy,philosophy of religion,-1,3,novice,v1,v1,"{""model"": null, ""temperature"": null, ""date"": ""2025-09-06T23:06:20.622317+00:00"", ""prompt_version"": ""v1"", ""persona"": ""novice""}"
"('modernphilosophy', 'philosophyofreligion')",modern philosophy,philosophy of religion,-1,3,course_taker,v1,v1,"{""model"": null, ""temperature"": null, ""date"": ""2025-09-06T23:06:20.622350+00:00"", ""prompt_version"": ""v1"", ""persona"": ""course_taker""}"
"('modernphilosophy', 'philosophyofreligion')",modern philosophy,philosophy of religion,-1,3,phd,v1,v1,"{""model"": null, ""temperature"": null, ""date"": ""2025-09-06T23:06:20.622384+00:00"", ""prompt_version"": ""v1"", ""persona"": ""phd""}"
"('modernphilosophy', 'philosophyofreligion')",modern philosophy,philosophy of religion,-1,3,expert,v1,v1,"{""model"": null, ""temperature"": null, ""date"": ""2025-09-06T23:06:20.622416+00:00"", ""prompt_version"": ""v1"", ""persona"": ""expert""}"
"('imagery', 'philosophyofmind')",imagery,philosophy of mind,-1,3,novice,v1,v1,"{""model"": null, ""temperature"": null, ""date"": ""2025-09-06T23:06:20.622473+00:00"", ""prompt_version"": ""v1"", ""persona"": ""novice""}"
"('imagery', 'philosophyofmind')",imagery,philosophy of mind,-1,3,course_taker,v1,v1,"{""model"": null, ""temperature"": null, ""date"": ""2025-09-06T23:06:20.622506+00:00"", ""prompt_version"": ""v1"", ""persona"": ""course_taker""}"
"('imagery', 'philosophyofmind')",imagery,philosophy of mind,-1,3,phd,v1,v1,"{""model"": null, ""temperature"": null, ""date"": ""2025-09-06T23:06:20.622538+00:00"", ""prompt_version"": ""v1"", ""persona"": ""phd""}"
"('imagery', 'philosophyofmind')",imagery,philosophy of mind,-1,3,expert,v1,v1,"{""model"": null, ""temperature"": null, ""date"": ""2025-09-06T23:06:20.622571+00:00"", ""prompt_version"": ""v1"", ""persona"": ""expert""}"
"('philosophyofreligion', 'zenbuddhism')",zen buddhism,philosophy of religion,-1,3,novice,v1,v1,"{""model"": null, ""temperature"": null, ""date"": ""2025-09-06T23:06:20.622628+00:00"", ""prompt_version"": ""v1"", ""persona"": ""novice""}"
"('philosophyofreligion', 'zenbuddhism')",zen buddhism,philosophy of religion,-1,3,course_taker,v1,v1,"{""model"": null, ""temperature"": null, ""date"": ""2025-09-06T23:06:20.622661+00:00"", ""prompt_version"": ""v1"", ""persona"": ""course_taker""}"
"('philosophyofreligion', 'zenbuddhism')",zen buddhism,philosophy of religion,-1,3,phd,v1,v1,"{""model"": null, ""temperature"": null, ""date"": ""2025-09-06T23:06:20.622695+00:00"", ""prompt_version"": ""v1"", ""persona"": ""phd""}"
"('philosophyofreligion', 'zenbuddhism')",zen buddhism,philosophy of religion,-1,3,expert,v1,v1,"{""model"": null, ""temperature"": null, ""date"": ""2025-09-06T23:06:20.622727+00:00"", ""prompt_version"": ""v1"", ""persona"": ""expert""}"
"('kantsphilosophyofreligion', 'philosophyofreligion')",kant's philosophy of religion,philosophy of religion,-1,3,novice,v1,v1,"{""model"": null, ""temperature"": null, ""date"": ""2025-09-06T23:06:20.622794+00:00"", ""prompt_version"": ""v1"", ""persona"": ""novice""}"
"('kantsphilosophyofreligion', 'philosophyofreligion')",kant's philosophy of religion,philosophy of religion,-1,3,course_taker,v1,v1,"{""model"": null, ""temperature"": null, ""date"": ""2025-09-06T23:06:20.622827+00:00"", ""prompt_version"": ""v1"", ""persona"": ""course_taker""}"
"('kantsphilosophyofreligion', 'philosophyofreligion')",kant's philosophy of religion,philosophy of religion,-1,3,phd,v1,v1,"{""model"": null, ""temperature"": null, ""date"": ""2025-09-06T23:06:20.622861+00:00"", ""prompt_version"": ""v1"", ""persona"": ""phd""}"
"('kantsphilosophyofreligion', 'philosophyofreligion')",kant's philosophy of religion,philosophy of religion,-1,3,expert,v1,v1,"{""model"": null, ""temperature"": null, ""date"": ""2025-09-06T23:06:20.622894+00:00"", ""prompt_version"": ""v1"", ""persona"": ""expert""}"
"('cognitivescience', 'networkmodel')",network model,cognitive science,-1,3,novice,v1,v1,"{""model"": null, ""temperature"": null, ""date"": ""2025-09-06T23:06:20.622951+00:00"", ""prompt_version"": ""v1"", ""persona"": ""novice""}"
"('cognitivescience', 'networkmodel')",network model,cognitive science,-1,3,course_taker,v1,v1,"{""model"": null, ""temperature"": null, ""date"": ""2025-09-06T23:06:20.622983+00:00"", ""prompt_version"": ""v1"", ""persona"": ""course_taker""}"
"('cognitivescience', 'networkmodel')",network model,cognitive science,-1,3,phd,v1,v1,"{""model"": null, ""temperature"": null, ""date"": ""2025-09-06T23:06:20.623016+00:00"", ""prompt_version"": ""v1"", ""persona"": ""phd""}"
"('cognitivescience', 'networkmodel')",network model,cognitive science,-1,3,expert,v1,v1,"{""model"": null, ""temperature"": null, ""date"": ""2025-09-06T23:06:20.623047+00:00"", ""prompt_version"": ""v1"", ""persona"": ""expert""}"
"('historyoflogic', 'squareofopposition')",square of opposition,history of logic,-1,3,novice,v1,v1,"{""model"": null, ""temperature"": null, ""date"": ""2025-09-06T23:06:20.623105+00:00"", ""prompt_version"": ""v1"", ""persona"": ""novice""}"
"('historyoflogic', 'squareofopposition')",square of opposition,history of logic,-1,3,course_taker,v1,v1,"{""model"": null, ""temperature"": null, ""date"": ""2025-09-06T23:06:20.623138+00:00"", ""prompt_version"": ""v1"", ""persona"": ""course_taker""}"
"('historyoflogic', 'squareofopposition')",square of opposition,history of logic,-1,3,phd,v1,v1,"{""model"": null, ""temperature"": null, ""date"": ""2025-09-06T23:06:20.623171+00:00"", ""prompt_version"": ""v1"", ""persona"": ""phd""}"
"('historyoflogic', 'squareofopposition')",square of opposition,history of logic,-1,3,expert,v1,v1,"{""model"": null, ""temperature"": null, ""date"": ""2025-09-06T23:06:20.623211+00:00"", ""prompt_version"": ""v1"", ""persona"": ""expert""}"
"('epistemology', 'falsificationism')",falsificationism,epistemology,-1,3,novice,v1,v1,"{""model"": null, ""temperature"": null, ""date"": ""2025-09-06T23:06:20.623268+00:00"", ""prompt_version"": ""v1"", ""persona"": ""novice""}"
"('epistemology', 'falsificationism')",falsificationism,epistemology,-1,3,course_taker,v1,v1,"{""model"": null, ""temperature"": null, ""date"": ""2025-09-06T23:06:20.623300+00:00"", ""prompt_version"": ""v1"", ""persona"": ""course_taker""}"
"('epistemology', 'falsificationism')",falsificationism,epistemology,-1,3,phd,v1,v1,"{""model"": null, ""temperature"": null, ""date"": ""2025-09-06T23:06:20.623333+00:00"", ""prompt_version"": ""v1"", ""persona"": ""phd""}"
"('epistemology', 'falsificationism')",falsificationism,epistemology,-1,3,expert,v1,v1,"{""model"": null, ""temperature"": null, ""date"": ""2025-09-06T23:06:20.623366+00:00"", ""prompt_version"": ""v1"", ""persona"": ""expert""}"
"('dynamism', 'japanesephilosophy')",dynamism,japanese philosophy,-1,3,novice,v1,v1,"{""model"": null, ""temperature"": null, ""date"": ""2025-09-06T23:06:20.623423+00:00"", ""prompt_version"": ""v1"", ""persona"": ""novice""}"
"('dynamism', 'japanesephilosophy')",dynamism,japanese philosophy,-1,3,course_taker,v1,v1,"{""model"": null, ""temperature"": null, ""date"": ""2025-09-06T23:06:20.623456+00:00"", ""prompt_version"": ""v1"", ""persona"": ""course_taker""}"
"('dynamism', 'japanesephilosophy')",dynamism,japanese philosophy,-1,3,phd,v1,v1,"{""model"": null, ""temperature"": null, ""date"": ""2025-09-06T23:06:20.623529+00:00"", ""prompt_version"": ""v1"", ""persona"": ""phd""}"
"('dynamism', 'japanesephilosophy')",dynamism,japanese philosophy,-1,3,expert,v1,v1,"{""model"": null, ""temperature"": null, ""date"": ""2025-09-06T23:06:20.623583+00:00"", ""prompt_version"": ""v1"", ""persona"": ""expert""}"
"('cosmology', 'metaphysics')",cosmology,metaphysics,-1,3,novice,v1,v1,"{""model"": null, ""temperature"": null, ""date"": ""2025-09-06T23:06:20.623655+00:00"", ""prompt_version"": ""v1"", ""persona"": ""novice""}"
"('cosmology', 'metaphysics')",cosmology,metaphysics,-1,3,course_taker,v1,v1,"{""model"": null, ""temperature"": null, ""date"": ""2025-09-06T23:06:20.623692+00:00"", ""prompt_version"": ""v1"", ""persona"": ""course_taker""}"
"('cosmology', 'metaphysics')",cosmology,metaphysics,-1,3,phd,v1,v1,"{""model"": null, ""temperature"": null, ""date"": ""2025-09-06T23:06:20.623726+00:00"", ""prompt_version"": ""v1"", ""persona"": ""phd""}"
"('cosmology', 'metaphysics')",cosmology,metaphysics,-1,3,expert,v1,v1,"{""model"": null, ""temperature"": null, ""date"": ""2025-09-06T23:06:20.623761+00:00"", ""prompt_version"": ""v1"", ""persona"": ""expert""}"
"('autism', 'folkpsychology')",autism,folk psychology,-1,3,novice,v1,v1,"{""model"": null, ""temperature"": null, ""date"": ""2025-09-06T23:06:20.623822+00:00"", ""prompt_version"": ""v1"", ""persona"": ""novice""}"
"('autism', 'folkpsychology')",autism,folk psychology,-1,3,course_taker,v1,v1,"{""model"": null, ""temperature"": null, ""date"": ""2025-09-06T23:06:20.623856+00:00"", ""prompt_version"": ""v1"", ""persona"": ""course_taker""}"
"('autism', 'folkpsychology')",autism,folk psychology,-1,3,phd,v1,v1,"{""model"": null, ""temperature"": null, ""date"": ""2025-09-06T23:06:20.623891+00:00"", ""prompt_version"": ""v1"", ""persona"": ""phd""}"
"('autism', 'folkpsychology')",autism,folk psychology,-1,3,expert,v1,v1,"{""model"": null, ""temperature"": null, ""date"": ""2025-09-06T23:06:20.623925+00:00"", ""prompt_version"": ""v1"", ""persona"": ""expert""}"
"('kantsviewofthemindandconsciousnessofself', 'philosophyofmind')",kant's view of the mind and consciousness of self,philosophy of mind,-1,3,novice,v1,v1,"{""model"": null, ""temperature"": null, ""date"": ""2025-09-06T23:06:20.623986+00:00"", ""prompt_version"": ""v1"", ""persona"": ""novice""}"
"('kantsviewofthemindandconsciousnessofself', 'philosophyofmind')",kant's view of the mind and consciousness of self,philosophy of mind,-1,3,course_taker,v1,v1,"{""model"": null, ""temperature"": null, ""date"": ""2025-09-06T23:06:20.624021+00:00"", ""prompt_version"": ""v1"", ""persona"": ""course_taker""}"
"('kantsviewofthemindandconsciousnessofself', 'philosophyofmind')",kant's view of the mind and consciousness of self,philosophy of mind,-1,3,phd,v1,v1,"{""model"": null, ""temperature"": null, ""date"": ""2025-09-06T23:06:20.624056+00:00"", ""prompt_version"": ""v1"", ""persona"": ""phd""}"
"('kantsviewofthemindandconsciousnessofself', 'philosophyofmind')",kant's view of the mind and consciousness of self,philosophy of mind,-1,3,expert,v1,v1,"{""model"": null, ""temperature"": null, ""date"": ""2025-09-06T23:06:20.624090+00:00"", ""prompt_version"": ""v1"", ""persona"": ""expert""}"
"('nonhumananimals', 'philosophyofmind')",nonhuman animals,philosophy of mind,-1,3,novice,v1,v1,"{""model"": null, ""temperature"": null, ""date"": ""2025-09-06T23:06:20.624151+00:00"", ""prompt_version"": ""v1"", ""persona"": ""novice""}"
"('nonhumananimals', 'philosophyofmind')",nonhuman animals,philosophy of mind,-1,3,course_taker,v1,v1,"{""model"": null, ""temperature"": null, ""date"": ""2025-09-06T23:06:20.624185+00:00"", ""prompt_version"": ""v1"", ""persona"": ""course_taker""}"
"('nonhumananimals', 'philosophyofmind')",nonhuman animals,philosophy of mind,-1,3,phd,v1,v1,"{""model"": null, ""temperature"": null, ""date"": ""2025-09-06T23:06:20.624219+00:00"", ""prompt_version"": ""v1"", ""persona"": ""phd""}"
"('nonhumananimals', 'philosophyofmind')",nonhuman animals,philosophy of mind,-1,3,expert,v1,v1,"{""model"": null, ""temperature"": null, ""date"": ""2025-09-06T23:06:20.624251+00:00"", ""prompt_version"": ""v1"", ""persona"": ""expert""}"
"('languagelearning', 'philosophyoflanguage')",philosophy of language,language learning,-1,3,novice,v1,v1,"{""model"": null, ""temperature"": null, ""date"": ""2025-09-06T23:06:20.624310+00:00"", ""prompt_version"": ""v1"", ""persona"": ""novice""}"
"('languagelearning', 'philosophyoflanguage')",philosophy of language,language learning,-1,3,course_taker,v1,v1,"{""model"": null, ""temperature"": null, ""date"": ""2025-09-06T23:06:20.624344+00:00"", ""prompt_version"": ""v1"", ""persona"": ""course_taker""}"
"('languagelearning', 'philosophyoflanguage')",philosophy of language,language learning,-1,3,phd,v1,v1,"{""model"": null, ""temperature"": null, ""date"": ""2025-09-06T23:06:20.624378+00:00"", ""prompt_version"": ""v1"", ""persona"": ""phd""}"
"('languagelearning', 'philosophyoflanguage')",philosophy of language,language learning,-1,3,expert,v1,v1,"{""model"": null, ""temperature"": null, ""date"": ""2025-09-06T23:06:20.624411+00:00"", ""prompt_version"": ""v1"", ""persona"": ""expert""}"
"('pakistaniphilosophy', 'perception')",pakistani philosophy,perception,-1,3,novice,v1,v1,"{""model"": null, ""temperature"": null, ""date"": ""2025-09-06T23:06:20.624470+00:00"", ""prompt_version"": ""v1"", ""persona"": ""novice""}"
"('pakistaniphilosophy', 'perception')",pakistani philosophy,perception,-1,3,course_taker,v1,v1,"{""model"": null, ""temperature"": null, ""date"": ""2025-09-06T23:06:20.624504+00:00"", ""prompt_version"": ""v1"", ""persona"": ""course_taker""}"
"('pakistaniphilosophy', 'perception')",pakistani philosophy,perception,-1,3,phd,v1,v1,"{""model"": null, ""temperature"": null, ""date"": ""2025-09-06T23:06:20.624537+00:00"", ""prompt_version"": ""v1"", ""persona"": ""phd""}"
"('pakistaniphilosophy', 'perception')",pakistani philosophy,perception,-1,3,expert,v1,v1,"{""model"": null, ""temperature"": null, ""date"": ""2025-09-06T23:06:20.624572+00:00"", ""prompt_version"": ""v1"", ""persona"": ""expert""}"
"('dualism', 'propertydualism')",property dualism,dualism,-1,3,novice,v1,v1,"{""model"": null, ""temperature"": null, ""date"": ""2025-09-06T23:06:20.624647+00:00"", ""prompt_version"": ""v1"", ""persona"": ""novice""}"
"('dualism', 'propertydualism')",property dualism,dualism,-1,3,course_taker,v1,v1,"{""model"": null, ""temperature"": null, ""date"": ""2025-09-06T23:06:20.624696+00:00"", ""prompt_version"": ""v1"", ""persona"": ""course_taker""}"
"('dualism', 'propertydualism')",property dualism,dualism,-1,3,phd,v1,v1,"{""model"": null, ""temperature"": null, ""date"": ""2025-09-06T23:06:20.624729+00:00"", ""prompt_version"": ""v1"", ""persona"": ""phd""}"
"('dualism', 'propertydualism')",property dualism,dualism,-1,3,expert,v1,v1,"{""model"": null, ""temperature"": null, ""date"": ""2025-09-06T23:06:20.624762+00:00"", ""prompt_version"": ""v1"", ""persona"": ""expert""}"
"('analysisofknowledge', 'knowledge')",analysis of knowledge,knowledge,-1,3,novice,v1,v1,"{""model"": null, ""temperature"": null, ""date"": ""2025-09-06T23:06:20.624821+00:00"", ""prompt_version"": ""v1"", ""persona"": ""novice""}"
"('analysisofknowledge', 'knowledge')",analysis of knowledge,knowledge,-1,3,course_taker,v1,v1,"{""model"": null, ""temperature"": null, ""date"": ""2025-09-06T23:06:20.624854+00:00"", ""prompt_version"": ""v1"", ""persona"": ""course_taker""}"
"('analysisofknowledge', 'knowledge')",analysis of knowledge,knowledge,-1,3,phd,v1,v1,"{""model"": null, ""temperature"": null, ""date"": ""2025-09-06T23:06:20.624887+00:00"", ""prompt_version"": ""v1"", ""persona"": ""phd""}"
"('analysisofknowledge', 'knowledge')",analysis of knowledge,knowledge,-1,3,expert,v1,v1,"{""model"": null, ""temperature"": null, ""date"": ""2025-09-06T23:06:20.624920+00:00"", ""prompt_version"": ""v1"", ""persona"": ""expert""}"
"('epistemology', 'platosmiddleperiodmetaphysicsandepistemology')",plato's middle period metaphysics and epistemology,epistemology,-1,3,novice,v1,v1,"{""model"": null, ""temperature"": null, ""date"": ""2025-09-06T23:06:20.624978+00:00"", ""prompt_version"": ""v1"", ""persona"": ""novice""}"
"('epistemology', 'platosmiddleperiodmetaphysicsandepistemology')",plato's middle period metaphysics and epistemology,epistemology,-1,3,course_taker,v1,v1,"{""model"": null, ""temperature"": null, ""date"": ""2025-09-06T23:06:20.625011+00:00"", ""prompt_version"": ""v1"", ""persona"": ""course_taker""}"
"('epistemology', 'platosmiddleperiodmetaphysicsandepistemology')",plato's middle period metaphysics and epistemology,epistemology,-1,3,phd,v1,v1,"{""model"": null, ""temperature"": null, ""date"": ""2025-09-06T23:06:20.625045+00:00"", ""prompt_version"": ""v1"", ""persona"": ""phd""}"
"('epistemology', 'platosmiddleperiodmetaphysicsandepistemology')",plato's middle period metaphysics and epistemology,epistemology,-1,3,expert,v1,v1,"{""model"": null, ""temperature"": null, ""date"": ""2025-09-06T23:06:20.625079+00:00"", ""prompt_version"": ""v1"", ""persona"": ""expert""}"
"('causaldeterminism', 'freewill')",causal determinism,free will,-1,3,novice,v1,v1,"{""model"": null, ""temperature"": null, ""date"": ""2025-09-06T23:06:20.625138+00:00"", ""prompt_version"": ""v1"", ""persona"": ""novice""}"
"('causaldeterminism', 'freewill')",causal determinism,free will,-1,3,course_taker,v1,v1,"{""model"": null, ""temperature"": null, ""date"": ""2025-09-06T23:06:20.625171+00:00"", ""prompt_version"": ""v1"", ""persona"": ""course_taker""}"
"('causaldeterminism', 'freewill')",causal determinism,free will,-1,3,phd,v1,v1,"{""model"": null, ""temperature"": null, ""date"": ""2025-09-06T23:06:20.625205+00:00"", ""prompt_version"": ""v1"", ""persona"": ""phd""}"
"('causaldeterminism', 'freewill')",causal determinism,free will,-1,3,expert,v1,v1,"{""model"": null, ""temperature"": null, ""date"": ""2025-09-06T23:06:20.625238+00:00"", ""prompt_version"": ""v1"", ""persona"": ""expert""}"
"('leibnizsinfluenceonkant', 'metaphysics')",leibniz's influence on kant,metaphysics,-1,3,novice,v1,v1,"{""model"": null, ""temperature"": null, ""date"": ""2025-09-06T23:06:20.625295+00:00"", ""prompt_version"": ""v1"", ""persona"": ""novice""}"
"('leibnizsinfluenceonkant', 'metaphysics')",leibniz's influence on kant,metaphysics,-1,3,course_taker,v1,v1,"{""model"": null, ""temperature"": null, ""date"": ""2025-09-06T23:06:20.625329+00:00"", ""prompt_version"": ""v1"", ""persona"": ""course_taker""}"
"('leibnizsinfluenceonkant', 'metaphysics')",leibniz's influence on kant,metaphysics,-1,3,phd,v1,v1,"{""model"": null, ""temperature"": null, ""date"": ""2025-09-06T23:06:20.625363+00:00"", ""prompt_version"": ""v1"", ""persona"": ""phd""}"
"('leibnizsinfluenceonkant', 'metaphysics')",leibniz's influence on kant,metaphysics,-1,3,expert,v1,v1,"{""model"": null, ""temperature"": null, ""date"": ""2025-09-06T23:06:20.625396+00:00"", ""prompt_version"": ""v1"", ""persona"": ""expert""}"
"('conservationbiology', 'philosophyofbiology')",conservation biology,philosophy of biology,-1,3,novice,v1,v1,"{""model"": null, ""temperature"": null, ""date"": ""2025-09-06T23:06:20.625454+00:00"", ""prompt_version"": ""v1"", ""persona"": ""novice""}"
"('conservationbiology', 'philosophyofbiology')",conservation biology,philosophy of biology,-1,3,course_taker,v1,v1,"{""model"": null, ""temperature"": null, ""date"": ""2025-09-06T23:06:20.625487+00:00"", ""prompt_version"": ""v1"", ""persona"": ""course_taker""}"
"('conservationbiology', 'philosophyofbiology')",conservation biology,philosophy of biology,-1,3,phd,v1,v1,"{""model"": null, ""temperature"": null, ""date"": ""2025-09-06T23:06:20.625521+00:00"", ""prompt_version"": ""v1"", ""persona"": ""phd""}"
"('conservationbiology', 'philosophyofbiology')",conservation biology,philosophy of biology,-1,3,expert,v1,v1,"{""model"": null, ""temperature"": null, ""date"": ""2025-09-06T23:06:20.625554+00:00"", ""prompt_version"": ""v1"", ""persona"": ""expert""}"
"('metaphysics', 'platonism')",platonism,metaphysics,-1,3,novice,v1,v1,"{""model"": null, ""temperature"": null, ""date"": ""2025-09-06T23:06:20.625612+00:00"", ""prompt_version"": ""v1"", ""persona"": ""novice""}"
"('metaphysics', 'platonism')",platonism,metaphysics,-1,3,course_taker,v1,v1,"{""model"": null, ""temperature"": null, ""date"": ""2025-09-06T23:06:20.625645+00:00"", ""prompt_version"": ""v1"", ""persona"": ""course_taker""}"
"('metaphysics', 'platonism')",platonism,metaphysics,-1,3,phd,v1,v1,"{""model"": null, ""temperature"": null, ""date"": ""2025-09-06T23:06:20.625677+00:00"", ""prompt_version"": ""v1"", ""persona"": ""phd""}"
"('metaphysics', 'platonism')",platonism,metaphysics,-1,3,expert,v1,v1,"{""model"": null, ""temperature"": null, ""date"": ""2025-09-06T23:06:20.625710+00:00"", ""prompt_version"": ""v1"", ""persona"": ""expert""}"
"('epistemology', 'metaphysicsofscience')",metaphysics of science,epistemology,-1,3,novice,v1,v1,"{""model"": null, ""temperature"": null, ""date"": ""2025-09-06T23:06:20.625767+00:00"", ""prompt_version"": ""v1"", ""persona"": ""novice""}"
"('epistemology', 'metaphysicsofscience')",metaphysics of science,epistemology,-1,3,course_taker,v1,v1,"{""model"": null, ""temperature"": null, ""date"": ""2025-09-06T23:06:20.625801+00:00"", ""prompt_version"": ""v1"", ""persona"": ""course_taker""}"
"('epistemology', 'metaphysicsofscience')",metaphysics of science,epistemology,-1,3,phd,v1,v1,"{""model"": null, ""temperature"": null, ""date"": ""2025-09-06T23:06:20.625834+00:00"", ""prompt_version"": ""v1"", ""persona"": ""phd""}"
"('epistemology', 'metaphysicsofscience')",metaphysics of science,epistemology,-1,3,expert,v1,v1,"{""model"": null, ""temperature"": null, ""date"": ""2025-09-06T23:06:20.625867+00:00"", ""prompt_version"": ""v1"", ""persona"": ""expert""}"
"('afterlife', 'philosophyofreligion')",afterlife,philosophy of religion,-1,3,novice,v1,v1,"{""model"": null, ""temperature"": null, ""date"": ""2025-09-06T23:06:20.625924+00:00"", ""prompt_version"": ""v1"", ""persona"": ""novice""}"
"('afterlife', 'philosophyofreligion')",afterlife,philosophy of religion,-1,3,course_taker,v1,v1,"{""model"": null, ""temperature"": null, ""date"": ""2025-09-06T23:06:20.625957+00:00"", ""prompt_version"": ""v1"", ""persona"": ""course_taker""}"
"('afterlife', 'philosophyofreligion')",afterlife,philosophy of religion,-1,3,phd,v1,v1,"{""model"": null, ""temperature"": null, ""date"": ""2025-09-06T23:06:20.625990+00:00"", ""prompt_version"": ""v1"", ""persona"": ""phd""}"
"('afterlife', 'philosophyofreligion')",afterlife,philosophy of religion,-1,3,expert,v1,v1,"{""model"": null, ""temperature"": null, ""date"": ""2025-09-06T23:06:20.626032+00:00"", ""prompt_version"": ""v1"", ""persona"": ""expert""}"
"('epistemology', 'socialepistemology')",social epistemology,epistemology,-1,3,novice,v1,v1,"{""model"": null, ""temperature"": null, ""date"": ""2025-09-06T23:06:20.626090+00:00"", ""prompt_version"": ""v1"", ""persona"": ""novice""}"
"('epistemology', 'socialepistemology')",social epistemology,epistemology,-1,3,course_taker,v1,v1,"{""model"": null, ""temperature"": null, ""date"": ""2025-09-06T23:06:20.626123+00:00"", ""prompt_version"": ""v1"", ""persona"": ""course_taker""}"
"('epistemology', 'socialepistemology')",social epistemology,epistemology,-1,3,phd,v1,v1,"{""model"": null, ""temperature"": null, ""date"": ""2025-09-06T23:06:20.626156+00:00"", ""prompt_version"": ""v1"", ""persona"": ""phd""}"
"('epistemology', 'socialepistemology')",social epistemology,epistemology,-1,3,expert,v1,v1,"{""model"": null, ""temperature"": null, ""date"": ""2025-09-06T23:06:20.626189+00:00"", ""prompt_version"": ""v1"", ""persona"": ""expert""}"
"('perception', 'reliabilism')",reliabilism,perception,-1,3,novice,v1,v1,"{""model"": null, ""temperature"": null, ""date"": ""2025-09-06T23:06:20.626245+00:00"", ""prompt_version"": ""v1"", ""persona"": ""novice""}"
"('perception', 'reliabilism')",reliabilism,perception,-1,3,course_taker,v1,v1,"{""model"": null, ""temperature"": null, ""date"": ""2025-09-06T23:06:20.626278+00:00"", ""prompt_version"": ""v1"", ""persona"": ""course_taker""}"
"('perception', 'reliabilism')",reliabilism,perception,-1,3,phd,v1,v1,"{""model"": null, ""temperature"": null, ""date"": ""2025-09-06T23:06:20.626310+00:00"", ""prompt_version"": ""v1"", ""persona"": ""phd""}"
"('perception', 'reliabilism')",reliabilism,perception,-1,3,expert,v1,v1,"{""model"": null, ""temperature"": null, ""date"": ""2025-09-06T23:06:20.626343+00:00"", ""prompt_version"": ""v1"", ""persona"": ""expert""}"
"('evolutionarypsychology', 'philosophyofmind')",evolutionary psychology,philosophy of mind,-1,3,novice,v1,v1,"{""model"": null, ""temperature"": null, ""date"": ""2025-09-06T23:06:20.626401+00:00"", ""prompt_version"": ""v1"", ""persona"": ""novice""}"
"('evolutionarypsychology', 'philosophyofmind')",evolutionary psychology,philosophy of mind,-1,3,course_taker,v1,v1,"{""model"": null, ""temperature"": null, ""date"": ""2025-09-06T23:06:20.626434+00:00"", ""prompt_version"": ""v1"", ""persona"": ""course_taker""}"
"('evolutionarypsychology', 'philosophyofmind')",evolutionary psychology,philosophy of mind,-1,3,phd,v1,v1,"{""model"": null, ""temperature"": null, ""date"": ""2025-09-06T23:06:20.626468+00:00"", ""prompt_version"": ""v1"", ""persona"": ""phd""}"
"('evolutionarypsychology', 'philosophyofmind')",evolutionary psychology,philosophy of mind,-1,3,expert,v1,v1,"{""model"": null, ""temperature"": null, ""date"": ""2025-09-06T23:06:20.626501+00:00"", ""prompt_version"": ""v1"", ""persona"": ""expert""}"
"('interactionism', 'philosophyofmind')",interactionism,philosophy of mind,-1,3,novice,v1,v1,"{""model"": null, ""temperature"": null, ""date"": ""2025-09-06T23:06:20.626558+00:00"", ""prompt_version"": ""v1"", ""persona"": ""novice""}"
"('interactionism', 'philosophyofmind')",interactionism,philosophy of mind,-1,3,course_taker,v1,v1,"{""model"": null, ""temperature"": null, ""date"": ""2025-09-06T23:06:20.626591+00:00"", ""prompt_version"": ""v1"", ""persona"": ""course_taker""}"
"('interactionism', 'philosophyofmind')",interactionism,philosophy of mind,-1,3,phd,v1,v1,"{""model"": null, ""temperature"": null, ""date"": ""2025-09-06T23:06:20.626625+00:00"", ""prompt_version"": ""v1"", ""persona"": ""phd""}"
"('interactionism', 'philosophyofmind')",interactionism,philosophy of mind,-1,3,expert,v1,v1,"{""model"": null, ""temperature"": null, ""date"": ""2025-09-06T23:06:20.626657+00:00"", ""prompt_version"": ""v1"", ""persona"": ""expert""}"
"('cognitivescience', 'computationandrepresentation')",computation and representation,cognitive science,-1,3,novice,v1,v1,"{""model"": null, ""temperature"": null, ""date"": ""2025-09-06T23:06:20.626714+00:00"", ""prompt_version"": ""v1"", ""persona"": ""novice""}"
"('cognitivescience', 'computationandrepresentation')",computation and representation,cognitive science,-1,3,course_taker,v1,v1,"{""model"": null, ""temperature"": null, ""date"": ""2025-09-06T23:06:20.626747+00:00"", ""prompt_version"": ""v1"", ""persona"": ""course_taker""}"
"('cognitivescience', 'computationandrepresentation')",computation and representation,cognitive science,-1,3,phd,v1,v1,"{""model"": null, ""temperature"": null, ""date"": ""2025-09-06T23:06:20.626781+00:00"", ""prompt_version"": ""v1"", ""persona"": ""phd""}"
"('cognitivescience', 'computationandrepresentation')",computation and representation,cognitive science,-1,3,expert,v1,v1,"{""model"": null, ""temperature"": null, ""date"": ""2025-09-06T23:06:20.626814+00:00"", ""prompt_version"": ""v1"", ""persona"": ""expert""}"
"('historyoflogic', 'hypotheticalsyllogism')",hypothetical syllogism,history of logic,-1,3,novice,v1,v1,"{""model"": null, ""temperature"": null, ""date"": ""2025-09-06T23:06:20.626872+00:00"", ""prompt_version"": ""v1"", ""persona"": ""novice""}"
"('historyoflogic', 'hypotheticalsyllogism')",hypothetical syllogism,history of logic,-1,3,course_taker,v1,v1,"{""model"": null, ""temperature"": null, ""date"": ""2025-09-06T23:06:20.626905+00:00"", ""prompt_version"": ""v1"", ""persona"": ""course_taker""}"
"('historyoflogic', 'hypotheticalsyllogism')",hypothetical syllogism,history of logic,-1,3,phd,v1,v1,"{""model"": null, ""temperature"": null, ""date"": ""2025-09-06T23:06:20.626938+00:00"", ""prompt_version"": ""v1"", ""persona"": ""phd""}"
"('historyoflogic', 'hypotheticalsyllogism')",hypothetical syllogism,history of logic,-1,3,expert,v1,v1,"{""model"": null, ""temperature"": null, ""date"": ""2025-09-06T23:06:20.626971+00:00"", ""prompt_version"": ""v1"", ""persona"": ""expert""}"
"('currentphilosophy', 'perception')",current philosophy,perception,-1,3,novice,v1,v1,"{""model"": null, ""temperature"": null, ""date"": ""2025-09-06T23:06:20.627028+00:00"", ""prompt_version"": ""v1"", ""persona"": ""novice""}"
"('currentphilosophy', 'perception')",current philosophy,perception,-1,3,course_taker,v1,v1,"{""model"": null, ""temperature"": null, ""date"": ""2025-09-06T23:06:20.627061+00:00"", ""prompt_version"": ""v1"", ""persona"": ""course_taker""}"
"('currentphilosophy', 'perception')",current philosophy,perception,-1,3,phd,v1,v1,"{""model"": null, ""temperature"": null, ""date"": ""2025-09-06T23:06:20.627097+00:00"", ""prompt_version"": ""v1"", ""persona"": ""phd""}"
"('currentphilosophy', 'perception')",current philosophy,perception,-1,3,expert,v1,v1,"{""model"": null, ""temperature"": null, ""date"": ""2025-09-06T23:06:20.627130+00:00"", ""prompt_version"": ""v1"", ""persona"": ""expert""}"
"('hobbessmoralandpoliticalphilosophy', 'socialandpoliticalphilosophy')",hobbes's moral and political philosophy,social and political philosophy,-1,3,novice,v1,v1,"{""model"": null, ""temperature"": null, ""date"": ""2025-09-06T23:06:20.627187+00:00"", ""prompt_version"": ""v1"", ""persona"": ""novice""}"
"('hobbessmoralandpoliticalphilosophy', 'socialandpoliticalphilosophy')",hobbes's moral and political philosophy,social and political philosophy,-1,3,course_taker,v1,v1,"{""model"": null, ""temperature"": null, ""date"": ""2025-09-06T23:06:20.627221+00:00"", ""prompt_version"": ""v1"", ""persona"": ""course_taker""}"
"('hobbessmoralandpoliticalphilosophy', 'socialandpoliticalphilosophy')",hobbes's moral and political philosophy,social and political philosophy,-1,3,phd,v1,v1,"{""model"": null, ""temperature"": null, ""date"": ""2025-09-06T23:06:20.627255+00:00"", ""prompt_version"": ""v1"", ""persona"": ""phd""}"
"('hobbessmoralandpoliticalphilosophy', 'socialandpoliticalphilosophy')",hobbes's moral and political philosophy,social and political philosophy,-1,3,expert,v1,v1,"{""model"": null, ""temperature"": null, ""date"": ""2025-09-06T23:06:20.627292+00:00"", ""prompt_version"": ""v1"", ""persona"": ""expert""}"
"('magnetism', 'perception')",magnetism,perception,-1,3,novice,v1,v1,"{""model"": null, ""temperature"": null, ""date"": ""2025-09-06T23:06:20.627372+00:00"", ""prompt_version"": ""v1"", ""persona"": ""novice""}"
"('magnetism', 'perception')",magnetism,perception,-1,3,course_taker,v1,v1,"{""model"": null, ""temperature"": null, ""date"": ""2025-09-06T23:06:20.627405+00:00"", ""prompt_version"": ""v1"", ""persona"": ""course_taker""}"
"('magnetism', 'perception')",magnetism,perception,-1,3,phd,v1,v1,"{""model"": null, ""temperature"": null, ""date"": ""2025-09-06T23:06:20.627438+00:00"", ""prompt_version"": ""v1"", ""persona"": ""phd""}"
"('magnetism', 'perception')",magnetism,perception,-1,3,expert,v1,v1,"{""model"": null, ""temperature"": null, ""date"": ""2025-09-06T23:06:20.627470+00:00"", ""prompt_version"": ""v1"", ""persona"": ""expert""}"
"('mentalcausation', 'philosophyofmind')",mental causation,philosophy of mind,-1,3,novice,v1,v1,"{""model"": null, ""temperature"": null, ""date"": ""2025-09-06T23:06:20.627527+00:00"", ""prompt_version"": ""v1"", ""persona"": ""novice""}"
"('mentalcausation', 'philosophyofmind')",mental causation,philosophy of mind,-1,3,course_taker,v1,v1,"{""model"": null, ""temperature"": null, ""date"": ""2025-09-06T23:06:20.627561+00:00"", ""prompt_version"": ""v1"", ""persona"": ""course_taker""}"
"('mentalcausation', 'philosophyofmind')",mental causation,philosophy of mind,-1,3,phd,v1,v1,"{""model"": null, ""temperature"": null, ""date"": ""2025-09-06T23:06:20.627594+00:00"", ""prompt_version"": ""v1"", ""persona"": ""phd""}"
"('mentalcausation', 'philosophyofmind')",mental causation,philosophy of mind,-1,3,expert,v1,v1,"{""model"": null, ""temperature"": null, ""date"": ""2025-09-06T23:06:20.627627+00:00"", ""prompt_version"": ""v1"", ""persona"": ""expert""}"
"('africanandafricanamericanphilosophy', 'ethnophilosophy')",ethnophilosophy,african and african-american philosophy,-1,3,novice,v1,v1,"{""model"": null, ""temperature"": null, ""date"": ""2025-09-06T23:06:20.627684+00:00"", ""prompt_version"": ""v1"", ""persona"": ""novice""}"
"('africanandafricanamericanphilosophy', 'ethnophilosophy')",ethnophilosophy,african and african-american philosophy,-1,3,course_taker,v1,v1,"{""model"": null, ""temperature"": null, ""date"": ""2025-09-06T23:06:20.627718+00:00"", ""prompt_version"": ""v1"", ""persona"": ""course_taker""}"
"('africanandafricanamericanphilosophy', 'ethnophilosophy')",ethnophilosophy,african and african-american philosophy,-1,3,phd,v1,v1,"{""model"": null, ""temperature"": null, ""date"": ""2025-09-06T23:06:20.627751+00:00"", ""prompt_version"": ""v1"", ""persona"": ""phd""}"
"('africanandafricanamericanphilosophy', 'ethnophilosophy')",ethnophilosophy,african and african-american philosophy,-1,3,expert,v1,v1,"{""model"": null, ""temperature"": null, ""date"": ""2025-09-06T23:06:20.627784+00:00"", ""prompt_version"": ""v1"", ""persona"": ""expert""}"
"('epistemology', 'generalrelativity')",general relativity,epistemology,-1,3,novice,v1,v1,"{""model"": null, ""temperature"": null, ""date"": ""2025-09-06T23:06:20.627842+00:00"", ""prompt_version"": ""v1"", ""persona"": ""novice""}"
"('epistemology', 'generalrelativity')",general relativity,epistemology,-1,3,course_taker,v1,v1,"{""model"": null, ""temperature"": null, ""date"": ""2025-09-06T23:06:20.627875+00:00"", ""prompt_version"": ""v1"", ""persona"": ""course_taker""}"
"('epistemology', 'generalrelativity')",general relativity,epistemology,-1,3,phd,v1,v1,"{""model"": null, ""temperature"": null, ""date"": ""2025-09-06T23:06:20.627908+00:00"", ""prompt_version"": ""v1"", ""persona"": ""phd""}"
"('epistemology', 'generalrelativity')",general relativity,epistemology,-1,3,expert,v1,v1,"{""model"": null, ""temperature"": null, ""date"": ""2025-09-06T23:06:20.627941+00:00"", ""prompt_version"": ""v1"", ""persona"": ""expert""}"
"('induction', 'philosophyofmind')",induction,philosophy of mind,-1,3,novice,v1,v1,"{""model"": null, ""temperature"": null, ""date"": ""2025-09-06T23:06:20.627997+00:00"", ""prompt_version"": ""v1"", ""persona"": ""novice""}"
"('induction', 'philosophyofmind')",induction,philosophy of mind,-1,3,course_taker,v1,v1,"{""model"": null, ""temperature"": null, ""date"": ""2025-09-06T23:06:20.628030+00:00"", ""prompt_version"": ""v1"", ""persona"": ""course_taker""}"
"('induction', 'philosophyofmind')",induction,philosophy of mind,-1,3,phd,v1,v1,"{""model"": null, ""temperature"": null, ""date"": ""2025-09-06T23:06:20.628063+00:00"", ""prompt_version"": ""v1"", ""persona"": ""phd""}"
"('induction', 'philosophyofmind')",induction,philosophy of mind,-1,3,expert,v1,v1,"{""model"": null, ""temperature"": null, ""date"": ""2025-09-06T23:06:20.628096+00:00"", ""prompt_version"": ""v1"", ""persona"": ""expert""}"
"('epistemologyofreligion', 'philosophyofreligion')",epistemology of religion,philosophy of religion,-1,3,novice,v1,v1,"{""model"": null, ""temperature"": null, ""date"": ""2025-09-06T23:06:20.628153+00:00"", ""prompt_version"": ""v1"", ""persona"": ""novice""}"
"('epistemologyofreligion', 'philosophyofreligion')",epistemology of religion,philosophy of religion,-1,3,course_taker,v1,v1,"{""model"": null, ""temperature"": null, ""date"": ""2025-09-06T23:06:20.628186+00:00"", ""prompt_version"": ""v1"", ""persona"": ""course_taker""}"
"('epistemologyofreligion', 'philosophyofreligion')",epistemology of religion,philosophy of religion,-1,3,phd,v1,v1,"{""model"": null, ""temperature"": null, ""date"": ""2025-09-06T23:06:20.628219+00:00"", ""prompt_version"": ""v1"", ""persona"": ""phd""}"
"('epistemologyofreligion', 'philosophyofreligion')",epistemology of religion,philosophy of religion,-1,3,expert,v1,v1,"{""model"": null, ""temperature"": null, ""date"": ""2025-09-06T23:06:20.628252+00:00"", ""prompt_version"": ""v1"", ""persona"": ""expert""}"
"('mentalimagery', 'philosophyofmind')",mental imagery,philosophy of mind,-1,3,novice,v1,v1,"{""model"": null, ""temperature"": null, ""date"": ""2025-09-06T23:06:20.628309+00:00"", ""prompt_version"": ""v1"", ""persona"": ""novice""}"
"('mentalimagery', 'philosophyofmind')",mental imagery,philosophy of mind,-1,3,course_taker,v1,v1,"{""model"": null, ""temperature"": null, ""date"": ""2025-09-06T23:06:20.628342+00:00"", ""prompt_version"": ""v1"", ""persona"": ""course_taker""}"
"('mentalimagery', 'philosophyofmind')",mental imagery,philosophy of mind,-1,3,phd,v1,v1,"{""model"": null, ""temperature"": null, ""date"": ""2025-09-06T23:06:20.628375+00:00"", ""prompt_version"": ""v1"", ""persona"": ""phd""}"
"('mentalimagery', 'philosophyofmind')",mental imagery,philosophy of mind,-1,3,expert,v1,v1,"{""model"": null, ""temperature"": null, ""date"": ""2025-09-06T23:06:20.628407+00:00"", ""prompt_version"": ""v1"", ""persona"": ""expert""}"
"('baptism', 'epistemology')",baptism,epistemology,-1,3,novice,v1,v1,"{""model"": null, ""temperature"": null, ""date"": ""2025-09-06T23:06:20.628464+00:00"", ""prompt_version"": ""v1"", ""persona"": ""novice""}"
"('baptism', 'epistemology')",baptism,epistemology,-1,3,course_taker,v1,v1,"{""model"": null, ""temperature"": null, ""date"": ""2025-09-06T23:06:20.628496+00:00"", ""prompt_version"": ""v1"", ""persona"": ""course_taker""}"
"('baptism', 'epistemology')",baptism,epistemology,-1,3,phd,v1,v1,"{""model"": null, ""temperature"": null, ""date"": ""2025-09-06T23:06:20.628528+00:00"", ""prompt_version"": ""v1"", ""persona"": ""phd""}"
"('baptism', 'epistemology')",baptism,epistemology,-1,3,expert,v1,v1,"{""model"": null, ""temperature"": null, ""date"": ""2025-09-06T23:06:20.628560+00:00"", ""prompt_version"": ""v1"", ""persona"": ""expert""}"
"('causation', 'probabilisticcausation')",probabilistic causation,causation,-1,3,novice,v1,v1,"{""model"": null, ""temperature"": null, ""date"": ""2025-09-06T23:06:20.628616+00:00"", ""prompt_version"": ""v1"", ""persona"": ""novice""}"
"('causation', 'probabilisticcausation')",probabilistic causation,causation,-1,3,course_taker,v1,v1,"{""model"": null, ""temperature"": null, ""date"": ""2025-09-06T23:06:20.628649+00:00"", ""prompt_version"": ""v1"", ""persona"": ""course_taker""}"
"('causation', 'probabilisticcausation')",probabilistic causation,causation,-1,3,phd,v1,v1,"{""model"": null, ""temperature"": null, ""date"": ""2025-09-06T23:06:20.628682+00:00"", ""prompt_version"": ""v1"", ""persona"": ""phd""}"
"('causation', 'probabilisticcausation')",probabilistic causation,causation,-1,3,expert,v1,v1,"{""model"": null, ""temperature"": null, ""date"": ""2025-09-06T23:06:20.628722+00:00"", ""prompt_version"": ""v1"", ""persona"": ""expert""}"
"('measurementinquantumtheory', 'perception')",measurement in quantum theory,perception,-1,3,novice,v1,v1,"{""model"": null, ""temperature"": null, ""date"": ""2025-09-06T23:06:20.628780+00:00"", ""prompt_version"": ""v1"", ""persona"": ""novice""}"
"('measurementinquantumtheory', 'perception')",measurement in quantum theory,perception,-1,3,course_taker,v1,v1,"{""model"": null, ""temperature"": null, ""date"": ""2025-09-06T23:06:20.628813+00:00"", ""prompt_version"": ""v1"", ""persona"": ""course_taker""}"
"('measurementinquantumtheory', 'perception')",measurement in quantum theory,perception,-1,3,phd,v1,v1,"{""model"": null, ""temperature"": null, ""date"": ""2025-09-06T23:06:20.628847+00:00"", ""prompt_version"": ""v1"", ""persona"": ""phd""}"
"('measurementinquantumtheory', 'perception')",measurement in quantum theory,perception,-1,3,expert,v1,v1,"{""model"": null, ""temperature"": null, ""date"": ""2025-09-06T23:06:20.628880+00:00"", ""prompt_version"": ""v1"", ""persona"": ""expert""}"
"('interpretation', 'metaphysics')",interpretation,metaphysics,-1,3,novice,v1,v1,"{""model"": null, ""temperature"": null, ""date"": ""2025-09-06T23:06:20.628937+00:00"", ""prompt_version"": ""v1"", ""persona"": ""novice""}"
"('interpretation', 'metaphysics')",interpretation,metaphysics,-1,3,course_taker,v1,v1,"{""model"": null, ""temperature"": null, ""date"": ""2025-09-06T23:06:20.628970+00:00"", ""prompt_version"": ""v1"", ""persona"": ""course_taker""}"
"('interpretation', 'metaphysics')",interpretation,metaphysics,-1,3,phd,v1,v1,"{""model"": null, ""temperature"": null, ""date"": ""2025-09-06T23:06:20.629003+00:00"", ""prompt_version"": ""v1"", ""persona"": ""phd""}"
"('interpretation', 'metaphysics')",interpretation,metaphysics,-1,3,expert,v1,v1,"{""model"": null, ""temperature"": null, ""date"": ""2025-09-06T23:06:20.629035+00:00"", ""prompt_version"": ""v1"", ""persona"": ""expert""}"
"('perception', 'scottishphilosophyinthe19thcentury')",scottish philosophy in the 19th century,perception,-1,3,novice,v1,v1,"{""model"": null, ""temperature"": null, ""date"": ""2025-09-06T23:06:20.629093+00:00"", ""prompt_version"": ""v1"", ""persona"": ""novice""}"
"('perception', 'scottishphilosophyinthe19thcentury')",scottish philosophy in the 19th century,perception,-1,3,course_taker,v1,v1,"{""model"": null, ""temperature"": null, ""date"": ""2025-09-06T23:06:20.629127+00:00"", ""prompt_version"": ""v1"", ""persona"": ""course_taker""}"
"('perception', 'scottishphilosophyinthe19thcentury')",scottish philosophy in the 19th century,perception,-1,3,phd,v1,v1,"{""model"": null, ""temperature"": null, ""date"": ""2025-09-06T23:06:20.629160+00:00"", ""prompt_version"": ""v1"", ""persona"": ""phd""}"
"('perception', 'scottishphilosophyinthe19thcentury')",scottish philosophy in the 19th century,perception,-1,3,expert,v1,v1,"{""model"": null, ""temperature"": null, ""date"": ""2025-09-06T23:06:20.629194+00:00"", ""prompt_version"": ""v1"", ""persona"": ""expert""}"
"('philosophyofchemistry', 'philosophyofscienceandthesciences')",philosophy of chemistry,philosophy of science and the sciences,-1,3,novice,v1,v1,"{""model"": null, ""temperature"": null, ""date"": ""2025-09-06T23:06:20.629251+00:00"", ""prompt_version"": ""v1"", ""persona"": ""novice""}"
"('philosophyofchemistry', 'philosophyofscienceandthesciences')",philosophy of chemistry,philosophy of science and the sciences,-1,3,course_taker,v1,v1,"{""model"": null, ""temperature"": null, ""date"": ""2025-09-06T23:06:20.629285+00:00"", ""prompt_version"": ""v1"", ""persona"": ""course_taker""}"
"('philosophyofchemistry', 'philosophyofscienceandthesciences')",philosophy of chemistry,philosophy of science and the sciences,-1,3,phd,v1,v1,"{""model"": null, ""temperature"": null, ""date"": ""2025-09-06T23:06:20.629319+00:00"", ""prompt_version"": ""v1"", ""persona"": ""phd""}"
"('philosophyofchemistry', 'philosophyofscienceandthesciences')",philosophy of chemistry,philosophy of science and the sciences,-1,3,expert,v1,v1,"{""model"": null, ""temperature"": null, ""date"": ""2025-09-06T23:06:20.629352+00:00"", ""prompt_version"": ""v1"", ""persona"": ""expert""}"
"('goodness', 'metaphysics')",goodness,metaphysics,-1,3,novice,v1,v1,"{""model"": null, ""temperature"": null, ""date"": ""2025-09-06T23:06:20.629410+00:00"", ""prompt_version"": ""v1"", ""persona"": ""novice""}"
"('goodness', 'metaphysics')",goodness,metaphysics,-1,3,course_taker,v1,v1,"{""model"": null, ""temperature"": null, ""date"": ""2025-09-06T23:06:20.629442+00:00"", ""prompt_version"": ""v1"", ""persona"": ""course_taker""}"
"('goodness', 'metaphysics')",goodness,metaphysics,-1,3,phd,v1,v1,"{""model"": null, ""temperature"": null, ""date"": ""2025-09-06T23:06:20.629474+00:00"", ""prompt_version"": ""v1"", ""persona"": ""phd""}"
"('goodness', 'metaphysics')",goodness,metaphysics,-1,3,expert,v1,v1,"{""model"": null, ""temperature"": null, ""date"": ""2025-09-06T23:06:20.629507+00:00"", ""prompt_version"": ""v1"", ""persona"": ""expert""}"
"('concepts', 'mentalcontent')",concepts,mental content,-1,3,novice,v1,v1,"{""model"": null, ""temperature"": null, ""date"": ""2025-09-06T23:06:20.629564+00:00"", ""prompt_version"": ""v1"", ""persona"": ""novice""}"
"('concepts', 'mentalcontent')",concepts,mental content,-1,3,course_taker,v1,v1,"{""model"": null, ""temperature"": null, ""date"": ""2025-09-06T23:06:20.629598+00:00"", ""prompt_version"": ""v1"", ""persona"": ""course_taker""}"
"('concepts', 'mentalcontent')",concepts,mental content,-1,3,phd,v1,v1,"{""model"": null, ""temperature"": null, ""date"": ""2025-09-06T23:06:20.629631+00:00"", ""prompt_version"": ""v1"", ""persona"": ""phd""}"
"('concepts', 'mentalcontent')",concepts,mental content,-1,3,expert,v1,v1,"{""model"": null, ""temperature"": null, ""date"": ""2025-09-06T23:06:20.629663+00:00"", ""prompt_version"": ""v1"", ""persona"": ""expert""}"
"('languageandsociety', 'philosophyoflanguage')",philosophy of language,language and society,-1,3,novice,v1,v1,"{""model"": null, ""temperature"": null, ""date"": ""2025-09-06T23:06:20.629719+00:00"", ""prompt_version"": ""v1"", ""persona"": ""novice""}"
"('languageandsociety', 'philosophyoflanguage')",philosophy of language,language and society,-1,3,course_taker,v1,v1,"{""model"": null, ""temperature"": null, ""date"": ""2025-09-06T23:06:20.629752+00:00"", ""prompt_version"": ""v1"", ""persona"": ""course_taker""}"
"('languageandsociety', 'philosophyoflanguage')",philosophy of language,language and society,-1,3,phd,v1,v1,"{""model"": null, ""temperature"": null, ""date"": ""2025-09-06T23:06:20.629786+00:00"", ""prompt_version"": ""v1"", ""persona"": ""phd""}"
"('languageandsociety', 'philosophyoflanguage')",philosophy of language,language and society,-1,3,expert,v1,v1,"{""model"": null, ""temperature"": null, ""date"": ""2025-09-06T23:06:20.629819+00:00"", ""prompt_version"": ""v1"", ""persona"": ""expert""}"
"('epistemology', 'philosophyofsocialscience')",philosophy of social science,epistemology,-1,3,novice,v1,v1,"{""model"": null, ""temperature"": null, ""date"": ""2025-09-06T23:06:20.629876+00:00"", ""prompt_version"": ""v1"", ""persona"": ""novice""}"
"('epistemology', 'philosophyofsocialscience')",philosophy of social science,epistemology,-1,3,course_taker,v1,v1,"{""model"": null, ""temperature"": null, ""date"": ""2025-09-06T23:06:20.629910+00:00"", ""prompt_version"": ""v1"", ""persona"": ""course_taker""}"
"('epistemology', 'philosophyofsocialscience')",philosophy of social science,epistemology,-1,3,phd,v1,v1,"{""model"": null, ""temperature"": null, ""date"": ""2025-09-06T23:06:20.629943+00:00"", ""prompt_version"": ""v1"", ""persona"": ""phd""}"
"('epistemology', 'philosophyofsocialscience')",philosophy of social science,epistemology,-1,3,expert,v1,v1,"{""model"": null, ""temperature"": null, ""date"": ""2025-09-06T23:06:20.629976+00:00"", ""prompt_version"": ""v1"", ""persona"": ""expert""}"
"('perception', 'representationalism')",representationalism,perception,-1,3,novice,v1,v1,"{""model"": null, ""temperature"": null, ""date"": ""2025-09-06T23:06:20.630043+00:00"", ""prompt_version"": ""v1"", ""persona"": ""novice""}"
"('perception', 'representationalism')",representationalism,perception,-1,3,course_taker,v1,v1,"{""model"": null, ""temperature"": null, ""date"": ""2025-09-06T23:06:20.630076+00:00"", ""prompt_version"": ""v1"", ""persona"": ""course_taker""}"
"('perception', 'representationalism')",representationalism,perception,-1,3,phd,v1,v1,"{""model"": null, ""temperature"": null, ""date"": ""2025-09-06T23:06:20.630109+00:00"", ""prompt_version"": ""v1"", ""persona"": ""phd""}"
"('perception', 'representationalism')",representationalism,perception,-1,3,expert,v1,v1,"{""model"": null, ""temperature"": null, ""date"": ""2025-09-06T23:06:20.630142+00:00"", ""prompt_version"": ""v1"", ""persona"": ""expert""}"
"('philosophyofreligion', 'secularhumanism')",secular humanism,philosophy of religion,-1,3,novice,v1,v1,"{""model"": null, ""temperature"": null, ""date"": ""2025-09-06T23:06:20.630200+00:00"", ""prompt_version"": ""v1"", ""persona"": ""novice""}"
"('philosophyofreligion', 'secularhumanism')",secular humanism,philosophy of religion,-1,3,course_taker,v1,v1,"{""model"": null, ""temperature"": null, ""date"": ""2025-09-06T23:06:20.630233+00:00"", ""prompt_version"": ""v1"", ""persona"": ""course_taker""}"
"('philosophyofreligion', 'secularhumanism')",secular humanism,philosophy of religion,-1,3,phd,v1,v1,"{""model"": null, ""temperature"": null, ""date"": ""2025-09-06T23:06:20.630266+00:00"", ""prompt_version"": ""v1"", ""persona"": ""phd""}"
"('philosophyofreligion', 'secularhumanism')",secular humanism,philosophy of religion,-1,3,expert,v1,v1,"{""model"": null, ""temperature"": null, ""date"": ""2025-09-06T23:06:20.630299+00:00"", ""prompt_version"": ""v1"", ""persona"": ""expert""}"
"('philosophyofmind', 'philosophyofnature')",philosophy of nature,philosophy of mind,-1,3,novice,v1,v1,"{""model"": null, ""temperature"": null, ""date"": ""2025-09-06T23:06:20.630358+00:00"", ""prompt_version"": ""v1"", ""persona"": ""novice""}"
"('philosophyofmind', 'philosophyofnature')",philosophy of nature,philosophy of mind,-1,3,course_taker,v1,v1,"{""model"": null, ""temperature"": null, ""date"": ""2025-09-06T23:06:20.630391+00:00"", ""prompt_version"": ""v1"", ""persona"": ""course_taker""}"
"('philosophyofmind', 'philosophyofnature')",philosophy of nature,philosophy of mind,-1,3,phd,v1,v1,"{""model"": null, ""temperature"": null, ""date"": ""2025-09-06T23:06:20.630424+00:00"", ""prompt_version"": ""v1"", ""persona"": ""phd""}"
"('philosophyofmind', 'philosophyofnature')",philosophy of nature,philosophy of mind,-1,3,expert,v1,v1,"{""model"": null, ""temperature"": null, ""date"": ""2025-09-06T23:06:20.630457+00:00"", ""prompt_version"": ""v1"", ""persona"": ""expert""}"
"('metaphysics', 'philosophyofchemistry')",philosophy of chemistry,metaphysics,-1,3,novice,v1,v1,"{""model"": null, ""temperature"": null, ""date"": ""2025-09-06T23:06:20.630514+00:00"", ""prompt_version"": ""v1"", ""persona"": ""novice""}"
"('metaphysics', 'philosophyofchemistry')",philosophy of chemistry,metaphysics,-1,3,course_taker,v1,v1,"{""model"": null, ""temperature"": null, ""date"": ""2025-09-06T23:06:20.630548+00:00"", ""prompt_version"": ""v1"", ""persona"": ""course_taker""}"
"('metaphysics', 'philosophyofchemistry')",philosophy of chemistry,metaphysics,-1,3,phd,v1,v1,"{""model"": null, ""temperature"": null, ""date"": ""2025-09-06T23:06:20.630581+00:00"", ""prompt_version"": ""v1"", ""persona"": ""phd""}"
"('metaphysics', 'philosophyofchemistry')",philosophy of chemistry,metaphysics,-1,3,expert,v1,v1,"{""model"": null, ""temperature"": null, ""date"": ""2025-09-06T23:06:20.630613+00:00"", ""prompt_version"": ""v1"", ""persona"": ""expert""}"
"('africanandafricanamericanphilosophy', 'africanphilosophy')",african philosophy,african and african-american philosophy,-1,3,novice,v1,v1,"{""model"": null, ""temperature"": null, ""date"": ""2025-09-06T23:06:20.630671+00:00"", ""prompt_version"": ""v1"", ""persona"": ""novice""}"
"('africanandafricanamericanphilosophy', 'africanphilosophy')",african philosophy,african and african-american philosophy,-1,3,course_taker,v1,v1,"{""model"": null, ""temperature"": null, ""date"": ""2025-09-06T23:06:20.630704+00:00"", ""prompt_version"": ""v1"", ""persona"": ""course_taker""}"
"('africanandafricanamericanphilosophy', 'africanphilosophy')",african philosophy,african and african-american philosophy,-1,3,phd,v1,v1,"{""model"": null, ""temperature"": null, ""date"": ""2025-09-06T23:06:20.630738+00:00"", ""prompt_version"": ""v1"", ""persona"": ""phd""}"
"('africanandafricanamericanphilosophy', 'africanphilosophy')",african philosophy,african and african-american philosophy,-1,3,expert,v1,v1,"{""model"": null, ""temperature"": null, ""date"": ""2025-09-06T23:06:20.630772+00:00"", ""prompt_version"": ""v1"", ""persona"": ""expert""}"
"('japaneseaesthetics', 'japanesephilosophy')",japanese aesthetics,japanese philosophy,-1,3,novice,v1,v1,"{""model"": null, ""temperature"": null, ""date"": ""2025-09-06T23:06:20.630830+00:00"", ""prompt_version"": ""v1"", ""persona"": ""novice""}"
"('japaneseaesthetics', 'japanesephilosophy')",japanese aesthetics,japanese philosophy,-1,3,course_taker,v1,v1,"{""model"": null, ""temperature"": null, ""date"": ""2025-09-06T23:06:20.630863+00:00"", ""prompt_version"": ""v1"", ""persona"": ""course_taker""}"
"('japaneseaesthetics', 'japanesephilosophy')",japanese aesthetics,japanese philosophy,-1,3,phd,v1,v1,"{""model"": null, ""temperature"": null, ""date"": ""2025-09-06T23:06:20.630896+00:00"", ""prompt_version"": ""v1"", ""persona"": ""phd""}"
"('japaneseaesthetics', 'japanesephilosophy')",japanese aesthetics,japanese philosophy,-1,3,expert,v1,v1,"{""model"": null, ""temperature"": null, ""date"": ""2025-09-06T23:06:20.630929+00:00"", ""prompt_version"": ""v1"", ""persona"": ""expert""}"
"('ancientlogic', 'historyoflogic')",ancient logic,history of logic,-1,3,novice,v1,v1,"{""model"": null, ""temperature"": null, ""date"": ""2025-09-06T23:06:20.630986+00:00"", ""prompt_version"": ""v1"", ""persona"": ""novice""}"
"('ancientlogic', 'historyoflogic')",ancient logic,history of logic,-1,3,course_taker,v1,v1,"{""model"": null, ""temperature"": null, ""date"": ""2025-09-06T23:06:20.631018+00:00"", ""prompt_version"": ""v1"", ""persona"": ""course_taker""}"
"('ancientlogic', 'historyoflogic')",ancient logic,history of logic,-1,3,phd,v1,v1,"{""model"": null, ""temperature"": null, ""date"": ""2025-09-06T23:06:20.631051+00:00"", ""prompt_version"": ""v1"", ""persona"": ""phd""}"
"('ancientlogic', 'historyoflogic')",ancient logic,history of logic,-1,3,expert,v1,v1,"{""model"": null, ""temperature"": null, ""date"": ""2025-09-06T23:06:20.631083+00:00"", ""prompt_version"": ""v1"", ""persona"": ""expert""}"
"('philosophyofreligion', 'pietism')",pietism,philosophy of religion,-1,3,novice,v1,v1,"{""model"": null, ""temperature"": null, ""date"": ""2025-09-06T23:06:20.631140+00:00"", ""prompt_version"": ""v1"", ""persona"": ""novice""}"
"('philosophyofreligion', 'pietism')",pietism,philosophy of religion,-1,3,course_taker,v1,v1,"{""model"": null, ""temperature"": null, ""date"": ""2025-09-06T23:06:20.631173+00:00"", ""prompt_version"": ""v1"", ""persona"": ""course_taker""}"
"('philosophyofreligion', 'pietism')",pietism,philosophy of religion,-1,3,phd,v1,v1,"{""model"": null, ""temperature"": null, ""date"": ""2025-09-06T23:06:20.631206+00:00"", ""prompt_version"": ""v1"", ""persona"": ""phd""}"
"('philosophyofreligion', 'pietism')",pietism,philosophy of religion,-1,3,expert,v1,v1,"{""model"": null, ""temperature"": null, ""date"": ""2025-09-06T23:06:20.631238+00:00"", ""prompt_version"": ""v1"", ""persona"": ""expert""}"
"('ontologicalargument', 'philosophyofreligion')",ontological argument,philosophy of religion,-1,3,novice,v1,v1,"{""model"": null, ""temperature"": null, ""date"": ""2025-09-06T23:06:20.631295+00:00"", ""prompt_version"": ""v1"", ""persona"": ""novice""}"
"('ontologicalargument', 'philosophyofreligion')",ontological argument,philosophy of religion,-1,3,course_taker,v1,v1,"{""model"": null, ""temperature"": null, ""date"": ""2025-09-06T23:06:20.631329+00:00"", ""prompt_version"": ""v1"", ""persona"": ""course_taker""}"
"('ontologicalargument', 'philosophyofreligion')",ontological argument,philosophy of religion,-1,3,phd,v1,v1,"{""model"": null, ""temperature"": null, ""date"": ""2025-09-06T23:06:20.631370+00:00"", ""prompt_version"": ""v1"", ""persona"": ""phd""}"
"('ontologicalargument', 'philosophyofreligion')",ontological argument,philosophy of religion,-1,3,expert,v1,v1,"{""model"": null, ""temperature"": null, ""date"": ""2025-09-06T23:06:20.631404+00:00"", ""prompt_version"": ""v1"", ""persona"": ""expert""}"
"('eliminativematerialism', 'folkpsychology')",eliminative materialism,folk psychology,-1,3,novice,v1,v1,"{""model"": null, ""temperature"": null, ""date"": ""2025-09-06T23:06:20.631462+00:00"", ""prompt_version"": ""v1"", ""persona"": ""novice""}"
"('eliminativematerialism', 'folkpsychology')",eliminative materialism,folk psychology,-1,3,course_taker,v1,v1,"{""model"": null, ""temperature"": null, ""date"": ""2025-09-06T23:06:20.631495+00:00"", ""prompt_version"": ""v1"", ""persona"": ""course_taker""}"
"('eliminativematerialism', 'folkpsychology')",eliminative materialism,folk psychology,-1,3,phd,v1,v1,"{""model"": null, ""temperature"": null, ""date"": ""2025-09-06T23:06:20.631529+00:00"", ""prompt_version"": ""v1"", ""persona"": ""phd""}"
"('eliminativematerialism', 'folkpsychology')",eliminative materialism,folk psychology,-1,3,expert,v1,v1,"{""model"": null, ""temperature"": null, ""date"": ""2025-09-06T23:06:20.631561+00:00"", ""prompt_version"": ""v1"", ""persona"": ""expert""}"
"('externalism', 'perception')",externalism,perception,-1,3,novice,v1,v1,"{""model"": null, ""temperature"": null, ""date"": ""2025-09-06T23:06:20.631619+00:00"", ""prompt_version"": ""v1"", ""persona"": ""novice""}"
"('externalism', 'perception')",externalism,perception,-1,3,course_taker,v1,v1,"{""model"": null, ""temperature"": null, ""date"": ""2025-09-06T23:06:20.631651+00:00"", ""prompt_version"": ""v1"", ""persona"": ""course_taker""}"
"('externalism', 'perception')",externalism,perception,-1,3,phd,v1,v1,"{""model"": null, ""temperature"": null, ""date"": ""2025-09-06T23:06:20.631684+00:00"", ""prompt_version"": ""v1"", ""persona"": ""phd""}"
"('externalism', 'perception')",externalism,perception,-1,3,expert,v1,v1,"{""model"": null, ""temperature"": null, ""date"": ""2025-09-06T23:06:20.631716+00:00"", ""prompt_version"": ""v1"", ""persona"": ""expert""}"
"('epistemology', 'experimentinphysics')",experiment in physics,epistemology,-1,3,novice,v1,v1,"{""model"": null, ""temperature"": null, ""date"": ""2025-09-06T23:06:20.631773+00:00"", ""prompt_version"": ""v1"", ""persona"": ""novice""}"
"('epistemology', 'experimentinphysics')",experiment in physics,epistemology,-1,3,course_taker,v1,v1,"{""model"": null, ""temperature"": null, ""date"": ""2025-09-06T23:06:20.631805+00:00"", ""prompt_version"": ""v1"", ""persona"": ""course_taker""}"
"('epistemology', 'experimentinphysics')",experiment in physics,epistemology,-1,3,phd,v1,v1,"{""model"": null, ""temperature"": null, ""date"": ""2025-09-06T23:06:20.631838+00:00"", ""prompt_version"": ""v1"", ""persona"": ""phd""}"
"('epistemology', 'experimentinphysics')",experiment in physics,epistemology,-1,3,expert,v1,v1,"{""model"": null, ""temperature"": null, ""date"": ""2025-09-06T23:06:20.631871+00:00"", ""prompt_version"": ""v1"", ""persona"": ""expert""}"
"('existenceofgod', 'metaphysics')",existence of god,metaphysics,-1,3,novice,v1,v1,"{""model"": null, ""temperature"": null, ""date"": ""2025-09-06T23:06:20.631928+00:00"", ""prompt_version"": ""v1"", ""persona"": ""novice""}"
"('existenceofgod', 'metaphysics')",existence of god,metaphysics,-1,3,course_taker,v1,v1,"{""model"": null, ""temperature"": null, ""date"": ""2025-09-06T23:06:20.631961+00:00"", ""prompt_version"": ""v1"", ""persona"": ""course_taker""}"
"('existenceofgod', 'metaphysics')",existence of god,metaphysics,-1,3,phd,v1,v1,"{""model"": null, ""temperature"": null, ""date"": ""2025-09-06T23:06:20.631994+00:00"", ""prompt_version"": ""v1"", ""persona"": ""phd""}"
"('existenceofgod', 'metaphysics')",existence of god,metaphysics,-1,3,expert,v1,v1,"{""model"": null, ""temperature"": null, ""date"": ""2025-09-06T23:06:20.632026+00:00"", ""prompt_version"": ""v1"", ""persona"": ""expert""}"
"('philosophyofcomputerscience', 'philosophyofscienceandthesciences')",philosophy of computer science,philosophy of science and the sciences,-1,3,novice,v1,v1,"{""model"": null, ""temperature"": null, ""date"": ""2025-09-06T23:06:20.632084+00:00"", ""prompt_version"": ""v1"", ""persona"": ""novice""}"
"('philosophyofcomputerscience', 'philosophyofscienceandthesciences')",philosophy of computer science,philosophy of science and the sciences,-1,3,course_taker,v1,v1,"{""model"": null, ""temperature"": null, ""date"": ""2025-09-06T23:06:20.632118+00:00"", ""prompt_version"": ""v1"", ""persona"": ""course_taker""}"
"('philosophyofcomputerscience', 'philosophyofscienceandthesciences')",philosophy of computer science,philosophy of science and the sciences,-1,3,phd,v1,v1,"{""model"": null, ""temperature"": null, ""date"": ""2025-09-06T23:06:20.632152+00:00"", ""prompt_version"": ""v1"", ""persona"": ""phd""}"
"('philosophyofcomputerscience', 'philosophyofscienceandthesciences')",philosophy of computer science,philosophy of science and the sciences,-1,3,expert,v1,v1,"{""model"": null, ""temperature"": null, ""date"": ""2025-09-06T23:06:20.632186+00:00"", ""prompt_version"": ""v1"", ""persona"": ""expert""}"
"('ethics', 'utilitarianism')",ethics,utilitarianism,-1,3,novice,v1,v1,"{""model"": null, ""temperature"": null, ""date"": ""2025-09-06T23:06:20.632243+00:00"", ""prompt_version"": ""v1"", ""persona"": ""novice""}"
"('ethics', 'utilitarianism')",ethics,utilitarianism,-1,3,course_taker,v1,v1,"{""model"": null, ""temperature"": null, ""date"": ""2025-09-06T23:06:20.632275+00:00"", ""prompt_version"": ""v1"", ""persona"": ""course_taker""}"
"('ethics', 'utilitarianism')",ethics,utilitarianism,-1,3,phd,v1,v1,"{""model"": null, ""temperature"": null, ""date"": ""2025-09-06T23:06:20.632308+00:00"", ""prompt_version"": ""v1"", ""persona"": ""phd""}"
"('ethics', 'utilitarianism')",ethics,utilitarianism,-1,3,expert,v1,v1,"{""model"": null, ""temperature"": null, ""date"": ""2025-09-06T23:06:20.632341+00:00"", ""prompt_version"": ""v1"", ""persona"": ""expert""}"
"('scientificmethodology', 'scientificrealism')",scientific realism,scientific methodology,-1,3,novice,v1,v1,"{""model"": null, ""temperature"": null, ""date"": ""2025-09-06T23:06:20.632398+00:00"", ""prompt_version"": ""v1"", ""persona"": ""novice""}"
"('scientificmethodology', 'scientificrealism')",scientific realism,scientific methodology,-1,3,course_taker,v1,v1,"{""model"": null, ""temperature"": null, ""date"": ""2025-09-06T23:06:20.632431+00:00"", ""prompt_version"": ""v1"", ""persona"": ""course_taker""}"
"('scientificmethodology', 'scientificrealism')",scientific realism,scientific methodology,-1,3,phd,v1,v1,"{""model"": null, ""temperature"": null, ""date"": ""2025-09-06T23:06:20.632464+00:00"", ""prompt_version"": ""v1"", ""persona"": ""phd""}"
"('scientificmethodology', 'scientificrealism')",scientific realism,scientific methodology,-1,3,expert,v1,v1,"{""model"": null, ""temperature"": null, ""date"": ""2025-09-06T23:06:20.632497+00:00"", ""prompt_version"": ""v1"", ""persona"": ""expert""}"
"('metaphysics', 'philosophyofscience')",philosophy of science,metaphysics,-1,3,novice,v1,v1,"{""model"": null, ""temperature"": null, ""date"": ""2025-09-06T23:06:20.632554+00:00"", ""prompt_version"": ""v1"", ""persona"": ""novice""}"
"('metaphysics', 'philosophyofscience')",philosophy of science,metaphysics,-1,3,course_taker,v1,v1,"{""model"": null, ""temperature"": null, ""date"": ""2025-09-06T23:06:20.632587+00:00"", ""prompt_version"": ""v1"", ""persona"": ""course_taker""}"
"('metaphysics', 'philosophyofscience')",philosophy of science,metaphysics,-1,3,phd,v1,v1,"{""model"": null, ""temperature"": null, ""date"": ""2025-09-06T23:06:20.632619+00:00"", ""prompt_version"": ""v1"", ""persona"": ""phd""}"
"('metaphysics', 'philosophyofscience')",philosophy of science,metaphysics,-1,3,expert,v1,v1,"{""model"": null, ""temperature"": null, ""date"": ""2025-09-06T23:06:20.632652+00:00"", ""prompt_version"": ""v1"", ""persona"": ""expert""}"
"('epistemology', 'introspection')",introspection,epistemology,-1,3,novice,v1,v1,"{""model"": null, ""temperature"": null, ""date"": ""2025-09-06T23:06:20.632718+00:00"", ""prompt_version"": ""v1"", ""persona"": ""novice""}"
"('epistemology', 'introspection')",introspection,epistemology,-1,3,course_taker,v1,v1,"{""model"": null, ""temperature"": null, ""date"": ""2025-09-06T23:06:20.632752+00:00"", ""prompt_version"": ""v1"", ""persona"": ""course_taker""}"
"('epistemology', 'introspection')",introspection,epistemology,-1,3,phd,v1,v1,"{""model"": null, ""temperature"": null, ""date"": ""2025-09-06T23:06:20.632785+00:00"", ""prompt_version"": ""v1"", ""persona"": ""phd""}"
"('epistemology', 'introspection')",introspection,epistemology,-1,3,expert,v1,v1,"{""model"": null, ""temperature"": null, ""date"": ""2025-09-06T23:06:20.632817+00:00"", ""prompt_version"": ""v1"", ""persona"": ""expert""}"
"('logicandlanguage', 'philosophyofcomputerscience')",philosophy of computer science,logic and language,-1,3,novice,v1,v1,"{""model"": null, ""temperature"": null, ""date"": ""2025-09-06T23:06:20.632875+00:00"", ""prompt_version"": ""v1"", ""persona"": ""novice""}"
"('logicandlanguage', 'philosophyofcomputerscience')",philosophy of computer science,logic and language,-1,3,course_taker,v1,v1,"{""model"": null, ""temperature"": null, ""date"": ""2025-09-06T23:06:20.632908+00:00"", ""prompt_version"": ""v1"", ""persona"": ""course_taker""}"
"('logicandlanguage', 'philosophyofcomputerscience')",philosophy of computer science,logic and language,-1,3,phd,v1,v1,"{""model"": null, ""temperature"": null, ""date"": ""2025-09-06T23:06:20.632942+00:00"", ""prompt_version"": ""v1"", ""persona"": ""phd""}"
"('logicandlanguage', 'philosophyofcomputerscience')",philosophy of computer science,logic and language,-1,3,expert,v1,v1,"{""model"": null, ""temperature"": null, ""date"": ""2025-09-06T23:06:20.632974+00:00"", ""prompt_version"": ""v1"", ""persona"": ""expert""}"
"('medievaltheoriesofthecategories', 'metaphysics')",medieval theories of the categories,metaphysics,-1,3,novice,v1,v1,"{""model"": null, ""temperature"": null, ""date"": ""2025-09-06T23:06:20.633061+00:00"", ""prompt_version"": ""v1"", ""persona"": ""novice""}"
"('medievaltheoriesofthecategories', 'metaphysics')",medieval theories of the categories,metaphysics,-1,3,course_taker,v1,v1,"{""model"": null, ""temperature"": null, ""date"": ""2025-09-06T23:06:20.633095+00:00"", ""prompt_version"": ""v1"", ""persona"": ""course_taker""}"
"('medievaltheoriesofthecategories', 'metaphysics')",medieval theories of the categories,metaphysics,-1,3,phd,v1,v1,"{""model"": null, ""temperature"": null, ""date"": ""2025-09-06T23:06:20.633129+00:00"", ""prompt_version"": ""v1"", ""persona"": ""phd""}"
"('medievaltheoriesofthecategories', 'metaphysics')",medieval theories of the categories,metaphysics,-1,3,expert,v1,v1,"{""model"": null, ""temperature"": null, ""date"": ""2025-09-06T23:06:20.633162+00:00"", ""prompt_version"": ""v1"", ""persona"": ""expert""}"
"('lockespoliticalphilosophy', 'philosophyofreligion')",locke's political philosophy,philosophy of religion,-1,3,novice,v1,v1,"{""model"": null, ""temperature"": null, ""date"": ""2025-09-06T23:06:20.633219+00:00"", ""prompt_version"": ""v1"", ""persona"": ""novice""}"
"('lockespoliticalphilosophy', 'philosophyofreligion')",locke's political philosophy,philosophy of religion,-1,3,course_taker,v1,v1,"{""model"": null, ""temperature"": null, ""date"": ""2025-09-06T23:06:20.633253+00:00"", ""prompt_version"": ""v1"", ""persona"": ""course_taker""}"
"('lockespoliticalphilosophy', 'philosophyofreligion')",locke's political philosophy,philosophy of religion,-1,3,phd,v1,v1,"{""model"": null, ""temperature"": null, ""date"": ""2025-09-06T23:06:20.633286+00:00"", ""prompt_version"": ""v1"", ""persona"": ""phd""}"
"('lockespoliticalphilosophy', 'philosophyofreligion')",locke's political philosophy,philosophy of religion,-1,3,expert,v1,v1,"{""model"": null, ""temperature"": null, ""date"": ""2025-09-06T23:06:20.633320+00:00"", ""prompt_version"": ""v1"", ""persona"": ""expert""}"
"('consciousness', 'kantsviewofthemindandconsciousnessofself')",kant's view of the mind and consciousness of self,consciousness,-1,3,novice,v1,v1,"{""model"": null, ""temperature"": null, ""date"": ""2025-09-06T23:06:20.633378+00:00"", ""prompt_version"": ""v1"", ""persona"": ""novice""}"
"('consciousness', 'kantsviewofthemindandconsciousnessofself')",kant's view of the mind and consciousness of self,consciousness,-1,3,course_taker,v1,v1,"{""model"": null, ""temperature"": null, ""date"": ""2025-09-06T23:06:20.633412+00:00"", ""prompt_version"": ""v1"", ""persona"": ""course_taker""}"
"('consciousness', 'kantsviewofthemindandconsciousnessofself')",kant's view of the mind and consciousness of self,consciousness,-1,3,phd,v1,v1,"{""model"": null, ""temperature"": null, ""date"": ""2025-09-06T23:06:20.633445+00:00"", ""prompt_version"": ""v1"", ""persona"": ""phd""}"
"('consciousness', 'kantsviewofthemindandconsciousnessofself')",kant's view of the mind and consciousness of self,consciousness,-1,3,expert,v1,v1,"{""model"": null, ""temperature"": null, ""date"": ""2025-09-06T23:06:20.633483+00:00"", ""prompt_version"": ""v1"", ""persona"": ""expert""}"
"('metaphysics', 'philosophyofphysics')",philosophy of physics,metaphysics,-1,3,novice,v1,v1,"{""model"": null, ""temperature"": null, ""date"": ""2025-09-06T23:06:20.633541+00:00"", ""prompt_version"": ""v1"", ""persona"": ""novice""}"
"('metaphysics', 'philosophyofphysics')",philosophy of physics,metaphysics,-1,3,course_taker,v1,v1,"{""model"": null, ""temperature"": null, ""date"": ""2025-09-06T23:06:20.633574+00:00"", ""prompt_version"": ""v1"", ""persona"": ""course_taker""}"
"('metaphysics', 'philosophyofphysics')",philosophy of physics,metaphysics,-1,3,phd,v1,v1,"{""model"": null, ""temperature"": null, ""date"": ""2025-09-06T23:06:20.633607+00:00"", ""prompt_version"": ""v1"", ""persona"": ""phd""}"
"('metaphysics', 'philosophyofphysics')",philosophy of physics,metaphysics,-1,3,expert,v1,v1,"{""model"": null, ""temperature"": null, ""date"": ""2025-09-06T23:06:20.633640+00:00"", ""prompt_version"": ""v1"", ""persona"": ""expert""}"
"('identitytheoryofmind', 'perception')",identity theory of mind,perception,-1,3,novice,v1,v1,"{""model"": null, ""temperature"": null, ""date"": ""2025-09-06T23:06:20.633697+00:00"", ""prompt_version"": ""v1"", ""persona"": ""novice""}"
"('identitytheoryofmind', 'perception')",identity theory of mind,perception,-1,3,course_taker,v1,v1,"{""model"": null, ""temperature"": null, ""date"": ""2025-09-06T23:06:20.633730+00:00"", ""prompt_version"": ""v1"", ""persona"": ""course_taker""}"
"('identitytheoryofmind', 'perception')",identity theory of mind,perception,-1,3,phd,v1,v1,"{""model"": null, ""temperature"": null, ""date"": ""2025-09-06T23:06:20.633763+00:00"", ""prompt_version"": ""v1"", ""persona"": ""phd""}"
"('identitytheoryofmind', 'perception')",identity theory of mind,perception,-1,3,expert,v1,v1,"{""model"": null, ""temperature"": null, ""date"": ""2025-09-06T23:06:20.633796+00:00"", ""prompt_version"": ""v1"", ""persona"": ""expert""}"
"('metaphysics', 'vitalism')",vitalism,metaphysics,-1,3,novice,v1,v1,"{""model"": null, ""temperature"": null, ""date"": ""2025-09-06T23:06:20.633853+00:00"", ""prompt_version"": ""v1"", ""persona"": ""novice""}"
"('metaphysics', 'vitalism')",vitalism,metaphysics,-1,3,course_taker,v1,v1,"{""model"": null, ""temperature"": null, ""date"": ""2025-09-06T23:06:20.633885+00:00"", ""prompt_version"": ""v1"", ""persona"": ""course_taker""}"
"('metaphysics', 'vitalism')",vitalism,metaphysics,-1,3,phd,v1,v1,"{""model"": null, ""temperature"": null, ""date"": ""2025-09-06T23:06:20.633918+00:00"", ""prompt_version"": ""v1"", ""persona"": ""phd""}"
"('metaphysics', 'vitalism')",vitalism,metaphysics,-1,3,expert,v1,v1,"{""model"": null, ""temperature"": null, ""date"": ""2025-09-06T23:06:20.633950+00:00"", ""prompt_version"": ""v1"", ""persona"": ""expert""}"
"('philosophyofmind', 'realism')",realism,philosophy of mind,-1,3,novice,v1,v1,"{""model"": null, ""temperature"": null, ""date"": ""2025-09-06T23:06:20.634006+00:00"", ""prompt_version"": ""v1"", ""persona"": ""novice""}"
"('philosophyofmind', 'realism')",realism,philosophy of mind,-1,3,course_taker,v1,v1,"{""model"": null, ""temperature"": null, ""date"": ""2025-09-06T23:06:20.634047+00:00"", ""prompt_version"": ""v1"", ""persona"": ""course_taker""}"
"('philosophyofmind', 'realism')",realism,philosophy of mind,-1,3,phd,v1,v1,"{""model"": null, ""temperature"": null, ""date"": ""2025-09-06T23:06:20.634080+00:00"", ""prompt_version"": ""v1"", ""persona"": ""phd""}"
"('philosophyofmind', 'realism')",realism,philosophy of mind,-1,3,expert,v1,v1,"{""model"": null, ""temperature"": null, ""date"": ""2025-09-06T23:06:20.634112+00:00"", ""prompt_version"": ""v1"", ""persona"": ""expert""}"
"('imagery', 'perception')",imagery,perception,-1,3,novice,v1,v1,"{""model"": null, ""temperature"": null, ""date"": ""2025-09-06T23:06:20.634168+00:00"", ""prompt_version"": ""v1"", ""persona"": ""novice""}"
"('imagery', 'perception')",imagery,perception,-1,3,course_taker,v1,v1,"{""model"": null, ""temperature"": null, ""date"": ""2025-09-06T23:06:20.634200+00:00"", ""prompt_version"": ""v1"", ""persona"": ""course_taker""}"
"('imagery', 'perception')",imagery,perception,-1,3,phd,v1,v1,"{""model"": null, ""temperature"": null, ""date"": ""2025-09-06T23:06:20.634233+00:00"", ""prompt_version"": ""v1"", ""persona"": ""phd""}"
"('imagery', 'perception')",imagery,perception,-1,3,expert,v1,v1,"{""model"": null, ""temperature"": null, ""date"": ""2025-09-06T23:06:20.634265+00:00"", ""prompt_version"": ""v1"", ""persona"": ""expert""}"
"('aspectsofconsciousness', 'selfconsciousness')",self-consciousness,aspects of consciousness,-1,3,novice,v1,v1,"{""model"": null, ""temperature"": null, ""date"": ""2025-09-06T23:06:20.634322+00:00"", ""prompt_version"": ""v1"", ""persona"": ""novice""}"
"('aspectsofconsciousness', 'selfconsciousness')",self-consciousness,aspects of consciousness,-1,3,course_taker,v1,v1,"{""model"": null, ""temperature"": null, ""date"": ""2025-09-06T23:06:20.634355+00:00"", ""prompt_version"": ""v1"", ""persona"": ""course_taker""}"
"('aspectsofconsciousness', 'selfconsciousness')",self-consciousness,aspects of consciousness,-1,3,phd,v1,v1,"{""model"": null, ""temperature"": null, ""date"": ""2025-09-06T23:06:20.634389+00:00"", ""prompt_version"": ""v1"", ""persona"": ""phd""}"
"('aspectsofconsciousness', 'selfconsciousness')",self-consciousness,aspects of consciousness,-1,3,expert,v1,v1,"{""model"": null, ""temperature"": null, ""date"": ""2025-09-06T23:06:20.634421+00:00"", ""prompt_version"": ""v1"", ""persona"": ""expert""}"
"('aristotlespsychology', 'philosophyofmind')",aristotle's psychology,philosophy of mind,-1,3,novice,v1,v1,"{""model"": null, ""temperature"": null, ""date"": ""2025-09-06T23:06:20.634478+00:00"", ""prompt_version"": ""v1"", ""persona"": ""novice""}"
"('aristotlespsychology', 'philosophyofmind')",aristotle's psychology,philosophy of mind,-1,3,course_taker,v1,v1,"{""model"": null, ""temperature"": null, ""date"": ""2025-09-06T23:06:20.634511+00:00"", ""prompt_version"": ""v1"", ""persona"": ""course_taker""}"
"('aristotlespsychology', 'philosophyofmind')",aristotle's psychology,philosophy of mind,-1,3,phd,v1,v1,"{""model"": null, ""temperature"": null, ""date"": ""2025-09-06T23:06:20.634544+00:00"", ""prompt_version"": ""v1"", ""persona"": ""phd""}"
"('aristotlespsychology', 'philosophyofmind')",aristotle's psychology,philosophy of mind,-1,3,expert,v1,v1,"{""model"": null, ""temperature"": null, ""date"": ""2025-09-06T23:06:20.634577+00:00"", ""prompt_version"": ""v1"", ""persona"": ""expert""}"
"('folkpsychologyasatheory', 'philosophyofmind')",folk psychology as a theory,philosophy of mind,-1,3,novice,v1,v1,"{""model"": null, ""temperature"": null, ""date"": ""2025-09-06T23:06:20.634633+00:00"", ""prompt_version"": ""v1"", ""persona"": ""novice""}"
"('folkpsychologyasatheory', 'philosophyofmind')",folk psychology as a theory,philosophy of mind,-1,3,course_taker,v1,v1,"{""model"": null, ""temperature"": null, ""date"": ""2025-09-06T23:06:20.634666+00:00"", ""prompt_version"": ""v1"", ""persona"": ""course_taker""}"
"('folkpsychologyasatheory', 'philosophyofmind')",folk psychology as a theory,philosophy of mind,-1,3,phd,v1,v1,"{""model"": null, ""temperature"": null, ""date"": ""2025-09-06T23:06:20.634699+00:00"", ""prompt_version"": ""v1"", ""persona"": ""phd""}"
"('folkpsychologyasatheory', 'philosophyofmind')",folk psychology as a theory,philosophy of mind,-1,3,expert,v1,v1,"{""model"": null, ""temperature"": null, ""date"": ""2025-09-06T23:06:20.634732+00:00"", ""prompt_version"": ""v1"", ""persona"": ""expert""}"
"('modularityofmind', 'philosophyofmind')",modularity of mind,philosophy of mind,-1,3,novice,v1,v1,"{""model"": null, ""temperature"": null, ""date"": ""2025-09-06T23:06:20.634790+00:00"", ""prompt_version"": ""v1"", ""persona"": ""novice""}"
"('modularityofmind', 'philosophyofmind')",modularity of mind,philosophy of mind,-1,3,course_taker,v1,v1,"{""model"": null, ""temperature"": null, ""date"": ""2025-09-06T23:06:20.634823+00:00"", ""prompt_version"": ""v1"", ""persona"": ""course_taker""}"
"('modularityofmind', 'philosophyofmind')",modularity of mind,philosophy of mind,-1,3,phd,v1,v1,"{""model"": null, ""temperature"": null, ""date"": ""2025-09-06T23:06:20.634856+00:00"", ""prompt_version"": ""v1"", ""persona"": ""phd""}"
"('modularityofmind', 'philosophyofmind')",modularity of mind,philosophy of mind,-1,3,expert,v1,v1,"{""model"": null, ""temperature"": null, ""date"": ""2025-09-06T23:06:20.634889+00:00"", ""prompt_version"": ""v1"", ""persona"": ""expert""}"
"('languageofthoughthypothesis', 'philosophyoflanguage')",language of thought hypothesis,philosophy of language,-1,3,novice,v1,v1,"{""model"": null, ""temperature"": null, ""date"": ""2025-09-06T23:06:20.634946+00:00"", ""prompt_version"": ""v1"", ""persona"": ""novice""}"
"('languageofthoughthypothesis', 'philosophyoflanguage')",language of thought hypothesis,philosophy of language,-1,3,course_taker,v1,v1,"{""model"": null, ""temperature"": null, ""date"": ""2025-09-06T23:06:20.634979+00:00"", ""prompt_version"": ""v1"", ""persona"": ""course_taker""}"
"('languageofthoughthypothesis', 'philosophyoflanguage')",language of thought hypothesis,philosophy of language,-1,3,phd,v1,v1,"{""model"": null, ""temperature"": null, ""date"": ""2025-09-06T23:06:20.635012+00:00"", ""prompt_version"": ""v1"", ""persona"": ""phd""}"
"('languageofthoughthypothesis', 'philosophyoflanguage')",language of thought hypothesis,philosophy of language,-1,3,expert,v1,v1,"{""model"": null, ""temperature"": null, ""date"": ""2025-09-06T23:06:20.635045+00:00"", ""prompt_version"": ""v1"", ""persona"": ""expert""}"
"('probabilityandstatistics', 'scientificmethodology')",probability and statistics,scientific methodology,-1,3,novice,v1,v1,"{""model"": null, ""temperature"": null, ""date"": ""2025-09-06T23:06:20.635103+00:00"", ""prompt_version"": ""v1"", ""persona"": ""novice""}"
"('probabilityandstatistics', 'scientificmethodology')",probability and statistics,scientific methodology,-1,3,course_taker,v1,v1,"{""model"": null, ""temperature"": null, ""date"": ""2025-09-06T23:06:20.635137+00:00"", ""prompt_version"": ""v1"", ""persona"": ""course_taker""}"
"('probabilityandstatistics', 'scientificmethodology')",probability and statistics,scientific methodology,-1,3,phd,v1,v1,"{""model"": null, ""temperature"": null, ""date"": ""2025-09-06T23:06:20.635170+00:00"", ""prompt_version"": ""v1"", ""persona"": ""phd""}"
"('probabilityandstatistics', 'scientificmethodology')",probability and statistics,scientific methodology,-1,3,expert,v1,v1,"{""model"": null, ""temperature"": null, ""date"": ""2025-09-06T23:06:20.635203+00:00"", ""prompt_version"": ""v1"", ""persona"": ""expert""}"
"('externalismaboutmentalcontent', 'mentalcontent')",externalism about mental content,mental content,-1,3,novice,v1,v1,"{""model"": null, ""temperature"": null, ""date"": ""2025-09-06T23:06:20.635261+00:00"", ""prompt_version"": ""v1"", ""persona"": ""novice""}"
"('externalismaboutmentalcontent', 'mentalcontent')",externalism about mental content,mental content,-1,3,course_taker,v1,v1,"{""model"": null, ""temperature"": null, ""date"": ""2025-09-06T23:06:20.635294+00:00"", ""prompt_version"": ""v1"", ""persona"": ""course_taker""}"
"('externalismaboutmentalcontent', 'mentalcontent')",externalism about mental content,mental content,-1,3,phd,v1,v1,"{""model"": null, ""temperature"": null, ""date"": ""2025-09-06T23:06:20.635336+00:00"", ""prompt_version"": ""v1"", ""persona"": ""phd""}"
"('externalismaboutmentalcontent', 'mentalcontent')",externalism about mental content,mental content,-1,3,expert,v1,v1,"{""model"": null, ""temperature"": null, ""date"": ""2025-09-06T23:06:20.635369+00:00"", ""prompt_version"": ""v1"", ""persona"": ""expert""}"
"('descartesepistemology', 'perception')",descartes' epistemology,perception,-1,3,novice,v1,v1,"{""model"": null, ""temperature"": null, ""date"": ""2025-09-06T23:06:20.635426+00:00"", ""prompt_version"": ""v1"", ""persona"": ""novice""}"
"('descartesepistemology', 'perception')",descartes' epistemology,perception,-1,3,course_taker,v1,v1,"{""model"": null, ""temperature"": null, ""date"": ""2025-09-06T23:06:20.635460+00:00"", ""prompt_version"": ""v1"", ""persona"": ""course_taker""}"
"('descartesepistemology', 'perception')",descartes' epistemology,perception,-1,3,phd,v1,v1,"{""model"": null, ""temperature"": null, ""date"": ""2025-09-06T23:06:20.635492+00:00"", ""prompt_version"": ""v1"", ""persona"": ""phd""}"
"('descartesepistemology', 'perception')",descartes' epistemology,perception,-1,3,expert,v1,v1,"{""model"": null, ""temperature"": null, ""date"": ""2025-09-06T23:06:20.635525+00:00"", ""prompt_version"": ""v1"", ""persona"": ""expert""}"
"('mereology', 'metaphysics')",mereology,metaphysics,-1,3,novice,v1,v1,"{""model"": null, ""temperature"": null, ""date"": ""2025-09-06T23:06:20.635581+00:00"", ""prompt_version"": ""v1"", ""persona"": ""novice""}"
"('mereology', 'metaphysics')",mereology,metaphysics,-1,3,course_taker,v1,v1,"{""model"": null, ""temperature"": null, ""date"": ""2025-09-06T23:06:20.635614+00:00"", ""prompt_version"": ""v1"", ""persona"": ""course_taker""}"
"('mereology', 'metaphysics')",mereology,metaphysics,-1,3,phd,v1,v1,"{""model"": null, ""temperature"": null, ""date"": ""2025-09-06T23:06:20.635646+00:00"", ""prompt_version"": ""v1"", ""persona"": ""phd""}"
"('mereology', 'metaphysics')",mereology,metaphysics,-1,3,expert,v1,v1,"{""model"": null, ""temperature"": null, ""date"": ""2025-09-06T23:06:20.635678+00:00"", ""prompt_version"": ""v1"", ""persona"": ""expert""}"
"('artificialintelligence', 'turingtest')",turing test,artificial intelligence,-1,3,novice,v1,v1,"{""model"": null, ""temperature"": null, ""date"": ""2025-09-06T23:06:20.635735+00:00"", ""prompt_version"": ""v1"", ""persona"": ""novice""}"
"('artificialintelligence', 'turingtest')",turing test,artificial intelligence,-1,3,course_taker,v1,v1,"{""model"": null, ""temperature"": null, ""date"": ""2025-09-06T23:06:20.635768+00:00"", ""prompt_version"": ""v1"", ""persona"": ""course_taker""}"
"('artificialintelligence', 'turingtest')",turing test,artificial intelligence,-1,3,phd,v1,v1,"{""model"": null, ""temperature"": null, ""date"": ""2025-09-06T23:06:20.635800+00:00"", ""prompt_version"": ""v1"", ""persona"": ""phd""}"
"('artificialintelligence', 'turingtest')",turing test,artificial intelligence,-1,3,expert,v1,v1,"{""model"": null, ""temperature"": null, ""date"": ""2025-09-06T23:06:20.635833+00:00"", ""prompt_version"": ""v1"", ""persona"": ""expert""}"
"('philosophyofmind', 'universals')",universals,philosophy of mind,-1,3,novice,v1,v1,"{""model"": null, ""temperature"": null, ""date"": ""2025-09-06T23:06:20.635889+00:00"", ""prompt_version"": ""v1"", ""persona"": ""novice""}"
"('philosophyofmind', 'universals')",universals,philosophy of mind,-1,3,course_taker,v1,v1,"{""model"": null, ""temperature"": null, ""date"": ""2025-09-06T23:06:20.635922+00:00"", ""prompt_version"": ""v1"", ""persona"": ""course_taker""}"
"('philosophyofmind', 'universals')",universals,philosophy of mind,-1,3,phd,v1,v1,"{""model"": null, ""temperature"": null, ""date"": ""2025-09-06T23:06:20.635955+00:00"", ""prompt_version"": ""v1"", ""persona"": ""phd""}"
"('philosophyofmind', 'universals')",universals,philosophy of mind,-1,3,expert,v1,v1,"{""model"": null, ""temperature"": null, ""date"": ""2025-09-06T23:06:20.635988+00:00"", ""prompt_version"": ""v1"", ""persona"": ""expert""}"
"('consciousnessandcontent', 'philosophyofmind')",consciousness and content,philosophy of mind,-1,3,novice,v1,v1,"{""model"": null, ""temperature"": null, ""date"": ""2025-09-06T23:06:20.636044+00:00"", ""prompt_version"": ""v1"", ""persona"": ""novice""}"
"('consciousnessandcontent', 'philosophyofmind')",consciousness and content,philosophy of mind,-1,3,course_taker,v1,v1,"{""model"": null, ""temperature"": null, ""date"": ""2025-09-06T23:06:20.636077+00:00"", ""prompt_version"": ""v1"", ""persona"": ""course_taker""}"
"('consciousnessandcontent', 'philosophyofmind')",consciousness and content,philosophy of mind,-1,3,phd,v1,v1,"{""model"": null, ""temperature"": null, ""date"": ""2025-09-06T23:06:20.636111+00:00"", ""prompt_version"": ""v1"", ""persona"": ""phd""}"
"('consciousnessandcontent', 'philosophyofmind')",consciousness and content,philosophy of mind,-1,3,expert,v1,v1,"{""model"": null, ""temperature"": null, ""date"": ""2025-09-06T23:06:20.636143+00:00"", ""prompt_version"": ""v1"", ""persona"": ""expert""}"
"('philosophyofmathematics', 'zenosparadoxes')",zeno's paradoxes,philosophy of mathematics,-1,3,novice,v1,v1,"{""model"": null, ""temperature"": null, ""date"": ""2025-09-06T23:06:20.636201+00:00"", ""prompt_version"": ""v1"", ""persona"": ""novice""}"
"('philosophyofmathematics', 'zenosparadoxes')",zeno's paradoxes,philosophy of mathematics,-1,3,course_taker,v1,v1,"{""model"": null, ""temperature"": null, ""date"": ""2025-09-06T23:06:20.636234+00:00"", ""prompt_version"": ""v1"", ""persona"": ""course_taker""}"
"('philosophyofmathematics', 'zenosparadoxes')",zeno's paradoxes,philosophy of mathematics,-1,3,phd,v1,v1,"{""model"": null, ""temperature"": null, ""date"": ""2025-09-06T23:06:20.636267+00:00"", ""prompt_version"": ""v1"", ""persona"": ""phd""}"
"('philosophyofmathematics', 'zenosparadoxes')",zeno's paradoxes,philosophy of mathematics,-1,3,expert,v1,v1,"{""model"": null, ""temperature"": null, ""date"": ""2025-09-06T23:06:20.636300+00:00"", ""prompt_version"": ""v1"", ""persona"": ""expert""}"
"('chineseethics', 'chinesephilosophy')",chinese ethics,chinese philosophy,-1,3,novice,v1,v1,"{""model"": null, ""temperature"": null, ""date"": ""2025-09-06T23:06:20.636357+00:00"", ""prompt_version"": ""v1"", ""persona"": ""novice""}"
"('chineseethics', 'chinesephilosophy')",chinese ethics,chinese philosophy,-1,3,course_taker,v1,v1,"{""model"": null, ""temperature"": null, ""date"": ""2025-09-06T23:06:20.636390+00:00"", ""prompt_version"": ""v1"", ""persona"": ""course_taker""}"
"('chineseethics', 'chinesephilosophy')",chinese ethics,chinese philosophy,-1,3,phd,v1,v1,"{""model"": null, ""temperature"": null, ""date"": ""2025-09-06T23:06:20.636423+00:00"", ""prompt_version"": ""v1"", ""persona"": ""phd""}"
"('chineseethics', 'chinesephilosophy')",chinese ethics,chinese philosophy,-1,3,expert,v1,v1,"{""model"": null, ""temperature"": null, ""date"": ""2025-09-06T23:06:20.636456+00:00"", ""prompt_version"": ""v1"", ""persona"": ""expert""}"
"('matter', 'philosophyofmind')",matter,philosophy of mind,-1,3,novice,v1,v1,"{""model"": null, ""temperature"": null, ""date"": ""2025-09-06T23:06:20.636512+00:00"", ""prompt_version"": ""v1"", ""persona"": ""novice""}"
"('matter', 'philosophyofmind')",matter,philosophy of mind,-1,3,course_taker,v1,v1,"{""model"": null, ""temperature"": null, ""date"": ""2025-09-06T23:06:20.636544+00:00"", ""prompt_version"": ""v1"", ""persona"": ""course_taker""}"
"('matter', 'philosophyofmind')",matter,philosophy of mind,-1,3,phd,v1,v1,"{""model"": null, ""temperature"": null, ""date"": ""2025-09-06T23:06:20.636577+00:00"", ""prompt_version"": ""v1"", ""persona"": ""phd""}"
"('matter', 'philosophyofmind')",matter,philosophy of mind,-1,3,expert,v1,v1,"{""model"": null, ""temperature"": null, ""date"": ""2025-09-06T23:06:20.636609+00:00"", ""prompt_version"": ""v1"", ""persona"": ""expert""}"
"('epistemologicalproblemsofperception', 'epistemology')",epistemological problems of perception,epistemology,-1,3,novice,v1,v1,"{""model"": null, ""temperature"": null, ""date"": ""2025-09-06T23:06:20.636666+00:00"", ""prompt_version"": ""v1"", ""persona"": ""novice""}"
"('epistemologicalproblemsofperception', 'epistemology')",epistemological problems of perception,epistemology,-1,3,course_taker,v1,v1,"{""model"": null, ""temperature"": null, ""date"": ""2025-09-06T23:06:20.636707+00:00"", ""prompt_version"": ""v1"", ""persona"": ""course_taker""}"
"('epistemologicalproblemsofperception', 'epistemology')",epistemological problems of perception,epistemology,-1,3,phd,v1,v1,"{""model"": null, ""temperature"": null, ""date"": ""2025-09-06T23:06:20.636740+00:00"", ""prompt_version"": ""v1"", ""persona"": ""phd""}"
"('epistemologicalproblemsofperception', 'epistemology')",epistemological problems of perception,epistemology,-1,3,expert,v1,v1,"{""model"": null, ""temperature"": null, ""date"": ""2025-09-06T23:06:20.636773+00:00"", ""prompt_version"": ""v1"", ""persona"": ""expert""}"
"('epistemology', 'knowledgebyacquaintanceandknowledgebydescription')",knowledge by acquaintance and knowledge by description,epistemology,-1,3,novice,v1,v1,"{""model"": null, ""temperature"": null, ""date"": ""2025-09-06T23:06:20.636831+00:00"", ""prompt_version"": ""v1"", ""persona"": ""novice""}"
"('epistemology', 'knowledgebyacquaintanceandknowledgebydescription')",knowledge by acquaintance and knowledge by description,epistemology,-1,3,course_taker,v1,v1,"{""model"": null, ""temperature"": null, ""date"": ""2025-09-06T23:06:20.636865+00:00"", ""prompt_version"": ""v1"", ""persona"": ""course_taker""}"
"('epistemology', 'knowledgebyacquaintanceandknowledgebydescription')",knowledge by acquaintance and knowledge by description,epistemology,-1,3,phd,v1,v1,"{""model"": null, ""temperature"": null, ""date"": ""2025-09-06T23:06:20.636899+00:00"", ""prompt_version"": ""v1"", ""persona"": ""phd""}"
"('epistemology', 'knowledgebyacquaintanceandknowledgebydescription')",knowledge by acquaintance and knowledge by description,epistemology,-1,3,expert,v1,v1,"{""model"": null, ""temperature"": null, ""date"": ""2025-09-06T23:06:20.636932+00:00"", ""prompt_version"": ""v1"", ""persona"": ""expert""}"
"('philosophyofscienceandthesciences', 'unityofscience')",unity of science,philosophy of science and the sciences,-1,3,novice,v1,v1,"{""model"": null, ""temperature"": null, ""date"": ""2025-09-06T23:06:20.636990+00:00"", ""prompt_version"": ""v1"", ""persona"": ""novice""}"
"('philosophyofscienceandthesciences', 'unityofscience')",unity of science,philosophy of science and the sciences,-1,3,course_taker,v1,v1,"{""model"": null, ""temperature"": null, ""date"": ""2025-09-06T23:06:20.637024+00:00"", ""prompt_version"": ""v1"", ""persona"": ""course_taker""}"
"('philosophyofscienceandthesciences', 'unityofscience')",unity of science,philosophy of science and the sciences,-1,3,phd,v1,v1,"{""model"": null, ""temperature"": null, ""date"": ""2025-09-06T23:06:20.637057+00:00"", ""prompt_version"": ""v1"", ""persona"": ""phd""}"
"('philosophyofscienceandthesciences', 'unityofscience')",unity of science,philosophy of science and the sciences,-1,3,expert,v1,v1,"{""model"": null, ""temperature"": null, ""date"": ""2025-09-06T23:06:20.637090+00:00"", ""prompt_version"": ""v1"", ""persona"": ""expert""}"
"('eternityoftheworld', 'metaphysics')",eternity of the world,metaphysics,-1,3,novice,v1,v1,"{""model"": null, ""temperature"": null, ""date"": ""2025-09-06T23:06:20.637147+00:00"", ""prompt_version"": ""v1"", ""persona"": ""novice""}"
"('eternityoftheworld', 'metaphysics')",eternity of the world,metaphysics,-1,3,course_taker,v1,v1,"{""model"": null, ""temperature"": null, ""date"": ""2025-09-06T23:06:20.637180+00:00"", ""prompt_version"": ""v1"", ""persona"": ""course_taker""}"
"('eternityoftheworld', 'metaphysics')",eternity of the world,metaphysics,-1,3,phd,v1,v1,"{""model"": null, ""temperature"": null, ""date"": ""2025-09-06T23:06:20.637213+00:00"", ""prompt_version"": ""v1"", ""persona"": ""phd""}"
"('eternityoftheworld', 'metaphysics')",eternity of the world,metaphysics,-1,3,expert,v1,v1,"{""model"": null, ""temperature"": null, ""date"": ""2025-09-06T23:06:20.637246+00:00"", ""prompt_version"": ""v1"", ""persona"": ""expert""}"
"('consciousnessandmentalcontent', 'mentalcontent')",consciousness and mental content,mental content,-1,3,novice,v1,v1,"{""model"": null, ""temperature"": null, ""date"": ""2025-09-06T23:06:20.637302+00:00"", ""prompt_version"": ""v1"", ""persona"": ""novice""}"
"('consciousnessandmentalcontent', 'mentalcontent')",consciousness and mental content,mental content,-1,3,course_taker,v1,v1,"{""model"": null, ""temperature"": null, ""date"": ""2025-09-06T23:06:20.637336+00:00"", ""prompt_version"": ""v1"", ""persona"": ""course_taker""}"
"('consciousnessandmentalcontent', 'mentalcontent')",consciousness and mental content,mental content,-1,3,phd,v1,v1,"{""model"": null, ""temperature"": null, ""date"": ""2025-09-06T23:06:20.637369+00:00"", ""prompt_version"": ""v1"", ""persona"": ""phd""}"
"('consciousnessandmentalcontent', 'mentalcontent')",consciousness and mental content,mental content,-1,3,expert,v1,v1,"{""model"": null, ""temperature"": null, ""date"": ""2025-09-06T23:06:20.637401+00:00"", ""prompt_version"": ""v1"", ""persona"": ""expert""}"
"('philosophyofreligion', 'taoism')",taoism,philosophy of religion,-1,3,novice,v1,v1,"{""model"": null, ""temperature"": null, ""date"": ""2025-09-06T23:06:20.637460+00:00"", ""prompt_version"": ""v1"", ""persona"": ""novice""}"
"('philosophyofreligion', 'taoism')",taoism,philosophy of religion,-1,3,course_taker,v1,v1,"{""model"": null, ""temperature"": null, ""date"": ""2025-09-06T23:06:20.637493+00:00"", ""prompt_version"": ""v1"", ""persona"": ""course_taker""}"
"('philosophyofreligion', 'taoism')",taoism,philosophy of religion,-1,3,phd,v1,v1,"{""model"": null, ""temperature"": null, ""date"": ""2025-09-06T23:06:20.637525+00:00"", ""prompt_version"": ""v1"", ""persona"": ""phd""}"
"('philosophyofreligion', 'taoism')",taoism,philosophy of religion,-1,3,expert,v1,v1,"{""model"": null, ""temperature"": null, ""date"": ""2025-09-06T23:06:20.637557+00:00"", ""prompt_version"": ""v1"", ""persona"": ""expert""}"
"('bioethics', 'personalidentityandethics')",personal identity and ethics,bioethics,-1,3,novice,v1,v1,"{""model"": null, ""temperature"": null, ""date"": ""2025-09-06T23:06:20.637614+00:00"", ""prompt_version"": ""v1"", ""persona"": ""novice""}"
"('bioethics', 'personalidentityandethics')",personal identity and ethics,bioethics,-1,3,course_taker,v1,v1,"{""model"": null, ""temperature"": null, ""date"": ""2025-09-06T23:06:20.637647+00:00"", ""prompt_version"": ""v1"", ""persona"": ""course_taker""}"
"('bioethics', 'personalidentityandethics')",personal identity and ethics,bioethics,-1,3,phd,v1,v1,"{""model"": null, ""temperature"": null, ""date"": ""2025-09-06T23:06:20.637680+00:00"", ""prompt_version"": ""v1"", ""persona"": ""phd""}"
"('bioethics', 'personalidentityandethics')",personal identity and ethics,bioethics,-1,3,expert,v1,v1,"{""model"": null, ""temperature"": null, ""date"": ""2025-09-06T23:06:20.637712+00:00"", ""prompt_version"": ""v1"", ""persona"": ""expert""}"
"('ancienttheoriesofsoul', 'philosophyofmind')",ancient theories of soul,philosophy of mind,-1,3,novice,v1,v1,"{""model"": null, ""temperature"": null, ""date"": ""2025-09-06T23:06:20.637769+00:00"", ""prompt_version"": ""v1"", ""persona"": ""novice""}"
"('ancienttheoriesofsoul', 'philosophyofmind')",ancient theories of soul,philosophy of mind,-1,3,course_taker,v1,v1,"{""model"": null, ""temperature"": null, ""date"": ""2025-09-06T23:06:20.637802+00:00"", ""prompt_version"": ""v1"", ""persona"": ""course_taker""}"
"('ancienttheoriesofsoul', 'philosophyofmind')",ancient theories of soul,philosophy of mind,-1,3,phd,v1,v1,"{""model"": null, ""temperature"": null, ""date"": ""2025-09-06T23:06:20.637835+00:00"", ""prompt_version"": ""v1"", ""persona"": ""phd""}"
"('ancienttheoriesofsoul', 'philosophyofmind')",ancient theories of soul,philosophy of mind,-1,3,expert,v1,v1,"{""model"": null, ""temperature"": null, ""date"": ""2025-09-06T23:06:20.637868+00:00"", ""prompt_version"": ""v1"", ""persona"": ""expert""}"
"('atheism', 'philosophyofreligion')",atheism,philosophy of religion,-1,3,novice,v1,v1,"{""model"": null, ""temperature"": null, ""date"": ""2025-09-06T23:06:20.637925+00:00"", ""prompt_version"": ""v1"", ""persona"": ""novice""}"
"('atheism', 'philosophyofreligion')",atheism,philosophy of religion,-1,3,course_taker,v1,v1,"{""model"": null, ""temperature"": null, ""date"": ""2025-09-06T23:06:20.637974+00:00"", ""prompt_version"": ""v1"", ""persona"": ""course_taker""}"
"('atheism', 'philosophyofreligion')",atheism,philosophy of religion,-1,3,phd,v1,v1,"{""model"": null, ""temperature"": null, ""date"": ""2025-09-06T23:06:20.638007+00:00"", ""prompt_version"": ""v1"", ""persona"": ""phd""}"
"('atheism', 'philosophyofreligion')",atheism,philosophy of religion,-1,3,expert,v1,v1,"{""model"": null, ""temperature"": null, ""date"": ""2025-09-06T23:06:20.638040+00:00"", ""prompt_version"": ""v1"", ""persona"": ""expert""}"
"('cartesiandualism', 'perception')",cartesian dualism,perception,-1,3,novice,v1,v1,"{""model"": null, ""temperature"": null, ""date"": ""2025-09-06T23:06:20.638097+00:00"", ""prompt_version"": ""v1"", ""persona"": ""novice""}"
"('cartesiandualism', 'perception')",cartesian dualism,perception,-1,3,course_taker,v1,v1,"{""model"": null, ""temperature"": null, ""date"": ""2025-09-06T23:06:20.638130+00:00"", ""prompt_version"": ""v1"", ""persona"": ""course_taker""}"
"('cartesiandualism', 'perception')",cartesian dualism,perception,-1,3,phd,v1,v1,"{""model"": null, ""temperature"": null, ""date"": ""2025-09-06T23:06:20.638163+00:00"", ""prompt_version"": ""v1"", ""persona"": ""phd""}"
"('cartesiandualism', 'perception')",cartesian dualism,perception,-1,3,expert,v1,v1,"{""model"": null, ""temperature"": null, ""date"": ""2025-09-06T23:06:20.638194+00:00"", ""prompt_version"": ""v1"", ""persona"": ""expert""}"
"('aristotelianism', 'metaphysics')",aristotelianism,metaphysics,-1,3,novice,v1,v1,"{""model"": null, ""temperature"": null, ""date"": ""2025-09-06T23:06:20.638251+00:00"", ""prompt_version"": ""v1"", ""persona"": ""novice""}"
"('aristotelianism', 'metaphysics')",aristotelianism,metaphysics,-1,3,course_taker,v1,v1,"{""model"": null, ""temperature"": null, ""date"": ""2025-09-06T23:06:20.638284+00:00"", ""prompt_version"": ""v1"", ""persona"": ""course_taker""}"
"('aristotelianism', 'metaphysics')",aristotelianism,metaphysics,-1,3,phd,v1,v1,"{""model"": null, ""temperature"": null, ""date"": ""2025-09-06T23:06:20.638318+00:00"", ""prompt_version"": ""v1"", ""persona"": ""phd""}"
"('aristotelianism', 'metaphysics')",aristotelianism,metaphysics,-1,3,expert,v1,v1,"{""model"": null, ""temperature"": null, ""date"": ""2025-09-06T23:06:20.638351+00:00"", ""prompt_version"": ""v1"", ""persona"": ""expert""}"
"('ethics', 'religionandmorality')",religion and morality,ethics,-1,3,novice,v1,v1,"{""model"": null, ""temperature"": null, ""date"": ""2025-09-06T23:06:20.638408+00:00"", ""prompt_version"": ""v1"", ""persona"": ""novice""}"
"('ethics', 'religionandmorality')",religion and morality,ethics,-1,3,course_taker,v1,v1,"{""model"": null, ""temperature"": null, ""date"": ""2025-09-06T23:06:20.638441+00:00"", ""prompt_version"": ""v1"", ""persona"": ""course_taker""}"
"('ethics', 'religionandmorality')",religion and morality,ethics,-1,3,phd,v1,v1,"{""model"": null, ""temperature"": null, ""date"": ""2025-09-06T23:06:20.638474+00:00"", ""prompt_version"": ""v1"", ""persona"": ""phd""}"
"('ethics', 'religionandmorality')",religion and morality,ethics,-1,3,expert,v1,v1,"{""model"": null, ""temperature"": null, ""date"": ""2025-09-06T23:06:20.638507+00:00"", ""prompt_version"": ""v1"", ""persona"": ""expert""}"
"('philosophyofreligion', 'satanism')",satanism,philosophy of religion,-1,3,novice,v1,v1,"{""model"": null, ""temperature"": null, ""date"": ""2025-09-06T23:06:20.638563+00:00"", ""prompt_version"": ""v1"", ""persona"": ""novice""}"
"('philosophyofreligion', 'satanism')",satanism,philosophy of religion,-1,3,course_taker,v1,v1,"{""model"": null, ""temperature"": null, ""date"": ""2025-09-06T23:06:20.638596+00:00"", ""prompt_version"": ""v1"", ""persona"": ""course_taker""}"
"('philosophyofreligion', 'satanism')",satanism,philosophy of religion,-1,3,phd,v1,v1,"{""model"": null, ""temperature"": null, ""date"": ""2025-09-06T23:06:20.638630+00:00"", ""prompt_version"": ""v1"", ""persona"": ""phd""}"
"('philosophyofreligion', 'satanism')",satanism,philosophy of religion,-1,3,expert,v1,v1,"{""model"": null, ""temperature"": null, ""date"": ""2025-09-06T23:06:20.638662+00:00"", ""prompt_version"": ""v1"", ""persona"": ""expert""}"
"('perception', 'teleosemantics')",teleosemantics,perception,-1,3,novice,v1,v1,"{""model"": null, ""temperature"": null, ""date"": ""2025-09-06T23:06:20.638719+00:00"", ""prompt_version"": ""v1"", ""persona"": ""novice""}"
"('perception', 'teleosemantics')",teleosemantics,perception,-1,3,course_taker,v1,v1,"{""model"": null, ""temperature"": null, ""date"": ""2025-09-06T23:06:20.638752+00:00"", ""prompt_version"": ""v1"", ""persona"": ""course_taker""}"
"('perception', 'teleosemantics')",teleosemantics,perception,-1,3,phd,v1,v1,"{""model"": null, ""temperature"": null, ""date"": ""2025-09-06T23:06:20.638784+00:00"", ""prompt_version"": ""v1"", ""persona"": ""phd""}"
"('perception', 'teleosemantics')",teleosemantics,perception,-1,3,expert,v1,v1,"{""model"": null, ""temperature"": null, ""date"": ""2025-09-06T23:06:20.638816+00:00"", ""prompt_version"": ""v1"", ""persona"": ""expert""}"
"('internalismandexternalism', 'perception')",internalism and externalism,perception,-1,3,novice,v1,v1,"{""model"": null, ""temperature"": null, ""date"": ""2025-09-06T23:06:20.638873+00:00"", ""prompt_version"": ""v1"", ""persona"": ""novice""}"
"('internalismandexternalism', 'perception')",internalism and externalism,perception,-1,3,course_taker,v1,v1,"{""model"": null, ""temperature"": null, ""date"": ""2025-09-06T23:06:20.638906+00:00"", ""prompt_version"": ""v1"", ""persona"": ""course_taker""}"
"('internalismandexternalism', 'perception')",internalism and externalism,perception,-1,3,phd,v1,v1,"{""model"": null, ""temperature"": null, ""date"": ""2025-09-06T23:06:20.638939+00:00"", ""prompt_version"": ""v1"", ""persona"": ""phd""}"
"('internalismandexternalism', 'perception')",internalism and externalism,perception,-1,3,expert,v1,v1,"{""model"": null, ""temperature"": null, ""date"": ""2025-09-06T23:06:20.638972+00:00"", ""prompt_version"": ""v1"", ""persona"": ""expert""}"
"('hilbertsprogram', 'philosophyofscienceandthesciences')",hilbert's program,philosophy of science and the sciences,-1,3,novice,v1,v1,"{""model"": null, ""temperature"": null, ""date"": ""2025-09-06T23:06:20.639030+00:00"", ""prompt_version"": ""v1"", ""persona"": ""novice""}"
"('hilbertsprogram', 'philosophyofscienceandthesciences')",hilbert's program,philosophy of science and the sciences,-1,3,course_taker,v1,v1,"{""model"": null, ""temperature"": null, ""date"": ""2025-09-06T23:06:20.639063+00:00"", ""prompt_version"": ""v1"", ""persona"": ""course_taker""}"
"('hilbertsprogram', 'philosophyofscienceandthesciences')",hilbert's program,philosophy of science and the sciences,-1,3,phd,v1,v1,"{""model"": null, ""temperature"": null, ""date"": ""2025-09-06T23:06:20.639097+00:00"", ""prompt_version"": ""v1"", ""persona"": ""phd""}"
"('hilbertsprogram', 'philosophyofscienceandthesciences')",hilbert's program,philosophy of science and the sciences,-1,3,expert,v1,v1,"{""model"": null, ""temperature"": null, ""date"": ""2025-09-06T23:06:20.639130+00:00"", ""prompt_version"": ""v1"", ""persona"": ""expert""}"
"('philosophyofreligion', 'pragmaticargumentsandbeliefingod')",pragmatic arguments and belief in god,philosophy of religion,-1,3,novice,v1,v1,"{""model"": null, ""temperature"": null, ""date"": ""2025-09-06T23:06:20.639188+00:00"", ""prompt_version"": ""v1"", ""persona"": ""novice""}"
"('philosophyofreligion', 'pragmaticargumentsandbeliefingod')",pragmatic arguments and belief in god,philosophy of religion,-1,3,course_taker,v1,v1,"{""model"": null, ""temperature"": null, ""date"": ""2025-09-06T23:06:20.639221+00:00"", ""prompt_version"": ""v1"", ""persona"": ""course_taker""}"
"('philosophyofreligion', 'pragmaticargumentsandbeliefingod')",pragmatic arguments and belief in god,philosophy of religion,-1,3,phd,v1,v1,"{""model"": null, ""temperature"": null, ""date"": ""2025-09-06T23:06:20.639255+00:00"", ""prompt_version"": ""v1"", ""persona"": ""phd""}"
"('philosophyofreligion', 'pragmaticargumentsandbeliefingod')",pragmatic arguments and belief in god,philosophy of religion,-1,3,expert,v1,v1,"{""model"": null, ""temperature"": null, ""date"": ""2025-09-06T23:06:20.639296+00:00"", ""prompt_version"": ""v1"", ""persona"": ""expert""}"
"('continentalfeminism', 'continentalphilosophy')",continental feminism,continental philosophy,-1,3,novice,v1,v1,"{""model"": null, ""temperature"": null, ""date"": ""2025-09-06T23:06:20.639354+00:00"", ""prompt_version"": ""v1"", ""persona"": ""novice""}"
"('continentalfeminism', 'continentalphilosophy')",continental feminism,continental philosophy,-1,3,course_taker,v1,v1,"{""model"": null, ""temperature"": null, ""date"": ""2025-09-06T23:06:20.639387+00:00"", ""prompt_version"": ""v1"", ""persona"": ""course_taker""}"
"('continentalfeminism', 'continentalphilosophy')",continental feminism,continental philosophy,-1,3,phd,v1,v1,"{""model"": null, ""temperature"": null, ""date"": ""2025-09-06T23:06:20.639421+00:00"", ""prompt_version"": ""v1"", ""persona"": ""phd""}"
"('continentalfeminism', 'continentalphilosophy')",continental feminism,continental philosophy,-1,3,expert,v1,v1,"{""model"": null, ""temperature"": null, ""date"": ""2025-09-06T23:06:20.639454+00:00"", ""prompt_version"": ""v1"", ""persona"": ""expert""}"
"('epistemology', 'logos')",logos,epistemology,-1,3,novice,v1,v1,"{""model"": null, ""temperature"": null, ""date"": ""2025-09-06T23:06:20.639511+00:00"", ""prompt_version"": ""v1"", ""persona"": ""novice""}"
"('epistemology', 'logos')",logos,epistemology,-1,3,course_taker,v1,v1,"{""model"": null, ""temperature"": null, ""date"": ""2025-09-06T23:06:20.639543+00:00"", ""prompt_version"": ""v1"", ""persona"": ""course_taker""}"
"('epistemology', 'logos')",logos,epistemology,-1,3,phd,v1,v1,"{""model"": null, ""temperature"": null, ""date"": ""2025-09-06T23:06:20.639576+00:00"", ""prompt_version"": ""v1"", ""persona"": ""phd""}"
"('epistemology', 'logos')",logos,epistemology,-1,3,expert,v1,v1,"{""model"": null, ""temperature"": null, ""date"": ""2025-09-06T23:06:20.639608+00:00"", ""prompt_version"": ""v1"", ""persona"": ""expert""}"
"('artificialintelligence', 'computation')",artificial intelligence,computation,-1,3,novice,v1,v1,"{""model"": null, ""temperature"": null, ""date"": ""2025-09-06T23:06:20.639664+00:00"", ""prompt_version"": ""v1"", ""persona"": ""novice""}"
"('artificialintelligence', 'computation')",artificial intelligence,computation,-1,3,course_taker,v1,v1,"{""model"": null, ""temperature"": null, ""date"": ""2025-09-06T23:06:20.639697+00:00"", ""prompt_version"": ""v1"", ""persona"": ""course_taker""}"
"('artificialintelligence', 'computation')",artificial intelligence,computation,-1,3,phd,v1,v1,"{""model"": null, ""temperature"": null, ""date"": ""2025-09-06T23:06:20.639730+00:00"", ""prompt_version"": ""v1"", ""persona"": ""phd""}"
"('artificialintelligence', 'computation')",artificial intelligence,computation,-1,3,expert,v1,v1,"{""model"": null, ""temperature"": null, ""date"": ""2025-09-06T23:06:20.639786+00:00"", ""prompt_version"": ""v1"", ""persona"": ""expert""}"
"('classicalphysics', 'philosophyofscienceandthesciences')",classical physics,philosophy of science and the sciences,-1,3,novice,v1,v1,"{""model"": null, ""temperature"": null, ""date"": ""2025-09-06T23:06:20.639844+00:00"", ""prompt_version"": ""v1"", ""persona"": ""novice""}"
"('classicalphysics', 'philosophyofscienceandthesciences')",classical physics,philosophy of science and the sciences,-1,3,course_taker,v1,v1,"{""model"": null, ""temperature"": null, ""date"": ""2025-09-06T23:06:20.639878+00:00"", ""prompt_version"": ""v1"", ""persona"": ""course_taker""}"
"('classicalphysics', 'philosophyofscienceandthesciences')",classical physics,philosophy of science and the sciences,-1,3,phd,v1,v1,"{""model"": null, ""temperature"": null, ""date"": ""2025-09-06T23:06:20.639912+00:00"", ""prompt_version"": ""v1"", ""persona"": ""phd""}"
"('classicalphysics', 'philosophyofscienceandthesciences')",classical physics,philosophy of science and the sciences,-1,3,expert,v1,v1,"{""model"": null, ""temperature"": null, ""date"": ""2025-09-06T23:06:20.639946+00:00"", ""prompt_version"": ""v1"", ""persona"": ""expert""}"
"('feministmetaphysics', 'metaphysics')",feminist metaphysics,metaphysics,-1,3,novice,v1,v1,"{""model"": null, ""temperature"": null, ""date"": ""2025-09-06T23:06:20.640004+00:00"", ""prompt_version"": ""v1"", ""persona"": ""novice""}"
"('feministmetaphysics', 'metaphysics')",feminist metaphysics,metaphysics,-1,3,course_taker,v1,v1,"{""model"": null, ""temperature"": null, ""date"": ""2025-09-06T23:06:20.640037+00:00"", ""prompt_version"": ""v1"", ""persona"": ""course_taker""}"
"('feministmetaphysics', 'metaphysics')",feminist metaphysics,metaphysics,-1,3,phd,v1,v1,"{""model"": null, ""temperature"": null, ""date"": ""2025-09-06T23:06:20.640070+00:00"", ""prompt_version"": ""v1"", ""persona"": ""phd""}"
"('feministmetaphysics', 'metaphysics')",feminist metaphysics,metaphysics,-1,3,expert,v1,v1,"{""model"": null, ""temperature"": null, ""date"": ""2025-09-06T23:06:20.640102+00:00"", ""prompt_version"": ""v1"", ""persona"": ""expert""}"
"('japanesephilosophy', 'zenbuddhism')",zen buddhism,japanese philosophy,-1,3,novice,v1,v1,"{""model"": null, ""temperature"": null, ""date"": ""2025-09-06T23:06:20.640159+00:00"", ""prompt_version"": ""v1"", ""persona"": ""novice""}"
"('japanesephilosophy', 'zenbuddhism')",zen buddhism,japanese philosophy,-1,3,course_taker,v1,v1,"{""model"": null, ""temperature"": null, ""date"": ""2025-09-06T23:06:20.640192+00:00"", ""prompt_version"": ""v1"", ""persona"": ""course_taker""}"
"('japanesephilosophy', 'zenbuddhism')",zen buddhism,japanese philosophy,-1,3,phd,v1,v1,"{""model"": null, ""temperature"": null, ""date"": ""2025-09-06T23:06:20.640225+00:00"", ""prompt_version"": ""v1"", ""persona"": ""phd""}"
"('japanesephilosophy', 'zenbuddhism')",zen buddhism,japanese philosophy,-1,3,expert,v1,v1,"{""model"": null, ""temperature"": null, ""date"": ""2025-09-06T23:06:20.640257+00:00"", ""prompt_version"": ""v1"", ""persona"": ""expert""}"
"('socialandpoliticalphilosophy', 'socialphilosophy')",social philosophy,social and political philosophy,-1,3,novice,v1,v1,"{""model"": null, ""temperature"": null, ""date"": ""2025-09-06T23:06:20.640316+00:00"", ""prompt_version"": ""v1"", ""persona"": ""novice""}"
"('socialandpoliticalphilosophy', 'socialphilosophy')",social philosophy,social and political philosophy,-1,3,course_taker,v1,v1,"{""model"": null, ""temperature"": null, ""date"": ""2025-09-06T23:06:20.640350+00:00"", ""prompt_version"": ""v1"", ""persona"": ""course_taker""}"
"('socialandpoliticalphilosophy', 'socialphilosophy')",social philosophy,social and political philosophy,-1,3,phd,v1,v1,"{""model"": null, ""temperature"": null, ""date"": ""2025-09-06T23:06:20.640383+00:00"", ""prompt_version"": ""v1"", ""persona"": ""phd""}"
"('socialandpoliticalphilosophy', 'socialphilosophy')",social philosophy,social and political philosophy,-1,3,expert,v1,v1,"{""model"": null, ""temperature"": null, ""date"": ""2025-09-06T23:06:20.640416+00:00"", ""prompt_version"": ""v1"", ""persona"": ""expert""}"
"('philosophyoflanguage', 'privatelanguageargument')",private language argument,philosophy of language,-1,3,novice,v1,v1,"{""model"": null, ""temperature"": null, ""date"": ""2025-09-06T23:06:20.640473+00:00"", ""prompt_version"": ""v1"", ""persona"": ""novice""}"
"('philosophyoflanguage', 'privatelanguageargument')",private language argument,philosophy of language,-1,3,course_taker,v1,v1,"{""model"": null, ""temperature"": null, ""date"": ""2025-09-06T23:06:20.640507+00:00"", ""prompt_version"": ""v1"", ""persona"": ""course_taker""}"
"('philosophyoflanguage', 'privatelanguageargument')",private language argument,philosophy of language,-1,3,phd,v1,v1,"{""model"": null, ""temperature"": null, ""date"": ""2025-09-06T23:06:20.640540+00:00"", ""prompt_version"": ""v1"", ""persona"": ""phd""}"
"('philosophyoflanguage', 'privatelanguageargument')",private language argument,philosophy of language,-1,3,expert,v1,v1,"{""model"": null, ""temperature"": null, ""date"": ""2025-09-06T23:06:20.640573+00:00"", ""prompt_version"": ""v1"", ""persona"": ""expert""}"
"('implicature', 'pragmatics')",implicature,pragmatics,-1,3,novice,v1,v1,"{""model"": null, ""temperature"": null, ""date"": ""2025-09-06T23:06:20.640641+00:00"", ""prompt_version"": ""v1"", ""persona"": ""novice""}"
"('implicature', 'pragmatics')",implicature,pragmatics,-1,3,course_taker,v1,v1,"{""model"": null, ""temperature"": null, ""date"": ""2025-09-06T23:06:20.640674+00:00"", ""prompt_version"": ""v1"", ""persona"": ""course_taker""}"
"('implicature', 'pragmatics')",implicature,pragmatics,-1,3,phd,v1,v1,"{""model"": null, ""temperature"": null, ""date"": ""2025-09-06T23:06:20.640706+00:00"", ""prompt_version"": ""v1"", ""persona"": ""phd""}"
"('implicature', 'pragmatics')",implicature,pragmatics,-1,3,expert,v1,v1,"{""model"": null, ""temperature"": null, ""date"": ""2025-09-06T23:06:20.640739+00:00"", ""prompt_version"": ""v1"", ""persona"": ""expert""}"
"('axiomatictheoriesoftruth', 'philosophyoflanguage')",axiomatic theories of truth,philosophy of language,-1,3,novice,v1,v1,"{""model"": null, ""temperature"": null, ""date"": ""2025-09-06T23:06:20.640795+00:00"", ""prompt_version"": ""v1"", ""persona"": ""novice""}"
"('axiomatictheoriesoftruth', 'philosophyoflanguage')",axiomatic theories of truth,philosophy of language,-1,3,course_taker,v1,v1,"{""model"": null, ""temperature"": null, ""date"": ""2025-09-06T23:06:20.640829+00:00"", ""prompt_version"": ""v1"", ""persona"": ""course_taker""}"
"('axiomatictheoriesoftruth', 'philosophyoflanguage')",axiomatic theories of truth,philosophy of language,-1,3,phd,v1,v1,"{""model"": null, ""temperature"": null, ""date"": ""2025-09-06T23:06:20.640862+00:00"", ""prompt_version"": ""v1"", ""persona"": ""phd""}"
"('axiomatictheoriesoftruth', 'philosophyoflanguage')",axiomatic theories of truth,philosophy of language,-1,3,expert,v1,v1,"{""model"": null, ""temperature"": null, ""date"": ""2025-09-06T23:06:20.640895+00:00"", ""prompt_version"": ""v1"", ""persona"": ""expert""}"
"('naturallawtradition', 'philosophyofreligion')",natural law tradition,philosophy of religion,-1,3,novice,v1,v1,"{""model"": null, ""temperature"": null, ""date"": ""2025-09-06T23:06:20.640953+00:00"", ""prompt_version"": ""v1"", ""persona"": ""novice""}"
"('naturallawtradition', 'philosophyofreligion')",natural law tradition,philosophy of religion,-1,3,course_taker,v1,v1,"{""model"": null, ""temperature"": null, ""date"": ""2025-09-06T23:06:20.640987+00:00"", ""prompt_version"": ""v1"", ""persona"": ""course_taker""}"
"('naturallawtradition', 'philosophyofreligion')",natural law tradition,philosophy of religion,-1,3,phd,v1,v1,"{""model"": null, ""temperature"": null, ""date"": ""2025-09-06T23:06:20.641020+00:00"", ""prompt_version"": ""v1"", ""persona"": ""phd""}"
"('naturallawtradition', 'philosophyofreligion')",natural law tradition,philosophy of religion,-1,3,expert,v1,v1,"{""model"": null, ""temperature"": null, ""date"": ""2025-09-06T23:06:20.641053+00:00"", ""prompt_version"": ""v1"", ""persona"": ""expert""}"
"('bayesstheorem', 'philosophyofscienceandthesciences')",bayes's theorem,philosophy of science and the sciences,-1,3,novice,v1,v1,"{""model"": null, ""temperature"": null, ""date"": ""2025-09-06T23:06:20.641110+00:00"", ""prompt_version"": ""v1"", ""persona"": ""novice""}"
"('bayesstheorem', 'philosophyofscienceandthesciences')",bayes's theorem,philosophy of science and the sciences,-1,3,course_taker,v1,v1,"{""model"": null, ""temperature"": null, ""date"": ""2025-09-06T23:06:20.641146+00:00"", ""prompt_version"": ""v1"", ""persona"": ""course_taker""}"
"('bayesstheorem', 'philosophyofscienceandthesciences')",bayes's theorem,philosophy of science and the sciences,-1,3,phd,v1,v1,"{""model"": null, ""temperature"": null, ""date"": ""2025-09-06T23:06:20.641179+00:00"", ""prompt_version"": ""v1"", ""persona"": ""phd""}"
"('bayesstheorem', 'philosophyofscienceandthesciences')",bayes's theorem,philosophy of science and the sciences,-1,3,expert,v1,v1,"{""model"": null, ""temperature"": null, ""date"": ""2025-09-06T23:06:20.641212+00:00"", ""prompt_version"": ""v1"", ""persona"": ""expert""}"
"('biologicalaltruism', 'philosophyofbiology')",biological altruism,philosophy of biology,-1,3,novice,v1,v1,"{""model"": null, ""temperature"": null, ""date"": ""2025-09-06T23:06:20.641270+00:00"", ""prompt_version"": ""v1"", ""persona"": ""novice""}"
"('biologicalaltruism', 'philosophyofbiology')",biological altruism,philosophy of biology,-1,3,course_taker,v1,v1,"{""model"": null, ""temperature"": null, ""date"": ""2025-09-06T23:06:20.641303+00:00"", ""prompt_version"": ""v1"", ""persona"": ""course_taker""}"
"('biologicalaltruism', 'philosophyofbiology')",biological altruism,philosophy of biology,-1,3,phd,v1,v1,"{""model"": null, ""temperature"": null, ""date"": ""2025-09-06T23:06:20.641336+00:00"", ""prompt_version"": ""v1"", ""persona"": ""phd""}"
"('biologicalaltruism', 'philosophyofbiology')",biological altruism,philosophy of biology,-1,3,expert,v1,v1,"{""model"": null, ""temperature"": null, ""date"": ""2025-09-06T23:06:20.641369+00:00"", ""prompt_version"": ""v1"", ""persona"": ""expert""}"
"('artificialintelligence', 'temporallogic')",temporal logic,artificial intelligence,-1,3,novice,v1,v1,"{""model"": null, ""temperature"": null, ""date"": ""2025-09-06T23:06:20.641438+00:00"", ""prompt_version"": ""v1"", ""persona"": ""novice""}"
"('artificialintelligence', 'temporallogic')",temporal logic,artificial intelligence,-1,3,course_taker,v1,v1,"{""model"": null, ""temperature"": null, ""date"": ""2025-09-06T23:06:20.641471+00:00"", ""prompt_version"": ""v1"", ""persona"": ""course_taker""}"
"('artificialintelligence', 'temporallogic')",temporal logic,artificial intelligence,-1,3,phd,v1,v1,"{""model"": null, ""temperature"": null, ""date"": ""2025-09-06T23:06:20.641504+00:00"", ""prompt_version"": ""v1"", ""persona"": ""phd""}"
"('artificialintelligence', 'temporallogic')",temporal logic,artificial intelligence,-1,3,expert,v1,v1,"{""model"": null, ""temperature"": null, ""date"": ""2025-09-06T23:06:20.641537+00:00"", ""prompt_version"": ""v1"", ""persona"": ""expert""}"
"('metaphysicsandlanguage', 'philosophyoflanguage')",metaphysics and language,philosophy of language,-1,3,novice,v1,v1,"{""model"": null, ""temperature"": null, ""date"": ""2025-09-06T23:06:20.641593+00:00"", ""prompt_version"": ""v1"", ""persona"": ""novice""}"
"('metaphysicsandlanguage', 'philosophyoflanguage')",metaphysics and language,philosophy of language,-1,3,course_taker,v1,v1,"{""model"": null, ""temperature"": null, ""date"": ""2025-09-06T23:06:20.641627+00:00"", ""prompt_version"": ""v1"", ""persona"": ""course_taker""}"
"('metaphysicsandlanguage', 'philosophyoflanguage')",metaphysics and language,philosophy of language,-1,3,phd,v1,v1,"{""model"": null, ""temperature"": null, ""date"": ""2025-09-06T23:06:20.641660+00:00"", ""prompt_version"": ""v1"", ""persona"": ""phd""}"
"('metaphysicsandlanguage', 'philosophyoflanguage')",metaphysics and language,philosophy of language,-1,3,expert,v1,v1,"{""model"": null, ""temperature"": null, ""date"": ""2025-09-06T23:06:20.641693+00:00"", ""prompt_version"": ""v1"", ""persona"": ""expert""}"
"('ethics', 'medievaltheoriesofpracticalreason')",medieval theories of practical reason,ethics,-1,3,novice,v1,v1,"{""model"": null, ""temperature"": null, ""date"": ""2025-09-06T23:06:20.641750+00:00"", ""prompt_version"": ""v1"", ""persona"": ""novice""}"
"('ethics', 'medievaltheoriesofpracticalreason')",medieval theories of practical reason,ethics,-1,3,course_taker,v1,v1,"{""model"": null, ""temperature"": null, ""date"": ""2025-09-06T23:06:20.641783+00:00"", ""prompt_version"": ""v1"", ""persona"": ""course_taker""}"
"('ethics', 'medievaltheoriesofpracticalreason')",medieval theories of practical reason,ethics,-1,3,phd,v1,v1,"{""model"": null, ""temperature"": null, ""date"": ""2025-09-06T23:06:20.641819+00:00"", ""prompt_version"": ""v1"", ""persona"": ""phd""}"
"('ethics', 'medievaltheoriesofpracticalreason')",medieval theories of practical reason,ethics,-1,3,expert,v1,v1,"{""model"": null, ""temperature"": null, ""date"": ""2025-09-06T23:06:20.641852+00:00"", ""prompt_version"": ""v1"", ""persona"": ""expert""}"
"('indispensabilityargumentsinthephilosophyofmathematics', 'philosophyofscienceandthesciences')",indispensability arguments in the philosophy of mathematics,philosophy of science and the sciences,-1,3,novice,v1,v1,"{""model"": null, ""temperature"": null, ""date"": ""2025-09-06T23:06:20.641918+00:00"", ""prompt_version"": ""v1"", ""persona"": ""novice""}"
"('indispensabilityargumentsinthephilosophyofmathematics', 'philosophyofscienceandthesciences')",indispensability arguments in the philosophy of mathematics,philosophy of science and the sciences,-1,3,course_taker,v1,v1,"{""model"": null, ""temperature"": null, ""date"": ""2025-09-06T23:06:20.641954+00:00"", ""prompt_version"": ""v1"", ""persona"": ""course_taker""}"
"('indispensabilityargumentsinthephilosophyofmathematics', 'philosophyofscienceandthesciences')",indispensability arguments in the philosophy of mathematics,philosophy of science and the sciences,-1,3,phd,v1,v1,"{""model"": null, ""temperature"": null, ""date"": ""2025-09-06T23:06:20.641989+00:00"", ""prompt_version"": ""v1"", ""persona"": ""phd""}"
"('indispensabilityargumentsinthephilosophyofmathematics', 'philosophyofscienceandthesciences')",indispensability arguments in the philosophy of mathematics,philosophy of science and the sciences,-1,3,expert,v1,v1,"{""model"": null, ""temperature"": null, ""date"": ""2025-09-06T23:06:20.642023+00:00"", ""prompt_version"": ""v1"", ""persona"": ""expert""}"
"('metaphysics', 'metaphysicsofcausation')",metaphysics of causation,metaphysics,-1,3,novice,v1,v1,"{""model"": null, ""temperature"": null, ""date"": ""2025-09-06T23:06:20.642082+00:00"", ""prompt_version"": ""v1"", ""persona"": ""novice""}"
"('metaphysics', 'metaphysicsofcausation')",metaphysics of causation,metaphysics,-1,3,course_taker,v1,v1,"{""model"": null, ""temperature"": null, ""date"": ""2025-09-06T23:06:20.642115+00:00"", ""prompt_version"": ""v1"", ""persona"": ""course_taker""}"
"('metaphysics', 'metaphysicsofcausation')",metaphysics of causation,metaphysics,-1,3,phd,v1,v1,"{""model"": null, ""temperature"": null, ""date"": ""2025-09-06T23:06:20.642148+00:00"", ""prompt_version"": ""v1"", ""persona"": ""phd""}"
"('metaphysics', 'metaphysicsofcausation')",metaphysics of causation,metaphysics,-1,3,expert,v1,v1,"{""model"": null, ""temperature"": null, ""date"": ""2025-09-06T23:06:20.642180+00:00"", ""prompt_version"": ""v1"", ""persona"": ""expert""}"
"('activationvalue', 'artificialintelligence')",activation value,artificial intelligence,-1,3,novice,v1,v1,"{""model"": null, ""temperature"": null, ""date"": ""2025-09-06T23:06:20.642237+00:00"", ""prompt_version"": ""v1"", ""persona"": ""novice""}"
"('activationvalue', 'artificialintelligence')",activation value,artificial intelligence,-1,3,course_taker,v1,v1,"{""model"": null, ""temperature"": null, ""date"": ""2025-09-06T23:06:20.642270+00:00"", ""prompt_version"": ""v1"", ""persona"": ""course_taker""}"
"('activationvalue', 'artificialintelligence')",activation value,artificial intelligence,-1,3,phd,v1,v1,"{""model"": null, ""temperature"": null, ""date"": ""2025-09-06T23:06:20.642303+00:00"", ""prompt_version"": ""v1"", ""persona"": ""phd""}"
"('activationvalue', 'artificialintelligence')",activation value,artificial intelligence,-1,3,expert,v1,v1,"{""model"": null, ""temperature"": null, ""date"": ""2025-09-06T23:06:20.642335+00:00"", ""prompt_version"": ""v1"", ""persona"": ""expert""}"
"('developmentalbiology', 'trait')",trait,developmental biology,-1,3,novice,v1,v1,"{""model"": null, ""temperature"": null, ""date"": ""2025-09-06T23:06:20.642392+00:00"", ""prompt_version"": ""v1"", ""persona"": ""novice""}"
"('developmentalbiology', 'trait')",trait,developmental biology,-1,3,course_taker,v1,v1,"{""model"": null, ""temperature"": null, ""date"": ""2025-09-06T23:06:20.642425+00:00"", ""prompt_version"": ""v1"", ""persona"": ""course_taker""}"
"('developmentalbiology', 'trait')",trait,developmental biology,-1,3,phd,v1,v1,"{""model"": null, ""temperature"": null, ""date"": ""2025-09-06T23:06:20.642458+00:00"", ""prompt_version"": ""v1"", ""persona"": ""phd""}"
"('developmentalbiology', 'trait')",trait,developmental biology,-1,3,expert,v1,v1,"{""model"": null, ""temperature"": null, ""date"": ""2025-09-06T23:06:20.642490+00:00"", ""prompt_version"": ""v1"", ""persona"": ""expert""}"
"('bioethics', 'doctrineofdoubleeffect')",doctrine of double effect,bioethics,-1,3,novice,v1,v1,"{""model"": null, ""temperature"": null, ""date"": ""2025-09-06T23:06:20.642547+00:00"", ""prompt_version"": ""v1"", ""persona"": ""novice""}"
"('bioethics', 'doctrineofdoubleeffect')",doctrine of double effect,bioethics,-1,3,course_taker,v1,v1,"{""model"": null, ""temperature"": null, ""date"": ""2025-09-06T23:06:20.642580+00:00"", ""prompt_version"": ""v1"", ""persona"": ""course_taker""}"
"('bioethics', 'doctrineofdoubleeffect')",doctrine of double effect,bioethics,-1,3,phd,v1,v1,"{""model"": null, ""temperature"": null, ""date"": ""2025-09-06T23:06:20.642613+00:00"", ""prompt_version"": ""v1"", ""persona"": ""phd""}"
"('bioethics', 'doctrineofdoubleeffect')",doctrine of double effect,bioethics,-1,3,expert,v1,v1,"{""model"": null, ""temperature"": null, ""date"": ""2025-09-06T23:06:20.642645+00:00"", ""prompt_version"": ""v1"", ""persona"": ""expert""}"
"('philosophyofchemistry', 'philosophyofphysics')",philosophy of chemistry,philosophy of physics,-1,3,novice,v1,v1,"{""model"": null, ""temperature"": null, ""date"": ""2025-09-06T23:06:20.642709+00:00"", ""prompt_version"": ""v1"", ""persona"": ""novice""}"
"('philosophyofchemistry', 'philosophyofphysics')",philosophy of chemistry,philosophy of physics,-1,3,course_taker,v1,v1,"{""model"": null, ""temperature"": null, ""date"": ""2025-09-06T23:06:20.642742+00:00"", ""prompt_version"": ""v1"", ""persona"": ""course_taker""}"
"('philosophyofchemistry', 'philosophyofphysics')",philosophy of chemistry,philosophy of physics,-1,3,phd,v1,v1,"{""model"": null, ""temperature"": null, ""date"": ""2025-09-06T23:06:20.642776+00:00"", ""prompt_version"": ""v1"", ""persona"": ""phd""}"
"('philosophyofchemistry', 'philosophyofphysics')",philosophy of chemistry,philosophy of physics,-1,3,expert,v1,v1,"{""model"": null, ""temperature"": null, ""date"": ""2025-09-06T23:06:20.642808+00:00"", ""prompt_version"": ""v1"", ""persona"": ""expert""}"
"('metaphysics', 'platosmiddleperiodmetaphysicsandepistemology')",plato's middle period metaphysics and epistemology,metaphysics,-1,3,novice,v1,v1,"{""model"": null, ""temperature"": null, ""date"": ""2025-09-06T23:06:20.642866+00:00"", ""prompt_version"": ""v1"", ""persona"": ""novice""}"
"('metaphysics', 'platosmiddleperiodmetaphysicsandepistemology')",plato's middle period metaphysics and epistemology,metaphysics,-1,3,course_taker,v1,v1,"{""model"": null, ""temperature"": null, ""date"": ""2025-09-06T23:06:20.642899+00:00"", ""prompt_version"": ""v1"", ""persona"": ""course_taker""}"
"('metaphysics', 'platosmiddleperiodmetaphysicsandepistemology')",plato's middle period metaphysics and epistemology,metaphysics,-1,3,phd,v1,v1,"{""model"": null, ""temperature"": null, ""date"": ""2025-09-06T23:06:20.642933+00:00"", ""prompt_version"": ""v1"", ""persona"": ""phd""}"
"('metaphysics', 'platosmiddleperiodmetaphysicsandepistemology')",plato's middle period metaphysics and epistemology,metaphysics,-1,3,expert,v1,v1,"{""model"": null, ""temperature"": null, ""date"": ""2025-09-06T23:06:20.642967+00:00"", ""prompt_version"": ""v1"", ""persona"": ""expert""}"
"('statisticalmechanicsandthermodynamics', 'thermodynamicasymmetryintime')",thermodynamic asymmetry in time,statistical mechanics and thermodynamics,-1,3,novice,v1,v1,"{""model"": null, ""temperature"": null, ""date"": ""2025-09-06T23:06:20.643026+00:00"", ""prompt_version"": ""v1"", ""persona"": ""novice""}"
"('statisticalmechanicsandthermodynamics', 'thermodynamicasymmetryintime')",thermodynamic asymmetry in time,statistical mechanics and thermodynamics,-1,3,course_taker,v1,v1,"{""model"": null, ""temperature"": null, ""date"": ""2025-09-06T23:06:20.643060+00:00"", ""prompt_version"": ""v1"", ""persona"": ""course_taker""}"
"('statisticalmechanicsandthermodynamics', 'thermodynamicasymmetryintime')",thermodynamic asymmetry in time,statistical mechanics and thermodynamics,-1,3,phd,v1,v1,"{""model"": null, ""temperature"": null, ""date"": ""2025-09-06T23:06:20.643094+00:00"", ""prompt_version"": ""v1"", ""persona"": ""phd""}"
"('statisticalmechanicsandthermodynamics', 'thermodynamicasymmetryintime')",thermodynamic asymmetry in time,statistical mechanics and thermodynamics,-1,3,expert,v1,v1,"{""model"": null, ""temperature"": null, ""date"": ""2025-09-06T23:06:20.643136+00:00"", ""prompt_version"": ""v1"", ""persona"": ""expert""}"
"('interpretation', 'quantummechanics')",interpretation,quantum mechanics,-1,3,novice,v1,v1,"{""model"": null, ""temperature"": null, ""date"": ""2025-09-06T23:06:20.643194+00:00"", ""prompt_version"": ""v1"", ""persona"": ""novice""}"
"('interpretation', 'quantummechanics')",interpretation,quantum mechanics,-1,3,course_taker,v1,v1,"{""model"": null, ""temperature"": null, ""date"": ""2025-09-06T23:06:20.643227+00:00"", ""prompt_version"": ""v1"", ""persona"": ""course_taker""}"
"('interpretation', 'quantummechanics')",interpretation,quantum mechanics,-1,3,phd,v1,v1,"{""model"": null, ""temperature"": null, ""date"": ""2025-09-06T23:06:20.643260+00:00"", ""prompt_version"": ""v1"", ""persona"": ""phd""}"
"('interpretation', 'quantummechanics')",interpretation,quantum mechanics,-1,3,expert,v1,v1,"{""model"": null, ""temperature"": null, ""date"": ""2025-09-06T23:06:20.643292+00:00"", ""prompt_version"": ""v1"", ""persona"": ""expert""}"
"('approachestofeministphilosophy', 'continentalphilosophy')",approaches to feminist philosophy,continental philosophy,-1,3,novice,v1,v1,"{""model"": null, ""temperature"": null, ""date"": ""2025-09-06T23:06:20.643350+00:00"", ""prompt_version"": ""v1"", ""persona"": ""novice""}"
"('approachestofeministphilosophy', 'continentalphilosophy')",approaches to feminist philosophy,continental philosophy,-1,3,course_taker,v1,v1,"{""model"": null, ""temperature"": null, ""date"": ""2025-09-06T23:06:20.643383+00:00"", ""prompt_version"": ""v1"", ""persona"": ""course_taker""}"
"('approachestofeministphilosophy', 'continentalphilosophy')",approaches to feminist philosophy,continental philosophy,-1,3,phd,v1,v1,"{""model"": null, ""temperature"": null, ""date"": ""2025-09-06T23:06:20.643417+00:00"", ""prompt_version"": ""v1"", ""persona"": ""phd""}"
"('approachestofeministphilosophy', 'continentalphilosophy')",approaches to feminist philosophy,continental philosophy,-1,3,expert,v1,v1,"{""model"": null, ""temperature"": null, ""date"": ""2025-09-06T23:06:20.643449+00:00"", ""prompt_version"": ""v1"", ""persona"": ""expert""}"
"('life', 'philosophyofreligion')",life,philosophy of religion,-1,3,novice,v1,v1,"{""model"": null, ""temperature"": null, ""date"": ""2025-09-06T23:06:20.643507+00:00"", ""prompt_version"": ""v1"", ""persona"": ""novice""}"
"('life', 'philosophyofreligion')",life,philosophy of religion,-1,3,course_taker,v1,v1,"{""model"": null, ""temperature"": null, ""date"": ""2025-09-06T23:06:20.643540+00:00"", ""prompt_version"": ""v1"", ""persona"": ""course_taker""}"
"('life', 'philosophyofreligion')",life,philosophy of religion,-1,3,phd,v1,v1,"{""model"": null, ""temperature"": null, ""date"": ""2025-09-06T23:06:20.643573+00:00"", ""prompt_version"": ""v1"", ""persona"": ""phd""}"
"('life', 'philosophyofreligion')",life,philosophy of religion,-1,3,expert,v1,v1,"{""model"": null, ""temperature"": null, ""date"": ""2025-09-06T23:06:20.643605+00:00"", ""prompt_version"": ""v1"", ""persona"": ""expert""}"
"('contentsofperception', 'mentalcontent')",contents of perception,mental content,-1,3,novice,v1,v1,"{""model"": null, ""temperature"": null, ""date"": ""2025-09-06T23:06:20.643662+00:00"", ""prompt_version"": ""v1"", ""persona"": ""novice""}"
"('contentsofperception', 'mentalcontent')",contents of perception,mental content,-1,3,course_taker,v1,v1,"{""model"": null, ""temperature"": null, ""date"": ""2025-09-06T23:06:20.643695+00:00"", ""prompt_version"": ""v1"", ""persona"": ""course_taker""}"
"('contentsofperception', 'mentalcontent')",contents of perception,mental content,-1,3,phd,v1,v1,"{""model"": null, ""temperature"": null, ""date"": ""2025-09-06T23:06:20.643728+00:00"", ""prompt_version"": ""v1"", ""persona"": ""phd""}"
"('contentsofperception', 'mentalcontent')",contents of perception,mental content,-1,3,expert,v1,v1,"{""model"": null, ""temperature"": null, ""date"": ""2025-09-06T23:06:20.643760+00:00"", ""prompt_version"": ""v1"", ""persona"": ""expert""}"
"('mentalrepresentation', 'perception')",mental representation,perception,-1,3,novice,v1,v1,"{""model"": null, ""temperature"": null, ""date"": ""2025-09-06T23:06:20.643818+00:00"", ""prompt_version"": ""v1"", ""persona"": ""novice""}"
"('mentalrepresentation', 'perception')",mental representation,perception,-1,3,course_taker,v1,v1,"{""model"": null, ""temperature"": null, ""date"": ""2025-09-06T23:06:20.643851+00:00"", ""prompt_version"": ""v1"", ""persona"": ""course_taker""}"
"('mentalrepresentation', 'perception')",mental representation,perception,-1,3,phd,v1,v1,"{""model"": null, ""temperature"": null, ""date"": ""2025-09-06T23:06:20.643883+00:00"", ""prompt_version"": ""v1"", ""persona"": ""phd""}"
"('mentalrepresentation', 'perception')",mental representation,perception,-1,3,expert,v1,v1,"{""model"": null, ""temperature"": null, ""date"": ""2025-09-06T23:06:20.643916+00:00"", ""prompt_version"": ""v1"", ""persona"": ""expert""}"
"('goodnessandvaluetheory', 'metaphysics')",goodness and value theory,metaphysics,-1,3,novice,v1,v1,"{""model"": null, ""temperature"": null, ""date"": ""2025-09-06T23:06:20.643973+00:00"", ""prompt_version"": ""v1"", ""persona"": ""novice""}"
"('goodnessandvaluetheory', 'metaphysics')",goodness and value theory,metaphysics,-1,3,course_taker,v1,v1,"{""model"": null, ""temperature"": null, ""date"": ""2025-09-06T23:06:20.644006+00:00"", ""prompt_version"": ""v1"", ""persona"": ""course_taker""}"
"('goodnessandvaluetheory', 'metaphysics')",goodness and value theory,metaphysics,-1,3,phd,v1,v1,"{""model"": null, ""temperature"": null, ""date"": ""2025-09-06T23:06:20.644039+00:00"", ""prompt_version"": ""v1"", ""persona"": ""phd""}"
"('goodnessandvaluetheory', 'metaphysics')",goodness and value theory,metaphysics,-1,3,expert,v1,v1,"{""model"": null, ""temperature"": null, ""date"": ""2025-09-06T23:06:20.644071+00:00"", ""prompt_version"": ""v1"", ""persona"": ""expert""}"
"('intentionality', 'philosophyofmind')",intentionality,philosophy of mind,-1,3,novice,v1,v1,"{""model"": null, ""temperature"": null, ""date"": ""2025-09-06T23:06:20.644128+00:00"", ""prompt_version"": ""v1"", ""persona"": ""novice""}"
"('intentionality', 'philosophyofmind')",intentionality,philosophy of mind,-1,3,course_taker,v1,v1,"{""model"": null, ""temperature"": null, ""date"": ""2025-09-06T23:06:20.644163+00:00"", ""prompt_version"": ""v1"", ""persona"": ""course_taker""}"
"('intentionality', 'philosophyofmind')",intentionality,philosophy of mind,-1,3,phd,v1,v1,"{""model"": null, ""temperature"": null, ""date"": ""2025-09-06T23:06:20.644196+00:00"", ""prompt_version"": ""v1"", ""persona"": ""phd""}"
"('intentionality', 'philosophyofmind')",intentionality,philosophy of mind,-1,3,expert,v1,v1,"{""model"": null, ""temperature"": null, ""date"": ""2025-09-06T23:06:20.644228+00:00"", ""prompt_version"": ""v1"", ""persona"": ""expert""}"
"('hardproblem', 'perception')",hard problem,perception,-1,3,novice,v1,v1,"{""model"": null, ""temperature"": null, ""date"": ""2025-09-06T23:06:20.644285+00:00"", ""prompt_version"": ""v1"", ""persona"": ""novice""}"
"('hardproblem', 'perception')",hard problem,perception,-1,3,course_taker,v1,v1,"{""model"": null, ""temperature"": null, ""date"": ""2025-09-06T23:06:20.644317+00:00"", ""prompt_version"": ""v1"", ""persona"": ""course_taker""}"
"('hardproblem', 'perception')",hard problem,perception,-1,3,phd,v1,v1,"{""model"": null, ""temperature"": null, ""date"": ""2025-09-06T23:06:20.644350+00:00"", ""prompt_version"": ""v1"", ""persona"": ""phd""}"
"('hardproblem', 'perception')",hard problem,perception,-1,3,expert,v1,v1,"{""model"": null, ""temperature"": null, ""date"": ""2025-09-06T23:06:20.644382+00:00"", ""prompt_version"": ""v1"", ""persona"": ""expert""}"
"('concepts', 'perception')",concepts,perception,-1,3,novice,v1,v1,"{""model"": null, ""temperature"": null, ""date"": ""2025-09-06T23:06:20.644438+00:00"", ""prompt_version"": ""v1"", ""persona"": ""novice""}"
"('concepts', 'perception')",concepts,perception,-1,3,course_taker,v1,v1,"{""model"": null, ""temperature"": null, ""date"": ""2025-09-06T23:06:20.644479+00:00"", ""prompt_version"": ""v1"", ""persona"": ""course_taker""}"
"('concepts', 'perception')",concepts,perception,-1,3,phd,v1,v1,"{""model"": null, ""temperature"": null, ""date"": ""2025-09-06T23:06:20.644512+00:00"", ""prompt_version"": ""v1"", ""persona"": ""phd""}"
"('concepts', 'perception')",concepts,perception,-1,3,expert,v1,v1,"{""model"": null, ""temperature"": null, ""date"": ""2025-09-06T23:06:20.644544+00:00"", ""prompt_version"": ""v1"", ""persona"": ""expert""}"
"('philosophyofmind', 'propernames')",proper names,philosophy of mind,-1,3,novice,v1,v1,"{""model"": null, ""temperature"": null, ""date"": ""2025-09-06T23:06:20.644600+00:00"", ""prompt_version"": ""v1"", ""persona"": ""novice""}"
"('philosophyofmind', 'propernames')",proper names,philosophy of mind,-1,3,course_taker,v1,v1,"{""model"": null, ""temperature"": null, ""date"": ""2025-09-06T23:06:20.644633+00:00"", ""prompt_version"": ""v1"", ""persona"": ""course_taker""}"
"('philosophyofmind', 'propernames')",proper names,philosophy of mind,-1,3,phd,v1,v1,"{""model"": null, ""temperature"": null, ""date"": ""2025-09-06T23:06:20.644666+00:00"", ""prompt_version"": ""v1"", ""persona"": ""phd""}"
"('philosophyofmind', 'propernames')",proper names,philosophy of mind,-1,3,expert,v1,v1,"{""model"": null, ""temperature"": null, ""date"": ""2025-09-06T23:06:20.644724+00:00"", ""prompt_version"": ""v1"", ""persona"": ""expert""}"
"('folkpsychology', 'philosophyofscienceandthesciences')",folk psychology,philosophy of science and the sciences,-1,3,novice,v1,v1,"{""model"": null, ""temperature"": null, ""date"": ""2025-09-06T23:06:20.644781+00:00"", ""prompt_version"": ""v1"", ""persona"": ""novice""}"
"('folkpsychology', 'philosophyofscienceandthesciences')",folk psychology,philosophy of science and the sciences,-1,3,course_taker,v1,v1,"{""model"": null, ""temperature"": null, ""date"": ""2025-09-06T23:06:20.644815+00:00"", ""prompt_version"": ""v1"", ""persona"": ""course_taker""}"
"('folkpsychology', 'philosophyofscienceandthesciences')",folk psychology,philosophy of science and the sciences,-1,3,phd,v1,v1,"{""model"": null, ""temperature"": null, ""date"": ""2025-09-06T23:06:20.644848+00:00"", ""prompt_version"": ""v1"", ""persona"": ""phd""}"
"('folkpsychology', 'philosophyofscienceandthesciences')",folk psychology,philosophy of science and the sciences,-1,3,expert,v1,v1,"{""model"": null, ""temperature"": null, ""date"": ""2025-09-06T23:06:20.644882+00:00"", ""prompt_version"": ""v1"", ""persona"": ""expert""}"
"('computationandrepresentation', 'philosophyofmind')",computation and representation,philosophy of mind,-1,3,novice,v1,v1,"{""model"": null, ""temperature"": null, ""date"": ""2025-09-06T23:06:20.644939+00:00"", ""prompt_version"": ""v1"", ""persona"": ""novice""}"
"('computationandrepresentation', 'philosophyofmind')",computation and representation,philosophy of mind,-1,3,course_taker,v1,v1,"{""model"": null, ""temperature"": null, ""date"": ""2025-09-06T23:06:20.644972+00:00"", ""prompt_version"": ""v1"", ""persona"": ""course_taker""}"
"('computationandrepresentation', 'philosophyofmind')",computation and representation,philosophy of mind,-1,3,phd,v1,v1,"{""model"": null, ""temperature"": null, ""date"": ""2025-09-06T23:06:20.645005+00:00"", ""prompt_version"": ""v1"", ""persona"": ""phd""}"
"('computationandrepresentation', 'philosophyofmind')",computation and representation,philosophy of mind,-1,3,expert,v1,v1,"{""model"": null, ""temperature"": null, ""date"": ""2025-09-06T23:06:20.645039+00:00"", ""prompt_version"": ""v1"", ""persona"": ""expert""}"
"('mentalrepresentation', 'philosophyofmind')",mental representation,philosophy of mind,-1,3,novice,v1,v1,"{""model"": null, ""temperature"": null, ""date"": ""2025-09-06T23:06:20.645096+00:00"", ""prompt_version"": ""v1"", ""persona"": ""novice""}"
"('mentalrepresentation', 'philosophyofmind')",mental representation,philosophy of mind,-1,3,course_taker,v1,v1,"{""model"": null, ""temperature"": null, ""date"": ""2025-09-06T23:06:20.645129+00:00"", ""prompt_version"": ""v1"", ""persona"": ""course_taker""}"
"('mentalrepresentation', 'philosophyofmind')",mental representation,philosophy of mind,-1,3,phd,v1,v1,"{""model"": null, ""temperature"": null, ""date"": ""2025-09-06T23:06:20.645162+00:00"", ""prompt_version"": ""v1"", ""persona"": ""phd""}"
"('mentalrepresentation', 'philosophyofmind')",mental representation,philosophy of mind,-1,3,expert,v1,v1,"{""model"": null, ""temperature"": null, ""date"": ""2025-09-06T23:06:20.645194+00:00"", ""prompt_version"": ""v1"", ""persona"": ""expert""}"
"('metaphysics', 'processphilosophy')",process philosophy,metaphysics,-1,3,novice,v1,v1,"{""model"": null, ""temperature"": null, ""date"": ""2025-09-06T23:06:20.645252+00:00"", ""prompt_version"": ""v1"", ""persona"": ""novice""}"
"('metaphysics', 'processphilosophy')",process philosophy,metaphysics,-1,3,course_taker,v1,v1,"{""model"": null, ""temperature"": null, ""date"": ""2025-09-06T23:06:20.645284+00:00"", ""prompt_version"": ""v1"", ""persona"": ""course_taker""}"
"('metaphysics', 'processphilosophy')",process philosophy,metaphysics,-1,3,phd,v1,v1,"{""model"": null, ""temperature"": null, ""date"": ""2025-09-06T23:06:20.645317+00:00"", ""prompt_version"": ""v1"", ""persona"": ""phd""}"
"('metaphysics', 'processphilosophy')",process philosophy,metaphysics,-1,3,expert,v1,v1,"{""model"": null, ""temperature"": null, ""date"": ""2025-09-06T23:06:20.645349+00:00"", ""prompt_version"": ""v1"", ""persona"": ""expert""}"
"('metaphysics', 'philosophyofmathematics')",philosophy of mathematics,metaphysics,-1,3,novice,v1,v1,"{""model"": null, ""temperature"": null, ""date"": ""2025-09-06T23:06:20.645406+00:00"", ""prompt_version"": ""v1"", ""persona"": ""novice""}"
"('metaphysics', 'philosophyofmathematics')",philosophy of mathematics,metaphysics,-1,3,course_taker,v1,v1,"{""model"": null, ""temperature"": null, ""date"": ""2025-09-06T23:06:20.645440+00:00"", ""prompt_version"": ""v1"", ""persona"": ""course_taker""}"
"('metaphysics', 'philosophyofmathematics')",philosophy of mathematics,metaphysics,-1,3,phd,v1,v1,"{""model"": null, ""temperature"": null, ""date"": ""2025-09-06T23:06:20.645474+00:00"", ""prompt_version"": ""v1"", ""persona"": ""phd""}"
"('metaphysics', 'philosophyofmathematics')",philosophy of mathematics,metaphysics,-1,3,expert,v1,v1,"{""model"": null, ""temperature"": null, ""date"": ""2025-09-06T23:06:20.645507+00:00"", ""prompt_version"": ""v1"", ""persona"": ""expert""}"
"('epistemology', 'epistemologyofreligion')",epistemology of religion,epistemology,-1,3,novice,v1,v1,"{""model"": null, ""temperature"": null, ""date"": ""2025-09-06T23:06:20.645564+00:00"", ""prompt_version"": ""v1"", ""persona"": ""novice""}"
"('epistemology', 'epistemologyofreligion')",epistemology of religion,epistemology,-1,3,course_taker,v1,v1,"{""model"": null, ""temperature"": null, ""date"": ""2025-09-06T23:06:20.645598+00:00"", ""prompt_version"": ""v1"", ""persona"": ""course_taker""}"
"('epistemology', 'epistemologyofreligion')",epistemology of religion,epistemology,-1,3,phd,v1,v1,"{""model"": null, ""temperature"": null, ""date"": ""2025-09-06T23:06:20.645631+00:00"", ""prompt_version"": ""v1"", ""persona"": ""phd""}"
"('epistemology', 'epistemologyofreligion')",epistemology of religion,epistemology,-1,3,expert,v1,v1,"{""model"": null, ""temperature"": null, ""date"": ""2025-09-06T23:06:20.645664+00:00"", ""prompt_version"": ""v1"", ""persona"": ""expert""}"
"('ancientphilosophyaristotle', 'metaphysics')",ancient philosophy (aristotle),metaphysics,-1,3,novice,v1,v1,"{""model"": null, ""temperature"": null, ""date"": ""2025-09-06T23:06:20.645721+00:00"", ""prompt_version"": ""v1"", ""persona"": ""novice""}"
"('ancientphilosophyaristotle', 'metaphysics')",ancient philosophy (aristotle),metaphysics,-1,3,course_taker,v1,v1,"{""model"": null, ""temperature"": null, ""date"": ""2025-09-06T23:06:20.645754+00:00"", ""prompt_version"": ""v1"", ""persona"": ""course_taker""}"
"('ancientphilosophyaristotle', 'metaphysics')",ancient philosophy (aristotle),metaphysics,-1,3,phd,v1,v1,"{""model"": null, ""temperature"": null, ""date"": ""2025-09-06T23:06:20.645795+00:00"", ""prompt_version"": ""v1"", ""persona"": ""phd""}"
"('ancientphilosophyaristotle', 'metaphysics')",ancient philosophy (aristotle),metaphysics,-1,3,expert,v1,v1,"{""model"": null, ""temperature"": null, ""date"": ""2025-09-06T23:06:20.645829+00:00"", ""prompt_version"": ""v1"", ""persona"": ""expert""}"
"('philosophyofchemistry', 'philosophyofmind')",philosophy of chemistry,philosophy of mind,-1,3,novice,v1,v1,"{""model"": null, ""temperature"": null, ""date"": ""2025-09-06T23:06:20.645887+00:00"", ""prompt_version"": ""v1"", ""persona"": ""novice""}"
"('philosophyofchemistry', 'philosophyofmind')",philosophy of chemistry,philosophy of mind,-1,3,course_taker,v1,v1,"{""model"": null, ""temperature"": null, ""date"": ""2025-09-06T23:06:20.645920+00:00"", ""prompt_version"": ""v1"", ""persona"": ""course_taker""}"
"('philosophyofchemistry', 'philosophyofmind')",philosophy of chemistry,philosophy of mind,-1,3,phd,v1,v1,"{""model"": null, ""temperature"": null, ""date"": ""2025-09-06T23:06:20.645953+00:00"", ""prompt_version"": ""v1"", ""persona"": ""phd""}"
"('philosophyofchemistry', 'philosophyofmind')",philosophy of chemistry,philosophy of mind,-1,3,expert,v1,v1,"{""model"": null, ""temperature"": null, ""date"": ""2025-09-06T23:06:20.645987+00:00"", ""prompt_version"": ""v1"", ""persona"": ""expert""}"
"('abstractobject', 'philosophyofmind')",abstract object,philosophy of mind,-1,3,novice,v1,v1,"{""model"": null, ""temperature"": null, ""date"": ""2025-09-06T23:06:20.646044+00:00"", ""prompt_version"": ""v1"", ""persona"": ""novice""}"
"('abstractobject', 'philosophyofmind')",abstract object,philosophy of mind,-1,3,course_taker,v1,v1,"{""model"": null, ""temperature"": null, ""date"": ""2025-09-06T23:06:20.646077+00:00"", ""prompt_version"": ""v1"", ""persona"": ""course_taker""}"
"('abstractobject', 'philosophyofmind')",abstract object,philosophy of mind,-1,3,phd,v1,v1,"{""model"": null, ""temperature"": null, ""date"": ""2025-09-06T23:06:20.646109+00:00"", ""prompt_version"": ""v1"", ""persona"": ""phd""}"
"('abstractobject', 'philosophyofmind')",abstract object,philosophy of mind,-1,3,expert,v1,v1,"{""model"": null, ""temperature"": null, ""date"": ""2025-09-06T23:06:20.646142+00:00"", ""prompt_version"": ""v1"", ""persona"": ""expert""}"
"('japanesephilosophy', 'japanesezenbuddhistphilosophy')",japanese zen buddhist philosophy,japanese philosophy,-1,3,novice,v1,v1,"{""model"": null, ""temperature"": null, ""date"": ""2025-09-06T23:06:20.646200+00:00"", ""prompt_version"": ""v1"", ""persona"": ""novice""}"
"('japanesephilosophy', 'japanesezenbuddhistphilosophy')",japanese zen buddhist philosophy,japanese philosophy,-1,3,course_taker,v1,v1,"{""model"": null, ""temperature"": null, ""date"": ""2025-09-06T23:06:20.646233+00:00"", ""prompt_version"": ""v1"", ""persona"": ""course_taker""}"
"('japanesephilosophy', 'japanesezenbuddhistphilosophy')",japanese zen buddhist philosophy,japanese philosophy,-1,3,phd,v1,v1,"{""model"": null, ""temperature"": null, ""date"": ""2025-09-06T23:06:20.646267+00:00"", ""prompt_version"": ""v1"", ""persona"": ""phd""}"
"('japanesephilosophy', 'japanesezenbuddhistphilosophy')",japanese zen buddhist philosophy,japanese philosophy,-1,3,expert,v1,v1,"{""model"": null, ""temperature"": null, ""date"": ""2025-09-06T23:06:20.646300+00:00"", ""prompt_version"": ""v1"", ""persona"": ""expert""}"
"('perception', 'philosophyofpsychology')",philosophy of psychology,perception,-1,3,novice,v1,v1,"{""model"": null, ""temperature"": null, ""date"": ""2025-09-06T23:06:20.646362+00:00"", ""prompt_version"": ""v1"", ""persona"": ""novice""}"
"('perception', 'philosophyofpsychology')",philosophy of psychology,perception,-1,3,course_taker,v1,v1,"{""model"": null, ""temperature"": null, ""date"": ""2025-09-06T23:06:20.646395+00:00"", ""prompt_version"": ""v1"", ""persona"": ""course_taker""}"
"('perception', 'philosophyofpsychology')",philosophy of psychology,perception,-1,3,phd,v1,v1,"{""model"": null, ""temperature"": null, ""date"": ""2025-09-06T23:06:20.646428+00:00"", ""prompt_version"": ""v1"", ""persona"": ""phd""}"
"('perception', 'philosophyofpsychology')",philosophy of psychology,perception,-1,3,expert,v1,v1,"{""model"": null, ""temperature"": null, ""date"": ""2025-09-06T23:06:20.646460+00:00"", ""prompt_version"": ""v1"", ""persona"": ""expert""}"
"('epistemology', 'feministphilosophy')",feminist philosophy,epistemology,-1,3,novice,v1,v1,"{""model"": null, ""temperature"": null, ""date"": ""2025-09-06T23:06:20.646517+00:00"", ""prompt_version"": ""v1"", ""persona"": ""novice""}"
"('epistemology', 'feministphilosophy')",feminist philosophy,epistemology,-1,3,course_taker,v1,v1,"{""model"": null, ""temperature"": null, ""date"": ""2025-09-06T23:06:20.646550+00:00"", ""prompt_version"": ""v1"", ""persona"": ""course_taker""}"
"('epistemology', 'feministphilosophy')",feminist philosophy,epistemology,-1,3,phd,v1,v1,"{""model"": null, ""temperature"": null, ""date"": ""2025-09-06T23:06:20.646583+00:00"", ""prompt_version"": ""v1"", ""persona"": ""phd""}"
"('epistemology', 'feministphilosophy')",feminist philosophy,epistemology,-1,3,expert,v1,v1,"{""model"": null, ""temperature"": null, ""date"": ""2025-09-06T23:06:20.646616+00:00"", ""prompt_version"": ""v1"", ""persona"": ""expert""}"
"('aristotleoncausality', 'metaphysics')",aristotle on causality,metaphysics,-1,3,novice,v1,v1,"{""model"": null, ""temperature"": null, ""date"": ""2025-09-06T23:06:20.646673+00:00"", ""prompt_version"": ""v1"", ""persona"": ""novice""}"
"('aristotleoncausality', 'metaphysics')",aristotle on causality,metaphysics,-1,3,course_taker,v1,v1,"{""model"": null, ""temperature"": null, ""date"": ""2025-09-06T23:06:20.646705+00:00"", ""prompt_version"": ""v1"", ""persona"": ""course_taker""}"
"('aristotleoncausality', 'metaphysics')",aristotle on causality,metaphysics,-1,3,phd,v1,v1,"{""model"": null, ""temperature"": null, ""date"": ""2025-09-06T23:06:20.646738+00:00"", ""prompt_version"": ""v1"", ""persona"": ""phd""}"
"('aristotleoncausality', 'metaphysics')",aristotle on causality,metaphysics,-1,3,expert,v1,v1,"{""model"": null, ""temperature"": null, ""date"": ""2025-09-06T23:06:20.646771+00:00"", ""prompt_version"": ""v1"", ""persona"": ""expert""}"
"('historyoflogic', 'inductivelogic')",inductive logic,history of logic,-1,3,novice,v1,v1,"{""model"": null, ""temperature"": null, ""date"": ""2025-09-06T23:06:20.646828+00:00"", ""prompt_version"": ""v1"", ""persona"": ""novice""}"
"('historyoflogic', 'inductivelogic')",inductive logic,history of logic,-1,3,course_taker,v1,v1,"{""model"": null, ""temperature"": null, ""date"": ""2025-09-06T23:06:20.646860+00:00"", ""prompt_version"": ""v1"", ""persona"": ""course_taker""}"
"('historyoflogic', 'inductivelogic')",inductive logic,history of logic,-1,3,phd,v1,v1,"{""model"": null, ""temperature"": null, ""date"": ""2025-09-06T23:06:20.646893+00:00"", ""prompt_version"": ""v1"", ""persona"": ""phd""}"
"('historyoflogic', 'inductivelogic')",inductive logic,history of logic,-1,3,expert,v1,v1,"{""model"": null, ""temperature"": null, ""date"": ""2025-09-06T23:06:20.646926+00:00"", ""prompt_version"": ""v1"", ""persona"": ""expert""}"
"('philosophyofmind', 'psychiatry')",psychiatry,philosophy of mind,-1,3,novice,v1,v1,"{""model"": null, ""temperature"": null, ""date"": ""2025-09-06T23:06:20.646983+00:00"", ""prompt_version"": ""v1"", ""persona"": ""novice""}"
"('philosophyofmind', 'psychiatry')",psychiatry,philosophy of mind,-1,3,course_taker,v1,v1,"{""model"": null, ""temperature"": null, ""date"": ""2025-09-06T23:06:20.647016+00:00"", ""prompt_version"": ""v1"", ""persona"": ""course_taker""}"
"('philosophyofmind', 'psychiatry')",psychiatry,philosophy of mind,-1,3,phd,v1,v1,"{""model"": null, ""temperature"": null, ""date"": ""2025-09-06T23:06:20.647048+00:00"", ""prompt_version"": ""v1"", ""persona"": ""phd""}"
"('philosophyofmind', 'psychiatry')",psychiatry,philosophy of mind,-1,3,expert,v1,v1,"{""model"": null, ""temperature"": null, ""date"": ""2025-09-06T23:06:20.647081+00:00"", ""prompt_version"": ""v1"", ""persona"": ""expert""}"
"('epistemologicalproblemsofmemory', 'philosophyofmind')",epistemological problems of memory,philosophy of mind,-1,3,novice,v1,v1,"{""model"": null, ""temperature"": null, ""date"": ""2025-09-06T23:06:20.647150+00:00"", ""prompt_version"": ""v1"", ""persona"": ""novice""}"
"('epistemologicalproblemsofmemory', 'philosophyofmind')",epistemological problems of memory,philosophy of mind,-1,3,course_taker,v1,v1,"{""model"": null, ""temperature"": null, ""date"": ""2025-09-06T23:06:20.647183+00:00"", ""prompt_version"": ""v1"", ""persona"": ""course_taker""}"
"('epistemologicalproblemsofmemory', 'philosophyofmind')",epistemological problems of memory,philosophy of mind,-1,3,phd,v1,v1,"{""model"": null, ""temperature"": null, ""date"": ""2025-09-06T23:06:20.647216+00:00"", ""prompt_version"": ""v1"", ""persona"": ""phd""}"
"('epistemologicalproblemsofmemory', 'philosophyofmind')",epistemological problems of memory,philosophy of mind,-1,3,expert,v1,v1,"{""model"": null, ""temperature"": null, ""date"": ""2025-09-06T23:06:20.647250+00:00"", ""prompt_version"": ""v1"", ""persona"": ""expert""}"
"('medievalpoliticalphilosophy', 'philosophyofreligion')",medieval political philosophy,philosophy of religion,-1,3,novice,v1,v1,"{""model"": null, ""temperature"": null, ""date"": ""2025-09-06T23:06:20.647308+00:00"", ""prompt_version"": ""v1"", ""persona"": ""novice""}"
"('medievalpoliticalphilosophy', 'philosophyofreligion')",medieval political philosophy,philosophy of religion,-1,3,course_taker,v1,v1,"{""model"": null, ""temperature"": null, ""date"": ""2025-09-06T23:06:20.647341+00:00"", ""prompt_version"": ""v1"", ""persona"": ""course_taker""}"
"('medievalpoliticalphilosophy', 'philosophyofreligion')",medieval political philosophy,philosophy of religion,-1,3,phd,v1,v1,"{""model"": null, ""temperature"": null, ""date"": ""2025-09-06T23:06:20.647375+00:00"", ""prompt_version"": ""v1"", ""persona"": ""phd""}"
"('medievalpoliticalphilosophy', 'philosophyofreligion')",medieval political philosophy,philosophy of religion,-1,3,expert,v1,v1,"{""model"": null, ""temperature"": null, ""date"": ""2025-09-06T23:06:20.647408+00:00"", ""prompt_version"": ""v1"", ""persona"": ""expert""}"
"('lawandlanguage', 'philosophyoflanguage')",law and language,philosophy of language,-1,3,novice,v1,v1,"{""model"": null, ""temperature"": null, ""date"": ""2025-09-06T23:06:20.647466+00:00"", ""prompt_version"": ""v1"", ""persona"": ""novice""}"
"('lawandlanguage', 'philosophyoflanguage')",law and language,philosophy of language,-1,3,course_taker,v1,v1,"{""model"": null, ""temperature"": null, ""date"": ""2025-09-06T23:06:20.647499+00:00"", ""prompt_version"": ""v1"", ""persona"": ""course_taker""}"
"('lawandlanguage', 'philosophyoflanguage')",law and language,philosophy of language,-1,3,phd,v1,v1,"{""model"": null, ""temperature"": null, ""date"": ""2025-09-06T23:06:20.647532+00:00"", ""prompt_version"": ""v1"", ""persona"": ""phd""}"
"('lawandlanguage', 'philosophyoflanguage')",law and language,philosophy of language,-1,3,expert,v1,v1,"{""model"": null, ""temperature"": null, ""date"": ""2025-09-06T23:06:20.647565+00:00"", ""prompt_version"": ""v1"", ""persona"": ""expert""}"
"('perception', 'problemofperception')",problem of perception,perception,-1,3,novice,v1,v1,"{""model"": null, ""temperature"": null, ""date"": ""2025-09-06T23:06:20.647621+00:00"", ""prompt_version"": ""v1"", ""persona"": ""novice""}"
"('perception', 'problemofperception')",problem of perception,perception,-1,3,course_taker,v1,v1,"{""model"": null, ""temperature"": null, ""date"": ""2025-09-06T23:06:20.647654+00:00"", ""prompt_version"": ""v1"", ""persona"": ""course_taker""}"
"('perception', 'problemofperception')",problem of perception,perception,-1,3,phd,v1,v1,"{""model"": null, ""temperature"": null, ""date"": ""2025-09-06T23:06:20.647686+00:00"", ""prompt_version"": ""v1"", ""persona"": ""phd""}"
"('perception', 'problemofperception')",problem of perception,perception,-1,3,expert,v1,v1,"{""model"": null, ""temperature"": null, ""date"": ""2025-09-06T23:06:20.647719+00:00"", ""prompt_version"": ""v1"", ""persona"": ""expert""}"
"('philosophyofbiology', 'philosophyofmind')",philosophy of biology,philosophy of mind,-1,3,novice,v1,v1,"{""model"": null, ""temperature"": null, ""date"": ""2025-09-06T23:06:20.647786+00:00"", ""prompt_version"": ""v1"", ""persona"": ""novice""}"
"('philosophyofbiology', 'philosophyofmind')",philosophy of biology,philosophy of mind,-1,3,course_taker,v1,v1,"{""model"": null, ""temperature"": null, ""date"": ""2025-09-06T23:06:20.647819+00:00"", ""prompt_version"": ""v1"", ""persona"": ""course_taker""}"
"('philosophyofbiology', 'philosophyofmind')",philosophy of biology,philosophy of mind,-1,3,phd,v1,v1,"{""model"": null, ""temperature"": null, ""date"": ""2025-09-06T23:06:20.647853+00:00"", ""prompt_version"": ""v1"", ""persona"": ""phd""}"
"('philosophyofbiology', 'philosophyofmind')",philosophy of biology,philosophy of mind,-1,3,expert,v1,v1,"{""model"": null, ""temperature"": null, ""date"": ""2025-09-06T23:06:20.647892+00:00"", ""prompt_version"": ""v1"", ""persona"": ""expert""}"
"('metaphysics', 'scottishphilosophyinthe19thcentury')",scottish philosophy in the 19th century,metaphysics,-1,3,novice,v1,v1,"{""model"": null, ""temperature"": null, ""date"": ""2025-09-06T23:06:20.647949+00:00"", ""prompt_version"": ""v1"", ""persona"": ""novice""}"
"('metaphysics', 'scottishphilosophyinthe19thcentury')",scottish philosophy in the 19th century,metaphysics,-1,3,course_taker,v1,v1,"{""model"": null, ""temperature"": null, ""date"": ""2025-09-06T23:06:20.647983+00:00"", ""prompt_version"": ""v1"", ""persona"": ""course_taker""}"
"('metaphysics', 'scottishphilosophyinthe19thcentury')",scottish philosophy in the 19th century,metaphysics,-1,3,phd,v1,v1,"{""model"": null, ""temperature"": null, ""date"": ""2025-09-06T23:06:20.648017+00:00"", ""prompt_version"": ""v1"", ""persona"": ""phd""}"
"('metaphysics', 'scottishphilosophyinthe19thcentury')",scottish philosophy in the 19th century,metaphysics,-1,3,expert,v1,v1,"{""model"": null, ""temperature"": null, ""date"": ""2025-09-06T23:06:20.648050+00:00"", ""prompt_version"": ""v1"", ""persona"": ""expert""}"
"('metaphysics', 'socialandpoliticalphilosophy')",social and political philosophy,metaphysics,-1,3,novice,v1,v1,"{""model"": null, ""temperature"": null, ""date"": ""2025-09-06T23:06:20.648125+00:00"", ""prompt_version"": ""v1"", ""persona"": ""novice""}"
"('metaphysics', 'socialandpoliticalphilosophy')",social and political philosophy,metaphysics,-1,3,course_taker,v1,v1,"{""model"": null, ""temperature"": null, ""date"": ""2025-09-06T23:06:20.648158+00:00"", ""prompt_version"": ""v1"", ""persona"": ""course_taker""}"
"('metaphysics', 'socialandpoliticalphilosophy')",social and political philosophy,metaphysics,-1,3,phd,v1,v1,"{""model"": null, ""temperature"": null, ""date"": ""2025-09-06T23:06:20.648192+00:00"", ""prompt_version"": ""v1"", ""persona"": ""phd""}"
"('metaphysics', 'socialandpoliticalphilosophy')",social and political philosophy,metaphysics,-1,3,expert,v1,v1,"{""model"": null, ""temperature"": null, ""date"": ""2025-09-06T23:06:20.648224+00:00"", ""prompt_version"": ""v1"", ""persona"": ""expert""}"
"('continentalphilosophy', 'intersectionsbetweenpragmatistandcontinentalfeminism')",intersections between pragmatist and continental feminism,continental philosophy,-1,3,novice,v1,v1,"{""model"": null, ""temperature"": null, ""date"": ""2025-09-06T23:06:20.648282+00:00"", ""prompt_version"": ""v1"", ""persona"": ""novice""}"
"('continentalphilosophy', 'intersectionsbetweenpragmatistandcontinentalfeminism')",intersections between pragmatist and continental feminism,continental philosophy,-1,3,course_taker,v1,v1,"{""model"": null, ""temperature"": null, ""date"": ""2025-09-06T23:06:20.648317+00:00"", ""prompt_version"": ""v1"", ""persona"": ""course_taker""}"
"('continentalphilosophy', 'intersectionsbetweenpragmatistandcontinentalfeminism')",intersections between pragmatist and continental feminism,continental philosophy,-1,3,phd,v1,v1,"{""model"": null, ""temperature"": null, ""date"": ""2025-09-06T23:06:20.648351+00:00"", ""prompt_version"": ""v1"", ""persona"": ""phd""}"
"('continentalphilosophy', 'intersectionsbetweenpragmatistandcontinentalfeminism')",intersections between pragmatist and continental feminism,continental philosophy,-1,3,expert,v1,v1,"{""model"": null, ""temperature"": null, ""date"": ""2025-09-06T23:06:20.648400+00:00"", ""prompt_version"": ""v1"", ""persona"": ""expert""}"
"('ethics', 'virtuesandvices')",ethics,virtues and vices,-1,3,novice,v1,v1,"{""model"": null, ""temperature"": null, ""date"": ""2025-09-06T23:06:20.648458+00:00"", ""prompt_version"": ""v1"", ""persona"": ""novice""}"
"('ethics', 'virtuesandvices')",ethics,virtues and vices,-1,3,course_taker,v1,v1,"{""model"": null, ""temperature"": null, ""date"": ""2025-09-06T23:06:20.648490+00:00"", ""prompt_version"": ""v1"", ""persona"": ""course_taker""}"
"('ethics', 'virtuesandvices')",ethics,virtues and vices,-1,3,phd,v1,v1,"{""model"": null, ""temperature"": null, ""date"": ""2025-09-06T23:06:20.648523+00:00"", ""prompt_version"": ""v1"", ""persona"": ""phd""}"
"('ethics', 'virtuesandvices')",ethics,virtues and vices,-1,3,expert,v1,v1,"{""model"": null, ""temperature"": null, ""date"": ""2025-09-06T23:06:20.648555+00:00"", ""prompt_version"": ""v1"", ""persona"": ""expert""}"
"('mathematicallogic', 'philosophyofmind')",mathematical logic,philosophy of mind,-1,3,novice,v1,v1,"{""model"": null, ""temperature"": null, ""date"": ""2025-09-06T23:06:20.648612+00:00"", ""prompt_version"": ""v1"", ""persona"": ""novice""}"
"('mathematicallogic', 'philosophyofmind')",mathematical logic,philosophy of mind,-1,3,course_taker,v1,v1,"{""model"": null, ""temperature"": null, ""date"": ""2025-09-06T23:06:20.648645+00:00"", ""prompt_version"": ""v1"", ""persona"": ""course_taker""}"
"('mathematicallogic', 'philosophyofmind')",mathematical logic,philosophy of mind,-1,3,phd,v1,v1,"{""model"": null, ""temperature"": null, ""date"": ""2025-09-06T23:06:20.648678+00:00"", ""prompt_version"": ""v1"", ""persona"": ""phd""}"
"('mathematicallogic', 'philosophyofmind')",mathematical logic,philosophy of mind,-1,3,expert,v1,v1,"{""model"": null, ""temperature"": null, ""date"": ""2025-09-06T23:06:20.648711+00:00"", ""prompt_version"": ""v1"", ""persona"": ""expert""}"
"('eternityinchristianthought', 'metaphysics')",Eternity in Christian Thought,metaphysics,-1,3,novice,v1,v1,"{""model"": null, ""temperature"": null, ""date"": ""2025-09-06T23:06:20.648768+00:00"", ""prompt_version"": ""v1"", ""persona"": ""novice""}"
"('eternityinchristianthought', 'metaphysics')",Eternity in Christian Thought,metaphysics,-1,3,course_taker,v1,v1,"{""model"": null, ""temperature"": null, ""date"": ""2025-09-06T23:06:20.648801+00:00"", ""prompt_version"": ""v1"", ""persona"": ""course_taker""}"
"('eternityinchristianthought', 'metaphysics')",Eternity in Christian Thought,metaphysics,-1,3,phd,v1,v1,"{""model"": null, ""temperature"": null, ""date"": ""2025-09-06T23:06:20.648835+00:00"", ""prompt_version"": ""v1"", ""persona"": ""phd""}"
"('eternityinchristianthought', 'metaphysics')",Eternity in Christian Thought,metaphysics,-1,3,expert,v1,v1,"{""model"": null, ""temperature"": null, ""date"": ""2025-09-06T23:06:20.648867+00:00"", ""prompt_version"": ""v1"", ""persona"": ""expert""}"
"('historyoflogic', 'logicandgames')",logic and games,history of logic,-1,3,novice,v1,v1,"{""model"": null, ""temperature"": null, ""date"": ""2025-09-06T23:06:20.648925+00:00"", ""prompt_version"": ""v1"", ""persona"": ""novice""}"
"('historyoflogic', 'logicandgames')",logic and games,history of logic,-1,3,course_taker,v1,v1,"{""model"": null, ""temperature"": null, ""date"": ""2025-09-06T23:06:20.648958+00:00"", ""prompt_version"": ""v1"", ""persona"": ""course_taker""}"
"('historyoflogic', 'logicandgames')",logic and games,history of logic,-1,3,phd,v1,v1,"{""model"": null, ""temperature"": null, ""date"": ""2025-09-06T23:06:20.648990+00:00"", ""prompt_version"": ""v1"", ""persona"": ""phd""}"
"('historyoflogic', 'logicandgames')",logic and games,history of logic,-1,3,expert,v1,v1,"{""model"": null, ""temperature"": null, ""date"": ""2025-09-06T23:06:20.649023+00:00"", ""prompt_version"": ""v1"", ""persona"": ""expert""}"
"('philosophyofmind', 'realismandantirealism')",realism and anti-realism,philosophy of mind,-1,3,novice,v1,v1,"{""model"": null, ""temperature"": null, ""date"": ""2025-09-06T23:06:20.649080+00:00"", ""prompt_version"": ""v1"", ""persona"": ""novice""}"
"('philosophyofmind', 'realismandantirealism')",realism and anti-realism,philosophy of mind,-1,3,course_taker,v1,v1,"{""model"": null, ""temperature"": null, ""date"": ""2025-09-06T23:06:20.649113+00:00"", ""prompt_version"": ""v1"", ""persona"": ""course_taker""}"
"('philosophyofmind', 'realismandantirealism')",realism and anti-realism,philosophy of mind,-1,3,phd,v1,v1,"{""model"": null, ""temperature"": null, ""date"": ""2025-09-06T23:06:20.649147+00:00"", ""prompt_version"": ""v1"", ""persona"": ""phd""}"
"('philosophyofmind', 'realismandantirealism')",realism and anti-realism,philosophy of mind,-1,3,expert,v1,v1,"{""model"": null, ""temperature"": null, ""date"": ""2025-09-06T23:06:20.649180+00:00"", ""prompt_version"": ""v1"", ""persona"": ""expert""}"
"('falsificationism', 'scientificmethodology')",falsificationism,scientific methodology,-1,3,novice,v1,v1,"{""model"": null, ""temperature"": null, ""date"": ""2025-09-06T23:06:20.649237+00:00"", ""prompt_version"": ""v1"", ""persona"": ""novice""}"
"('falsificationism', 'scientificmethodology')",falsificationism,scientific methodology,-1,3,course_taker,v1,v1,"{""model"": null, ""temperature"": null, ""date"": ""2025-09-06T23:06:20.649270+00:00"", ""prompt_version"": ""v1"", ""persona"": ""course_taker""}"
"('falsificationism', 'scientificmethodology')",falsificationism,scientific methodology,-1,3,phd,v1,v1,"{""model"": null, ""temperature"": null, ""date"": ""2025-09-06T23:06:20.649303+00:00"", ""prompt_version"": ""v1"", ""persona"": ""phd""}"
"('falsificationism', 'scientificmethodology')",falsificationism,scientific methodology,-1,3,expert,v1,v1,"{""model"": null, ""temperature"": null, ""date"": ""2025-09-06T23:06:20.649336+00:00"", ""prompt_version"": ""v1"", ""persona"": ""expert""}"
"('perception', 'psychologicalrelation')",psychological relation,perception,-1,3,novice,v1,v1,"{""model"": null, ""temperature"": null, ""date"": ""2025-09-06T23:06:20.649394+00:00"", ""prompt_version"": ""v1"", ""persona"": ""novice""}"
"('perception', 'psychologicalrelation')",psychological relation,perception,-1,3,course_taker,v1,v1,"{""model"": null, ""temperature"": null, ""date"": ""2025-09-06T23:06:20.649426+00:00"", ""prompt_version"": ""v1"", ""persona"": ""course_taker""}"
"('perception', 'psychologicalrelation')",psychological relation,perception,-1,3,phd,v1,v1,"{""model"": null, ""temperature"": null, ""date"": ""2025-09-06T23:06:20.649459+00:00"", ""prompt_version"": ""v1"", ""persona"": ""phd""}"
"('perception', 'psychologicalrelation')",psychological relation,perception,-1,3,expert,v1,v1,"{""model"": null, ""temperature"": null, ""date"": ""2025-09-06T23:06:20.649492+00:00"", ""prompt_version"": ""v1"", ""persona"": ""expert""}"
"('philosophyofscienceandthesciences', 'probability')",probability,philosophy of science and the sciences,-1,3,novice,v1,v1,"{""model"": null, ""temperature"": null, ""date"": ""2025-09-06T23:06:20.649549+00:00"", ""prompt_version"": ""v1"", ""persona"": ""novice""}"
"('philosophyofscienceandthesciences', 'probability')",probability,philosophy of science and the sciences,-1,3,course_taker,v1,v1,"{""model"": null, ""temperature"": null, ""date"": ""2025-09-06T23:06:20.649583+00:00"", ""prompt_version"": ""v1"", ""persona"": ""course_taker""}"
"('philosophyofscienceandthesciences', 'probability')",probability,philosophy of science and the sciences,-1,3,phd,v1,v1,"{""model"": null, ""temperature"": null, ""date"": ""2025-09-06T23:06:20.649616+00:00"", ""prompt_version"": ""v1"", ""persona"": ""phd""}"
"('philosophyofscienceandthesciences', 'probability')",probability,philosophy of science and the sciences,-1,3,expert,v1,v1,"{""model"": null, ""temperature"": null, ""date"": ""2025-09-06T23:06:20.649649+00:00"", ""prompt_version"": ""v1"", ""persona"": ""expert""}"
"('ethics', 'socialcontract')",social contract,ethics,-1,3,novice,v1,v1,"{""model"": null, ""temperature"": null, ""date"": ""2025-09-06T23:06:20.649715+00:00"", ""prompt_version"": ""v1"", ""persona"": ""novice""}"
"('ethics', 'socialcontract')",social contract,ethics,-1,3,course_taker,v1,v1,"{""model"": null, ""temperature"": null, ""date"": ""2025-09-06T23:06:20.649747+00:00"", ""prompt_version"": ""v1"", ""persona"": ""course_taker""}"
"('ethics', 'socialcontract')",social contract,ethics,-1,3,phd,v1,v1,"{""model"": null, ""temperature"": null, ""date"": ""2025-09-06T23:06:20.649785+00:00"", ""prompt_version"": ""v1"", ""persona"": ""phd""}"
"('ethics', 'socialcontract')",social contract,ethics,-1,3,expert,v1,v1,"{""model"": null, ""temperature"": null, ""date"": ""2025-09-06T23:06:20.649818+00:00"", ""prompt_version"": ""v1"", ""persona"": ""expert""}"
"('epistemology', 'philosophyofbiology')",philosophy of biology,epistemology,-1,3,novice,v1,v1,"{""model"": null, ""temperature"": null, ""date"": ""2025-09-06T23:06:20.649875+00:00"", ""prompt_version"": ""v1"", ""persona"": ""novice""}"
"('epistemology', 'philosophyofbiology')",philosophy of biology,epistemology,-1,3,course_taker,v1,v1,"{""model"": null, ""temperature"": null, ""date"": ""2025-09-06T23:06:20.649907+00:00"", ""prompt_version"": ""v1"", ""persona"": ""course_taker""}"
"('epistemology', 'philosophyofbiology')",philosophy of biology,epistemology,-1,3,phd,v1,v1,"{""model"": null, ""temperature"": null, ""date"": ""2025-09-06T23:06:20.649940+00:00"", ""prompt_version"": ""v1"", ""persona"": ""phd""}"
"('epistemology', 'philosophyofbiology')",philosophy of biology,epistemology,-1,3,expert,v1,v1,"{""model"": null, ""temperature"": null, ""date"": ""2025-09-06T23:06:20.649973+00:00"", ""prompt_version"": ""v1"", ""persona"": ""expert""}"
"('identityofindiscernibles', 'metaphysics')",identity of indiscernibles,metaphysics,-1,3,novice,v1,v1,"{""model"": null, ""temperature"": null, ""date"": ""2025-09-06T23:06:20.650030+00:00"", ""prompt_version"": ""v1"", ""persona"": ""novice""}"
"('identityofindiscernibles', 'metaphysics')",identity of indiscernibles,metaphysics,-1,3,course_taker,v1,v1,"{""model"": null, ""temperature"": null, ""date"": ""2025-09-06T23:06:20.650063+00:00"", ""prompt_version"": ""v1"", ""persona"": ""course_taker""}"
"('identityofindiscernibles', 'metaphysics')",identity of indiscernibles,metaphysics,-1,3,phd,v1,v1,"{""model"": null, ""temperature"": null, ""date"": ""2025-09-06T23:06:20.650096+00:00"", ""prompt_version"": ""v1"", ""persona"": ""phd""}"
"('identityofindiscernibles', 'metaphysics')",identity of indiscernibles,metaphysics,-1,3,expert,v1,v1,"{""model"": null, ""temperature"": null, ""date"": ""2025-09-06T23:06:20.650129+00:00"", ""prompt_version"": ""v1"", ""persona"": ""expert""}"
"('backwardcausation', 'causation')",backward causation,causation,-1,3,novice,v1,v1,"{""model"": null, ""temperature"": null, ""date"": ""2025-09-06T23:06:20.650186+00:00"", ""prompt_version"": ""v1"", ""persona"": ""novice""}"
"('backwardcausation', 'causation')",backward causation,causation,-1,3,course_taker,v1,v1,"{""model"": null, ""temperature"": null, ""date"": ""2025-09-06T23:06:20.650219+00:00"", ""prompt_version"": ""v1"", ""persona"": ""course_taker""}"
"('backwardcausation', 'causation')",backward causation,causation,-1,3,phd,v1,v1,"{""model"": null, ""temperature"": null, ""date"": ""2025-09-06T23:06:20.650251+00:00"", ""prompt_version"": ""v1"", ""persona"": ""phd""}"
"('backwardcausation', 'causation')",backward causation,causation,-1,3,expert,v1,v1,"{""model"": null, ""temperature"": null, ""date"": ""2025-09-06T23:06:20.650284+00:00"", ""prompt_version"": ""v1"", ""persona"": ""expert""}"
"('aestheticsandphilosophyofart', 'philosophyofcomposition')",aesthetics and philosophy of art,philosophy of composition,-1,3,novice,v1,v1,"{""model"": null, ""temperature"": null, ""date"": ""2025-09-06T23:06:20.650340+00:00"", ""prompt_version"": ""v1"", ""persona"": ""novice""}"
"('aestheticsandphilosophyofart', 'philosophyofcomposition')",aesthetics and philosophy of art,philosophy of composition,-1,3,course_taker,v1,v1,"{""model"": null, ""temperature"": null, ""date"": ""2025-09-06T23:06:20.650374+00:00"", ""prompt_version"": ""v1"", ""persona"": ""course_taker""}"
"('aestheticsandphilosophyofart', 'philosophyofcomposition')",aesthetics and philosophy of art,philosophy of composition,-1,3,phd,v1,v1,"{""model"": null, ""temperature"": null, ""date"": ""2025-09-06T23:06:20.650408+00:00"", ""prompt_version"": ""v1"", ""persona"": ""phd""}"
"('aestheticsandphilosophyofart', 'philosophyofcomposition')",aesthetics and philosophy of art,philosophy of composition,-1,3,expert,v1,v1,"{""model"": null, ""temperature"": null, ""date"": ""2025-09-06T23:06:20.650441+00:00"", ""prompt_version"": ""v1"", ""persona"": ""expert""}"
"('epistemology', 'scientificmethodology')",scientific methodology,epistemology,-1,3,novice,v1,v1,"{""model"": null, ""temperature"": null, ""date"": ""2025-09-06T23:06:20.650498+00:00"", ""prompt_version"": ""v1"", ""persona"": ""novice""}"
"('epistemology', 'scientificmethodology')",scientific methodology,epistemology,-1,3,course_taker,v1,v1,"{""model"": null, ""temperature"": null, ""date"": ""2025-09-06T23:06:20.650531+00:00"", ""prompt_version"": ""v1"", ""persona"": ""course_taker""}"
"('epistemology', 'scientificmethodology')",scientific methodology,epistemology,-1,3,phd,v1,v1,"{""model"": null, ""temperature"": null, ""date"": ""2025-09-06T23:06:20.650565+00:00"", ""prompt_version"": ""v1"", ""persona"": ""phd""}"
"('epistemology', 'scientificmethodology')",scientific methodology,epistemology,-1,3,expert,v1,v1,"{""model"": null, ""temperature"": null, ""date"": ""2025-09-06T23:06:20.650597+00:00"", ""prompt_version"": ""v1"", ""persona"": ""expert""}"
"('animalcognition', 'cognitivescience')",animal cognition,cognitive science,-1,3,novice,v1,v1,"{""model"": null, ""temperature"": null, ""date"": ""2025-09-06T23:06:20.650654+00:00"", ""prompt_version"": ""v1"", ""persona"": ""novice""}"
"('animalcognition', 'cognitivescience')",animal cognition,cognitive science,-1,3,course_taker,v1,v1,"{""model"": null, ""temperature"": null, ""date"": ""2025-09-06T23:06:20.650687+00:00"", ""prompt_version"": ""v1"", ""persona"": ""course_taker""}"
"('animalcognition', 'cognitivescience')",animal cognition,cognitive science,-1,3,phd,v1,v1,"{""model"": null, ""temperature"": null, ""date"": ""2025-09-06T23:06:20.650720+00:00"", ""prompt_version"": ""v1"", ""persona"": ""phd""}"
"('animalcognition', 'cognitivescience')",animal cognition,cognitive science,-1,3,expert,v1,v1,"{""model"": null, ""temperature"": null, ""date"": ""2025-09-06T23:06:20.650752+00:00"", ""prompt_version"": ""v1"", ""persona"": ""expert""}"
"('argumentsfortheexistenceofgod', 'philosophyofreligion')",arguments for the existence of god,philosophy of religion,-1,3,novice,v1,v1,"{""model"": null, ""temperature"": null, ""date"": ""2025-09-06T23:06:20.650810+00:00"", ""prompt_version"": ""v1"", ""persona"": ""novice""}"
"('argumentsfortheexistenceofgod', 'philosophyofreligion')",arguments for the existence of god,philosophy of religion,-1,3,course_taker,v1,v1,"{""model"": null, ""temperature"": null, ""date"": ""2025-09-06T23:06:20.650844+00:00"", ""prompt_version"": ""v1"", ""persona"": ""course_taker""}"
"('argumentsfortheexistenceofgod', 'philosophyofreligion')",arguments for the existence of god,philosophy of religion,-1,3,phd,v1,v1,"{""model"": null, ""temperature"": null, ""date"": ""2025-09-06T23:06:20.650878+00:00"", ""prompt_version"": ""v1"", ""persona"": ""phd""}"
"('argumentsfortheexistenceofgod', 'philosophyofreligion')",arguments for the existence of god,philosophy of religion,-1,3,expert,v1,v1,"{""model"": null, ""temperature"": null, ""date"": ""2025-09-06T23:06:20.650911+00:00"", ""prompt_version"": ""v1"", ""persona"": ""expert""}"
"('identityandindividualityinquantumtheory', 'metaphysics')",identity and individuality in quantum theory,metaphysics,-1,3,novice,v1,v1,"{""model"": null, ""temperature"": null, ""date"": ""2025-09-06T23:06:20.650970+00:00"", ""prompt_version"": ""v1"", ""persona"": ""novice""}"
"('identityandindividualityinquantumtheory', 'metaphysics')",identity and individuality in quantum theory,metaphysics,-1,3,course_taker,v1,v1,"{""model"": null, ""temperature"": null, ""date"": ""2025-09-06T23:06:20.651012+00:00"", ""prompt_version"": ""v1"", ""persona"": ""course_taker""}"
"('identityandindividualityinquantumtheory', 'metaphysics')",identity and individuality in quantum theory,metaphysics,-1,3,phd,v1,v1,"{""model"": null, ""temperature"": null, ""date"": ""2025-09-06T23:06:20.651046+00:00"", ""prompt_version"": ""v1"", ""persona"": ""phd""}"
"('identityandindividualityinquantumtheory', 'metaphysics')",identity and individuality in quantum theory,metaphysics,-1,3,expert,v1,v1,"{""model"": null, ""temperature"": null, ""date"": ""2025-09-06T23:06:20.651080+00:00"", ""prompt_version"": ""v1"", ""persona"": ""expert""}"
"('mentalstate', 'philosophyofmind')",mental state,philosophy of mind,-1,3,novice,v1,v1,"{""model"": null, ""temperature"": null, ""date"": ""2025-09-06T23:06:20.651138+00:00"", ""prompt_version"": ""v1"", ""persona"": ""novice""}"
"('mentalstate', 'philosophyofmind')",mental state,philosophy of mind,-1,3,course_taker,v1,v1,"{""model"": null, ""temperature"": null, ""date"": ""2025-09-06T23:06:20.651171+00:00"", ""prompt_version"": ""v1"", ""persona"": ""course_taker""}"
"('mentalstate', 'philosophyofmind')",mental state,philosophy of mind,-1,3,phd,v1,v1,"{""model"": null, ""temperature"": null, ""date"": ""2025-09-06T23:06:20.651203+00:00"", ""prompt_version"": ""v1"", ""persona"": ""phd""}"
"('mentalstate', 'philosophyofmind')",mental state,philosophy of mind,-1,3,expert,v1,v1,"{""model"": null, ""temperature"": null, ""date"": ""2025-09-06T23:06:20.651236+00:00"", ""prompt_version"": ""v1"", ""persona"": ""expert""}"
"('philosophyofmathematics', 'philosophyofscience')",philosophy of mathematics,philosophy of science,-1,3,novice,v1,v1,"{""model"": null, ""temperature"": null, ""date"": ""2025-09-06T23:06:20.651292+00:00"", ""prompt_version"": ""v1"", ""persona"": ""novice""}"
"('philosophyofmathematics', 'philosophyofscience')",philosophy of mathematics,philosophy of science,-1,3,course_taker,v1,v1,"{""model"": null, ""temperature"": null, ""date"": ""2025-09-06T23:06:20.651326+00:00"", ""prompt_version"": ""v1"", ""persona"": ""course_taker""}"
"('philosophyofmathematics', 'philosophyofscience')",philosophy of mathematics,philosophy of science,-1,3,phd,v1,v1,"{""model"": null, ""temperature"": null, ""date"": ""2025-09-06T23:06:20.651359+00:00"", ""prompt_version"": ""v1"", ""persona"": ""phd""}"
"('philosophyofmathematics', 'philosophyofscience')",philosophy of mathematics,philosophy of science,-1,3,expert,v1,v1,"{""model"": null, ""temperature"": null, ""date"": ""2025-09-06T23:06:20.651392+00:00"", ""prompt_version"": ""v1"", ""persona"": ""expert""}"
"('monotheism', 'philosophyofreligion')",monotheism,philosophy of religion,-1,3,novice,v1,v1,"{""model"": null, ""temperature"": null, ""date"": ""2025-09-06T23:06:20.651449+00:00"", ""prompt_version"": ""v1"", ""persona"": ""novice""}"
"('monotheism', 'philosophyofreligion')",monotheism,philosophy of religion,-1,3,course_taker,v1,v1,"{""model"": null, ""temperature"": null, ""date"": ""2025-09-06T23:06:20.651482+00:00"", ""prompt_version"": ""v1"", ""persona"": ""course_taker""}"
"('monotheism', 'philosophyofreligion')",monotheism,philosophy of religion,-1,3,phd,v1,v1,"{""model"": null, ""temperature"": null, ""date"": ""2025-09-06T23:06:20.651515+00:00"", ""prompt_version"": ""v1"", ""persona"": ""phd""}"
"('monotheism', 'philosophyofreligion')",monotheism,philosophy of religion,-1,3,expert,v1,v1,"{""model"": null, ""temperature"": null, ""date"": ""2025-09-06T23:06:20.651547+00:00"", ""prompt_version"": ""v1"", ""persona"": ""expert""}"
"('logicandlanguage', 'philosophyofmind')",logic and language,philosophy of mind,-1,3,novice,v1,v1,"{""model"": null, ""temperature"": null, ""date"": ""2025-09-06T23:06:20.651604+00:00"", ""prompt_version"": ""v1"", ""persona"": ""novice""}"
"('logicandlanguage', 'philosophyofmind')",logic and language,philosophy of mind,-1,3,course_taker,v1,v1,"{""model"": null, ""temperature"": null, ""date"": ""2025-09-06T23:06:20.651637+00:00"", ""prompt_version"": ""v1"", ""persona"": ""course_taker""}"
"('logicandlanguage', 'philosophyofmind')",logic and language,philosophy of mind,-1,3,phd,v1,v1,"{""model"": null, ""temperature"": null, ""date"": ""2025-09-06T23:06:20.651670+00:00"", ""prompt_version"": ""v1"", ""persona"": ""phd""}"
"('logicandlanguage', 'philosophyofmind')",logic and language,philosophy of mind,-1,3,expert,v1,v1,"{""model"": null, ""temperature"": null, ""date"": ""2025-09-06T23:06:20.651702+00:00"", ""prompt_version"": ""v1"", ""persona"": ""expert""}"
"('chineseroomargument', 'philosophyofmind')",chinese room argument,philosophy of mind,-1,3,novice,v1,v1,"{""model"": null, ""temperature"": null, ""date"": ""2025-09-06T23:06:20.651759+00:00"", ""prompt_version"": ""v1"", ""persona"": ""novice""}"
"('chineseroomargument', 'philosophyofmind')",chinese room argument,philosophy of mind,-1,3,course_taker,v1,v1,"{""model"": null, ""temperature"": null, ""date"": ""2025-09-06T23:06:20.651793+00:00"", ""prompt_version"": ""v1"", ""persona"": ""course_taker""}"
"('chineseroomargument', 'philosophyofmind')",chinese room argument,philosophy of mind,-1,3,phd,v1,v1,"{""model"": null, ""temperature"": null, ""date"": ""2025-09-06T23:06:20.651828+00:00"", ""prompt_version"": ""v1"", ""persona"": ""phd""}"
"('chineseroomargument', 'philosophyofmind')",chinese room argument,philosophy of mind,-1,3,expert,v1,v1,"{""model"": null, ""temperature"": null, ""date"": ""2025-09-06T23:06:20.651863+00:00"", ""prompt_version"": ""v1"", ""persona"": ""expert""}"
"('neutralmonism', 'philosophyofmind')",neutral monism,philosophy of mind,-1,3,novice,v1,v1,"{""model"": null, ""temperature"": null, ""date"": ""2025-09-06T23:06:20.651920+00:00"", ""prompt_version"": ""v1"", ""persona"": ""novice""}"
"('neutralmonism', 'philosophyofmind')",neutral monism,philosophy of mind,-1,3,course_taker,v1,v1,"{""model"": null, ""temperature"": null, ""date"": ""2025-09-06T23:06:20.651953+00:00"", ""prompt_version"": ""v1"", ""persona"": ""course_taker""}"
"('neutralmonism', 'philosophyofmind')",neutral monism,philosophy of mind,-1,3,phd,v1,v1,"{""model"": null, ""temperature"": null, ""date"": ""2025-09-06T23:06:20.651986+00:00"", ""prompt_version"": ""v1"", ""persona"": ""phd""}"
"('neutralmonism', 'philosophyofmind')",neutral monism,philosophy of mind,-1,3,expert,v1,v1,"{""model"": null, ""temperature"": null, ""date"": ""2025-09-06T23:06:20.652018+00:00"", ""prompt_version"": ""v1"", ""persona"": ""expert""}"
"('consciousness', 'phenomenologicalapproachestoselfconsciousness')",phenomenological approaches to self-consciousness,consciousness,-1,3,novice,v1,v1,"{""model"": null, ""temperature"": null, ""date"": ""2025-09-06T23:06:20.652076+00:00"", ""prompt_version"": ""v1"", ""persona"": ""novice""}"
"('consciousness', 'phenomenologicalapproachestoselfconsciousness')",phenomenological approaches to self-consciousness,consciousness,-1,3,course_taker,v1,v1,"{""model"": null, ""temperature"": null, ""date"": ""2025-09-06T23:06:20.652110+00:00"", ""prompt_version"": ""v1"", ""persona"": ""course_taker""}"
"('consciousness', 'phenomenologicalapproachestoselfconsciousness')",phenomenological approaches to self-consciousness,consciousness,-1,3,phd,v1,v1,"{""model"": null, ""temperature"": null, ""date"": ""2025-09-06T23:06:20.652144+00:00"", ""prompt_version"": ""v1"", ""persona"": ""phd""}"
"('consciousness', 'phenomenologicalapproachestoselfconsciousness')",phenomenological approaches to self-consciousness,consciousness,-1,3,expert,v1,v1,"{""model"": null, ""temperature"": null, ""date"": ""2025-09-06T23:06:20.652178+00:00"", ""prompt_version"": ""v1"", ""persona"": ""expert""}"
"('omniscience', 'philosophyofreligion')",omniscience,philosophy of religion,-1,3,novice,v1,v1,"{""model"": null, ""temperature"": null, ""date"": ""2025-09-06T23:06:20.652235+00:00"", ""prompt_version"": ""v1"", ""persona"": ""novice""}"
"('omniscience', 'philosophyofreligion')",omniscience,philosophy of religion,-1,3,course_taker,v1,v1,"{""model"": null, ""temperature"": null, ""date"": ""2025-09-06T23:06:20.652268+00:00"", ""prompt_version"": ""v1"", ""persona"": ""course_taker""}"
"('omniscience', 'philosophyofreligion')",omniscience,philosophy of religion,-1,3,phd,v1,v1,"{""model"": null, ""temperature"": null, ""date"": ""2025-09-06T23:06:20.652311+00:00"", ""prompt_version"": ""v1"", ""persona"": ""phd""}"
"('omniscience', 'philosophyofreligion')",omniscience,philosophy of religion,-1,3,expert,v1,v1,"{""model"": null, ""temperature"": null, ""date"": ""2025-09-06T23:06:20.652344+00:00"", ""prompt_version"": ""v1"", ""persona"": ""expert""}"
"('epistemeandtechne', 'metaphysics')",episteme and techne,metaphysics,-1,3,novice,v1,v1,"{""model"": null, ""temperature"": null, ""date"": ""2025-09-06T23:06:20.652408+00:00"", ""prompt_version"": ""v1"", ""persona"": ""novice""}"
"('epistemeandtechne', 'metaphysics')",episteme and techne,metaphysics,-1,3,course_taker,v1,v1,"{""model"": null, ""temperature"": null, ""date"": ""2025-09-06T23:06:20.652443+00:00"", ""prompt_version"": ""v1"", ""persona"": ""course_taker""}"
"('epistemeandtechne', 'metaphysics')",episteme and techne,metaphysics,-1,3,phd,v1,v1,"{""model"": null, ""temperature"": null, ""date"": ""2025-09-06T23:06:20.652476+00:00"", ""prompt_version"": ""v1"", ""persona"": ""phd""}"
"('epistemeandtechne', 'metaphysics')",episteme and techne,metaphysics,-1,3,expert,v1,v1,"{""model"": null, ""temperature"": null, ""date"": ""2025-09-06T23:06:20.652508+00:00"", ""prompt_version"": ""v1"", ""persona"": ""expert""}"
"('aristotleandmathematics', 'philosophyofmathematics')",aristotle and mathematics,philosophy of mathematics,-1,3,novice,v1,v1,"{""model"": null, ""temperature"": null, ""date"": ""2025-09-06T23:06:20.652566+00:00"", ""prompt_version"": ""v1"", ""persona"": ""novice""}"
"('aristotleandmathematics', 'philosophyofmathematics')",aristotle and mathematics,philosophy of mathematics,-1,3,course_taker,v1,v1,"{""model"": null, ""temperature"": null, ""date"": ""2025-09-06T23:06:20.652600+00:00"", ""prompt_version"": ""v1"", ""persona"": ""course_taker""}"
"('aristotleandmathematics', 'philosophyofmathematics')",aristotle and mathematics,philosophy of mathematics,-1,3,phd,v1,v1,"{""model"": null, ""temperature"": null, ""date"": ""2025-09-06T23:06:20.652634+00:00"", ""prompt_version"": ""v1"", ""persona"": ""phd""}"
"('aristotleandmathematics', 'philosophyofmathematics')",aristotle and mathematics,philosophy of mathematics,-1,3,expert,v1,v1,"{""model"": null, ""temperature"": null, ""date"": ""2025-09-06T23:06:20.652669+00:00"", ""prompt_version"": ""v1"", ""persona"": ""expert""}"
"('logic', 'philosophyofcomputerscience')",philosophy of computer science,logic,-1,3,novice,v1,v1,"{""model"": null, ""temperature"": null, ""date"": ""2025-09-06T23:06:20.652726+00:00"", ""prompt_version"": ""v1"", ""persona"": ""novice""}"
"('logic', 'philosophyofcomputerscience')",philosophy of computer science,logic,-1,3,course_taker,v1,v1,"{""model"": null, ""temperature"": null, ""date"": ""2025-09-06T23:06:20.652759+00:00"", ""prompt_version"": ""v1"", ""persona"": ""course_taker""}"
"('logic', 'philosophyofcomputerscience')",philosophy of computer science,logic,-1,3,phd,v1,v1,"{""model"": null, ""temperature"": null, ""date"": ""2025-09-06T23:06:20.652792+00:00"", ""prompt_version"": ""v1"", ""persona"": ""phd""}"
"('logic', 'philosophyofcomputerscience')",philosophy of computer science,logic,-1,3,expert,v1,v1,"{""model"": null, ""temperature"": null, ""date"": ""2025-09-06T23:06:20.652824+00:00"", ""prompt_version"": ""v1"", ""persona"": ""expert""}"
"('thinkingmachine', 'turingtest')",thinking machine,turing test,-1,3,novice,v1,v1,"{""model"": null, ""temperature"": null, ""date"": ""2025-09-06T23:06:20.652881+00:00"", ""prompt_version"": ""v1"", ""persona"": ""novice""}"
"('thinkingmachine', 'turingtest')",thinking machine,turing test,-1,3,course_taker,v1,v1,"{""model"": null, ""temperature"": null, ""date"": ""2025-09-06T23:06:20.652914+00:00"", ""prompt_version"": ""v1"", ""persona"": ""course_taker""}"
"('thinkingmachine', 'turingtest')",thinking machine,turing test,-1,3,phd,v1,v1,"{""model"": null, ""temperature"": null, ""date"": ""2025-09-06T23:06:20.652947+00:00"", ""prompt_version"": ""v1"", ""persona"": ""phd""}"
"('thinkingmachine', 'turingtest')",thinking machine,turing test,-1,3,expert,v1,v1,"{""model"": null, ""temperature"": null, ""date"": ""2025-09-06T23:06:20.652979+00:00"", ""prompt_version"": ""v1"", ""persona"": ""expert""}"
"('mentalrepresentationinmedievalphilosophy', 'philosophyofmind')",mental representation in medieval philosophy,philosophy of mind,-1,3,novice,v1,v1,"{""model"": null, ""temperature"": null, ""date"": ""2025-09-06T23:06:20.653038+00:00"", ""prompt_version"": ""v1"", ""persona"": ""novice""}"
"('mentalrepresentationinmedievalphilosophy', 'philosophyofmind')",mental representation in medieval philosophy,philosophy of mind,-1,3,course_taker,v1,v1,"{""model"": null, ""temperature"": null, ""date"": ""2025-09-06T23:06:20.653072+00:00"", ""prompt_version"": ""v1"", ""persona"": ""course_taker""}"
"('mentalrepresentationinmedievalphilosophy', 'philosophyofmind')",mental representation in medieval philosophy,philosophy of mind,-1,3,phd,v1,v1,"{""model"": null, ""temperature"": null, ""date"": ""2025-09-06T23:06:20.653105+00:00"", ""prompt_version"": ""v1"", ""persona"": ""phd""}"
"('mentalrepresentationinmedievalphilosophy', 'philosophyofmind')",mental representation in medieval philosophy,philosophy of mind,-1,3,expert,v1,v1,"{""model"": null, ""temperature"": null, ""date"": ""2025-09-06T23:06:20.653139+00:00"", ""prompt_version"": ""v1"", ""persona"": ""expert""}"
"('epistemology', 'philosophyofnature')",philosophy of nature,epistemology,-1,3,novice,v1,v1,"{""model"": null, ""temperature"": null, ""date"": ""2025-09-06T23:06:20.653197+00:00"", ""prompt_version"": ""v1"", ""persona"": ""novice""}"
"('epistemology', 'philosophyofnature')",philosophy of nature,epistemology,-1,3,course_taker,v1,v1,"{""model"": null, ""temperature"": null, ""date"": ""2025-09-06T23:06:20.653230+00:00"", ""prompt_version"": ""v1"", ""persona"": ""course_taker""}"
"('epistemology', 'philosophyofnature')",philosophy of nature,epistemology,-1,3,phd,v1,v1,"{""model"": null, ""temperature"": null, ""date"": ""2025-09-06T23:06:20.653263+00:00"", ""prompt_version"": ""v1"", ""persona"": ""phd""}"
"('epistemology', 'philosophyofnature')",philosophy of nature,epistemology,-1,3,expert,v1,v1,"{""model"": null, ""temperature"": null, ""date"": ""2025-09-06T23:06:20.653296+00:00"", ""prompt_version"": ""v1"", ""persona"": ""expert""}"
"('philosophyofreligion', 'religionandmorality')",religion and morality,philosophy of religion,-1,3,novice,v1,v1,"{""model"": null, ""temperature"": null, ""date"": ""2025-09-06T23:06:20.653353+00:00"", ""prompt_version"": ""v1"", ""persona"": ""novice""}"
"('philosophyofreligion', 'religionandmorality')",religion and morality,philosophy of religion,-1,3,course_taker,v1,v1,"{""model"": null, ""temperature"": null, ""date"": ""2025-09-06T23:06:20.653387+00:00"", ""prompt_version"": ""v1"", ""persona"": ""course_taker""}"
"('philosophyofreligion', 'religionandmorality')",religion and morality,philosophy of religion,-1,3,phd,v1,v1,"{""model"": null, ""temperature"": null, ""date"": ""2025-09-06T23:06:20.653421+00:00"", ""prompt_version"": ""v1"", ""persona"": ""phd""}"
"('philosophyofreligion', 'religionandmorality')",religion and morality,philosophy of religion,-1,3,expert,v1,v1,"{""model"": null, ""temperature"": null, ""date"": ""2025-09-06T23:06:20.653454+00:00"", ""prompt_version"": ""v1"", ""persona"": ""expert""}"
"('philosophyoflanguage', 'privatelanguage')",private language,philosophy of language,-1,3,novice,v1,v1,"{""model"": null, ""temperature"": null, ""date"": ""2025-09-06T23:06:20.653582+00:00"", ""prompt_version"": ""v1"", ""persona"": ""novice""}"
"('philosophyoflanguage', 'privatelanguage')",private language,philosophy of language,-1,3,course_taker,v1,v1,"{""model"": null, ""temperature"": null, ""date"": ""2025-09-06T23:06:20.653887+00:00"", ""prompt_version"": ""v1"", ""persona"": ""course_taker""}"
"('philosophyoflanguage', 'privatelanguage')",private language,philosophy of language,-1,3,phd,v1,v1,"{""model"": null, ""temperature"": null, ""date"": ""2025-09-06T23:06:20.654256+00:00"", ""prompt_version"": ""v1"", ""persona"": ""phd""}"
"('philosophyoflanguage', 'privatelanguage')",private language,philosophy of language,-1,3,expert,v1,v1,"{""model"": null, ""temperature"": null, ""date"": ""2025-09-06T23:06:20.654493+00:00"", ""prompt_version"": ""v1"", ""persona"": ""expert""}"
"('epistemology', 'indeterminism')",indeterminism,epistemology,-1,3,novice,v1,v1,"{""model"": null, ""temperature"": null, ""date"": ""2025-09-06T23:06:20.654652+00:00"", ""prompt_version"": ""v1"", ""persona"": ""novice""}"
"('epistemology', 'indeterminism')",indeterminism,epistemology,-1,3,course_taker,v1,v1,"{""model"": null, ""temperature"": null, ""date"": ""2025-09-06T23:06:20.654692+00:00"", ""prompt_version"": ""v1"", ""persona"": ""course_taker""}"
"('epistemology', 'indeterminism')",indeterminism,epistemology,-1,3,phd,v1,v1,"{""model"": null, ""temperature"": null, ""date"": ""2025-09-06T23:06:20.654729+00:00"", ""prompt_version"": ""v1"", ""persona"": ""phd""}"
"('epistemology', 'indeterminism')",indeterminism,epistemology,-1,3,expert,v1,v1,"{""model"": null, ""temperature"": null, ""date"": ""2025-09-06T23:06:20.654764+00:00"", ""prompt_version"": ""v1"", ""persona"": ""expert""}"
"('evolutionarypsychology', 'philosophyofreligion')",evolutionary psychology,philosophy of religion,-1,3,novice,v1,v1,"{""model"": null, ""temperature"": null, ""date"": ""2025-09-06T23:06:20.654884+00:00"", ""prompt_version"": ""v1"", ""persona"": ""novice""}"
"('evolutionarypsychology', 'philosophyofreligion')",evolutionary psychology,philosophy of religion,-1,3,course_taker,v1,v1,"{""model"": null, ""temperature"": null, ""date"": ""2025-09-06T23:06:20.655110+00:00"", ""prompt_version"": ""v1"", ""persona"": ""course_taker""}"
"('evolutionarypsychology', 'philosophyofreligion')",evolutionary psychology,philosophy of religion,-1,3,phd,v1,v1,"{""model"": null, ""temperature"": null, ""date"": ""2025-09-06T23:06:20.655158+00:00"", ""prompt_version"": ""v1"", ""persona"": ""phd""}"
"('evolutionarypsychology', 'philosophyofreligion')",evolutionary psychology,philosophy of religion,-1,3,expert,v1,v1,"{""model"": null, ""temperature"": null, ""date"": ""2025-09-06T23:06:20.655193+00:00"", ""prompt_version"": ""v1"", ""persona"": ""expert""}"
"('philosophyofmind', 'philosophyofperception')",philosophy of perception,philosophy of mind,-1,3,novice,v1,v1,"{""model"": null, ""temperature"": null, ""date"": ""2025-09-06T23:06:20.655255+00:00"", ""prompt_version"": ""v1"", ""persona"": ""novice""}"
"('philosophyofmind', 'philosophyofperception')",philosophy of perception,philosophy of mind,-1,3,course_taker,v1,v1,"{""model"": null, ""temperature"": null, ""date"": ""2025-09-06T23:06:20.655296+00:00"", ""prompt_version"": ""v1"", ""persona"": ""course_taker""}"
"('philosophyofmind', 'philosophyofperception')",philosophy of perception,philosophy of mind,-1,3,phd,v1,v1,"{""model"": null, ""temperature"": null, ""date"": ""2025-09-06T23:06:20.655331+00:00"", ""prompt_version"": ""v1"", ""persona"": ""phd""}"
"('philosophyofmind', 'philosophyofperception')",philosophy of perception,philosophy of mind,-1,3,expert,v1,v1,"{""model"": null, ""temperature"": null, ""date"": ""2025-09-06T23:06:20.655375+00:00"", ""prompt_version"": ""v1"", ""persona"": ""expert""}"
"('algebra', 'philosophyofmathematics')",philosophy of mathematics,algebra,-1,3,novice,v1,v1,"{""model"": null, ""temperature"": null, ""date"": ""2025-09-06T23:06:20.655450+00:00"", ""prompt_version"": ""v1"", ""persona"": ""novice""}"
"('algebra', 'philosophyofmathematics')",philosophy of mathematics,algebra,-1,3,course_taker,v1,v1,"{""model"": null, ""temperature"": null, ""date"": ""2025-09-06T23:06:20.655494+00:00"", ""prompt_version"": ""v1"", ""persona"": ""course_taker""}"
"('algebra', 'philosophyofmathematics')",philosophy of mathematics,algebra,-1,3,phd,v1,v1,"{""model"": null, ""temperature"": null, ""date"": ""2025-09-06T23:06:20.655536+00:00"", ""prompt_version"": ""v1"", ""persona"": ""phd""}"
"('algebra', 'philosophyofmathematics')",philosophy of mathematics,algebra,-1,3,expert,v1,v1,"{""model"": null, ""temperature"": null, ""date"": ""2025-09-06T23:06:20.655579+00:00"", ""prompt_version"": ""v1"", ""persona"": ""expert""}"
"('metaphysics', 'philosophyofbiology')",philosophy of biology,metaphysics,-1,3,novice,v1,v1,"{""model"": null, ""temperature"": null, ""date"": ""2025-09-06T23:06:20.655687+00:00"", ""prompt_version"": ""v1"", ""persona"": ""novice""}"
"('metaphysics', 'philosophyofbiology')",philosophy of biology,metaphysics,-1,3,course_taker,v1,v1,"{""model"": null, ""temperature"": null, ""date"": ""2025-09-06T23:06:20.655746+00:00"", ""prompt_version"": ""v1"", ""persona"": ""course_taker""}"
"('metaphysics', 'philosophyofbiology')",philosophy of biology,metaphysics,-1,3,phd,v1,v1,"{""model"": null, ""temperature"": null, ""date"": ""2025-09-06T23:06:20.655800+00:00"", ""prompt_version"": ""v1"", ""persona"": ""phd""}"
"('metaphysics', 'philosophyofbiology')",philosophy of biology,metaphysics,-1,3,expert,v1,v1,"{""model"": null, ""temperature"": null, ""date"": ""2025-09-06T23:06:20.655840+00:00"", ""prompt_version"": ""v1"", ""persona"": ""expert""}"
"('afterlife', 'eternityoftheworld')",eternity of the world,afterlife,-1,3,novice,v1,v1,"{""model"": null, ""temperature"": null, ""date"": ""2025-09-06T23:06:20.655929+00:00"", ""prompt_version"": ""v1"", ""persona"": ""novice""}"
"('afterlife', 'eternityoftheworld')",eternity of the world,afterlife,-1,3,course_taker,v1,v1,"{""model"": null, ""temperature"": null, ""date"": ""2025-09-06T23:06:20.655967+00:00"", ""prompt_version"": ""v1"", ""persona"": ""course_taker""}"
"('afterlife', 'eternityoftheworld')",eternity of the world,afterlife,-1,3,phd,v1,v1,"{""model"": null, ""temperature"": null, ""date"": ""2025-09-06T23:06:20.656004+00:00"", ""prompt_version"": ""v1"", ""persona"": ""phd""}"
"('afterlife', 'eternityoftheworld')",eternity of the world,afterlife,-1,3,expert,v1,v1,"{""model"": null, ""temperature"": null, ""date"": ""2025-09-06T23:06:20.656039+00:00"", ""prompt_version"": ""v1"", ""persona"": ""expert""}"
"('artificialintelligence', 'modernhistoryofcomputing')",modern history of computing,artificial intelligence,-1,3,novice,v1,v1,"{""model"": null, ""temperature"": null, ""date"": ""2025-09-06T23:06:20.656102+00:00"", ""prompt_version"": ""v1"", ""persona"": ""novice""}"
"('artificialintelligence', 'modernhistoryofcomputing')",modern history of computing,artificial intelligence,-1,3,course_taker,v1,v1,"{""model"": null, ""temperature"": null, ""date"": ""2025-09-06T23:06:20.656138+00:00"", ""prompt_version"": ""v1"", ""persona"": ""course_taker""}"
"('artificialintelligence', 'modernhistoryofcomputing')",modern history of computing,artificial intelligence,-1,3,phd,v1,v1,"{""model"": null, ""temperature"": null, ""date"": ""2025-09-06T23:06:20.656173+00:00"", ""prompt_version"": ""v1"", ""persona"": ""phd""}"
"('artificialintelligence', 'modernhistoryofcomputing')",modern history of computing,artificial intelligence,-1,3,expert,v1,v1,"{""model"": null, ""temperature"": null, ""date"": ""2025-09-06T23:06:20.656208+00:00"", ""prompt_version"": ""v1"", ""persona"": ""expert""}"
"('ambiguity', 'epistemology')",ambiguity,epistemology,-1,3,novice,v1,v1,"{""model"": null, ""temperature"": null, ""date"": ""2025-09-06T23:06:20.656269+00:00"", ""prompt_version"": ""v1"", ""persona"": ""novice""}"
"('ambiguity', 'epistemology')",ambiguity,epistemology,-1,3,course_taker,v1,v1,"{""model"": null, ""temperature"": null, ""date"": ""2025-09-06T23:06:20.656303+00:00"", ""prompt_version"": ""v1"", ""persona"": ""course_taker""}"
"('ambiguity', 'epistemology')",ambiguity,epistemology,-1,3,phd,v1,v1,"{""model"": null, ""temperature"": null, ""date"": ""2025-09-06T23:06:20.656336+00:00"", ""prompt_version"": ""v1"", ""persona"": ""phd""}"
"('ambiguity', 'epistemology')",ambiguity,epistemology,-1,3,expert,v1,v1,"{""model"": null, ""temperature"": null, ""date"": ""2025-09-06T23:06:20.656369+00:00"", ""prompt_version"": ""v1"", ""persona"": ""expert""}"
"('artificialintelligence', 'frameproblem')",frame problem,artificial intelligence,-1,3,novice,v1,v1,"{""model"": null, ""temperature"": null, ""date"": ""2025-09-06T23:06:20.656429+00:00"", ""prompt_version"": ""v1"", ""persona"": ""novice""}"
"('artificialintelligence', 'frameproblem')",frame problem,artificial intelligence,-1,3,course_taker,v1,v1,"{""model"": null, ""temperature"": null, ""date"": ""2025-09-06T23:06:20.656480+00:00"", ""prompt_version"": ""v1"", ""persona"": ""course_taker""}"
"('artificialintelligence', 'frameproblem')",frame problem,artificial intelligence,-1,3,phd,v1,v1,"{""model"": null, ""temperature"": null, ""date"": ""2025-09-06T23:06:20.656515+00:00"", ""prompt_version"": ""v1"", ""persona"": ""phd""}"
"('artificialintelligence', 'frameproblem')",frame problem,artificial intelligence,-1,3,expert,v1,v1,"{""model"": null, ""temperature"": null, ""date"": ""2025-09-06T23:06:20.656549+00:00"", ""prompt_version"": ""v1"", ""persona"": ""expert""}"
"('consciousnessandcontent', 'perception')",consciousness and content,perception,-1,3,novice,v1,v1,"{""model"": null, ""temperature"": null, ""date"": ""2025-09-06T23:06:20.656607+00:00"", ""prompt_version"": ""v1"", ""persona"": ""novice""}"
"('consciousnessandcontent', 'perception')",consciousness and content,perception,-1,3,course_taker,v1,v1,"{""model"": null, ""temperature"": null, ""date"": ""2025-09-06T23:06:20.656641+00:00"", ""prompt_version"": ""v1"", ""persona"": ""course_taker""}"
"('consciousnessandcontent', 'perception')",consciousness and content,perception,-1,3,phd,v1,v1,"{""model"": null, ""temperature"": null, ""date"": ""2025-09-06T23:06:20.656675+00:00"", ""prompt_version"": ""v1"", ""persona"": ""phd""}"
"('consciousnessandcontent', 'perception')",consciousness and content,perception,-1,3,expert,v1,v1,"{""model"": null, ""temperature"": null, ""date"": ""2025-09-06T23:06:20.656708+00:00"", ""prompt_version"": ""v1"", ""persona"": ""expert""}"
"('epistemology', 'interpretation')",interpretation,epistemology,-1,3,novice,v1,v1,"{""model"": null, ""temperature"": null, ""date"": ""2025-09-06T23:06:20.656766+00:00"", ""prompt_version"": ""v1"", ""persona"": ""novice""}"
"('epistemology', 'interpretation')",interpretation,epistemology,-1,3,course_taker,v1,v1,"{""model"": null, ""temperature"": null, ""date"": ""2025-09-06T23:06:20.656800+00:00"", ""prompt_version"": ""v1"", ""persona"": ""course_taker""}"
"('epistemology', 'interpretation')",interpretation,epistemology,-1,3,phd,v1,v1,"{""model"": null, ""temperature"": null, ""date"": ""2025-09-06T23:06:20.656833+00:00"", ""prompt_version"": ""v1"", ""persona"": ""phd""}"
"('epistemology', 'interpretation')",interpretation,epistemology,-1,3,expert,v1,v1,"{""model"": null, ""temperature"": null, ""date"": ""2025-09-06T23:06:20.656866+00:00"", ""prompt_version"": ""v1"", ""persona"": ""expert""}"
"('dualism', 'philosophyofmind')",dualism,philosophy of mind,-1,3,novice,v1,v1,"{""model"": null, ""temperature"": null, ""date"": ""2025-09-06T23:06:20.656923+00:00"", ""prompt_version"": ""v1"", ""persona"": ""novice""}"
"('dualism', 'philosophyofmind')",dualism,philosophy of mind,-1,3,course_taker,v1,v1,"{""model"": null, ""temperature"": null, ""date"": ""2025-09-06T23:06:20.656956+00:00"", ""prompt_version"": ""v1"", ""persona"": ""course_taker""}"
"('dualism', 'philosophyofmind')",dualism,philosophy of mind,-1,3,phd,v1,v1,"{""model"": null, ""temperature"": null, ""date"": ""2025-09-06T23:06:20.656989+00:00"", ""prompt_version"": ""v1"", ""persona"": ""phd""}"
"('dualism', 'philosophyofmind')",dualism,philosophy of mind,-1,3,expert,v1,v1,"{""model"": null, ""temperature"": null, ""date"": ""2025-09-06T23:06:20.657022+00:00"", ""prompt_version"": ""v1"", ""persona"": ""expert""}"
"('cognitivescience', 'philosophiesoftheparticularsciences')",cognitive science,philosophies of the particular sciences,-1,3,novice,v1,v1,"{""model"": null, ""temperature"": null, ""date"": ""2025-09-06T23:06:20.657080+00:00"", ""prompt_version"": ""v1"", ""persona"": ""novice""}"
"('cognitivescience', 'philosophiesoftheparticularsciences')",cognitive science,philosophies of the particular sciences,-1,3,course_taker,v1,v1,"{""model"": null, ""temperature"": null, ""date"": ""2025-09-06T23:06:20.657115+00:00"", ""prompt_version"": ""v1"", ""persona"": ""course_taker""}"
"('cognitivescience', 'philosophiesoftheparticularsciences')",cognitive science,philosophies of the particular sciences,-1,3,phd,v1,v1,"{""model"": null, ""temperature"": null, ""date"": ""2025-09-06T23:06:20.657149+00:00"", ""prompt_version"": ""v1"", ""persona"": ""phd""}"
"('cognitivescience', 'philosophiesoftheparticularsciences')",cognitive science,philosophies of the particular sciences,-1,3,expert,v1,v1,"{""model"": null, ""temperature"": null, ""date"": ""2025-09-06T23:06:20.657183+00:00"", ""prompt_version"": ""v1"", ""persona"": ""expert""}"
"('animalcognition', 'perception')",animal cognition,perception,-1,3,novice,v1,v1,"{""model"": null, ""temperature"": null, ""date"": ""2025-09-06T23:06:20.657241+00:00"", ""prompt_version"": ""v1"", ""persona"": ""novice""}"
"('animalcognition', 'perception')",animal cognition,perception,-1,3,course_taker,v1,v1,"{""model"": null, ""temperature"": null, ""date"": ""2025-09-06T23:06:20.657274+00:00"", ""prompt_version"": ""v1"", ""persona"": ""course_taker""}"
"('animalcognition', 'perception')",animal cognition,perception,-1,3,phd,v1,v1,"{""model"": null, ""temperature"": null, ""date"": ""2025-09-06T23:06:20.657307+00:00"", ""prompt_version"": ""v1"", ""persona"": ""phd""}"
"('animalcognition', 'perception')",animal cognition,perception,-1,3,expert,v1,v1,"{""model"": null, ""temperature"": null, ""date"": ""2025-09-06T23:06:20.657340+00:00"", ""prompt_version"": ""v1"", ""persona"": ""expert""}"
"('epistemology', 'virtueepistemology')",virtue epistemology,epistemology,-1,3,novice,v1,v1,"{""model"": null, ""temperature"": null, ""date"": ""2025-09-06T23:06:20.657397+00:00"", ""prompt_version"": ""v1"", ""persona"": ""novice""}"
"('epistemology', 'virtueepistemology')",virtue epistemology,epistemology,-1,3,course_taker,v1,v1,"{""model"": null, ""temperature"": null, ""date"": ""2025-09-06T23:06:20.657430+00:00"", ""prompt_version"": ""v1"", ""persona"": ""course_taker""}"
"('epistemology', 'virtueepistemology')",virtue epistemology,epistemology,-1,3,phd,v1,v1,"{""model"": null, ""temperature"": null, ""date"": ""2025-09-06T23:06:20.657464+00:00"", ""prompt_version"": ""v1"", ""persona"": ""phd""}"
"('epistemology', 'virtueepistemology')",virtue epistemology,epistemology,-1,3,expert,v1,v1,"{""model"": null, ""temperature"": null, ""date"": ""2025-09-06T23:06:20.657496+00:00"", ""prompt_version"": ""v1"", ""persona"": ""expert""}"
"('mentalcontent', 'theoriesofmentalcontent')",theories of mental content,mental content,-1,3,novice,v1,v1,"{""model"": null, ""temperature"": null, ""date"": ""2025-09-06T23:06:20.657554+00:00"", ""prompt_version"": ""v1"", ""persona"": ""novice""}"
"('mentalcontent', 'theoriesofmentalcontent')",theories of mental content,mental content,-1,3,course_taker,v1,v1,"{""model"": null, ""temperature"": null, ""date"": ""2025-09-06T23:06:20.657588+00:00"", ""prompt_version"": ""v1"", ""persona"": ""course_taker""}"
"('mentalcontent', 'theoriesofmentalcontent')",theories of mental content,mental content,-1,3,phd,v1,v1,"{""model"": null, ""temperature"": null, ""date"": ""2025-09-06T23:06:20.657621+00:00"", ""prompt_version"": ""v1"", ""persona"": ""phd""}"
"('mentalcontent', 'theoriesofmentalcontent')",theories of mental content,mental content,-1,3,expert,v1,v1,"{""model"": null, ""temperature"": null, ""date"": ""2025-09-06T23:06:20.657655+00:00"", ""prompt_version"": ""v1"", ""persona"": ""expert""}"
"('mentalcontent', 'mentalimagery')",mental imagery,mental content,-1,3,novice,v1,v1,"{""model"": null, ""temperature"": null, ""date"": ""2025-09-06T23:06:20.657712+00:00"", ""prompt_version"": ""v1"", ""persona"": ""novice""}"
"('mentalcontent', 'mentalimagery')",mental imagery,mental content,-1,3,course_taker,v1,v1,"{""model"": null, ""temperature"": null, ""date"": ""2025-09-06T23:06:20.657745+00:00"", ""prompt_version"": ""v1"", ""persona"": ""course_taker""}"
"('mentalcontent', 'mentalimagery')",mental imagery,mental content,-1,3,phd,v1,v1,"{""model"": null, ""temperature"": null, ""date"": ""2025-09-06T23:06:20.657778+00:00"", ""prompt_version"": ""v1"", ""persona"": ""phd""}"
"('mentalcontent', 'mentalimagery')",mental imagery,mental content,-1,3,expert,v1,v1,"{""model"": null, ""temperature"": null, ""date"": ""2025-09-06T23:06:20.657822+00:00"", ""prompt_version"": ""v1"", ""persona"": ""expert""}"
"('continentalphilosophy', 'feminism')",feminism,continental philosophy,-1,3,novice,v1,v1,"{""model"": null, ""temperature"": null, ""date"": ""2025-09-06T23:06:20.657882+00:00"", ""prompt_version"": ""v1"", ""persona"": ""novice""}"
"('continentalphilosophy', 'feminism')",feminism,continental philosophy,-1,3,course_taker,v1,v1,"{""model"": null, ""temperature"": null, ""date"": ""2025-09-06T23:06:20.657915+00:00"", ""prompt_version"": ""v1"", ""persona"": ""course_taker""}"
"('continentalphilosophy', 'feminism')",feminism,continental philosophy,-1,3,phd,v1,v1,"{""model"": null, ""temperature"": null, ""date"": ""2025-09-06T23:06:20.657948+00:00"", ""prompt_version"": ""v1"", ""persona"": ""phd""}"
"('continentalphilosophy', 'feminism')",feminism,continental philosophy,-1,3,expert,v1,v1,"{""model"": null, ""temperature"": null, ""date"": ""2025-09-06T23:06:20.657981+00:00"", ""prompt_version"": ""v1"", ""persona"": ""expert""}"
"('epistemology', 'psychiatry')",psychiatry,epistemology,-1,3,novice,v1,v1,"{""model"": null, ""temperature"": null, ""date"": ""2025-09-06T23:06:20.658038+00:00"", ""prompt_version"": ""v1"", ""persona"": ""novice""}"
"('epistemology', 'psychiatry')",psychiatry,epistemology,-1,3,course_taker,v1,v1,"{""model"": null, ""temperature"": null, ""date"": ""2025-09-06T23:06:20.658074+00:00"", ""prompt_version"": ""v1"", ""persona"": ""course_taker""}"
"('epistemology', 'psychiatry')",psychiatry,epistemology,-1,3,phd,v1,v1,"{""model"": null, ""temperature"": null, ""date"": ""2025-09-06T23:06:20.658107+00:00"", ""prompt_version"": ""v1"", ""persona"": ""phd""}"
"('epistemology', 'psychiatry')",psychiatry,epistemology,-1,3,expert,v1,v1,"{""model"": null, ""temperature"": null, ""date"": ""2025-09-06T23:06:20.658140+00:00"", ""prompt_version"": ""v1"", ""persona"": ""expert""}"
"('africanandafricanamericanphilosophy', 'africansagephilosophy')",african sage philosophy,african and african-american philosophy,-1,3,novice,v1,v1,"{""model"": null, ""temperature"": null, ""date"": ""2025-09-06T23:06:20.658198+00:00"", ""prompt_version"": ""v1"", ""persona"": ""novice""}"
"('africanandafricanamericanphilosophy', 'africansagephilosophy')",african sage philosophy,african and african-american philosophy,-1,3,course_taker,v1,v1,"{""model"": null, ""temperature"": null, ""date"": ""2025-09-06T23:06:20.658232+00:00"", ""prompt_version"": ""v1"", ""persona"": ""course_taker""}"
"('africanandafricanamericanphilosophy', 'africansagephilosophy')",african sage philosophy,african and african-american philosophy,-1,3,phd,v1,v1,"{""model"": null, ""temperature"": null, ""date"": ""2025-09-06T23:06:20.658266+00:00"", ""prompt_version"": ""v1"", ""persona"": ""phd""}"
"('africanandafricanamericanphilosophy', 'africansagephilosophy')",african sage philosophy,african and african-american philosophy,-1,3,expert,v1,v1,"{""model"": null, ""temperature"": null, ""date"": ""2025-09-06T23:06:20.658299+00:00"", ""prompt_version"": ""v1"", ""persona"": ""expert""}"
"('molecularbiology', 'philosophyofbiology')",molecular biology,philosophy of biology,-1,3,novice,v1,v1,"{""model"": null, ""temperature"": null, ""date"": ""2025-09-06T23:06:20.658357+00:00"", ""prompt_version"": ""v1"", ""persona"": ""novice""}"
"('molecularbiology', 'philosophyofbiology')",molecular biology,philosophy of biology,-1,3,course_taker,v1,v1,"{""model"": null, ""temperature"": null, ""date"": ""2025-09-06T23:06:20.658391+00:00"", ""prompt_version"": ""v1"", ""persona"": ""course_taker""}"
"('molecularbiology', 'philosophyofbiology')",molecular biology,philosophy of biology,-1,3,phd,v1,v1,"{""model"": null, ""temperature"": null, ""date"": ""2025-09-06T23:06:20.658426+00:00"", ""prompt_version"": ""v1"", ""persona"": ""phd""}"
"('molecularbiology', 'philosophyofbiology')",molecular biology,philosophy of biology,-1,3,expert,v1,v1,"{""model"": null, ""temperature"": null, ""date"": ""2025-09-06T23:06:20.658459+00:00"", ""prompt_version"": ""v1"", ""persona"": ""expert""}"
"('churchturingthesis', 'function')",church-turing thesis,function,-1,3,novice,v1,v1,"{""model"": null, ""temperature"": null, ""date"": ""2025-09-06T23:06:20.658517+00:00"", ""prompt_version"": ""v1"", ""persona"": ""novice""}"
"('churchturingthesis', 'function')",church-turing thesis,function,-1,3,course_taker,v1,v1,"{""model"": null, ""temperature"": null, ""date"": ""2025-09-06T23:06:20.658550+00:00"", ""prompt_version"": ""v1"", ""persona"": ""course_taker""}"
"('churchturingthesis', 'function')",church-turing thesis,function,-1,3,phd,v1,v1,"{""model"": null, ""temperature"": null, ""date"": ""2025-09-06T23:06:20.658583+00:00"", ""prompt_version"": ""v1"", ""persona"": ""phd""}"
"('churchturingthesis', 'function')",church-turing thesis,function,-1,3,expert,v1,v1,"{""model"": null, ""temperature"": null, ""date"": ""2025-09-06T23:06:20.658616+00:00"", ""prompt_version"": ""v1"", ""persona"": ""expert""}"
"('analysis', 'metaphysics')",analysis,metaphysics,-1,3,novice,v1,v1,"{""model"": null, ""temperature"": null, ""date"": ""2025-09-06T23:06:20.658672+00:00"", ""prompt_version"": ""v1"", ""persona"": ""novice""}"
"('analysis', 'metaphysics')",analysis,metaphysics,-1,3,course_taker,v1,v1,"{""model"": null, ""temperature"": null, ""date"": ""2025-09-06T23:06:20.658705+00:00"", ""prompt_version"": ""v1"", ""persona"": ""course_taker""}"
"('analysis', 'metaphysics')",analysis,metaphysics,-1,3,phd,v1,v1,"{""model"": null, ""temperature"": null, ""date"": ""2025-09-06T23:06:20.658737+00:00"", ""prompt_version"": ""v1"", ""persona"": ""phd""}"
"('analysis', 'metaphysics')",analysis,metaphysics,-1,3,expert,v1,v1,"{""model"": null, ""temperature"": null, ""date"": ""2025-09-06T23:06:20.658769+00:00"", ""prompt_version"": ""v1"", ""persona"": ""expert""}"
"('philosophyoflanguage', 'syntax')",philosophy of language,syntax,-1,3,novice,v1,v1,"{""model"": null, ""temperature"": null, ""date"": ""2025-09-06T23:06:20.658826+00:00"", ""prompt_version"": ""v1"", ""persona"": ""novice""}"
"('philosophyoflanguage', 'syntax')",philosophy of language,syntax,-1,3,course_taker,v1,v1,"{""model"": null, ""temperature"": null, ""date"": ""2025-09-06T23:06:20.658859+00:00"", ""prompt_version"": ""v1"", ""persona"": ""course_taker""}"
"('philosophyoflanguage', 'syntax')",philosophy of language,syntax,-1,3,phd,v1,v1,"{""model"": null, ""temperature"": null, ""date"": ""2025-09-06T23:06:20.658892+00:00"", ""prompt_version"": ""v1"", ""persona"": ""phd""}"
"('philosophyoflanguage', 'syntax')",philosophy of language,syntax,-1,3,expert,v1,v1,"{""model"": null, ""temperature"": null, ""date"": ""2025-09-06T23:06:20.658925+00:00"", ""prompt_version"": ""v1"", ""persona"": ""expert""}"
"('africanandafricanamericanphilosophy', 'race')",race,african and african-american philosophy,-1,3,novice,v1,v1,"{""model"": null, ""temperature"": null, ""date"": ""2025-09-06T23:06:20.658986+00:00"", ""prompt_version"": ""v1"", ""persona"": ""novice""}"
"('africanandafricanamericanphilosophy', 'race')",race,african and african-american philosophy,-1,3,course_taker,v1,v1,"{""model"": null, ""temperature"": null, ""date"": ""2025-09-06T23:06:20.659020+00:00"", ""prompt_version"": ""v1"", ""persona"": ""course_taker""}"
"('africanandafricanamericanphilosophy', 'race')",race,african and african-american philosophy,-1,3,phd,v1,v1,"{""model"": null, ""temperature"": null, ""date"": ""2025-09-06T23:06:20.659053+00:00"", ""prompt_version"": ""v1"", ""persona"": ""phd""}"
"('africanandafricanamericanphilosophy', 'race')",race,african and african-american philosophy,-1,3,expert,v1,v1,"{""model"": null, ""temperature"": null, ""date"": ""2025-09-06T23:06:20.659086+00:00"", ""prompt_version"": ""v1"", ""persona"": ""expert""}"
"('cognitivescience', 'languagelearning')",language learning,cognitive science,-1,3,novice,v1,v1,"{""model"": null, ""temperature"": null, ""date"": ""2025-09-06T23:06:20.659146+00:00"", ""prompt_version"": ""v1"", ""persona"": ""novice""}"
"('cognitivescience', 'languagelearning')",language learning,cognitive science,-1,3,course_taker,v1,v1,"{""model"": null, ""temperature"": null, ""date"": ""2025-09-06T23:06:20.659191+00:00"", ""prompt_version"": ""v1"", ""persona"": ""course_taker""}"
"('cognitivescience', 'languagelearning')",language learning,cognitive science,-1,3,phd,v1,v1,"{""model"": null, ""temperature"": null, ""date"": ""2025-09-06T23:06:20.659224+00:00"", ""prompt_version"": ""v1"", ""persona"": ""phd""}"
"('cognitivescience', 'languagelearning')",language learning,cognitive science,-1,3,expert,v1,v1,"{""model"": null, ""temperature"": null, ""date"": ""2025-09-06T23:06:20.659257+00:00"", ""prompt_version"": ""v1"", ""persona"": ""expert""}"
"('aspectsofconsciousness', 'unityofconsciousness')",unity of consciousness,aspects of consciousness,-1,3,novice,v1,v1,"{""model"": null, ""temperature"": null, ""date"": ""2025-09-06T23:06:20.659314+00:00"", ""prompt_version"": ""v1"", ""persona"": ""novice""}"
"('aspectsofconsciousness', 'unityofconsciousness')",unity of consciousness,aspects of consciousness,-1,3,course_taker,v1,v1,"{""model"": null, ""temperature"": null, ""date"": ""2025-09-06T23:06:20.659348+00:00"", ""prompt_version"": ""v1"", ""persona"": ""course_taker""}"
"('aspectsofconsciousness', 'unityofconsciousness')",unity of consciousness,aspects of consciousness,-1,3,phd,v1,v1,"{""model"": null, ""temperature"": null, ""date"": ""2025-09-06T23:06:20.659381+00:00"", ""prompt_version"": ""v1"", ""persona"": ""phd""}"
"('aspectsofconsciousness', 'unityofconsciousness')",unity of consciousness,aspects of consciousness,-1,3,expert,v1,v1,"{""model"": null, ""temperature"": null, ""date"": ""2025-09-06T23:06:20.659414+00:00"", ""prompt_version"": ""v1"", ""persona"": ""expert""}"
"('epistemology', 'transworldidentity')",transworld identity,epistemology,-1,3,novice,v1,v1,"{""model"": null, ""temperature"": null, ""date"": ""2025-09-06T23:06:20.659472+00:00"", ""prompt_version"": ""v1"", ""persona"": ""novice""}"
"('epistemology', 'transworldidentity')",transworld identity,epistemology,-1,3,course_taker,v1,v1,"{""model"": null, ""temperature"": null, ""date"": ""2025-09-06T23:06:20.659504+00:00"", ""prompt_version"": ""v1"", ""persona"": ""course_taker""}"
"('epistemology', 'transworldidentity')",transworld identity,epistemology,-1,3,phd,v1,v1,"{""model"": null, ""temperature"": null, ""date"": ""2025-09-06T23:06:20.659537+00:00"", ""prompt_version"": ""v1"", ""persona"": ""phd""}"
"('epistemology', 'transworldidentity')",transworld identity,epistemology,-1,3,expert,v1,v1,"{""model"": null, ""temperature"": null, ""date"": ""2025-09-06T23:06:20.659573+00:00"", ""prompt_version"": ""v1"", ""persona"": ""expert""}"
"('judaism', 'philosophyofreligion')",judaism,philosophy of religion,-1,3,novice,v1,v1,"{""model"": null, ""temperature"": null, ""date"": ""2025-09-06T23:06:20.659635+00:00"", ""prompt_version"": ""v1"", ""persona"": ""novice""}"
"('judaism', 'philosophyofreligion')",judaism,philosophy of religion,-1,3,course_taker,v1,v1,"{""model"": null, ""temperature"": null, ""date"": ""2025-09-06T23:06:20.659668+00:00"", ""prompt_version"": ""v1"", ""persona"": ""course_taker""}"
"('judaism', 'philosophyofreligion')",judaism,philosophy of religion,-1,3,phd,v1,v1,"{""model"": null, ""temperature"": null, ""date"": ""2025-09-06T23:06:20.659701+00:00"", ""prompt_version"": ""v1"", ""persona"": ""phd""}"
"('judaism', 'philosophyofreligion')",judaism,philosophy of religion,-1,3,expert,v1,v1,"{""model"": null, ""temperature"": null, ""date"": ""2025-09-06T23:06:20.659733+00:00"", ""prompt_version"": ""v1"", ""persona"": ""expert""}"
"('metaphysics', 'processtheism')",process theism,metaphysics,-1,3,novice,v1,v1,"{""model"": null, ""temperature"": null, ""date"": ""2025-09-06T23:06:20.659790+00:00"", ""prompt_version"": ""v1"", ""persona"": ""novice""}"
"('metaphysics', 'processtheism')",process theism,metaphysics,-1,3,course_taker,v1,v1,"{""model"": null, ""temperature"": null, ""date"": ""2025-09-06T23:06:20.659823+00:00"", ""prompt_version"": ""v1"", ""persona"": ""course_taker""}"
"('metaphysics', 'processtheism')",process theism,metaphysics,-1,3,phd,v1,v1,"{""model"": null, ""temperature"": null, ""date"": ""2025-09-06T23:06:20.659856+00:00"", ""prompt_version"": ""v1"", ""persona"": ""phd""}"
"('metaphysics', 'processtheism')",process theism,metaphysics,-1,3,expert,v1,v1,"{""model"": null, ""temperature"": null, ""date"": ""2025-09-06T23:06:20.659888+00:00"", ""prompt_version"": ""v1"", ""persona"": ""expert""}"
"('metaphysics', 'philosophiesoftheparticularsciences')",philosophies of the particular sciences,metaphysics,-1,3,novice,v1,v1,"{""model"": null, ""temperature"": null, ""date"": ""2025-09-06T23:06:20.659946+00:00"", ""prompt_version"": ""v1"", ""persona"": ""novice""}"
"('metaphysics', 'philosophiesoftheparticularsciences')",philosophies of the particular sciences,metaphysics,-1,3,course_taker,v1,v1,"{""model"": null, ""temperature"": null, ""date"": ""2025-09-06T23:06:20.659979+00:00"", ""prompt_version"": ""v1"", ""persona"": ""course_taker""}"
"('metaphysics', 'philosophiesoftheparticularsciences')",philosophies of the particular sciences,metaphysics,-1,3,phd,v1,v1,"{""model"": null, ""temperature"": null, ""date"": ""2025-09-06T23:06:20.660013+00:00"", ""prompt_version"": ""v1"", ""persona"": ""phd""}"
"('metaphysics', 'philosophiesoftheparticularsciences')",philosophies of the particular sciences,metaphysics,-1,3,expert,v1,v1,"{""model"": null, ""temperature"": null, ""date"": ""2025-09-06T23:06:20.660046+00:00"", ""prompt_version"": ""v1"", ""persona"": ""expert""}"
"('creationism', 'philosophyofreligion')",creationism,philosophy of religion,-1,3,novice,v1,v1,"{""model"": null, ""temperature"": null, ""date"": ""2025-09-06T23:06:20.660103+00:00"", ""prompt_version"": ""v1"", ""persona"": ""novice""}"
"('creationism', 'philosophyofreligion')",creationism,philosophy of religion,-1,3,course_taker,v1,v1,"{""model"": null, ""temperature"": null, ""date"": ""2025-09-06T23:06:20.660137+00:00"", ""prompt_version"": ""v1"", ""persona"": ""course_taker""}"
"('creationism', 'philosophyofreligion')",creationism,philosophy of religion,-1,3,phd,v1,v1,"{""model"": null, ""temperature"": null, ""date"": ""2025-09-06T23:06:20.660170+00:00"", ""prompt_version"": ""v1"", ""persona"": ""phd""}"
"('creationism', 'philosophyofreligion')",creationism,philosophy of religion,-1,3,expert,v1,v1,"{""model"": null, ""temperature"": null, ""date"": ""2025-09-06T23:06:20.660202+00:00"", ""prompt_version"": ""v1"", ""persona"": ""expert""}"
"('epistemology', 'historyofscience')",history of science,epistemology,-1,3,novice,v1,v1,"{""model"": null, ""temperature"": null, ""date"": ""2025-09-06T23:06:20.660338+00:00"", ""prompt_version"": ""v1"", ""persona"": ""novice""}"
"('epistemology', 'historyofscience')",history of science,epistemology,-1,3,course_taker,v1,v1,"{""model"": null, ""temperature"": null, ""date"": ""2025-09-06T23:06:20.660382+00:00"", ""prompt_version"": ""v1"", ""persona"": ""course_taker""}"
"('epistemology', 'historyofscience')",history of science,epistemology,-1,3,phd,v1,v1,"{""model"": null, ""temperature"": null, ""date"": ""2025-09-06T23:06:20.660507+00:00"", ""prompt_version"": ""v1"", ""persona"": ""phd""}"
"('epistemology', 'historyofscience')",history of science,epistemology,-1,3,expert,v1,v1,"{""model"": null, ""temperature"": null, ""date"": ""2025-09-06T23:06:20.660555+00:00"", ""prompt_version"": ""v1"", ""persona"": ""expert""}"
"('causation', 'counterfactualtheoriesofcausation')",counterfactual theories of causation,causation,-1,3,novice,v1,v1,"{""model"": null, ""temperature"": null, ""date"": ""2025-09-06T23:06:20.660620+00:00"", ""prompt_version"": ""v1"", ""persona"": ""novice""}"
"('causation', 'counterfactualtheoriesofcausation')",counterfactual theories of causation,causation,-1,3,course_taker,v1,v1,"{""model"": null, ""temperature"": null, ""date"": ""2025-09-06T23:06:20.660657+00:00"", ""prompt_version"": ""v1"", ""persona"": ""course_taker""}"
"('causation', 'counterfactualtheoriesofcausation')",counterfactual theories of causation,causation,-1,3,phd,v1,v1,"{""model"": null, ""temperature"": null, ""date"": ""2025-09-06T23:06:20.660693+00:00"", ""prompt_version"": ""v1"", ""persona"": ""phd""}"
"('causation', 'counterfactualtheoriesofcausation')",counterfactual theories of causation,causation,-1,3,expert,v1,v1,"{""model"": null, ""temperature"": null, ""date"": ""2025-09-06T23:06:20.660753+00:00"", ""prompt_version"": ""v1"", ""persona"": ""expert""}"
"('consciousnessandintentionality', 'philosophyofmind')",consciousness and intentionality,philosophy of mind,-1,3,novice,v1,v1,"{""model"": null, ""temperature"": null, ""date"": ""2025-09-06T23:06:20.660814+00:00"", ""prompt_version"": ""v1"", ""persona"": ""novice""}"
"('consciousnessandintentionality', 'philosophyofmind')",consciousness and intentionality,philosophy of mind,-1,3,course_taker,v1,v1,"{""model"": null, ""temperature"": null, ""date"": ""2025-09-06T23:06:20.660849+00:00"", ""prompt_version"": ""v1"", ""persona"": ""course_taker""}"
"('consciousnessandintentionality', 'philosophyofmind')",consciousness and intentionality,philosophy of mind,-1,3,phd,v1,v1,"{""model"": null, ""temperature"": null, ""date"": ""2025-09-06T23:06:20.660883+00:00"", ""prompt_version"": ""v1"", ""persona"": ""phd""}"
"('consciousnessandintentionality', 'philosophyofmind')",consciousness and intentionality,philosophy of mind,-1,3,expert,v1,v1,"{""model"": null, ""temperature"": null, ""date"": ""2025-09-06T23:06:20.660916+00:00"", ""prompt_version"": ""v1"", ""persona"": ""expert""}"
"('descartesepistemology', 'philosophyofmind')",descartes' epistemology,philosophy of mind,-1,3,novice,v1,v1,"{""model"": null, ""temperature"": null, ""date"": ""2025-09-06T23:06:20.660975+00:00"", ""prompt_version"": ""v1"", ""persona"": ""novice""}"
"('descartesepistemology', 'philosophyofmind')",descartes' epistemology,philosophy of mind,-1,3,course_taker,v1,v1,"{""model"": null, ""temperature"": null, ""date"": ""2025-09-06T23:06:20.661008+00:00"", ""prompt_version"": ""v1"", ""persona"": ""course_taker""}"
"('descartesepistemology', 'philosophyofmind')",descartes' epistemology,philosophy of mind,-1,3,phd,v1,v1,"{""model"": null, ""temperature"": null, ""date"": ""2025-09-06T23:06:20.661041+00:00"", ""prompt_version"": ""v1"", ""persona"": ""phd""}"
"('descartesepistemology', 'philosophyofmind')",descartes' epistemology,philosophy of mind,-1,3,expert,v1,v1,"{""model"": null, ""temperature"": null, ""date"": ""2025-09-06T23:06:20.661074+00:00"", ""prompt_version"": ""v1"", ""persona"": ""expert""}"
"('descartesmodalmetaphysics', 'philosophyofmind')",descartes' modal metaphysics,philosophy of mind,-1,3,novice,v1,v1,"{""model"": null, ""temperature"": null, ""date"": ""2025-09-06T23:06:20.661132+00:00"", ""prompt_version"": ""v1"", ""persona"": ""novice""}"
"('descartesmodalmetaphysics', 'philosophyofmind')",descartes' modal metaphysics,philosophy of mind,-1,3,course_taker,v1,v1,"{""model"": null, ""temperature"": null, ""date"": ""2025-09-06T23:06:20.661166+00:00"", ""prompt_version"": ""v1"", ""persona"": ""course_taker""}"
"('descartesmodalmetaphysics', 'philosophyofmind')",descartes' modal metaphysics,philosophy of mind,-1,3,phd,v1,v1,"{""model"": null, ""temperature"": null, ""date"": ""2025-09-06T23:06:20.661200+00:00"", ""prompt_version"": ""v1"", ""persona"": ""phd""}"
"('descartesmodalmetaphysics', 'philosophyofmind')",descartes' modal metaphysics,philosophy of mind,-1,3,expert,v1,v1,"{""model"": null, ""temperature"": null, ""date"": ""2025-09-06T23:06:20.661234+00:00"", ""prompt_version"": ""v1"", ""persona"": ""expert""}"
"('cognitivescience', 'explanation')",cognitive science,explanation,-1,3,novice,v1,v1,"{""model"": null, ""temperature"": null, ""date"": ""2025-09-06T23:06:20.661312+00:00"", ""prompt_version"": ""v1"", ""persona"": ""novice""}"
"('cognitivescience', 'explanation')",cognitive science,explanation,-1,3,course_taker,v1,v1,"{""model"": null, ""temperature"": null, ""date"": ""2025-09-06T23:06:20.661349+00:00"", ""prompt_version"": ""v1"", ""persona"": ""course_taker""}"
"('cognitivescience', 'explanation')",cognitive science,explanation,-1,3,phd,v1,v1,"{""model"": null, ""temperature"": null, ""date"": ""2025-09-06T23:06:20.661385+00:00"", ""prompt_version"": ""v1"", ""persona"": ""phd""}"
"('cognitivescience', 'explanation')",cognitive science,explanation,-1,3,expert,v1,v1,"{""model"": null, ""temperature"": null, ""date"": ""2025-09-06T23:06:20.661419+00:00"", ""prompt_version"": ""v1"", ""persona"": ""expert""}"
"('philosophyofmind', 'probability')",probability,philosophy of mind,-1,3,novice,v1,v1,"{""model"": null, ""temperature"": null, ""date"": ""2025-09-06T23:06:20.661479+00:00"", ""prompt_version"": ""v1"", ""persona"": ""novice""}"
"('philosophyofmind', 'probability')",probability,philosophy of mind,-1,3,course_taker,v1,v1,"{""model"": null, ""temperature"": null, ""date"": ""2025-09-06T23:06:20.661513+00:00"", ""prompt_version"": ""v1"", ""persona"": ""course_taker""}"
"('philosophyofmind', 'probability')",probability,philosophy of mind,-1,3,phd,v1,v1,"{""model"": null, ""temperature"": null, ""date"": ""2025-09-06T23:06:20.661547+00:00"", ""prompt_version"": ""v1"", ""persona"": ""phd""}"
"('philosophyofmind', 'probability')",probability,philosophy of mind,-1,3,expert,v1,v1,"{""model"": null, ""temperature"": null, ""date"": ""2025-09-06T23:06:20.661580+00:00"", ""prompt_version"": ""v1"", ""persona"": ""expert""}"
"('dadaism', 'perception')",dadaism,perception,-1,3,novice,v1,v1,"{""model"": null, ""temperature"": null, ""date"": ""2025-09-06T23:06:20.661639+00:00"", ""prompt_version"": ""v1"", ""persona"": ""novice""}"
"('dadaism', 'perception')",dadaism,perception,-1,3,course_taker,v1,v1,"{""model"": null, ""temperature"": null, ""date"": ""2025-09-06T23:06:20.661672+00:00"", ""prompt_version"": ""v1"", ""persona"": ""course_taker""}"
"('dadaism', 'perception')",dadaism,perception,-1,3,phd,v1,v1,"{""model"": null, ""temperature"": null, ""date"": ""2025-09-06T23:06:20.661705+00:00"", ""prompt_version"": ""v1"", ""persona"": ""phd""}"
"('dadaism', 'perception')",dadaism,perception,-1,3,expert,v1,v1,"{""model"": null, ""temperature"": null, ""date"": ""2025-09-06T23:06:20.661738+00:00"", ""prompt_version"": ""v1"", ""persona"": ""expert""}"
"('cognitivescience', 'computationaltheoryofmind')",computational theory of mind,cognitive science,-1,3,novice,v1,v1,"{""model"": null, ""temperature"": null, ""date"": ""2025-09-06T23:06:20.661795+00:00"", ""prompt_version"": ""v1"", ""persona"": ""novice""}"
"('cognitivescience', 'computationaltheoryofmind')",computational theory of mind,cognitive science,-1,3,course_taker,v1,v1,"{""model"": null, ""temperature"": null, ""date"": ""2025-09-06T23:06:20.661829+00:00"", ""prompt_version"": ""v1"", ""persona"": ""course_taker""}"
"('cognitivescience', 'computationaltheoryofmind')",computational theory of mind,cognitive science,-1,3,phd,v1,v1,"{""model"": null, ""temperature"": null, ""date"": ""2025-09-06T23:06:20.661863+00:00"", ""prompt_version"": ""v1"", ""persona"": ""phd""}"
"('cognitivescience', 'computationaltheoryofmind')",computational theory of mind,cognitive science,-1,3,expert,v1,v1,"{""model"": null, ""temperature"": null, ""date"": ""2025-09-06T23:06:20.661896+00:00"", ""prompt_version"": ""v1"", ""persona"": ""expert""}"
"('artificialintelligence', 'chineseroomargument')",chinese room argument,artificial intelligence,-1,3,novice,v1,v1,"{""model"": null, ""temperature"": null, ""date"": ""2025-09-06T23:06:20.662019+00:00"", ""prompt_version"": ""v1"", ""persona"": ""novice""}"
"('artificialintelligence', 'chineseroomargument')",chinese room argument,artificial intelligence,-1,3,course_taker,v1,v1,"{""model"": null, ""temperature"": null, ""date"": ""2025-09-06T23:06:20.662074+00:00"", ""prompt_version"": ""v1"", ""persona"": ""course_taker""}"
"('artificialintelligence', 'chineseroomargument')",chinese room argument,artificial intelligence,-1,3,phd,v1,v1,"{""model"": null, ""temperature"": null, ""date"": ""2025-09-06T23:06:20.662121+00:00"", ""prompt_version"": ""v1"", ""persona"": ""phd""}"
"('artificialintelligence', 'chineseroomargument')",chinese room argument,artificial intelligence,-1,3,expert,v1,v1,"{""model"": null, ""temperature"": null, ""date"": ""2025-09-06T23:06:20.662158+00:00"", ""prompt_version"": ""v1"", ""persona"": ""expert""}"
"('daoism', 'philosophyofreligion')",daoism,philosophy of religion,-1,3,novice,v1,v1,"{""model"": null, ""temperature"": null, ""date"": ""2025-09-06T23:06:20.662240+00:00"", ""prompt_version"": ""v1"", ""persona"": ""novice""}"
"('daoism', 'philosophyofreligion')",daoism,philosophy of religion,-1,3,course_taker,v1,v1,"{""model"": null, ""temperature"": null, ""date"": ""2025-09-06T23:06:20.662278+00:00"", ""prompt_version"": ""v1"", ""persona"": ""course_taker""}"
"('daoism', 'philosophyofreligion')",daoism,philosophy of religion,-1,3,phd,v1,v1,"{""model"": null, ""temperature"": null, ""date"": ""2025-09-06T23:06:20.662313+00:00"", ""prompt_version"": ""v1"", ""persona"": ""phd""}"
"('daoism', 'philosophyofreligion')",daoism,philosophy of religion,-1,3,expert,v1,v1,"{""model"": null, ""temperature"": null, ""date"": ""2025-09-06T23:06:20.662347+00:00"", ""prompt_version"": ""v1"", ""persona"": ""expert""}"
"('epistemology', 'evolutionaryepistemology')",evolutionary epistemology,epistemology,-1,3,novice,v1,v1,"{""model"": null, ""temperature"": null, ""date"": ""2025-09-06T23:06:20.662409+00:00"", ""prompt_version"": ""v1"", ""persona"": ""novice""}"
"('epistemology', 'evolutionaryepistemology')",evolutionary epistemology,epistemology,-1,3,course_taker,v1,v1,"{""model"": null, ""temperature"": null, ""date"": ""2025-09-06T23:06:20.662444+00:00"", ""prompt_version"": ""v1"", ""persona"": ""course_taker""}"
"('epistemology', 'evolutionaryepistemology')",evolutionary epistemology,epistemology,-1,3,phd,v1,v1,"{""model"": null, ""temperature"": null, ""date"": ""2025-09-06T23:06:20.662479+00:00"", ""prompt_version"": ""v1"", ""persona"": ""phd""}"
"('epistemology', 'evolutionaryepistemology')",evolutionary epistemology,epistemology,-1,3,expert,v1,v1,"{""model"": null, ""temperature"": null, ""date"": ""2025-09-06T23:06:20.662513+00:00"", ""prompt_version"": ""v1"", ""persona"": ""expert""}"
"('causationinthelaw', 'philosophyoflaw')",causation in the law,philosophy of law,-1,3,novice,v1,v1,"{""model"": null, ""temperature"": null, ""date"": ""2025-09-06T23:06:20.662573+00:00"", ""prompt_version"": ""v1"", ""persona"": ""novice""}"
"('causationinthelaw', 'philosophyoflaw')",causation in the law,philosophy of law,-1,3,course_taker,v1,v1,"{""model"": null, ""temperature"": null, ""date"": ""2025-09-06T23:06:20.662607+00:00"", ""prompt_version"": ""v1"", ""persona"": ""course_taker""}"
"('causationinthelaw', 'philosophyoflaw')",causation in the law,philosophy of law,-1,3,phd,v1,v1,"{""model"": null, ""temperature"": null, ""date"": ""2025-09-06T23:06:20.662640+00:00"", ""prompt_version"": ""v1"", ""persona"": ""phd""}"
"('causationinthelaw', 'philosophyoflaw')",causation in the law,philosophy of law,-1,3,expert,v1,v1,"{""model"": null, ""temperature"": null, ""date"": ""2025-09-06T23:06:20.662674+00:00"", ""prompt_version"": ""v1"", ""persona"": ""expert""}"
"('philosophyofmind', 'problemofperception')",problem of perception,philosophy of mind,-1,3,novice,v1,v1,"{""model"": null, ""temperature"": null, ""date"": ""2025-09-06T23:06:20.662732+00:00"", ""prompt_version"": ""v1"", ""persona"": ""novice""}"
"('philosophyofmind', 'problemofperception')",problem of perception,philosophy of mind,-1,3,course_taker,v1,v1,"{""model"": null, ""temperature"": null, ""date"": ""2025-09-06T23:06:20.662766+00:00"", ""prompt_version"": ""v1"", ""persona"": ""course_taker""}"
"('philosophyofmind', 'problemofperception')",problem of perception,philosophy of mind,-1,3,phd,v1,v1,"{""model"": null, ""temperature"": null, ""date"": ""2025-09-06T23:06:20.662800+00:00"", ""prompt_version"": ""v1"", ""persona"": ""phd""}"
"('philosophyofmind', 'problemofperception')",problem of perception,philosophy of mind,-1,3,expert,v1,v1,"{""model"": null, ""temperature"": null, ""date"": ""2025-09-06T23:06:20.662833+00:00"", ""prompt_version"": ""v1"", ""persona"": ""expert""}"
"('consciousnessandpsychology', 'philosophyofmind')",consciousness and psychology,philosophy of mind,-1,3,novice,v1,v1,"{""model"": null, ""temperature"": null, ""date"": ""2025-09-06T23:06:20.662891+00:00"", ""prompt_version"": ""v1"", ""persona"": ""novice""}"
"('consciousnessandpsychology', 'philosophyofmind')",consciousness and psychology,philosophy of mind,-1,3,course_taker,v1,v1,"{""model"": null, ""temperature"": null, ""date"": ""2025-09-06T23:06:20.662925+00:00"", ""prompt_version"": ""v1"", ""persona"": ""course_taker""}"
"('consciousnessandpsychology', 'philosophyofmind')",consciousness and psychology,philosophy of mind,-1,3,phd,v1,v1,"{""model"": null, ""temperature"": null, ""date"": ""2025-09-06T23:06:20.662959+00:00"", ""prompt_version"": ""v1"", ""persona"": ""phd""}"
"('consciousnessandpsychology', 'philosophyofmind')",consciousness and psychology,philosophy of mind,-1,3,expert,v1,v1,"{""model"": null, ""temperature"": null, ""date"": ""2025-09-06T23:06:20.662992+00:00"", ""prompt_version"": ""v1"", ""persona"": ""expert""}"
"('body', 'perception')",body,perception,-1,3,novice,v1,v1,"{""model"": null, ""temperature"": null, ""date"": ""2025-09-06T23:06:20.663050+00:00"", ""prompt_version"": ""v1"", ""persona"": ""novice""}"
"('body', 'perception')",body,perception,-1,3,course_taker,v1,v1,"{""model"": null, ""temperature"": null, ""date"": ""2025-09-06T23:06:20.663083+00:00"", ""prompt_version"": ""v1"", ""persona"": ""course_taker""}"
"('body', 'perception')",body,perception,-1,3,phd,v1,v1,"{""model"": null, ""temperature"": null, ""date"": ""2025-09-06T23:06:20.663116+00:00"", ""prompt_version"": ""v1"", ""persona"": ""phd""}"
"('body', 'perception')",body,perception,-1,3,expert,v1,v1,"{""model"": null, ""temperature"": null, ""date"": ""2025-09-06T23:06:20.663148+00:00"", ""prompt_version"": ""v1"", ""persona"": ""expert""}"
"('metaphysics', 'singularpropositions')",singular propositions,metaphysics,-1,3,novice,v1,v1,"{""model"": null, ""temperature"": null, ""date"": ""2025-09-06T23:06:20.663205+00:00"", ""prompt_version"": ""v1"", ""persona"": ""novice""}"
"('metaphysics', 'singularpropositions')",singular propositions,metaphysics,-1,3,course_taker,v1,v1,"{""model"": null, ""temperature"": null, ""date"": ""2025-09-06T23:06:20.663239+00:00"", ""prompt_version"": ""v1"", ""persona"": ""course_taker""}"
"('metaphysics', 'singularpropositions')",singular propositions,metaphysics,-1,3,phd,v1,v1,"{""model"": null, ""temperature"": null, ""date"": ""2025-09-06T23:06:20.663273+00:00"", ""prompt_version"": ""v1"", ""persona"": ""phd""}"
"('metaphysics', 'singularpropositions')",singular propositions,metaphysics,-1,3,expert,v1,v1,"{""model"": null, ""temperature"": null, ""date"": ""2025-09-06T23:06:20.663306+00:00"", ""prompt_version"": ""v1"", ""persona"": ""expert""}"
"('philosophyofmind', 'philosophyofphysics')",philosophy of physics,philosophy of mind,-1,3,novice,v1,v1,"{""model"": null, ""temperature"": null, ""date"": ""2025-09-06T23:06:20.663367+00:00"", ""prompt_version"": ""v1"", ""persona"": ""novice""}"
"('philosophyofmind', 'philosophyofphysics')",philosophy of physics,philosophy of mind,-1,3,course_taker,v1,v1,"{""model"": null, ""temperature"": null, ""date"": ""2025-09-06T23:06:20.663400+00:00"", ""prompt_version"": ""v1"", ""persona"": ""course_taker""}"
"('philosophyofmind', 'philosophyofphysics')",philosophy of physics,philosophy of mind,-1,3,phd,v1,v1,"{""model"": null, ""temperature"": null, ""date"": ""2025-09-06T23:06:20.663433+00:00"", ""prompt_version"": ""v1"", ""persona"": ""phd""}"
"('philosophyofmind', 'philosophyofphysics')",philosophy of physics,philosophy of mind,-1,3,expert,v1,v1,"{""model"": null, ""temperature"": null, ""date"": ""2025-09-06T23:06:20.663466+00:00"", ""prompt_version"": ""v1"", ""persona"": ""expert""}"
"('aposterioriknowledge', 'perception')",a posteriori knowledge,perception,-1,3,novice,v1,v1,"{""model"": null, ""temperature"": null, ""date"": ""2025-09-06T23:06:20.663524+00:00"", ""prompt_version"": ""v1"", ""persona"": ""novice""}"
"('aposterioriknowledge', 'perception')",a posteriori knowledge,perception,-1,3,course_taker,v1,v1,"{""model"": null, ""temperature"": null, ""date"": ""2025-09-06T23:06:20.663557+00:00"", ""prompt_version"": ""v1"", ""persona"": ""course_taker""}"
"('aposterioriknowledge', 'perception')",a posteriori knowledge,perception,-1,3,phd,v1,v1,"{""model"": null, ""temperature"": null, ""date"": ""2025-09-06T23:06:20.663604+00:00"", ""prompt_version"": ""v1"", ""persona"": ""phd""}"
"('aposterioriknowledge', 'perception')",a posteriori knowledge,perception,-1,3,expert,v1,v1,"{""model"": null, ""temperature"": null, ""date"": ""2025-09-06T23:06:20.663636+00:00"", ""prompt_version"": ""v1"", ""persona"": ""expert""}"
"('emotionsinthechristiantradition', 'philosophyofreligion')",emotions in the christian tradition,philosophy of religion,-1,3,novice,v1,v1,"{""model"": null, ""temperature"": null, ""date"": ""2025-09-06T23:06:20.663695+00:00"", ""prompt_version"": ""v1"", ""persona"": ""novice""}"
"('emotionsinthechristiantradition', 'philosophyofreligion')",emotions in the christian tradition,philosophy of religion,-1,3,course_taker,v1,v1,"{""model"": null, ""temperature"": null, ""date"": ""2025-09-06T23:06:20.663728+00:00"", ""prompt_version"": ""v1"", ""persona"": ""course_taker""}"
"('emotionsinthechristiantradition', 'philosophyofreligion')",emotions in the christian tradition,philosophy of religion,-1,3,phd,v1,v1,"{""model"": null, ""temperature"": null, ""date"": ""2025-09-06T23:06:20.663762+00:00"", ""prompt_version"": ""v1"", ""persona"": ""phd""}"
"('emotionsinthechristiantradition', 'philosophyofreligion')",emotions in the christian tradition,philosophy of religion,-1,3,expert,v1,v1,"{""model"": null, ""temperature"": null, ""date"": ""2025-09-06T23:06:20.663795+00:00"", ""prompt_version"": ""v1"", ""persona"": ""expert""}"
"('consciousnessandintentionality', 'intentionality')",consciousness and intentionality,intentionality,-1,3,novice,v1,v1,"{""model"": null, ""temperature"": null, ""date"": ""2025-09-06T23:06:20.663853+00:00"", ""prompt_version"": ""v1"", ""persona"": ""novice""}"
"('consciousnessandintentionality', 'intentionality')",consciousness and intentionality,intentionality,-1,3,course_taker,v1,v1,"{""model"": null, ""temperature"": null, ""date"": ""2025-09-06T23:06:20.663887+00:00"", ""prompt_version"": ""v1"", ""persona"": ""course_taker""}"
"('consciousnessandintentionality', 'intentionality')",consciousness and intentionality,intentionality,-1,3,phd,v1,v1,"{""model"": null, ""temperature"": null, ""date"": ""2025-09-06T23:06:20.663920+00:00"", ""prompt_version"": ""v1"", ""persona"": ""phd""}"
"('consciousnessandintentionality', 'intentionality')",consciousness and intentionality,intentionality,-1,3,expert,v1,v1,"{""model"": null, ""temperature"": null, ""date"": ""2025-09-06T23:06:20.663953+00:00"", ""prompt_version"": ""v1"", ""persona"": ""expert""}"
"('perception', 'phenomenologicalapproachestoselfconsciousness')",phenomenological approaches to self-consciousness,perception,-1,3,novice,v1,v1,"{""model"": null, ""temperature"": null, ""date"": ""2025-09-06T23:06:20.664015+00:00"", ""prompt_version"": ""v1"", ""persona"": ""novice""}"
"('perception', 'phenomenologicalapproachestoselfconsciousness')",phenomenological approaches to self-consciousness,perception,-1,3,course_taker,v1,v1,"{""model"": null, ""temperature"": null, ""date"": ""2025-09-06T23:06:20.664049+00:00"", ""prompt_version"": ""v1"", ""persona"": ""course_taker""}"
"('perception', 'phenomenologicalapproachestoselfconsciousness')",phenomenological approaches to self-consciousness,perception,-1,3,phd,v1,v1,"{""model"": null, ""temperature"": null, ""date"": ""2025-09-06T23:06:20.664083+00:00"", ""prompt_version"": ""v1"", ""persona"": ""phd""}"
"('perception', 'phenomenologicalapproachestoselfconsciousness')",phenomenological approaches to self-consciousness,perception,-1,3,expert,v1,v1,"{""model"": null, ""temperature"": null, ""date"": ""2025-09-06T23:06:20.664116+00:00"", ""prompt_version"": ""v1"", ""persona"": ""expert""}"
"('antirealism', 'epistemology')",anti-realism,epistemology,-1,3,novice,v1,v1,"{""model"": null, ""temperature"": null, ""date"": ""2025-09-06T23:06:20.664174+00:00"", ""prompt_version"": ""v1"", ""persona"": ""novice""}"
"('antirealism', 'epistemology')",anti-realism,epistemology,-1,3,course_taker,v1,v1,"{""model"": null, ""temperature"": null, ""date"": ""2025-09-06T23:06:20.664207+00:00"", ""prompt_version"": ""v1"", ""persona"": ""course_taker""}"
"('antirealism', 'epistemology')",anti-realism,epistemology,-1,3,phd,v1,v1,"{""model"": null, ""temperature"": null, ""date"": ""2025-09-06T23:06:20.664239+00:00"", ""prompt_version"": ""v1"", ""persona"": ""phd""}"
"('antirealism', 'epistemology')",anti-realism,epistemology,-1,3,expert,v1,v1,"{""model"": null, ""temperature"": null, ""date"": ""2025-09-06T23:06:20.664271+00:00"", ""prompt_version"": ""v1"", ""persona"": ""expert""}"
"('experienceandperceptionoftime', 'perception')",experience and perception of time,perception,-1,3,novice,v1,v1,"{""model"": null, ""temperature"": null, ""date"": ""2025-09-06T23:06:20.664340+00:00"", ""prompt_version"": ""v1"", ""persona"": ""novice""}"
"('experienceandperceptionoftime', 'perception')",experience and perception of time,perception,-1,3,course_taker,v1,v1,"{""model"": null, ""temperature"": null, ""date"": ""2025-09-06T23:06:20.664373+00:00"", ""prompt_version"": ""v1"", ""persona"": ""course_taker""}"
"('experienceandperceptionoftime', 'perception')",experience and perception of time,perception,-1,3,phd,v1,v1,"{""model"": null, ""temperature"": null, ""date"": ""2025-09-06T23:06:20.664407+00:00"", ""prompt_version"": ""v1"", ""persona"": ""phd""}"
"('experienceandperceptionoftime', 'perception')",experience and perception of time,perception,-1,3,expert,v1,v1,"{""model"": null, ""temperature"": null, ""date"": ""2025-09-06T23:06:20.664440+00:00"", ""prompt_version"": ""v1"", ""persona"": ""expert""}"
"('scientificmethodology', 'thescientificmethod')",the scientific method,scientific methodology,-1,3,novice,v1,v1,"{""model"": null, ""temperature"": null, ""date"": ""2025-09-06T23:06:20.664497+00:00"", ""prompt_version"": ""v1"", ""persona"": ""novice""}"
"('scientificmethodology', 'thescientificmethod')",the scientific method,scientific methodology,-1,3,course_taker,v1,v1,"{""model"": null, ""temperature"": null, ""date"": ""2025-09-06T23:06:20.664531+00:00"", ""prompt_version"": ""v1"", ""persona"": ""course_taker""}"
"('scientificmethodology', 'thescientificmethod')",the scientific method,scientific methodology,-1,3,phd,v1,v1,"{""model"": null, ""temperature"": null, ""date"": ""2025-09-06T23:06:20.664565+00:00"", ""prompt_version"": ""v1"", ""persona"": ""phd""}"
"('scientificmethodology', 'thescientificmethod')",the scientific method,scientific methodology,-1,3,expert,v1,v1,"{""model"": null, ""temperature"": null, ""date"": ""2025-09-06T23:06:20.664601+00:00"", ""prompt_version"": ""v1"", ""persona"": ""expert""}"
"('mentalcontent', 'nonconceptualmentalcontent')",nonconceptual mental content,mental content,-1,3,novice,v1,v1,"{""model"": null, ""temperature"": null, ""date"": ""2025-09-06T23:06:20.664659+00:00"", ""prompt_version"": ""v1"", ""persona"": ""novice""}"
"('mentalcontent', 'nonconceptualmentalcontent')",nonconceptual mental content,mental content,-1,3,course_taker,v1,v1,"{""model"": null, ""temperature"": null, ""date"": ""2025-09-06T23:06:20.664691+00:00"", ""prompt_version"": ""v1"", ""persona"": ""course_taker""}"
"('mentalcontent', 'nonconceptualmentalcontent')",nonconceptual mental content,mental content,-1,3,phd,v1,v1,"{""model"": null, ""temperature"": null, ""date"": ""2025-09-06T23:06:20.664725+00:00"", ""prompt_version"": ""v1"", ""persona"": ""phd""}"
"('mentalcontent', 'nonconceptualmentalcontent')",nonconceptual mental content,mental content,-1,3,expert,v1,v1,"{""model"": null, ""temperature"": null, ""date"": ""2025-09-06T23:06:20.664757+00:00"", ""prompt_version"": ""v1"", ""persona"": ""expert""}"
"('epistemology', 'philosophyofphysics')",philosophy of physics,epistemology,-1,3,novice,v1,v1,"{""model"": null, ""temperature"": null, ""date"": ""2025-09-06T23:06:20.664815+00:00"", ""prompt_version"": ""v1"", ""persona"": ""novice""}"
"('epistemology', 'philosophyofphysics')",philosophy of physics,epistemology,-1,3,course_taker,v1,v1,"{""model"": null, ""temperature"": null, ""date"": ""2025-09-06T23:06:20.664849+00:00"", ""prompt_version"": ""v1"", ""persona"": ""course_taker""}"
"('epistemology', 'philosophyofphysics')",philosophy of physics,epistemology,-1,3,phd,v1,v1,"{""model"": null, ""temperature"": null, ""date"": ""2025-09-06T23:06:20.664894+00:00"", ""prompt_version"": ""v1"", ""persona"": ""phd""}"
"('epistemology', 'philosophyofphysics')",philosophy of physics,epistemology,-1,3,expert,v1,v1,"{""model"": null, ""temperature"": null, ""date"": ""2025-09-06T23:06:20.664927+00:00"", ""prompt_version"": ""v1"", ""persona"": ""expert""}"
"('metaphysics', 'peripatetic')",peripatetic,metaphysics,-1,3,novice,v1,v1,"{""model"": null, ""temperature"": null, ""date"": ""2025-09-06T23:06:20.664983+00:00"", ""prompt_version"": ""v1"", ""persona"": ""novice""}"
"('metaphysics', 'peripatetic')",peripatetic,metaphysics,-1,3,course_taker,v1,v1,"{""model"": null, ""temperature"": null, ""date"": ""2025-09-06T23:06:20.665016+00:00"", ""prompt_version"": ""v1"", ""persona"": ""course_taker""}"
"('metaphysics', 'peripatetic')",peripatetic,metaphysics,-1,3,phd,v1,v1,"{""model"": null, ""temperature"": null, ""date"": ""2025-09-06T23:06:20.665048+00:00"", ""prompt_version"": ""v1"", ""persona"": ""phd""}"
"('metaphysics', 'peripatetic')",peripatetic,metaphysics,-1,3,expert,v1,v1,"{""model"": null, ""temperature"": null, ""date"": ""2025-09-06T23:06:20.665080+00:00"", ""prompt_version"": ""v1"", ""persona"": ""expert""}"
"('expressionism', 'perception')",expressionism,perception,-1,3,novice,v1,v1,"{""model"": null, ""temperature"": null, ""date"": ""2025-09-06T23:06:20.665136+00:00"", ""prompt_version"": ""v1"", ""persona"": ""novice""}"
"('expressionism', 'perception')",expressionism,perception,-1,3,course_taker,v1,v1,"{""model"": null, ""temperature"": null, ""date"": ""2025-09-06T23:06:20.665169+00:00"", ""prompt_version"": ""v1"", ""persona"": ""course_taker""}"
"('expressionism', 'perception')",expressionism,perception,-1,3,phd,v1,v1,"{""model"": null, ""temperature"": null, ""date"": ""2025-09-06T23:06:20.665202+00:00"", ""prompt_version"": ""v1"", ""persona"": ""phd""}"
"('expressionism', 'perception')",expressionism,perception,-1,3,expert,v1,v1,"{""model"": null, ""temperature"": null, ""date"": ""2025-09-06T23:06:20.665234+00:00"", ""prompt_version"": ""v1"", ""persona"": ""expert""}"
"('philosophiesoftheparticularsciences', 'philosophyofmind')",philosophies of the particular sciences,philosophy of mind,-1,3,novice,v1,v1,"{""model"": null, ""temperature"": null, ""date"": ""2025-09-06T23:06:20.665292+00:00"", ""prompt_version"": ""v1"", ""persona"": ""novice""}"
"('philosophiesoftheparticularsciences', 'philosophyofmind')",philosophies of the particular sciences,philosophy of mind,-1,3,course_taker,v1,v1,"{""model"": null, ""temperature"": null, ""date"": ""2025-09-06T23:06:20.665325+00:00"", ""prompt_version"": ""v1"", ""persona"": ""course_taker""}"
"('philosophiesoftheparticularsciences', 'philosophyofmind')",philosophies of the particular sciences,philosophy of mind,-1,3,phd,v1,v1,"{""model"": null, ""temperature"": null, ""date"": ""2025-09-06T23:06:20.665359+00:00"", ""prompt_version"": ""v1"", ""persona"": ""phd""}"
"('philosophiesoftheparticularsciences', 'philosophyofmind')",philosophies of the particular sciences,philosophy of mind,-1,3,expert,v1,v1,"{""model"": null, ""temperature"": null, ""date"": ""2025-09-06T23:06:20.665392+00:00"", ""prompt_version"": ""v1"", ""persona"": ""expert""}"
"('africanamericanphilosophy', 'africanandafricanamericanphilosophy')",african american philosophy,african and african-american philosophy,-1,3,novice,v1,v1,"{""model"": null, ""temperature"": null, ""date"": ""2025-09-06T23:06:20.665480+00:00"", ""prompt_version"": ""v1"", ""persona"": ""novice""}"
"('africanamericanphilosophy', 'africanandafricanamericanphilosophy')",african american philosophy,african and african-american philosophy,-1,3,course_taker,v1,v1,"{""model"": null, ""temperature"": null, ""date"": ""2025-09-06T23:06:20.665517+00:00"", ""prompt_version"": ""v1"", ""persona"": ""course_taker""}"
"('africanamericanphilosophy', 'africanandafricanamericanphilosophy')",african american philosophy,african and african-american philosophy,-1,3,phd,v1,v1,"{""model"": null, ""temperature"": null, ""date"": ""2025-09-06T23:06:20.665552+00:00"", ""prompt_version"": ""v1"", ""persona"": ""phd""}"
"('africanamericanphilosophy', 'africanandafricanamericanphilosophy')",african american philosophy,african and african-american philosophy,-1,3,expert,v1,v1,"{""model"": null, ""temperature"": null, ""date"": ""2025-09-06T23:06:20.665586+00:00"", ""prompt_version"": ""v1"", ""persona"": ""expert""}"
"('philosophyofmind', 'scottishphilosophyinthe19thcentury')",scottish philosophy in the 19th century,philosophy of mind,-1,3,novice,v1,v1,"{""model"": null, ""temperature"": null, ""date"": ""2025-09-06T23:06:20.665646+00:00"", ""prompt_version"": ""v1"", ""persona"": ""novice""}"
"('philosophyofmind', 'scottishphilosophyinthe19thcentury')",scottish philosophy in the 19th century,philosophy of mind,-1,3,course_taker,v1,v1,"{""model"": null, ""temperature"": null, ""date"": ""2025-09-06T23:06:20.665680+00:00"", ""prompt_version"": ""v1"", ""persona"": ""course_taker""}"
"('philosophyofmind', 'scottishphilosophyinthe19thcentury')",scottish philosophy in the 19th century,philosophy of mind,-1,3,phd,v1,v1,"{""model"": null, ""temperature"": null, ""date"": ""2025-09-06T23:06:20.665714+00:00"", ""prompt_version"": ""v1"", ""persona"": ""phd""}"
"('philosophyofmind', 'scottishphilosophyinthe19thcentury')",scottish philosophy in the 19th century,philosophy of mind,-1,3,expert,v1,v1,"{""model"": null, ""temperature"": null, ""date"": ""2025-09-06T23:06:20.665748+00:00"", ""prompt_version"": ""v1"", ""persona"": ""expert""}"
"('aristotleandmathematics', 'metaphysics')",aristotle and mathematics,metaphysics,-1,3,novice,v1,v1,"{""model"": null, ""temperature"": null, ""date"": ""2025-09-06T23:06:20.665807+00:00"", ""prompt_version"": ""v1"", ""persona"": ""novice""}"
"('aristotleandmathematics', 'metaphysics')",aristotle and mathematics,metaphysics,-1,3,course_taker,v1,v1,"{""model"": null, ""temperature"": null, ""date"": ""2025-09-06T23:06:20.665840+00:00"", ""prompt_version"": ""v1"", ""persona"": ""course_taker""}"
"('aristotleandmathematics', 'metaphysics')",aristotle and mathematics,metaphysics,-1,3,phd,v1,v1,"{""model"": null, ""temperature"": null, ""date"": ""2025-09-06T23:06:20.665874+00:00"", ""prompt_version"": ""v1"", ""persona"": ""phd""}"
"('aristotleandmathematics', 'metaphysics')",aristotle and mathematics,metaphysics,-1,3,expert,v1,v1,"{""model"": null, ""temperature"": null, ""date"": ""2025-09-06T23:06:20.665907+00:00"", ""prompt_version"": ""v1"", ""persona"": ""expert""}"
"('epistemology', 'logicandlanguage')",logic and language,epistemology,-1,3,novice,v1,v1,"{""model"": null, ""temperature"": null, ""date"": ""2025-09-06T23:06:20.665964+00:00"", ""prompt_version"": ""v1"", ""persona"": ""novice""}"
"('epistemology', 'logicandlanguage')",logic and language,epistemology,-1,3,course_taker,v1,v1,"{""model"": null, ""temperature"": null, ""date"": ""2025-09-06T23:06:20.665997+00:00"", ""prompt_version"": ""v1"", ""persona"": ""course_taker""}"
"('epistemology', 'logicandlanguage')",logic and language,epistemology,-1,3,phd,v1,v1,"{""model"": null, ""temperature"": null, ""date"": ""2025-09-06T23:06:20.666030+00:00"", ""prompt_version"": ""v1"", ""persona"": ""phd""}"
"('epistemology', 'logicandlanguage')",logic and language,epistemology,-1,3,expert,v1,v1,"{""model"": null, ""temperature"": null, ""date"": ""2025-09-06T23:06:20.666062+00:00"", ""prompt_version"": ""v1"", ""persona"": ""expert""}"
"('idealism', 'modernism')",modernism,idealism,-1,3,novice,v1,v1,"{""model"": null, ""temperature"": null, ""date"": ""2025-09-06T23:06:20.666119+00:00"", ""prompt_version"": ""v1"", ""persona"": ""novice""}"
"('idealism', 'modernism')",modernism,idealism,-1,3,course_taker,v1,v1,"{""model"": null, ""temperature"": null, ""date"": ""2025-09-06T23:06:20.666151+00:00"", ""prompt_version"": ""v1"", ""persona"": ""course_taker""}"
"('idealism', 'modernism')",modernism,idealism,-1,3,phd,v1,v1,"{""model"": null, ""temperature"": null, ""date"": ""2025-09-06T23:06:20.666184+00:00"", ""prompt_version"": ""v1"", ""persona"": ""phd""}"
"('idealism', 'modernism')",modernism,idealism,-1,3,expert,v1,v1,"{""model"": null, ""temperature"": null, ""date"": ""2025-09-06T23:06:20.666228+00:00"", ""prompt_version"": ""v1"", ""persona"": ""expert""}"
"('epistemology', 'philosophyofchemistry')",philosophy of chemistry,epistemology,-1,3,novice,v1,v1,"{""model"": null, ""temperature"": null, ""date"": ""2025-09-06T23:06:20.666285+00:00"", ""prompt_version"": ""v1"", ""persona"": ""novice""}"
"('epistemology', 'philosophyofchemistry')",philosophy of chemistry,epistemology,-1,3,course_taker,v1,v1,"{""model"": null, ""temperature"": null, ""date"": ""2025-09-06T23:06:20.666318+00:00"", ""prompt_version"": ""v1"", ""persona"": ""course_taker""}"
"('epistemology', 'philosophyofchemistry')",philosophy of chemistry,epistemology,-1,3,phd,v1,v1,"{""model"": null, ""temperature"": null, ""date"": ""2025-09-06T23:06:20.666351+00:00"", ""prompt_version"": ""v1"", ""persona"": ""phd""}"
"('epistemology', 'philosophyofchemistry')",philosophy of chemistry,epistemology,-1,3,expert,v1,v1,"{""model"": null, ""temperature"": null, ""date"": ""2025-09-06T23:06:20.666384+00:00"", ""prompt_version"": ""v1"", ""persona"": ""expert""}"
"('africanandafricanamericanphilosophy', 'humanrights')",human rights,african and african-american philosophy,-1,3,novice,v1,v1,"{""model"": null, ""temperature"": null, ""date"": ""2025-09-06T23:06:20.666441+00:00"", ""prompt_version"": ""v1"", ""persona"": ""novice""}"
"('africanandafricanamericanphilosophy', 'humanrights')",human rights,african and african-american philosophy,-1,3,course_taker,v1,v1,"{""model"": null, ""temperature"": null, ""date"": ""2025-09-06T23:06:20.666475+00:00"", ""prompt_version"": ""v1"", ""persona"": ""course_taker""}"
"('africanandafricanamericanphilosophy', 'humanrights')",human rights,african and african-american philosophy,-1,3,phd,v1,v1,"{""model"": null, ""temperature"": null, ""date"": ""2025-09-06T23:06:20.666508+00:00"", ""prompt_version"": ""v1"", ""persona"": ""phd""}"
"('africanandafricanamericanphilosophy', 'humanrights')",human rights,african and african-american philosophy,-1,3,expert,v1,v1,"{""model"": null, ""temperature"": null, ""date"": ""2025-09-06T23:06:20.666542+00:00"", ""prompt_version"": ""v1"", ""persona"": ""expert""}"
"('logic', 'modallogic')",logic,modal logic,-1,3,novice,v1,v1,"{""model"": null, ""temperature"": null, ""date"": ""2025-09-06T23:06:20.666598+00:00"", ""prompt_version"": ""v1"", ""persona"": ""novice""}"
"('logic', 'modallogic')",logic,modal logic,-1,3,course_taker,v1,v1,"{""model"": null, ""temperature"": null, ""date"": ""2025-09-06T23:06:20.666631+00:00"", ""prompt_version"": ""v1"", ""persona"": ""course_taker""}"
"('logic', 'modallogic')",logic,modal logic,-1,3,phd,v1,v1,"{""model"": null, ""temperature"": null, ""date"": ""2025-09-06T23:06:20.666663+00:00"", ""prompt_version"": ""v1"", ""persona"": ""phd""}"
"('logic', 'modallogic')",logic,modal logic,-1,3,expert,v1,v1,"{""model"": null, ""temperature"": null, ""date"": ""2025-09-06T23:06:20.666695+00:00"", ""prompt_version"": ""v1"", ""persona"": ""expert""}"
"('epistemology', 'platoonutopia')",plato on utopia,epistemology,-1,3,novice,v1,v1,"{""model"": null, ""temperature"": null, ""date"": ""2025-09-06T23:06:20.666751+00:00"", ""prompt_version"": ""v1"", ""persona"": ""novice""}"
"('epistemology', 'platoonutopia')",plato on utopia,epistemology,-1,3,course_taker,v1,v1,"{""model"": null, ""temperature"": null, ""date"": ""2025-09-06T23:06:20.666783+00:00"", ""prompt_version"": ""v1"", ""persona"": ""course_taker""}"
"('epistemology', 'platoonutopia')",plato on utopia,epistemology,-1,3,phd,v1,v1,"{""model"": null, ""temperature"": null, ""date"": ""2025-09-06T23:06:20.666816+00:00"", ""prompt_version"": ""v1"", ""persona"": ""phd""}"
"('epistemology', 'platoonutopia')",plato on utopia,epistemology,-1,3,expert,v1,v1,"{""model"": null, ""temperature"": null, ""date"": ""2025-09-06T23:06:20.666849+00:00"", ""prompt_version"": ""v1"", ""persona"": ""expert""}"
"('introspection', 'perception')",introspection,perception,-1,3,novice,v1,v1,"{""model"": null, ""temperature"": null, ""date"": ""2025-09-06T23:06:20.666905+00:00"", ""prompt_version"": ""v1"", ""persona"": ""novice""}"
"('introspection', 'perception')",introspection,perception,-1,3,course_taker,v1,v1,"{""model"": null, ""temperature"": null, ""date"": ""2025-09-06T23:06:20.666937+00:00"", ""prompt_version"": ""v1"", ""persona"": ""course_taker""}"
"('introspection', 'perception')",introspection,perception,-1,3,phd,v1,v1,"{""model"": null, ""temperature"": null, ""date"": ""2025-09-06T23:06:20.666970+00:00"", ""prompt_version"": ""v1"", ""persona"": ""phd""}"
"('introspection', 'perception')",introspection,perception,-1,3,expert,v1,v1,"{""model"": null, ""temperature"": null, ""date"": ""2025-09-06T23:06:20.667002+00:00"", ""prompt_version"": ""v1"", ""persona"": ""expert""}"
"('philosophyofreligion', 'transcendentalism')",transcendentalism,philosophy of religion,-1,3,novice,v1,v1,"{""model"": null, ""temperature"": null, ""date"": ""2025-09-06T23:06:20.667059+00:00"", ""prompt_version"": ""v1"", ""persona"": ""novice""}"
"('philosophyofreligion', 'transcendentalism')",transcendentalism,philosophy of religion,-1,3,course_taker,v1,v1,"{""model"": null, ""temperature"": null, ""date"": ""2025-09-06T23:06:20.667096+00:00"", ""prompt_version"": ""v1"", ""persona"": ""course_taker""}"
"('philosophyofreligion', 'transcendentalism')",transcendentalism,philosophy of religion,-1,3,phd,v1,v1,"{""model"": null, ""temperature"": null, ""date"": ""2025-09-06T23:06:20.667129+00:00"", ""prompt_version"": ""v1"", ""persona"": ""phd""}"
"('philosophyofreligion', 'transcendentalism')",transcendentalism,philosophy of religion,-1,3,expert,v1,v1,"{""model"": null, ""temperature"": null, ""date"": ""2025-09-06T23:06:20.667161+00:00"", ""prompt_version"": ""v1"", ""persona"": ""expert""}"
"('connectionistmodel', 'perception')",connectionist model,perception,-1,3,novice,v1,v1,"{""model"": null, ""temperature"": null, ""date"": ""2025-09-06T23:06:20.667218+00:00"", ""prompt_version"": ""v1"", ""persona"": ""novice""}"
"('connectionistmodel', 'perception')",connectionist model,perception,-1,3,course_taker,v1,v1,"{""model"": null, ""temperature"": null, ""date"": ""2025-09-06T23:06:20.667250+00:00"", ""prompt_version"": ""v1"", ""persona"": ""course_taker""}"
"('connectionistmodel', 'perception')",connectionist model,perception,-1,3,phd,v1,v1,"{""model"": null, ""temperature"": null, ""date"": ""2025-09-06T23:06:20.667283+00:00"", ""prompt_version"": ""v1"", ""persona"": ""phd""}"
"('connectionistmodel', 'perception')",connectionist model,perception,-1,3,expert,v1,v1,"{""model"": null, ""temperature"": null, ""date"": ""2025-09-06T23:06:20.667315+00:00"", ""prompt_version"": ""v1"", ""persona"": ""expert""}"
"('philosophyofcomputerscience', 'philosophyoflanguage')",philosophy of computer science,philosophy of language,-1,3,novice,v1,v1,"{""model"": null, ""temperature"": null, ""date"": ""2025-09-06T23:06:20.667372+00:00"", ""prompt_version"": ""v1"", ""persona"": ""novice""}"
"('philosophyofcomputerscience', 'philosophyoflanguage')",philosophy of computer science,philosophy of language,-1,3,course_taker,v1,v1,"{""model"": null, ""temperature"": null, ""date"": ""2025-09-06T23:06:20.667405+00:00"", ""prompt_version"": ""v1"", ""persona"": ""course_taker""}"
"('philosophyofcomputerscience', 'philosophyoflanguage')",philosophy of computer science,philosophy of language,-1,3,phd,v1,v1,"{""model"": null, ""temperature"": null, ""date"": ""2025-09-06T23:06:20.667439+00:00"", ""prompt_version"": ""v1"", ""persona"": ""phd""}"
"('philosophyofcomputerscience', 'philosophyoflanguage')",philosophy of computer science,philosophy of language,-1,3,expert,v1,v1,"{""model"": null, ""temperature"": null, ""date"": ""2025-09-06T23:06:20.667472+00:00"", ""prompt_version"": ""v1"", ""persona"": ""expert""}"
"('atonement', 'philosophyofreligion')",atonement,philosophy of religion,-1,3,novice,v1,v1,"{""model"": null, ""temperature"": null, ""date"": ""2025-09-06T23:06:20.667532+00:00"", ""prompt_version"": ""v1"", ""persona"": ""novice""}"
"('atonement', 'philosophyofreligion')",atonement,philosophy of religion,-1,3,course_taker,v1,v1,"{""model"": null, ""temperature"": null, ""date"": ""2025-09-06T23:06:20.667575+00:00"", ""prompt_version"": ""v1"", ""persona"": ""course_taker""}"
"('atonement', 'philosophyofreligion')",atonement,philosophy of religion,-1,3,phd,v1,v1,"{""model"": null, ""temperature"": null, ""date"": ""2025-09-06T23:06:20.667608+00:00"", ""prompt_version"": ""v1"", ""persona"": ""phd""}"
"('atonement', 'philosophyofreligion')",atonement,philosophy of religion,-1,3,expert,v1,v1,"{""model"": null, ""temperature"": null, ""date"": ""2025-09-06T23:06:20.667641+00:00"", ""prompt_version"": ""v1"", ""persona"": ""expert""}"
"('cosmologicalargument', 'philosophyofreligion')",cosmological argument,philosophy of religion,-1,3,novice,v1,v1,"{""model"": null, ""temperature"": null, ""date"": ""2025-09-06T23:06:20.667698+00:00"", ""prompt_version"": ""v1"", ""persona"": ""novice""}"
"('cosmologicalargument', 'philosophyofreligion')",cosmological argument,philosophy of religion,-1,3,course_taker,v1,v1,"{""model"": null, ""temperature"": null, ""date"": ""2025-09-06T23:06:20.667731+00:00"", ""prompt_version"": ""v1"", ""persona"": ""course_taker""}"
"('cosmologicalargument', 'philosophyofreligion')",cosmological argument,philosophy of religion,-1,3,phd,v1,v1,"{""model"": null, ""temperature"": null, ""date"": ""2025-09-06T23:06:20.667764+00:00"", ""prompt_version"": ""v1"", ""persona"": ""phd""}"
"('cosmologicalargument', 'philosophyofreligion')",cosmological argument,philosophy of religion,-1,3,expert,v1,v1,"{""model"": null, ""temperature"": null, ""date"": ""2025-09-06T23:06:20.667796+00:00"", ""prompt_version"": ""v1"", ""persona"": ""expert""}"
"('epistemology', 'internalismandexternalism')",internalism and externalism,epistemology,-1,3,novice,v1,v1,"{""model"": null, ""temperature"": null, ""date"": ""2025-09-06T23:06:20.667853+00:00"", ""prompt_version"": ""v1"", ""persona"": ""novice""}"
"('epistemology', 'internalismandexternalism')",internalism and externalism,epistemology,-1,3,course_taker,v1,v1,"{""model"": null, ""temperature"": null, ""date"": ""2025-09-06T23:06:20.667886+00:00"", ""prompt_version"": ""v1"", ""persona"": ""course_taker""}"
"('epistemology', 'internalismandexternalism')",internalism and externalism,epistemology,-1,3,phd,v1,v1,"{""model"": null, ""temperature"": null, ""date"": ""2025-09-06T23:06:20.667919+00:00"", ""prompt_version"": ""v1"", ""persona"": ""phd""}"
"('epistemology', 'internalismandexternalism')",internalism and externalism,epistemology,-1,3,expert,v1,v1,"{""model"": null, ""temperature"": null, ""date"": ""2025-09-06T23:06:20.667952+00:00"", ""prompt_version"": ""v1"", ""persona"": ""expert""}"
"('historyoflogic', 'informallogic')",informal logic,history of logic,-1,3,novice,v1,v1,"{""model"": null, ""temperature"": null, ""date"": ""2025-09-06T23:06:20.668012+00:00"", ""prompt_version"": ""v1"", ""persona"": ""novice""}"
"('historyoflogic', 'informallogic')",informal logic,history of logic,-1,3,course_taker,v1,v1,"{""model"": null, ""temperature"": null, ""date"": ""2025-09-06T23:06:20.668044+00:00"", ""prompt_version"": ""v1"", ""persona"": ""course_taker""}"
"('historyoflogic', 'informallogic')",informal logic,history of logic,-1,3,phd,v1,v1,"{""model"": null, ""temperature"": null, ""date"": ""2025-09-06T23:06:20.668077+00:00"", ""prompt_version"": ""v1"", ""persona"": ""phd""}"
"('historyoflogic', 'informallogic')",informal logic,history of logic,-1,3,expert,v1,v1,"{""model"": null, ""temperature"": null, ""date"": ""2025-09-06T23:06:20.668109+00:00"", ""prompt_version"": ""v1"", ""persona"": ""expert""}"
"('metaphysics', 'socialphilosophyandpoliticalphilosophy')",social philosophy and political philosophy,metaphysics,-1,3,novice,v1,v1,"{""model"": null, ""temperature"": null, ""date"": ""2025-09-06T23:06:20.668166+00:00"", ""prompt_version"": ""v1"", ""persona"": ""novice""}"
"('metaphysics', 'socialphilosophyandpoliticalphilosophy')",social philosophy and political philosophy,metaphysics,-1,3,course_taker,v1,v1,"{""model"": null, ""temperature"": null, ""date"": ""2025-09-06T23:06:20.668199+00:00"", ""prompt_version"": ""v1"", ""persona"": ""course_taker""}"
"('metaphysics', 'socialphilosophyandpoliticalphilosophy')",social philosophy and political philosophy,metaphysics,-1,3,phd,v1,v1,"{""model"": null, ""temperature"": null, ""date"": ""2025-09-06T23:06:20.668232+00:00"", ""prompt_version"": ""v1"", ""persona"": ""phd""}"
"('metaphysics', 'socialphilosophyandpoliticalphilosophy')",social philosophy and political philosophy,metaphysics,-1,3,expert,v1,v1,"{""model"": null, ""temperature"": null, ""date"": ""2025-09-06T23:06:20.668266+00:00"", ""prompt_version"": ""v1"", ""persona"": ""expert""}"
"('medievalpoliticalphilosophy', 'socialandpoliticalphilosophy')",medieval political philosophy,social and political philosophy,-1,3,novice,v1,v1,"{""model"": null, ""temperature"": null, ""date"": ""2025-09-06T23:06:20.668323+00:00"", ""prompt_version"": ""v1"", ""persona"": ""novice""}"
"('medievalpoliticalphilosophy', 'socialandpoliticalphilosophy')",medieval political philosophy,social and political philosophy,-1,3,course_taker,v1,v1,"{""model"": null, ""temperature"": null, ""date"": ""2025-09-06T23:06:20.668356+00:00"", ""prompt_version"": ""v1"", ""persona"": ""course_taker""}"
"('medievalpoliticalphilosophy', 'socialandpoliticalphilosophy')",medieval political philosophy,social and political philosophy,-1,3,phd,v1,v1,"{""model"": null, ""temperature"": null, ""date"": ""2025-09-06T23:06:20.668390+00:00"", ""prompt_version"": ""v1"", ""persona"": ""phd""}"
"('medievalpoliticalphilosophy', 'socialandpoliticalphilosophy')",medieval political philosophy,social and political philosophy,-1,3,expert,v1,v1,"{""model"": null, ""temperature"": null, ""date"": ""2025-09-06T23:06:20.668423+00:00"", ""prompt_version"": ""v1"", ""persona"": ""expert""}"
"('determinatesvsdeterminables', 'historyoflogic')",determinates vs. determinables,history of logic,-1,3,novice,v1,v1,"{""model"": null, ""temperature"": null, ""date"": ""2025-09-06T23:06:20.668481+00:00"", ""prompt_version"": ""v1"", ""persona"": ""novice""}"
"('determinatesvsdeterminables', 'historyoflogic')",determinates vs. determinables,history of logic,-1,3,course_taker,v1,v1,"{""model"": null, ""temperature"": null, ""date"": ""2025-09-06T23:06:20.668514+00:00"", ""prompt_version"": ""v1"", ""persona"": ""course_taker""}"
"('determinatesvsdeterminables', 'historyoflogic')",determinates vs. determinables,history of logic,-1,3,phd,v1,v1,"{""model"": null, ""temperature"": null, ""date"": ""2025-09-06T23:06:20.668547+00:00"", ""prompt_version"": ""v1"", ""persona"": ""phd""}"
"('determinatesvsdeterminables', 'historyoflogic')",determinates vs. determinables,history of logic,-1,3,expert,v1,v1,"{""model"": null, ""temperature"": null, ""date"": ""2025-09-06T23:06:20.668580+00:00"", ""prompt_version"": ""v1"", ""persona"": ""expert""}"
"('epistemology', 'optimism')",optimism,epistemology,-1,3,novice,v1,v1,"{""model"": null, ""temperature"": null, ""date"": ""2025-09-06T23:06:20.668637+00:00"", ""prompt_version"": ""v1"", ""persona"": ""novice""}"
"('epistemology', 'optimism')",optimism,epistemology,-1,3,course_taker,v1,v1,"{""model"": null, ""temperature"": null, ""date"": ""2025-09-06T23:06:20.668669+00:00"", ""prompt_version"": ""v1"", ""persona"": ""course_taker""}"
"('epistemology', 'optimism')",optimism,epistemology,-1,3,phd,v1,v1,"{""model"": null, ""temperature"": null, ""date"": ""2025-09-06T23:06:20.668701+00:00"", ""prompt_version"": ""v1"", ""persona"": ""phd""}"
"('epistemology', 'optimism')",optimism,epistemology,-1,3,expert,v1,v1,"{""model"": null, ""temperature"": null, ""date"": ""2025-09-06T23:06:20.668733+00:00"", ""prompt_version"": ""v1"", ""persona"": ""expert""}"
"('phenomenologyofreligion', 'philosophyofreligion')",phenomenology of religion,philosophy of religion,-1,3,novice,v1,v1,"{""model"": null, ""temperature"": null, ""date"": ""2025-09-06T23:06:20.668790+00:00"", ""prompt_version"": ""v1"", ""persona"": ""novice""}"
"('phenomenologyofreligion', 'philosophyofreligion')",phenomenology of religion,philosophy of religion,-1,3,course_taker,v1,v1,"{""model"": null, ""temperature"": null, ""date"": ""2025-09-06T23:06:20.668823+00:00"", ""prompt_version"": ""v1"", ""persona"": ""course_taker""}"
"('phenomenologyofreligion', 'philosophyofreligion')",phenomenology of religion,philosophy of religion,-1,3,phd,v1,v1,"{""model"": null, ""temperature"": null, ""date"": ""2025-09-06T23:06:20.668864+00:00"", ""prompt_version"": ""v1"", ""persona"": ""phd""}"
"('phenomenologyofreligion', 'philosophyofreligion')",phenomenology of religion,philosophy of religion,-1,3,expert,v1,v1,"{""model"": null, ""temperature"": null, ""date"": ""2025-09-06T23:06:20.668897+00:00"", ""prompt_version"": ""v1"", ""persona"": ""expert""}"
"('metaphysics', 'philosophyofspaceandtime')",philosophy of space and time,metaphysics,-1,3,novice,v1,v1,"{""model"": null, ""temperature"": null, ""date"": ""2025-09-06T23:06:20.668955+00:00"", ""prompt_version"": ""v1"", ""persona"": ""novice""}"
"('metaphysics', 'philosophyofspaceandtime')",philosophy of space and time,metaphysics,-1,3,course_taker,v1,v1,"{""model"": null, ""temperature"": null, ""date"": ""2025-09-06T23:06:20.668987+00:00"", ""prompt_version"": ""v1"", ""persona"": ""course_taker""}"
"('metaphysics', 'philosophyofspaceandtime')",philosophy of space and time,metaphysics,-1,3,phd,v1,v1,"{""model"": null, ""temperature"": null, ""date"": ""2025-09-06T23:06:20.669020+00:00"", ""prompt_version"": ""v1"", ""persona"": ""phd""}"
"('metaphysics', 'philosophyofspaceandtime')",philosophy of space and time,metaphysics,-1,3,expert,v1,v1,"{""model"": null, ""temperature"": null, ""date"": ""2025-09-06T23:06:20.669053+00:00"", ""prompt_version"": ""v1"", ""persona"": ""expert""}"
"('epistemology', 'philosophyoflogic')",philosophy of logic,epistemology,-1,3,novice,v1,v1,"{""model"": null, ""temperature"": null, ""date"": ""2025-09-06T23:06:20.669110+00:00"", ""prompt_version"": ""v1"", ""persona"": ""novice""}"
"('epistemology', 'philosophyoflogic')",philosophy of logic,epistemology,-1,3,course_taker,v1,v1,"{""model"": null, ""temperature"": null, ""date"": ""2025-09-06T23:06:20.669142+00:00"", ""prompt_version"": ""v1"", ""persona"": ""course_taker""}"
"('epistemology', 'philosophyoflogic')",philosophy of logic,epistemology,-1,3,phd,v1,v1,"{""model"": null, ""temperature"": null, ""date"": ""2025-09-06T23:06:20.669175+00:00"", ""prompt_version"": ""v1"", ""persona"": ""phd""}"
"('epistemology', 'philosophyoflogic')",philosophy of logic,epistemology,-1,3,expert,v1,v1,"{""model"": null, ""temperature"": null, ""date"": ""2025-09-06T23:06:20.669207+00:00"", ""prompt_version"": ""v1"", ""persona"": ""expert""}"
"('existence', 'perception')",existence,perception,-1,3,novice,v1,v1,"{""model"": null, ""temperature"": null, ""date"": ""2025-09-06T23:06:20.669263+00:00"", ""prompt_version"": ""v1"", ""persona"": ""novice""}"
"('existence', 'perception')",existence,perception,-1,3,course_taker,v1,v1,"{""model"": null, ""temperature"": null, ""date"": ""2025-09-06T23:06:20.669296+00:00"", ""prompt_version"": ""v1"", ""persona"": ""course_taker""}"
"('existence', 'perception')",existence,perception,-1,3,phd,v1,v1,"{""model"": null, ""temperature"": null, ""date"": ""2025-09-06T23:06:20.669328+00:00"", ""prompt_version"": ""v1"", ""persona"": ""phd""}"
"('existence', 'perception')",existence,perception,-1,3,expert,v1,v1,"{""model"": null, ""temperature"": null, ""date"": ""2025-09-06T23:06:20.669360+00:00"", ""prompt_version"": ""v1"", ""persona"": ""expert""}"
"('computationandrepresentation', 'perception')",computation and representation,perception,-1,3,novice,v1,v1,"{""model"": null, ""temperature"": null, ""date"": ""2025-09-06T23:06:20.669416+00:00"", ""prompt_version"": ""v1"", ""persona"": ""novice""}"
"('computationandrepresentation', 'perception')",computation and representation,perception,-1,3,course_taker,v1,v1,"{""model"": null, ""temperature"": null, ""date"": ""2025-09-06T23:06:20.669449+00:00"", ""prompt_version"": ""v1"", ""persona"": ""course_taker""}"
"('computationandrepresentation', 'perception')",computation and representation,perception,-1,3,phd,v1,v1,"{""model"": null, ""temperature"": null, ""date"": ""2025-09-06T23:06:20.669482+00:00"", ""prompt_version"": ""v1"", ""persona"": ""phd""}"
"('computationandrepresentation', 'perception')",computation and representation,perception,-1,3,expert,v1,v1,"{""model"": null, ""temperature"": null, ""date"": ""2025-09-06T23:06:20.669514+00:00"", ""prompt_version"": ""v1"", ""persona"": ""expert""}"
"('ancientphilosophyaristotle', 'philosophyofmind')",ancient philosophy (aristotle),philosophy of mind,-1,3,novice,v1,v1,"{""model"": null, ""temperature"": null, ""date"": ""2025-09-06T23:06:20.669571+00:00"", ""prompt_version"": ""v1"", ""persona"": ""novice""}"
"('ancientphilosophyaristotle', 'philosophyofmind')",ancient philosophy (aristotle),philosophy of mind,-1,3,course_taker,v1,v1,"{""model"": null, ""temperature"": null, ""date"": ""2025-09-06T23:06:20.669605+00:00"", ""prompt_version"": ""v1"", ""persona"": ""course_taker""}"
"('ancientphilosophyaristotle', 'philosophyofmind')",ancient philosophy (aristotle),philosophy of mind,-1,3,phd,v1,v1,"{""model"": null, ""temperature"": null, ""date"": ""2025-09-06T23:06:20.669638+00:00"", ""prompt_version"": ""v1"", ""persona"": ""phd""}"
"('ancientphilosophyaristotle', 'philosophyofmind')",ancient philosophy (aristotle),philosophy of mind,-1,3,expert,v1,v1,"{""model"": null, ""temperature"": null, ""date"": ""2025-09-06T23:06:20.669671+00:00"", ""prompt_version"": ""v1"", ""persona"": ""expert""}"
"('philosophyofmind', 'virtuesandvices')",virtues and vices,philosophy of mind,-1,3,novice,v1,v1,"{""model"": null, ""temperature"": null, ""date"": ""2025-09-06T23:06:20.669728+00:00"", ""prompt_version"": ""v1"", ""persona"": ""novice""}"
"('philosophyofmind', 'virtuesandvices')",virtues and vices,philosophy of mind,-1,3,course_taker,v1,v1,"{""model"": null, ""temperature"": null, ""date"": ""2025-09-06T23:06:20.669761+00:00"", ""prompt_version"": ""v1"", ""persona"": ""course_taker""}"
"('philosophyofmind', 'virtuesandvices')",virtues and vices,philosophy of mind,-1,3,phd,v1,v1,"{""model"": null, ""temperature"": null, ""date"": ""2025-09-06T23:06:20.669794+00:00"", ""prompt_version"": ""v1"", ""persona"": ""phd""}"
"('philosophyofmind', 'virtuesandvices')",virtues and vices,philosophy of mind,-1,3,expert,v1,v1,"{""model"": null, ""temperature"": null, ""date"": ""2025-09-06T23:06:20.669827+00:00"", ""prompt_version"": ""v1"", ""persona"": ""expert""}"
"('epistemology', 'ideas')",ideas,epistemology,-1,3,novice,v1,v1,"{""model"": null, ""temperature"": null, ""date"": ""2025-09-06T23:06:20.669883+00:00"", ""prompt_version"": ""v1"", ""persona"": ""novice""}"
"('epistemology', 'ideas')",ideas,epistemology,-1,3,course_taker,v1,v1,"{""model"": null, ""temperature"": null, ""date"": ""2025-09-06T23:06:20.669915+00:00"", ""prompt_version"": ""v1"", ""persona"": ""course_taker""}"
"('epistemology', 'ideas')",ideas,epistemology,-1,3,phd,v1,v1,"{""model"": null, ""temperature"": null, ""date"": ""2025-09-06T23:06:20.669947+00:00"", ""prompt_version"": ""v1"", ""persona"": ""phd""}"
"('epistemology', 'ideas')",ideas,epistemology,-1,3,expert,v1,v1,"{""model"": null, ""temperature"": null, ""date"": ""2025-09-06T23:06:20.669980+00:00"", ""prompt_version"": ""v1"", ""persona"": ""expert""}"
"('identitytheoryoftruth', 'metaphysics')",identity theory of truth,metaphysics,-1,3,novice,v1,v1,"{""model"": null, ""temperature"": null, ""date"": ""2025-09-06T23:06:20.670037+00:00"", ""prompt_version"": ""v1"", ""persona"": ""novice""}"
"('identitytheoryoftruth', 'metaphysics')",identity theory of truth,metaphysics,-1,3,course_taker,v1,v1,"{""model"": null, ""temperature"": null, ""date"": ""2025-09-06T23:06:20.670069+00:00"", ""prompt_version"": ""v1"", ""persona"": ""course_taker""}"
"('identitytheoryoftruth', 'metaphysics')",identity theory of truth,metaphysics,-1,3,phd,v1,v1,"{""model"": null, ""temperature"": null, ""date"": ""2025-09-06T23:06:20.670102+00:00"", ""prompt_version"": ""v1"", ""persona"": ""phd""}"
"('identitytheoryoftruth', 'metaphysics')",identity theory of truth,metaphysics,-1,3,expert,v1,v1,"{""model"": null, ""temperature"": null, ""date"": ""2025-09-06T23:06:20.670134+00:00"", ""prompt_version"": ""v1"", ""persona"": ""expert""}"
"('abstractobject', 'metaphysics')",abstract object,metaphysics,-1,3,novice,v1,v1,"{""model"": null, ""temperature"": null, ""date"": ""2025-09-06T23:06:20.670201+00:00"", ""prompt_version"": ""v1"", ""persona"": ""novice""}"
"('abstractobject', 'metaphysics')",abstract object,metaphysics,-1,3,course_taker,v1,v1,"{""model"": null, ""temperature"": null, ""date"": ""2025-09-06T23:06:20.670234+00:00"", ""prompt_version"": ""v1"", ""persona"": ""course_taker""}"
"('abstractobject', 'metaphysics')",abstract object,metaphysics,-1,3,phd,v1,v1,"{""model"": null, ""temperature"": null, ""date"": ""2025-09-06T23:06:20.670270+00:00"", ""prompt_version"": ""v1"", ""persona"": ""phd""}"
"('abstractobject', 'metaphysics')",abstract object,metaphysics,-1,3,expert,v1,v1,"{""model"": null, ""temperature"": null, ""date"": ""2025-09-06T23:06:20.670303+00:00"", ""prompt_version"": ""v1"", ""persona"": ""expert""}"
"('internalism', 'philosophyofmind')",internalism,philosophy of mind,-1,3,novice,v1,v1,"{""model"": null, ""temperature"": null, ""date"": ""2025-09-06T23:06:20.670360+00:00"", ""prompt_version"": ""v1"", ""persona"": ""novice""}"
"('internalism', 'philosophyofmind')",internalism,philosophy of mind,-1,3,course_taker,v1,v1,"{""model"": null, ""temperature"": null, ""date"": ""2025-09-06T23:06:20.670393+00:00"", ""prompt_version"": ""v1"", ""persona"": ""course_taker""}"
"('internalism', 'philosophyofmind')",internalism,philosophy of mind,-1,3,phd,v1,v1,"{""model"": null, ""temperature"": null, ""date"": ""2025-09-06T23:06:20.670426+00:00"", ""prompt_version"": ""v1"", ""persona"": ""phd""}"
"('internalism', 'philosophyofmind')",internalism,philosophy of mind,-1,3,expert,v1,v1,"{""model"": null, ""temperature"": null, ""date"": ""2025-09-06T23:06:20.670459+00:00"", ""prompt_version"": ""v1"", ""persona"": ""expert""}"
"('artificialintelligence', 'distributedrepresentation')",distributed representation,artificial intelligence,-1,3,novice,v1,v1,"{""model"": null, ""temperature"": null, ""date"": ""2025-09-06T23:06:20.670516+00:00"", ""prompt_version"": ""v1"", ""persona"": ""novice""}"
"('artificialintelligence', 'distributedrepresentation')",distributed representation,artificial intelligence,-1,3,course_taker,v1,v1,"{""model"": null, ""temperature"": null, ""date"": ""2025-09-06T23:06:20.670549+00:00"", ""prompt_version"": ""v1"", ""persona"": ""course_taker""}"
"('artificialintelligence', 'distributedrepresentation')",distributed representation,artificial intelligence,-1,3,phd,v1,v1,"{""model"": null, ""temperature"": null, ""date"": ""2025-09-06T23:06:20.670582+00:00"", ""prompt_version"": ""v1"", ""persona"": ""phd""}"
"('artificialintelligence', 'distributedrepresentation')",distributed representation,artificial intelligence,-1,3,expert,v1,v1,"{""model"": null, ""temperature"": null, ""date"": ""2025-09-06T23:06:20.670615+00:00"", ""prompt_version"": ""v1"", ""persona"": ""expert""}"
"('consciousness', 'philosophyofmind')",consciousness,philosophy of mind,-1,3,novice,v1,v1,"{""model"": null, ""temperature"": null, ""date"": ""2025-09-06T23:06:20.670672+00:00"", ""prompt_version"": ""v1"", ""persona"": ""novice""}"
"('consciousness', 'philosophyofmind')",consciousness,philosophy of mind,-1,3,course_taker,v1,v1,"{""model"": null, ""temperature"": null, ""date"": ""2025-09-06T23:06:20.670704+00:00"", ""prompt_version"": ""v1"", ""persona"": ""course_taker""}"
"('consciousness', 'philosophyofmind')",consciousness,philosophy of mind,-1,3,phd,v1,v1,"{""model"": null, ""temperature"": null, ""date"": ""2025-09-06T23:06:20.670737+00:00"", ""prompt_version"": ""v1"", ""persona"": ""phd""}"
"('consciousness', 'philosophyofmind')",consciousness,philosophy of mind,-1,3,expert,v1,v1,"{""model"": null, ""temperature"": null, ""date"": ""2025-09-06T23:06:20.670769+00:00"", ""prompt_version"": ""v1"", ""persona"": ""expert""}"
"('epistemology', 'inductivelogicanddecisiontheory')",inductive logic and decision theory,epistemology,-1,3,novice,v1,v1,"{""model"": null, ""temperature"": null, ""date"": ""2025-09-06T23:06:20.670830+00:00"", ""prompt_version"": ""v1"", ""persona"": ""novice""}"
"('epistemology', 'inductivelogicanddecisiontheory')",inductive logic and decision theory,epistemology,-1,3,course_taker,v1,v1,"{""model"": null, ""temperature"": null, ""date"": ""2025-09-06T23:06:20.670863+00:00"", ""prompt_version"": ""v1"", ""persona"": ""course_taker""}"
"('epistemology', 'inductivelogicanddecisiontheory')",inductive logic and decision theory,epistemology,-1,3,phd,v1,v1,"{""model"": null, ""temperature"": null, ""date"": ""2025-09-06T23:06:20.670896+00:00"", ""prompt_version"": ""v1"", ""persona"": ""phd""}"
"('epistemology', 'inductivelogicanddecisiontheory')",inductive logic and decision theory,epistemology,-1,3,expert,v1,v1,"{""model"": null, ""temperature"": null, ""date"": ""2025-09-06T23:06:20.670929+00:00"", ""prompt_version"": ""v1"", ""persona"": ""expert""}"
"('folkpsychology', 'inputunit')",input unit,folk psychology,-1,3,novice,v1,v1,"{""model"": null, ""temperature"": null, ""date"": ""2025-09-06T23:06:20.670985+00:00"", ""prompt_version"": ""v1"", ""persona"": ""novice""}"
"('folkpsychology', 'inputunit')",input unit,folk psychology,-1,3,course_taker,v1,v1,"{""model"": null, ""temperature"": null, ""date"": ""2025-09-06T23:06:20.671017+00:00"", ""prompt_version"": ""v1"", ""persona"": ""course_taker""}"
"('folkpsychology', 'inputunit')",input unit,folk psychology,-1,3,phd,v1,v1,"{""model"": null, ""temperature"": null, ""date"": ""2025-09-06T23:06:20.671050+00:00"", ""prompt_version"": ""v1"", ""persona"": ""phd""}"
"('folkpsychology', 'inputunit')",input unit,folk psychology,-1,3,expert,v1,v1,"{""model"": null, ""temperature"": null, ""date"": ""2025-09-06T23:06:20.671082+00:00"", ""prompt_version"": ""v1"", ""persona"": ""expert""}"
"('dualismandmetaphysicsofmind', 'philosophyofmind')",dualism and metaphysics of mind,philosophy of mind,-1,3,novice,v1,v1,"{""model"": null, ""temperature"": null, ""date"": ""2025-09-06T23:06:20.671139+00:00"", ""prompt_version"": ""v1"", ""persona"": ""novice""}"
"('dualismandmetaphysicsofmind', 'philosophyofmind')",dualism and metaphysics of mind,philosophy of mind,-1,3,course_taker,v1,v1,"{""model"": null, ""temperature"": null, ""date"": ""2025-09-06T23:06:20.671172+00:00"", ""prompt_version"": ""v1"", ""persona"": ""course_taker""}"
"('dualismandmetaphysicsofmind', 'philosophyofmind')",dualism and metaphysics of mind,philosophy of mind,-1,3,phd,v1,v1,"{""model"": null, ""temperature"": null, ""date"": ""2025-09-06T23:06:20.671205+00:00"", ""prompt_version"": ""v1"", ""persona"": ""phd""}"
"('dualismandmetaphysicsofmind', 'philosophyofmind')",dualism and metaphysics of mind,philosophy of mind,-1,3,expert,v1,v1,"{""model"": null, ""temperature"": null, ""date"": ""2025-09-06T23:06:20.671237+00:00"", ""prompt_version"": ""v1"", ""persona"": ""expert""}"
"('philosophyofphysics', 'philosophyofscienceandthesciences')",philosophy of physics,philosophy of science and the sciences,-1,3,novice,v1,v1,"{""model"": null, ""temperature"": null, ""date"": ""2025-09-06T23:06:20.671295+00:00"", ""prompt_version"": ""v1"", ""persona"": ""novice""}"
"('philosophyofphysics', 'philosophyofscienceandthesciences')",philosophy of physics,philosophy of science and the sciences,-1,3,course_taker,v1,v1,"{""model"": null, ""temperature"": null, ""date"": ""2025-09-06T23:06:20.671328+00:00"", ""prompt_version"": ""v1"", ""persona"": ""course_taker""}"
"('philosophyofphysics', 'philosophyofscienceandthesciences')",philosophy of physics,philosophy of science and the sciences,-1,3,phd,v1,v1,"{""model"": null, ""temperature"": null, ""date"": ""2025-09-06T23:06:20.671361+00:00"", ""prompt_version"": ""v1"", ""persona"": ""phd""}"
"('philosophyofphysics', 'philosophyofscienceandthesciences')",philosophy of physics,philosophy of science and the sciences,-1,3,expert,v1,v1,"{""model"": null, ""temperature"": null, ""date"": ""2025-09-06T23:06:20.671394+00:00"", ""prompt_version"": ""v1"", ""persona"": ""expert""}"
"('mentalimagery', 'perception')",mental imagery,perception,-1,3,novice,v1,v1,"{""model"": null, ""temperature"": null, ""date"": ""2025-09-06T23:06:20.671451+00:00"", ""prompt_version"": ""v1"", ""persona"": ""novice""}"
"('mentalimagery', 'perception')",mental imagery,perception,-1,3,course_taker,v1,v1,"{""model"": null, ""temperature"": null, ""date"": ""2025-09-06T23:06:20.671504+00:00"", ""prompt_version"": ""v1"", ""persona"": ""course_taker""}"
"('mentalimagery', 'perception')",mental imagery,perception,-1,3,phd,v1,v1,"{""model"": null, ""temperature"": null, ""date"": ""2025-09-06T23:06:20.671537+00:00"", ""prompt_version"": ""v1"", ""persona"": ""phd""}"
"('mentalimagery', 'perception')",mental imagery,perception,-1,3,expert,v1,v1,"{""model"": null, ""temperature"": null, ""date"": ""2025-09-06T23:06:20.671569+00:00"", ""prompt_version"": ""v1"", ""persona"": ""expert""}"
"('afterlife', 'heavenandhell')",heaven and hell,afterlife,-1,3,novice,v1,v1,"{""model"": null, ""temperature"": null, ""date"": ""2025-09-06T23:06:20.671625+00:00"", ""prompt_version"": ""v1"", ""persona"": ""novice""}"
"('afterlife', 'heavenandhell')",heaven and hell,afterlife,-1,3,course_taker,v1,v1,"{""model"": null, ""temperature"": null, ""date"": ""2025-09-06T23:06:20.671657+00:00"", ""prompt_version"": ""v1"", ""persona"": ""course_taker""}"
"('afterlife', 'heavenandhell')",heaven and hell,afterlife,-1,3,phd,v1,v1,"{""model"": null, ""temperature"": null, ""date"": ""2025-09-06T23:06:20.671690+00:00"", ""prompt_version"": ""v1"", ""persona"": ""phd""}"
"('afterlife', 'heavenandhell')",heaven and hell,afterlife,-1,3,expert,v1,v1,"{""model"": null, ""temperature"": null, ""date"": ""2025-09-06T23:06:20.671722+00:00"", ""prompt_version"": ""v1"", ""persona"": ""expert""}"
"('divinerevelation', 'philosophyofreligion')",divine revelation,philosophy of religion,-1,3,novice,v1,v1,"{""model"": null, ""temperature"": null, ""date"": ""2025-09-06T23:06:20.671778+00:00"", ""prompt_version"": ""v1"", ""persona"": ""novice""}"
"('divinerevelation', 'philosophyofreligion')",divine revelation,philosophy of religion,-1,3,course_taker,v1,v1,"{""model"": null, ""temperature"": null, ""date"": ""2025-09-06T23:06:20.671810+00:00"", ""prompt_version"": ""v1"", ""persona"": ""course_taker""}"
"('divinerevelation', 'philosophyofreligion')",divine revelation,philosophy of religion,-1,3,phd,v1,v1,"{""model"": null, ""temperature"": null, ""date"": ""2025-09-06T23:06:20.671843+00:00"", ""prompt_version"": ""v1"", ""persona"": ""phd""}"
"('divinerevelation', 'philosophyofreligion')",divine revelation,philosophy of religion,-1,3,expert,v1,v1,"{""model"": null, ""temperature"": null, ""date"": ""2025-09-06T23:06:20.671876+00:00"", ""prompt_version"": ""v1"", ""persona"": ""expert""}"
"('mind', 'philosophyofmind')",mind,philosophy of mind,-1,3,novice,v1,v1,"{""model"": null, ""temperature"": null, ""date"": ""2025-09-06T23:06:20.671936+00:00"", ""prompt_version"": ""v1"", ""persona"": ""novice""}"
"('mind', 'philosophyofmind')",mind,philosophy of mind,-1,3,course_taker,v1,v1,"{""model"": null, ""temperature"": null, ""date"": ""2025-09-06T23:06:20.671968+00:00"", ""prompt_version"": ""v1"", ""persona"": ""course_taker""}"
"('mind', 'philosophyofmind')",mind,philosophy of mind,-1,3,phd,v1,v1,"{""model"": null, ""temperature"": null, ""date"": ""2025-09-06T23:06:20.672000+00:00"", ""prompt_version"": ""v1"", ""persona"": ""phd""}"
"('mind', 'philosophyofmind')",mind,philosophy of mind,-1,3,expert,v1,v1,"{""model"": null, ""temperature"": null, ""date"": ""2025-09-06T23:06:20.672032+00:00"", ""prompt_version"": ""v1"", ""persona"": ""expert""}"
"('folkpsychology', 'simulationtheory')",simulation theory,folk psychology,-1,3,novice,v1,v1,"{""model"": null, ""temperature"": null, ""date"": ""2025-09-06T23:06:20.672088+00:00"", ""prompt_version"": ""v1"", ""persona"": ""novice""}"
"('folkpsychology', 'simulationtheory')",simulation theory,folk psychology,-1,3,course_taker,v1,v1,"{""model"": null, ""temperature"": null, ""date"": ""2025-09-06T23:06:20.672121+00:00"", ""prompt_version"": ""v1"", ""persona"": ""course_taker""}"
"('folkpsychology', 'simulationtheory')",simulation theory,folk psychology,-1,3,phd,v1,v1,"{""model"": null, ""temperature"": null, ""date"": ""2025-09-06T23:06:20.672153+00:00"", ""prompt_version"": ""v1"", ""persona"": ""phd""}"
"('folkpsychology', 'simulationtheory')",simulation theory,folk psychology,-1,3,expert,v1,v1,"{""model"": null, ""temperature"": null, ""date"": ""2025-09-06T23:06:20.672186+00:00"", ""prompt_version"": ""v1"", ""persona"": ""expert""}"
"('existence', 'existentialism')",existentialism,existence,-1,3,novice,v1,v1,"{""model"": null, ""temperature"": null, ""date"": ""2025-09-06T23:06:20.672242+00:00"", ""prompt_version"": ""v1"", ""persona"": ""novice""}"
"('existence', 'existentialism')",existentialism,existence,-1,3,course_taker,v1,v1,"{""model"": null, ""temperature"": null, ""date"": ""2025-09-06T23:06:20.672274+00:00"", ""prompt_version"": ""v1"", ""persona"": ""course_taker""}"
"('existence', 'existentialism')",existentialism,existence,-1,3,phd,v1,v1,"{""model"": null, ""temperature"": null, ""date"": ""2025-09-06T23:06:20.672307+00:00"", ""prompt_version"": ""v1"", ""persona"": ""phd""}"
"('existence', 'existentialism')",existentialism,existence,-1,3,expert,v1,v1,"{""model"": null, ""temperature"": null, ""date"": ""2025-09-06T23:06:20.672339+00:00"", ""prompt_version"": ""v1"", ""persona"": ""expert""}"
"('interpretationsofprobability', 'philosophyofscienceandthesciences')",interpretations of probability,philosophy of science and the sciences,-1,3,novice,v1,v1,"{""model"": null, ""temperature"": null, ""date"": ""2025-09-06T23:06:20.672396+00:00"", ""prompt_version"": ""v1"", ""persona"": ""novice""}"
"('interpretationsofprobability', 'philosophyofscienceandthesciences')",interpretations of probability,philosophy of science and the sciences,-1,3,course_taker,v1,v1,"{""model"": null, ""temperature"": null, ""date"": ""2025-09-06T23:06:20.672429+00:00"", ""prompt_version"": ""v1"", ""persona"": ""course_taker""}"
"('interpretationsofprobability', 'philosophyofscienceandthesciences')",interpretations of probability,philosophy of science and the sciences,-1,3,phd,v1,v1,"{""model"": null, ""temperature"": null, ""date"": ""2025-09-06T23:06:20.672463+00:00"", ""prompt_version"": ""v1"", ""persona"": ""phd""}"
"('interpretationsofprobability', 'philosophyofscienceandthesciences')",interpretations of probability,philosophy of science and the sciences,-1,3,expert,v1,v1,"{""model"": null, ""temperature"": null, ""date"": ""2025-09-06T23:06:20.672496+00:00"", ""prompt_version"": ""v1"", ""persona"": ""expert""}"
"('deontology', 'ethics')",ethics,deontology,-1,3,novice,v1,v1,"{""model"": null, ""temperature"": null, ""date"": ""2025-09-06T23:06:20.672553+00:00"", ""prompt_version"": ""v1"", ""persona"": ""novice""}"
"('deontology', 'ethics')",ethics,deontology,-1,3,course_taker,v1,v1,"{""model"": null, ""temperature"": null, ""date"": ""2025-09-06T23:06:20.672585+00:00"", ""prompt_version"": ""v1"", ""persona"": ""course_taker""}"
"('deontology', 'ethics')",ethics,deontology,-1,3,phd,v1,v1,"{""model"": null, ""temperature"": null, ""date"": ""2025-09-06T23:06:20.672618+00:00"", ""prompt_version"": ""v1"", ""persona"": ""phd""}"
"('deontology', 'ethics')",ethics,deontology,-1,3,expert,v1,v1,"{""model"": null, ""temperature"": null, ""date"": ""2025-09-06T23:06:20.672650+00:00"", ""prompt_version"": ""v1"", ""persona"": ""expert""}"
"('logic', 'logicandlanguage')",logic,logic and language,-1,3,novice,v1,v1,"{""model"": null, ""temperature"": null, ""date"": ""2025-09-06T23:06:20.672706+00:00"", ""prompt_version"": ""v1"", ""persona"": ""novice""}"
"('logic', 'logicandlanguage')",logic,logic and language,-1,3,course_taker,v1,v1,"{""model"": null, ""temperature"": null, ""date"": ""2025-09-06T23:06:20.672742+00:00"", ""prompt_version"": ""v1"", ""persona"": ""course_taker""}"
"('logic', 'logicandlanguage')",logic,logic and language,-1,3,phd,v1,v1,"{""model"": null, ""temperature"": null, ""date"": ""2025-09-06T23:06:20.672774+00:00"", ""prompt_version"": ""v1"", ""persona"": ""phd""}"
"('logic', 'logicandlanguage')",logic,logic and language,-1,3,expert,v1,v1,"{""model"": null, ""temperature"": null, ""date"": ""2025-09-06T23:06:20.672806+00:00"", ""prompt_version"": ""v1"", ""persona"": ""expert""}"
"('constructivemathematics', 'philosophyofscienceandthesciences')",constructive mathematics,philosophy of science and the sciences,-1,3,novice,v1,v1,"{""model"": null, ""temperature"": null, ""date"": ""2025-09-06T23:06:20.672872+00:00"", ""prompt_version"": ""v1"", ""persona"": ""novice""}"
"('constructivemathematics', 'philosophyofscienceandthesciences')",constructive mathematics,philosophy of science and the sciences,-1,3,course_taker,v1,v1,"{""model"": null, ""temperature"": null, ""date"": ""2025-09-06T23:06:20.672906+00:00"", ""prompt_version"": ""v1"", ""persona"": ""course_taker""}"
"('constructivemathematics', 'philosophyofscienceandthesciences')",constructive mathematics,philosophy of science and the sciences,-1,3,phd,v1,v1,"{""model"": null, ""temperature"": null, ""date"": ""2025-09-06T23:06:20.672939+00:00"", ""prompt_version"": ""v1"", ""persona"": ""phd""}"
"('constructivemathematics', 'philosophyofscienceandthesciences')",constructive mathematics,philosophy of science and the sciences,-1,3,expert,v1,v1,"{""model"": null, ""temperature"": null, ""date"": ""2025-09-06T23:06:20.672973+00:00"", ""prompt_version"": ""v1"", ""persona"": ""expert""}"
"('philosophyofmind', 'unityofconsciousness')",unity of consciousness,philosophy of mind,-1,3,novice,v1,v1,"{""model"": null, ""temperature"": null, ""date"": ""2025-09-06T23:06:20.673032+00:00"", ""prompt_version"": ""v1"", ""persona"": ""novice""}"
"('philosophyofmind', 'unityofconsciousness')",unity of consciousness,philosophy of mind,-1,3,course_taker,v1,v1,"{""model"": null, ""temperature"": null, ""date"": ""2025-09-06T23:06:20.673065+00:00"", ""prompt_version"": ""v1"", ""persona"": ""course_taker""}"
"('philosophyofmind', 'unityofconsciousness')",unity of consciousness,philosophy of mind,-1,3,phd,v1,v1,"{""model"": null, ""temperature"": null, ""date"": ""2025-09-06T23:06:20.673098+00:00"", ""prompt_version"": ""v1"", ""persona"": ""phd""}"
"('philosophyofmind', 'unityofconsciousness')",unity of consciousness,philosophy of mind,-1,3,expert,v1,v1,"{""model"": null, ""temperature"": null, ""date"": ""2025-09-06T23:06:20.673131+00:00"", ""prompt_version"": ""v1"", ""persona"": ""expert""}"
"('otherminds', 'philosophyofmind')",other minds,philosophy of mind,-1,3,novice,v1,v1,"{""model"": null, ""temperature"": null, ""date"": ""2025-09-06T23:06:20.673187+00:00"", ""prompt_version"": ""v1"", ""persona"": ""novice""}"
"('otherminds', 'philosophyofmind')",other minds,philosophy of mind,-1,3,course_taker,v1,v1,"{""model"": null, ""temperature"": null, ""date"": ""2025-09-06T23:06:20.673220+00:00"", ""prompt_version"": ""v1"", ""persona"": ""course_taker""}"
"('otherminds', 'philosophyofmind')",other minds,philosophy of mind,-1,3,phd,v1,v1,"{""model"": null, ""temperature"": null, ""date"": ""2025-09-06T23:06:20.673252+00:00"", ""prompt_version"": ""v1"", ""persona"": ""phd""}"
"('otherminds', 'philosophyofmind')",other minds,philosophy of mind,-1,3,expert,v1,v1,"{""model"": null, ""temperature"": null, ""date"": ""2025-09-06T23:06:20.673284+00:00"", ""prompt_version"": ""v1"", ""persona"": ""expert""}"
"('perception', 'psychologicaltheory')",psychological theory,perception,-1,3,novice,v1,v1,"{""model"": null, ""temperature"": null, ""date"": ""2025-09-06T23:06:20.673341+00:00"", ""prompt_version"": ""v1"", ""persona"": ""novice""}"
"('perception', 'psychologicaltheory')",psychological theory,perception,-1,3,course_taker,v1,v1,"{""model"": null, ""temperature"": null, ""date"": ""2025-09-06T23:06:20.673373+00:00"", ""prompt_version"": ""v1"", ""persona"": ""course_taker""}"
"('perception', 'psychologicaltheory')",psychological theory,perception,-1,3,phd,v1,v1,"{""model"": null, ""temperature"": null, ""date"": ""2025-09-06T23:06:20.673406+00:00"", ""prompt_version"": ""v1"", ""persona"": ""phd""}"
"('perception', 'psychologicaltheory')",psychological theory,perception,-1,3,expert,v1,v1,"{""model"": null, ""temperature"": null, ""date"": ""2025-09-06T23:06:20.673438+00:00"", ""prompt_version"": ""v1"", ""persona"": ""expert""}"
"('knowledgeargument', 'physicalism')",knowledge argument,physicalism,-1,3,novice,v1,v1,"{""model"": null, ""temperature"": null, ""date"": ""2025-09-06T23:06:20.673494+00:00"", ""prompt_version"": ""v1"", ""persona"": ""novice""}"
"('knowledgeargument', 'physicalism')",knowledge argument,physicalism,-1,3,course_taker,v1,v1,"{""model"": null, ""temperature"": null, ""date"": ""2025-09-06T23:06:20.673527+00:00"", ""prompt_version"": ""v1"", ""persona"": ""course_taker""}"
"('knowledgeargument', 'physicalism')",knowledge argument,physicalism,-1,3,phd,v1,v1,"{""model"": null, ""temperature"": null, ""date"": ""2025-09-06T23:06:20.673559+00:00"", ""prompt_version"": ""v1"", ""persona"": ""phd""}"
"('knowledgeargument', 'physicalism')",knowledge argument,physicalism,-1,3,expert,v1,v1,"{""model"": null, ""temperature"": null, ""date"": ""2025-09-06T23:06:20.673591+00:00"", ""prompt_version"": ""v1"", ""persona"": ""expert""}"
"('epistemology', 'moralepistemology')",moral epistemology,epistemology,-1,3,novice,v1,v1,"{""model"": null, ""temperature"": null, ""date"": ""2025-09-06T23:06:20.673647+00:00"", ""prompt_version"": ""v1"", ""persona"": ""novice""}"
"('epistemology', 'moralepistemology')",moral epistemology,epistemology,-1,3,course_taker,v1,v1,"{""model"": null, ""temperature"": null, ""date"": ""2025-09-06T23:06:20.673679+00:00"", ""prompt_version"": ""v1"", ""persona"": ""course_taker""}"
"('epistemology', 'moralepistemology')",moral epistemology,epistemology,-1,3,phd,v1,v1,"{""model"": null, ""temperature"": null, ""date"": ""2025-09-06T23:06:20.673712+00:00"", ""prompt_version"": ""v1"", ""persona"": ""phd""}"
"('epistemology', 'moralepistemology')",moral epistemology,epistemology,-1,3,expert,v1,v1,"{""model"": null, ""temperature"": null, ""date"": ""2025-09-06T23:06:20.673744+00:00"", ""prompt_version"": ""v1"", ""persona"": ""expert""}"
"('epistemology', 'externalism')",externalism,epistemology,-1,3,novice,v1,v1,"{""model"": null, ""temperature"": null, ""date"": ""2025-09-06T23:06:20.673800+00:00"", ""prompt_version"": ""v1"", ""persona"": ""novice""}"
"('epistemology', 'externalism')",externalism,epistemology,-1,3,course_taker,v1,v1,"{""model"": null, ""temperature"": null, ""date"": ""2025-09-06T23:06:20.673833+00:00"", ""prompt_version"": ""v1"", ""persona"": ""course_taker""}"
"('epistemology', 'externalism')",externalism,epistemology,-1,3,phd,v1,v1,"{""model"": null, ""temperature"": null, ""date"": ""2025-09-06T23:06:20.673865+00:00"", ""prompt_version"": ""v1"", ""persona"": ""phd""}"
"('epistemology', 'externalism')",externalism,epistemology,-1,3,expert,v1,v1,"{""model"": null, ""temperature"": null, ""date"": ""2025-09-06T23:06:20.673897+00:00"", ""prompt_version"": ""v1"", ""persona"": ""expert""}"
"('epistemology', 'realismandantirealism')",realism and anti-realism,epistemology,-1,3,novice,v1,v1,"{""model"": null, ""temperature"": null, ""date"": ""2025-09-06T23:06:20.673954+00:00"", ""prompt_version"": ""v1"", ""persona"": ""novice""}"
"('epistemology', 'realismandantirealism')",realism and anti-realism,epistemology,-1,3,course_taker,v1,v1,"{""model"": null, ""temperature"": null, ""date"": ""2025-09-06T23:06:20.673986+00:00"", ""prompt_version"": ""v1"", ""persona"": ""course_taker""}"
"('epistemology', 'realismandantirealism')",realism and anti-realism,epistemology,-1,3,phd,v1,v1,"{""model"": null, ""temperature"": null, ""date"": ""2025-09-06T23:06:20.674019+00:00"", ""prompt_version"": ""v1"", ""persona"": ""phd""}"
"('epistemology', 'realismandantirealism')",realism and anti-realism,epistemology,-1,3,expert,v1,v1,"{""model"": null, ""temperature"": null, ""date"": ""2025-09-06T23:06:20.674051+00:00"", ""prompt_version"": ""v1"", ""persona"": ""expert""}"
"('object', 'perception')",object,perception,-1,3,novice,v1,v1,"{""model"": null, ""temperature"": null, ""date"": ""2025-09-06T23:06:20.674107+00:00"", ""prompt_version"": ""v1"", ""persona"": ""novice""}"
"('object', 'perception')",object,perception,-1,3,course_taker,v1,v1,"{""model"": null, ""temperature"": null, ""date"": ""2025-09-06T23:06:20.674140+00:00"", ""prompt_version"": ""v1"", ""persona"": ""course_taker""}"
"('object', 'perception')",object,perception,-1,3,phd,v1,v1,"{""model"": null, ""temperature"": null, ""date"": ""2025-09-06T23:06:20.674180+00:00"", ""prompt_version"": ""v1"", ""persona"": ""phd""}"
"('object', 'perception')",object,perception,-1,3,expert,v1,v1,"{""model"": null, ""temperature"": null, ""date"": ""2025-09-06T23:06:20.674211+00:00"", ""prompt_version"": ""v1"", ""persona"": ""expert""}"
"('artificialintelligence', 'logicandlanguage')",logic and language,artificial intelligence,-1,3,novice,v1,v1,"{""model"": null, ""temperature"": null, ""date"": ""2025-09-06T23:06:20.674267+00:00"", ""prompt_version"": ""v1"", ""persona"": ""novice""}"
"('artificialintelligence', 'logicandlanguage')",logic and language,artificial intelligence,-1,3,course_taker,v1,v1,"{""model"": null, ""temperature"": null, ""date"": ""2025-09-06T23:06:20.674301+00:00"", ""prompt_version"": ""v1"", ""persona"": ""course_taker""}"
"('artificialintelligence', 'logicandlanguage')",logic and language,artificial intelligence,-1,3,phd,v1,v1,"{""model"": null, ""temperature"": null, ""date"": ""2025-09-06T23:06:20.674334+00:00"", ""prompt_version"": ""v1"", ""persona"": ""phd""}"
"('artificialintelligence', 'logicandlanguage')",logic and language,artificial intelligence,-1,3,expert,v1,v1,"{""model"": null, ""temperature"": null, ""date"": ""2025-09-06T23:06:20.674366+00:00"", ""prompt_version"": ""v1"", ""persona"": ""expert""}"
"('animalcognition', 'folkpsychology')",animal cognition,folk psychology,-1,3,novice,v1,v1,"{""model"": null, ""temperature"": null, ""date"": ""2025-09-06T23:06:20.674431+00:00"", ""prompt_version"": ""v1"", ""persona"": ""novice""}"
"('animalcognition', 'folkpsychology')",animal cognition,folk psychology,-1,3,course_taker,v1,v1,"{""model"": null, ""temperature"": null, ""date"": ""2025-09-06T23:06:20.674463+00:00"", ""prompt_version"": ""v1"", ""persona"": ""course_taker""}"
"('animalcognition', 'folkpsychology')",animal cognition,folk psychology,-1,3,phd,v1,v1,"{""model"": null, ""temperature"": null, ""date"": ""2025-09-06T23:06:20.674496+00:00"", ""prompt_version"": ""v1"", ""persona"": ""phd""}"
"('animalcognition', 'folkpsychology')",animal cognition,folk psychology,-1,3,expert,v1,v1,"{""model"": null, ""temperature"": null, ""date"": ""2025-09-06T23:06:20.674528+00:00"", ""prompt_version"": ""v1"", ""persona"": ""expert""}"
"('metaphysics', 'sophists')",sophists,metaphysics,-1,3,novice,v1,v1,"{""model"": null, ""temperature"": null, ""date"": ""2025-09-06T23:06:20.674584+00:00"", ""prompt_version"": ""v1"", ""persona"": ""novice""}"
"('metaphysics', 'sophists')",sophists,metaphysics,-1,3,course_taker,v1,v1,"{""model"": null, ""temperature"": null, ""date"": ""2025-09-06T23:06:20.674616+00:00"", ""prompt_version"": ""v1"", ""persona"": ""course_taker""}"
"('metaphysics', 'sophists')",sophists,metaphysics,-1,3,phd,v1,v1,"{""model"": null, ""temperature"": null, ""date"": ""2025-09-06T23:06:20.674649+00:00"", ""prompt_version"": ""v1"", ""persona"": ""phd""}"
"('metaphysics', 'sophists')",sophists,metaphysics,-1,3,expert,v1,v1,"{""model"": null, ""temperature"": null, ""date"": ""2025-09-06T23:06:20.674681+00:00"", ""prompt_version"": ""v1"", ""persona"": ""expert""}"
"('fideism', 'philosophyofreligion')",fideism,philosophy of religion,-1,3,novice,v1,v1,"{""model"": null, ""temperature"": null, ""date"": ""2025-09-06T23:06:20.674737+00:00"", ""prompt_version"": ""v1"", ""persona"": ""novice""}"
"('fideism', 'philosophyofreligion')",fideism,philosophy of religion,-1,3,course_taker,v1,v1,"{""model"": null, ""temperature"": null, ""date"": ""2025-09-06T23:06:20.674769+00:00"", ""prompt_version"": ""v1"", ""persona"": ""course_taker""}"
"('fideism', 'philosophyofreligion')",fideism,philosophy of religion,-1,3,phd,v1,v1,"{""model"": null, ""temperature"": null, ""date"": ""2025-09-06T23:06:20.674802+00:00"", ""prompt_version"": ""v1"", ""persona"": ""phd""}"
"('fideism', 'philosophyofreligion')",fideism,philosophy of religion,-1,3,expert,v1,v1,"{""model"": null, ""temperature"": null, ""date"": ""2025-09-06T23:06:20.674834+00:00"", ""prompt_version"": ""v1"", ""persona"": ""expert""}"
"('logicandlanguage', 'philosophyoflanguage')",logic and language,philosophy of language,-1,3,novice,v1,v1,"{""model"": null, ""temperature"": null, ""date"": ""2025-09-06T23:06:20.674892+00:00"", ""prompt_version"": ""v1"", ""persona"": ""novice""}"
"('logicandlanguage', 'philosophyoflanguage')",logic and language,philosophy of language,-1,3,course_taker,v1,v1,"{""model"": null, ""temperature"": null, ""date"": ""2025-09-06T23:06:20.674924+00:00"", ""prompt_version"": ""v1"", ""persona"": ""course_taker""}"
"('logicandlanguage', 'philosophyoflanguage')",logic and language,philosophy of language,-1,3,phd,v1,v1,"{""model"": null, ""temperature"": null, ""date"": ""2025-09-06T23:06:20.674957+00:00"", ""prompt_version"": ""v1"", ""persona"": ""phd""}"
"('logicandlanguage', 'philosophyoflanguage')",logic and language,philosophy of language,-1,3,expert,v1,v1,"{""model"": null, ""temperature"": null, ""date"": ""2025-09-06T23:06:20.674990+00:00"", ""prompt_version"": ""v1"", ""persona"": ""expert""}"
"('determinism', 'freewill')",determinism,free will,-1,3,novice,v1,v1,"{""model"": null, ""temperature"": null, ""date"": ""2025-09-06T23:06:20.675046+00:00"", ""prompt_version"": ""v1"", ""persona"": ""novice""}"
"('determinism', 'freewill')",determinism,free will,-1,3,course_taker,v1,v1,"{""model"": null, ""temperature"": null, ""date"": ""2025-09-06T23:06:20.675079+00:00"", ""prompt_version"": ""v1"", ""persona"": ""course_taker""}"
"('determinism', 'freewill')",determinism,free will,-1,3,phd,v1,v1,"{""model"": null, ""temperature"": null, ""date"": ""2025-09-06T23:06:20.675111+00:00"", ""prompt_version"": ""v1"", ""persona"": ""phd""}"
"('determinism', 'freewill')",determinism,free will,-1,3,expert,v1,v1,"{""model"": null, ""temperature"": null, ""date"": ""2025-09-06T23:06:20.675144+00:00"", ""prompt_version"": ""v1"", ""persona"": ""expert""}"
"('kantsphilosophyofreligion', 'metaphysics')",kant's philosophy of religion,metaphysics,-1,3,novice,v1,v1,"{""model"": null, ""temperature"": null, ""date"": ""2025-09-06T23:06:20.675200+00:00"", ""prompt_version"": ""v1"", ""persona"": ""novice""}"
"('kantsphilosophyofreligion', 'metaphysics')",kant's philosophy of religion,metaphysics,-1,3,course_taker,v1,v1,"{""model"": null, ""temperature"": null, ""date"": ""2025-09-06T23:06:20.675232+00:00"", ""prompt_version"": ""v1"", ""persona"": ""course_taker""}"
"('kantsphilosophyofreligion', 'metaphysics')",kant's philosophy of religion,metaphysics,-1,3,phd,v1,v1,"{""model"": null, ""temperature"": null, ""date"": ""2025-09-06T23:06:20.675265+00:00"", ""prompt_version"": ""v1"", ""persona"": ""phd""}"
"('kantsphilosophyofreligion', 'metaphysics')",kant's philosophy of religion,metaphysics,-1,3,expert,v1,v1,"{""model"": null, ""temperature"": null, ""date"": ""2025-09-06T23:06:20.675298+00:00"", ""prompt_version"": ""v1"", ""persona"": ""expert""}"
"('causaltheoriesofmentalcontent', 'mentalcontent')",causal theories of mental content,mental content,-1,3,novice,v1,v1,"{""model"": null, ""temperature"": null, ""date"": ""2025-09-06T23:06:20.675355+00:00"", ""prompt_version"": ""v1"", ""persona"": ""novice""}"
"('causaltheoriesofmentalcontent', 'mentalcontent')",causal theories of mental content,mental content,-1,3,course_taker,v1,v1,"{""model"": null, ""temperature"": null, ""date"": ""2025-09-06T23:06:20.675388+00:00"", ""prompt_version"": ""v1"", ""persona"": ""course_taker""}"
"('causaltheoriesofmentalcontent', 'mentalcontent')",causal theories of mental content,mental content,-1,3,phd,v1,v1,"{""model"": null, ""temperature"": null, ""date"": ""2025-09-06T23:06:20.675421+00:00"", ""prompt_version"": ""v1"", ""persona"": ""phd""}"
"('causaltheoriesofmentalcontent', 'mentalcontent')",causal theories of mental content,mental content,-1,3,expert,v1,v1,"{""model"": null, ""temperature"": null, ""date"": ""2025-09-06T23:06:20.675454+00:00"", ""prompt_version"": ""v1"", ""persona"": ""expert""}"
"('bioethics', 'culturalrelativism')",cultural relativism,bioethics,-1,3,novice,v1,v1,"{""model"": null, ""temperature"": null, ""date"": ""2025-09-06T23:06:20.675512+00:00"", ""prompt_version"": ""v1"", ""persona"": ""novice""}"
"('bioethics', 'culturalrelativism')",cultural relativism,bioethics,-1,3,course_taker,v1,v1,"{""model"": null, ""temperature"": null, ""date"": ""2025-09-06T23:06:20.675554+00:00"", ""prompt_version"": ""v1"", ""persona"": ""course_taker""}"
"('bioethics', 'culturalrelativism')",cultural relativism,bioethics,-1,3,phd,v1,v1,"{""model"": null, ""temperature"": null, ""date"": ""2025-09-06T23:06:20.675587+00:00"", ""prompt_version"": ""v1"", ""persona"": ""phd""}"
"('bioethics', 'culturalrelativism')",cultural relativism,bioethics,-1,3,expert,v1,v1,"{""model"": null, ""temperature"": null, ""date"": ""2025-09-06T23:06:20.675619+00:00"", ""prompt_version"": ""v1"", ""persona"": ""expert""}"
"('judaicphilosophy', 'judaism')",judaic philosophy,judaism,-1,3,novice,v1,v1,"{""model"": null, ""temperature"": null, ""date"": ""2025-09-06T23:06:20.675676+00:00"", ""prompt_version"": ""v1"", ""persona"": ""novice""}"
"('judaicphilosophy', 'judaism')",judaic philosophy,judaism,-1,3,course_taker,v1,v1,"{""model"": null, ""temperature"": null, ""date"": ""2025-09-06T23:06:20.675708+00:00"", ""prompt_version"": ""v1"", ""persona"": ""course_taker""}"
"('judaicphilosophy', 'judaism')",judaic philosophy,judaism,-1,3,phd,v1,v1,"{""model"": null, ""temperature"": null, ""date"": ""2025-09-06T23:06:20.675740+00:00"", ""prompt_version"": ""v1"", ""persona"": ""phd""}"
"('judaicphilosophy', 'judaism')",judaic philosophy,judaism,-1,3,expert,v1,v1,"{""model"": null, ""temperature"": null, ""date"": ""2025-09-06T23:06:20.675773+00:00"", ""prompt_version"": ""v1"", ""persona"": ""expert""}"
"('epistemologicalproblemsofperception', 'philosophyofmind')",epistemological problems of perception,philosophy of mind,-1,3,novice,v1,v1,"{""model"": null, ""temperature"": null, ""date"": ""2025-09-06T23:06:20.675831+00:00"", ""prompt_version"": ""v1"", ""persona"": ""novice""}"
"('epistemologicalproblemsofperception', 'philosophyofmind')",epistemological problems of perception,philosophy of mind,-1,3,course_taker,v1,v1,"{""model"": null, ""temperature"": null, ""date"": ""2025-09-06T23:06:20.675865+00:00"", ""prompt_version"": ""v1"", ""persona"": ""course_taker""}"
"('epistemologicalproblemsofperception', 'philosophyofmind')",epistemological problems of perception,philosophy of mind,-1,3,phd,v1,v1,"{""model"": null, ""temperature"": null, ""date"": ""2025-09-06T23:06:20.675898+00:00"", ""prompt_version"": ""v1"", ""persona"": ""phd""}"
"('epistemologicalproblemsofperception', 'philosophyofmind')",epistemological problems of perception,philosophy of mind,-1,3,expert,v1,v1,"{""model"": null, ""temperature"": null, ""date"": ""2025-09-06T23:06:20.675932+00:00"", ""prompt_version"": ""v1"", ""persona"": ""expert""}"
"('epistemologicalproblemsofperception', 'perception')",epistemological problems of perception,perception,-1,3,novice,v1,v1,"{""model"": null, ""temperature"": null, ""date"": ""2025-09-06T23:06:20.675989+00:00"", ""prompt_version"": ""v1"", ""persona"": ""novice""}"
"('epistemologicalproblemsofperception', 'perception')",epistemological problems of perception,perception,-1,3,course_taker,v1,v1,"{""model"": null, ""temperature"": null, ""date"": ""2025-09-06T23:06:20.676022+00:00"", ""prompt_version"": ""v1"", ""persona"": ""course_taker""}"
"('epistemologicalproblemsofperception', 'perception')",epistemological problems of perception,perception,-1,3,phd,v1,v1,"{""model"": null, ""temperature"": null, ""date"": ""2025-09-06T23:06:20.676056+00:00"", ""prompt_version"": ""v1"", ""persona"": ""phd""}"
"('epistemologicalproblemsofperception', 'perception')",epistemological problems of perception,perception,-1,3,expert,v1,v1,"{""model"": null, ""temperature"": null, ""date"": ""2025-09-06T23:06:20.676088+00:00"", ""prompt_version"": ""v1"", ""persona"": ""expert""}"
"('kantsphilosophicaldevelopment', 'metaphysics')",kant's philosophical development,metaphysics,-1,3,novice,v1,v1,"{""model"": null, ""temperature"": null, ""date"": ""2025-09-06T23:06:20.676145+00:00"", ""prompt_version"": ""v1"", ""persona"": ""novice""}"
"('kantsphilosophicaldevelopment', 'metaphysics')",kant's philosophical development,metaphysics,-1,3,course_taker,v1,v1,"{""model"": null, ""temperature"": null, ""date"": ""2025-09-06T23:06:20.676183+00:00"", ""prompt_version"": ""v1"", ""persona"": ""course_taker""}"
"('kantsphilosophicaldevelopment', 'metaphysics')",kant's philosophical development,metaphysics,-1,3,phd,v1,v1,"{""model"": null, ""temperature"": null, ""date"": ""2025-09-06T23:06:20.676215+00:00"", ""prompt_version"": ""v1"", ""persona"": ""phd""}"
"('kantsphilosophicaldevelopment', 'metaphysics')",kant's philosophical development,metaphysics,-1,3,expert,v1,v1,"{""model"": null, ""temperature"": null, ""date"": ""2025-09-06T23:06:20.676248+00:00"", ""prompt_version"": ""v1"", ""persona"": ""expert""}"
"('abstractexpressionism', 'perception')",abstract expressionism,perception,-1,3,novice,v1,v1,"{""model"": null, ""temperature"": null, ""date"": ""2025-09-06T23:06:20.676305+00:00"", ""prompt_version"": ""v1"", ""persona"": ""novice""}"
"('abstractexpressionism', 'perception')",abstract expressionism,perception,-1,3,course_taker,v1,v1,"{""model"": null, ""temperature"": null, ""date"": ""2025-09-06T23:06:20.676337+00:00"", ""prompt_version"": ""v1"", ""persona"": ""course_taker""}"
"('abstractexpressionism', 'perception')",abstract expressionism,perception,-1,3,phd,v1,v1,"{""model"": null, ""temperature"": null, ""date"": ""2025-09-06T23:06:20.676370+00:00"", ""prompt_version"": ""v1"", ""persona"": ""phd""}"
"('abstractexpressionism', 'perception')",abstract expressionism,perception,-1,3,expert,v1,v1,"{""model"": null, ""temperature"": null, ""date"": ""2025-09-06T23:06:20.676403+00:00"", ""prompt_version"": ""v1"", ""persona"": ""expert""}"
"('mentalcontent', 'narrowmentalcontent')",narrow mental content,mental content,-1,3,novice,v1,v1,"{""model"": null, ""temperature"": null, ""date"": ""2025-09-06T23:06:20.676459+00:00"", ""prompt_version"": ""v1"", ""persona"": ""novice""}"
"('mentalcontent', 'narrowmentalcontent')",narrow mental content,mental content,-1,3,course_taker,v1,v1,"{""model"": null, ""temperature"": null, ""date"": ""2025-09-06T23:06:20.676492+00:00"", ""prompt_version"": ""v1"", ""persona"": ""course_taker""}"
"('mentalcontent', 'narrowmentalcontent')",narrow mental content,mental content,-1,3,phd,v1,v1,"{""model"": null, ""temperature"": null, ""date"": ""2025-09-06T23:06:20.676524+00:00"", ""prompt_version"": ""v1"", ""persona"": ""phd""}"
"('mentalcontent', 'narrowmentalcontent')",narrow mental content,mental content,-1,3,expert,v1,v1,"{""model"": null, ""temperature"": null, ""date"": ""2025-09-06T23:06:20.676560+00:00"", ""prompt_version"": ""v1"", ""persona"": ""expert""}"
"('epistemology', 'perception')",perception,epistemology,-1,3,novice,v1,v1,"{""model"": null, ""temperature"": null, ""date"": ""2025-09-06T23:06:20.676617+00:00"", ""prompt_version"": ""v1"", ""persona"": ""novice""}"
"('epistemology', 'perception')",perception,epistemology,-1,3,course_taker,v1,v1,"{""model"": null, ""temperature"": null, ""date"": ""2025-09-06T23:06:20.676649+00:00"", ""prompt_version"": ""v1"", ""persona"": ""course_taker""}"
"('epistemology', 'perception')",perception,epistemology,-1,3,phd,v1,v1,"{""model"": null, ""temperature"": null, ""date"": ""2025-09-06T23:06:20.676682+00:00"", ""prompt_version"": ""v1"", ""persona"": ""phd""}"
"('epistemology', 'perception')",perception,epistemology,-1,3,expert,v1,v1,"{""model"": null, ""temperature"": null, ""date"": ""2025-09-06T23:06:20.676714+00:00"", ""prompt_version"": ""v1"", ""persona"": ""expert""}"
"('causaltheoriesofmentalcontent', 'theoriesofmentalcontent')",theories of mental content,causal theories of mental content,-1,3,novice,v1,v1,"{""model"": null, ""temperature"": null, ""date"": ""2025-09-06T23:06:20.676770+00:00"", ""prompt_version"": ""v1"", ""persona"": ""novice""}"
"('causaltheoriesofmentalcontent', 'theoriesofmentalcontent')",theories of mental content,causal theories of mental content,-1,3,course_taker,v1,v1,"{""model"": null, ""temperature"": null, ""date"": ""2025-09-06T23:06:20.676804+00:00"", ""prompt_version"": ""v1"", ""persona"": ""course_taker""}"
"('causaltheoriesofmentalcontent', 'theoriesofmentalcontent')",theories of mental content,causal theories of mental content,-1,3,phd,v1,v1,"{""model"": null, ""temperature"": null, ""date"": ""2025-09-06T23:06:20.676845+00:00"", ""prompt_version"": ""v1"", ""persona"": ""phd""}"
"('causaltheoriesofmentalcontent', 'theoriesofmentalcontent')",theories of mental content,causal theories of mental content,-1,3,expert,v1,v1,"{""model"": null, ""temperature"": null, ""date"": ""2025-09-06T23:06:20.676879+00:00"", ""prompt_version"": ""v1"", ""persona"": ""expert""}"
"('philosophyofmind', 'sensedata')",sense-data,philosophy of mind,-1,3,novice,v1,v1,"{""model"": null, ""temperature"": null, ""date"": ""2025-09-06T23:06:20.676936+00:00"", ""prompt_version"": ""v1"", ""persona"": ""novice""}"
"('philosophyofmind', 'sensedata')",sense-data,philosophy of mind,-1,3,course_taker,v1,v1,"{""model"": null, ""temperature"": null, ""date"": ""2025-09-06T23:06:20.676969+00:00"", ""prompt_version"": ""v1"", ""persona"": ""course_taker""}"
"('philosophyofmind', 'sensedata')",sense-data,philosophy of mind,-1,3,phd,v1,v1,"{""model"": null, ""temperature"": null, ""date"": ""2025-09-06T23:06:20.677001+00:00"", ""prompt_version"": ""v1"", ""persona"": ""phd""}"
"('philosophyofmind', 'sensedata')",sense-data,philosophy of mind,-1,3,expert,v1,v1,"{""model"": null, ""temperature"": null, ""date"": ""2025-09-06T23:06:20.677035+00:00"", ""prompt_version"": ""v1"", ""persona"": ""expert""}"
"('belief', 'epistemology')",belief,epistemology,-1,3,novice,v1,v1,"{""model"": null, ""temperature"": null, ""date"": ""2025-09-06T23:06:20.677091+00:00"", ""prompt_version"": ""v1"", ""persona"": ""novice""}"
"('belief', 'epistemology')",belief,epistemology,-1,3,course_taker,v1,v1,"{""model"": null, ""temperature"": null, ""date"": ""2025-09-06T23:06:20.677123+00:00"", ""prompt_version"": ""v1"", ""persona"": ""course_taker""}"
"('belief', 'epistemology')",belief,epistemology,-1,3,phd,v1,v1,"{""model"": null, ""temperature"": null, ""date"": ""2025-09-06T23:06:20.677156+00:00"", ""prompt_version"": ""v1"", ""persona"": ""phd""}"
"('belief', 'epistemology')",belief,epistemology,-1,3,expert,v1,v1,"{""model"": null, ""temperature"": null, ""date"": ""2025-09-06T23:06:20.677188+00:00"", ""prompt_version"": ""v1"", ""persona"": ""expert""}"
"('feministphilosophyoflanguage', 'philosophyoflanguage')",feminist philosophy of language,philosophy of language,-1,3,novice,v1,v1,"{""model"": null, ""temperature"": null, ""date"": ""2025-09-06T23:06:20.677244+00:00"", ""prompt_version"": ""v1"", ""persona"": ""novice""}"
"('feministphilosophyoflanguage', 'philosophyoflanguage')",feminist philosophy of language,philosophy of language,-1,3,course_taker,v1,v1,"{""model"": null, ""temperature"": null, ""date"": ""2025-09-06T23:06:20.677277+00:00"", ""prompt_version"": ""v1"", ""persona"": ""course_taker""}"
"('feministphilosophyoflanguage', 'philosophyoflanguage')",feminist philosophy of language,philosophy of language,-1,3,phd,v1,v1,"{""model"": null, ""temperature"": null, ""date"": ""2025-09-06T23:06:20.677310+00:00"", ""prompt_version"": ""v1"", ""persona"": ""phd""}"
"('feministphilosophyoflanguage', 'philosophyoflanguage')",feminist philosophy of language,philosophy of language,-1,3,expert,v1,v1,"{""model"": null, ""temperature"": null, ""date"": ""2025-09-06T23:06:20.677343+00:00"", ""prompt_version"": ""v1"", ""persona"": ""expert""}"
"('divinelaw', 'philosophyofreligion')",divine law,philosophy of religion,-1,3,novice,v1,v1,"{""model"": null, ""temperature"": null, ""date"": ""2025-09-06T23:06:20.677400+00:00"", ""prompt_version"": ""v1"", ""persona"": ""novice""}"
"('divinelaw', 'philosophyofreligion')",divine law,philosophy of religion,-1,3,course_taker,v1,v1,"{""model"": null, ""temperature"": null, ""date"": ""2025-09-06T23:06:20.677432+00:00"", ""prompt_version"": ""v1"", ""persona"": ""course_taker""}"
"('divinelaw', 'philosophyofreligion')",divine law,philosophy of religion,-1,3,phd,v1,v1,"{""model"": null, ""temperature"": null, ""date"": ""2025-09-06T23:06:20.677465+00:00"", ""prompt_version"": ""v1"", ""persona"": ""phd""}"
"('divinelaw', 'philosophyofreligion')",divine law,philosophy of religion,-1,3,expert,v1,v1,"{""model"": null, ""temperature"": null, ""date"": ""2025-09-06T23:06:20.677498+00:00"", ""prompt_version"": ""v1"", ""persona"": ""expert""}"
"('existence', 'philosophyofmind')",existence,philosophy of mind,-1,3,novice,v1,v1,"{""model"": null, ""temperature"": null, ""date"": ""2025-09-06T23:06:20.677554+00:00"", ""prompt_version"": ""v1"", ""persona"": ""novice""}"
"('existence', 'philosophyofmind')",existence,philosophy of mind,-1,3,course_taker,v1,v1,"{""model"": null, ""temperature"": null, ""date"": ""2025-09-06T23:06:20.677586+00:00"", ""prompt_version"": ""v1"", ""persona"": ""course_taker""}"
"('existence', 'philosophyofmind')",existence,philosophy of mind,-1,3,phd,v1,v1,"{""model"": null, ""temperature"": null, ""date"": ""2025-09-06T23:06:20.677619+00:00"", ""prompt_version"": ""v1"", ""persona"": ""phd""}"
"('existence', 'philosophyofmind')",existence,philosophy of mind,-1,3,expert,v1,v1,"{""model"": null, ""temperature"": null, ""date"": ""2025-09-06T23:06:20.677651+00:00"", ""prompt_version"": ""v1"", ""persona"": ""expert""}"
"('epistemology', 'philosophyofscience')",philosophy of science,epistemology,-1,3,novice,v1,v1,"{""model"": null, ""temperature"": null, ""date"": ""2025-09-06T23:06:20.677708+00:00"", ""prompt_version"": ""v1"", ""persona"": ""novice""}"
"('epistemology', 'philosophyofscience')",philosophy of science,epistemology,-1,3,course_taker,v1,v1,"{""model"": null, ""temperature"": null, ""date"": ""2025-09-06T23:06:20.677740+00:00"", ""prompt_version"": ""v1"", ""persona"": ""course_taker""}"
"('epistemology', 'philosophyofscience')",philosophy of science,epistemology,-1,3,phd,v1,v1,"{""model"": null, ""temperature"": null, ""date"": ""2025-09-06T23:06:20.677773+00:00"", ""prompt_version"": ""v1"", ""persona"": ""phd""}"
"('epistemology', 'philosophyofscience')",philosophy of science,epistemology,-1,3,expert,v1,v1,"{""model"": null, ""temperature"": null, ""date"": ""2025-09-06T23:06:20.677806+00:00"", ""prompt_version"": ""v1"", ""persona"": ""expert""}"
"('lawsofnature', 'metaphysics')",laws of nature,metaphysics,-1,3,novice,v1,v1,"{""model"": null, ""temperature"": null, ""date"": ""2025-09-06T23:06:20.677862+00:00"", ""prompt_version"": ""v1"", ""persona"": ""novice""}"
"('lawsofnature', 'metaphysics')",laws of nature,metaphysics,-1,3,course_taker,v1,v1,"{""model"": null, ""temperature"": null, ""date"": ""2025-09-06T23:06:20.677895+00:00"", ""prompt_version"": ""v1"", ""persona"": ""course_taker""}"
"('lawsofnature', 'metaphysics')",laws of nature,metaphysics,-1,3,phd,v1,v1,"{""model"": null, ""temperature"": null, ""date"": ""2025-09-06T23:06:20.677927+00:00"", ""prompt_version"": ""v1"", ""persona"": ""phd""}"
"('lawsofnature', 'metaphysics')",laws of nature,metaphysics,-1,3,expert,v1,v1,"{""model"": null, ""temperature"": null, ""date"": ""2025-09-06T23:06:20.677959+00:00"", ""prompt_version"": ""v1"", ""persona"": ""expert""}"
"('ideas', 'perception')",ideas,perception,-1,3,novice,v1,v1,"{""model"": null, ""temperature"": null, ""date"": ""2025-09-06T23:06:20.678015+00:00"", ""prompt_version"": ""v1"", ""persona"": ""novice""}"
"('ideas', 'perception')",ideas,perception,-1,3,course_taker,v1,v1,"{""model"": null, ""temperature"": null, ""date"": ""2025-09-06T23:06:20.678047+00:00"", ""prompt_version"": ""v1"", ""persona"": ""course_taker""}"
"('ideas', 'perception')",ideas,perception,-1,3,phd,v1,v1,"{""model"": null, ""temperature"": null, ""date"": ""2025-09-06T23:06:20.678079+00:00"", ""prompt_version"": ""v1"", ""persona"": ""phd""}"
"('ideas', 'perception')",ideas,perception,-1,3,expert,v1,v1,"{""model"": null, ""temperature"": null, ""date"": ""2025-09-06T23:06:20.678111+00:00"", ""prompt_version"": ""v1"", ""persona"": ""expert""}"
