key,ideaA,ideaB,humanRelatedness,humanGenerality
"('malebranchestheoryofideasandvisioningod', 'philosophyofmind')",malebranche's theory of ideas and vision in god,philosophy of mind,4,0
"('kantsviewofthemindandconsciousnessofself', 'philosophyofmind')",kant's view of the mind and consciousness of self,philosophy of mind,4,0
"('medievalproblemofuniversals', 'philosophyofmind')",medieval problem of universals,philosophy of mind,1,0
"('consciousnessandintentionality', 'philosophyofmind')",consciousness and intentionality,philosophy of mind,4,0
"('18thcenturybritishaesthetics', 'philosophyofmind')",18th century british aesthetics,philosophy of mind,1,0
"('chineseroomargument', 'philosophyofmind')",chinese room argument,philosophy of mind,4,0
"('dualismandmetaphysicsofmind', 'philosophyofmind')",dualism and metaphysics of mind,philosophy of mind,4,0
"('panpsychism', 'philosophyofmind')",panpsychism,philosophy of mind,3,0
"('neutralmonism', 'philosophyofmind')",neutral monism,philosophy of mind,3,0
"('chineseroomargument', 'syntax')",chinese room argument,syntax,3,0
"('aristotlespsychology', 'philosophyofmind')",aristotle's psychology,philosophy of mind,4,0
"('leibnizsphilosophyofmind', 'philosophyofmind')",leibniz's philosophy of mind,philosophy of mind,4,0
"('cognitivescience', 'philosophyofmind')",cognitive science,philosophy of mind,4,0
"('consciousness', 'philosophyofmind')",consciousness,philosophy of mind,4,0
"('animalconsciousness', 'philosophyofmind')",animal consciousness,philosophy of mind,4,0
"('divineillumination', 'philosophyofmind')",divine illumination,philosophy of mind,3,0
"('folkpsychologyasatheory', 'philosophyofmind')",folk psychology as a theory,philosophy of mind,4,0
"('philosophyofmind', 'scottishphilosophyinthe19thcentury')",scottish philosophy in the 19th century,philosophy of mind,2,0
"('computationaltheoryofmind', 'philosophyofmind')",computational theory of mind,philosophy of mind,4,0
"('mentalrepresentationinmedievalphilosophy', 'philosophyofmind')",mental representation in medieval philosophy,philosophy of mind,3,0
"('mentalcausation', 'philosophyofmind')",mental causation,philosophy of mind,4,0
"('implicature', 'pragmatics')",implicature,pragmatics,4,0
"('philosophyofmind', 'philosophyofpsychology')",philosophy of psychology,philosophy of mind,4,0
"('dualism', 'philosophyofmind')",dualism,philosophy of mind,4,0
"('mentalrepresentation', 'philosophyofmind')",mental representation,philosophy of mind,4,0
"('computationaltheoryofmind', 'syntax')",computational theory of mind,syntax,3,0
"('intentionality', 'philosophyofmind')",intentionality,philosophy of mind,4,0
"('mentalimagery', 'philosophyofmind')",mental imagery,philosophy of mind,3,0
"('philosophyofmind', 'propositionalattitude')",propositional attitude,philosophy of mind,4,0
"('metaphysicsofmind', 'philosophyofmind')",metaphysics of mind,philosophy of mind,4,0
"('materialism', 'philosophyofmind')",materialism,philosophy of mind,4,0
"('cognitivescience', 'computationandrepresentation')",computation and representation,cognitive science,3,0
"('defaultsinsemanticsandpragmatics', 'pragmatics')",defaults in semantics and pragmatics,pragmatics,4,0
"('philosophyofmind', 'selfconsciousness')",self-consciousness,philosophy of mind,4,0
"('ancienttheoriesofsoul', 'philosophyofmind')",ancient theories of soul,philosophy of mind,3,0
"('philosophyofmind', 'qualities')",qualities,philosophy of mind,2,0
"('epistemologicalproblemsofmemory', 'philosophyofmind')",epistemological problems of memory,philosophy of mind,3,0
"('folkpsychology', 'philosophyofmind')",folk psychology,philosophy of mind,4,0
"('logicandlanguage', 'philosophyofmind')",logic and language,philosophy of mind,4,0
"('cartesiandualism', 'philosophyofmind')",cartesian dualism,philosophy of mind,4,0
"('eliminativematerialism', 'philosophyofmind')",eliminative materialism,philosophy of mind,4,0
"('philosophyofmind', 'universals')",universals,philosophy of mind,2,0
"('phenomenology', 'philosophyofmind')",phenomenology,philosophy of mind,4,0
"('functionalism', 'philosophyofmind')",functionalism,philosophy of mind,4,0
"('mentalcontent', 'philosophyofmind')",mental content,philosophy of mind,4,0
"('philosophyofmind', 'philosophyofspaceandtime')",philosophy of space and time,philosophy of mind,0,0
"('philosophyofmind', 'teleologicalargumentforgodsexistence')",teleological argument for god's existence,philosophy of mind,0,0
"('descriptions', 'philosophyofmind')",descriptions,philosophy of mind,0,0
"('philosophyofcommonsense', 'philosophyofmind')",philosophy of common sense,philosophy of mind,1,0
"('philosophyofmind', 'substance')",substance,philosophy of mind,1,0
"('philosophyofmind', 'sounds')",sounds,philosophy of mind,2,0
"('infinity', 'philosophyofmind')",infinity,philosophy of mind,1,0
"('cognitivescience', 'kantsviewofthemindandconsciousnessofself')",kant's view of the mind and consciousness of self,cognitive science,2,3
"('abstractobject', 'philosophyofmind')",abstract object,philosophy of mind,0,0
"('consciousnessandscience', 'philosophyofmind')",consciousness and science,philosophy of mind,4,0
"('philosophyofmind', 'philosophyofphysics')",philosophy of physics,philosophy of mind,0,0
"('philosophyofmind', 'syntacticanalysis')",syntactic analysis,philosophy of mind,1,0
"('languageofthoughthypothesis', 'philosophyofmind')",language of thought hypothesis,philosophy of mind,4,0
"('goodnessandvaluetheory', 'philosophyofmind')",goodness and value theory,philosophy of mind,0,0
"('philosophyofchemistry', 'philosophyofmind')",philosophy of chemistry,philosophy of mind,0,0
"('naturalphilosophy', 'philosophyofmind')",natural philosophy,philosophy of mind,2,0
"('goodness', 'philosophyofmind')",goodness,philosophy of mind,0,0
"('philosophyofmind', 'spinozaspsychologicaltheory')",spinoza's psychological theory,philosophy of mind,3,0
"('philosophyofmind', 'philosophyofperception')",philosophy of perception,philosophy of mind,4,0
"('philosophyofcomposition', 'philosophyofmind')",philosophy of composition,philosophy of mind,0,0
"('cognitivescience', 'symbolicprocessing')",symbolic processing,cognitive science,4,0
"('causaltheoriesofmentalcontent', 'cognitivescience')",causal theories of mental content,cognitive science,4,0
"('compositionality', 'syntax')",compositionality,syntax,4,0
"('prooftheory', 'syntax')",proof theory,syntax,2,0
"('cognitivescience', 'connectionistmodel')",connectionist model,cognitive science,4,0
"('logicalconstant', 'logicalform')",logical constant,logical form,4,0
"('linearlogic', 'syntax')",linear logic,syntax,2,0
"('logicalform', 'logicaltruth')",logical truth,logical form,4,0
"('cognitivescience', 'folkpsychology')",folk psychology,cognitive science,4,0
"('dialogicallogic', 'syntax')",dialogical logic,syntax,2,0
"('modeltheory', 'syntax')",model theory,syntax,1,0
"('logicandgames', 'syntax')",logic and games,syntax,1,0
"('cognitivescience', 'eliminativematerialism')",eliminative materialism,cognitive science,4,0
"('classicallogic', 'syntax')",classical logic,syntax,4,0
"('animalcognition', 'cognitivescience')",animal cognition,cognitive science,4,0
"('semanticconceptionsofinformation', 'syntax')",semantic conceptions of information,syntax,1,0
"('booleanalgebra', 'syntax')",boolean algebra,syntax,4,0
"('modallogic', 'syntax')",modal logic,syntax,1,0
"('intuitionisticlogic', 'syntax')",intuitionistic logic,syntax,2,3
"('logicalform', 'squareofopposition')",square of opposition,logical form,4,0
"('compositionality', 'logicalform')",compositionality,logical form,4,0
"('logicalform', 'singularpropositions')",singular propositions,logical form,4,0
"('anaphora', 'logicalform')",anaphora,logical form,3,0
"('logicalform', 'propositionalfunction')",propositional function,logical form,4,0
"('logicalform', 'metaphysicsofcausation')",metaphysics of causation,logical form,0,0
"('pragmatics', 'voluntaryeuthanasia')",voluntary euthanasia,pragmatics,0,0
"('pragmatics', 'typesandtokens')",types and tokens,pragmatics,2,3
"('pragmatics', 'propositionalattitudereports')",propositional attitude reports,pragmatics,3,0
"('computationandrepresentation', 'pragmatics')",computation and representation,pragmatics,1,3
"('intersectionsbetweenpragmatistandcontinentalfeminism', 'pragmatics')",intersections between pragmatist and continental feminism,pragmatics,0,3
"('anaphora', 'pragmatics')",anaphora,pragmatics,3,0
"('philosophyoflanguage', 'pragmatics')",philosophy of language,pragmatics,4,1
"('pragmatics', 'semantics')",semantics,pragmatics,2,2
"('philosophyoflanguage', 'syntax')",philosophy of language,syntax,4,1
"('logicalform', 'propositions')",propositions,logical form,4,0
"('logicalform', 'philosophyoflanguage')",philosophy of language,logical form,4,1
"('intention', 'pragmatics')",intention,pragmatics,3,0
"('consciousness', 'unityofconsciousness')",unity of consciousness,consciousness,4,0
"('internalismandexternalism', 'internalistvsexternalistconceptionsofepistemicjustification')",internalist vs. externalist conceptions of epistemic justification,internalism and externalism,4,0
"('interpretationsofprobability', 'probabilityandstatistics')",interpretations of probability,probability and statistics,4,0
"('consciousnessandintentionality', 'intentionality')",consciousness and intentionality,intentionality,4,0
"('animalconsciousness', 'consciousness')",animal consciousness,consciousness,4,0
"('compatibilism', 'freewill')",compatibilism,free will,4,3
"('consciousness', 'consciousnessandintentionality')",consciousness and intentionality,consciousness,4,0
"('folkpsychology', 'philosophyofpsychology')",folk psychology,philosophy of psychology,4,0
"('molecularbiology', 'philosophyofbiology')",molecular biology,philosophy of biology,4,0
"('idiolects', 'philosophyoflanguage')",idiolects,philosophy of language,4,0
"('logicandlanguage', 'philosophyoflanguage')",logic and language,philosophy of language,4,3
"('consciousness', 'kantsviewofthemindandconsciousnessofself')",kant's view of the mind and consciousness of self,consciousness,4,0
"('timetravel', 'timetravelandmodernphysics')",time travel and modern physics,time travel,4,0
"('conservationbiology', 'philosophyofbiology')",conservation biology,philosophy of biology,4,0
"('bayesstheorem', 'probabilityandstatistics')",bayes's theorem,probability and statistics,4,0
"('internalism', 'internalismandexternalism')",internalism,internalism and externalism,4,0
"('lawandlanguage', 'philosophyoflanguage')",law and language,philosophy of language,4,3
"('philosophyofscience', 'philosophyofsocialscience')",philosophy of social science,philosophy of science,4,0
"('folkpsychology', 'folkpsychologyasatheory')",folk psychology as a theory,folk psychology,4,0
"('folkpsychologyasatheory', 'philosophyofpsychology')",folk psychology as a theory,philosophy of psychology,4,0
"('philosophyofcomputerscience', 'philosophyofscience')",philosophy of computer science,philosophy of science,4,0
"('economicsandeconomicjustice', 'philosophyofeconomics')",economics and economic justice,philosophy of economics,4,0
"('feministphilosophyoflanguage', 'philosophyoflanguage')",feminist philosophy of language,philosophy of language,4,3
"('externalismaboutmentalcontent', 'internalismandexternalism')",externalism about mental content,internalism and externalism,4,0
"('cognitivescience', 'philosophyofscience')",cognitive science,philosophy of science,2,3
"('personalidentity', 'personalidentityandethics')",personal identity and ethics,personal identity,4,0
"('emergence', 'emergentproperties')",emergent properties,emergence,4,0
"('quantummechanics', 'vonneumannanddiracscontributionstoquantumtheory')",von neumann and dirac's contributions to quantum theory,quantum mechanics,4,0
"('argumentsforincompatibilism', 'freewill')",arguments for incompatibilism,free will,4,0
"('philosophyoflanguage', 'privatelanguage')",private language,philosophy of language,4,0
"('invertedqualia', 'qualia')",inverted qualia,qualia,4,0
"('philosophyofscience', 'religionandscience')",religion and science,philosophy of science,4,0
"('kantsviewofthemindandconsciousnessofself', 'philosophyofmind')",kant's view of the mind and consciousness of self,philosophy of mind,3,0
"('probabilisticcausation', 'probabilityandstatistics')",probabilistic causation,probability and statistics,4,0
"('everettsrelativestateformulationofquantummechanics', 'quantummechanics')",everett's relative-state formulation of quantum mechanics,quantum mechanics,4,0
"('moralpsychology', 'philosophyofpsychology')",moral psychology,philosophy of psychology,4,0
"('philosophyofscience', 'socialdimensionsofscientificknowledge')",social dimensions of scientific knowledge,philosophy of science,4,0
"('probability', 'probabilityandstatistics')",probability,probability and statistics,4,0
"('probabilityandstatistics', 'quantumlogicandprobabilitytheory')",quantum logic and probability theory,probability and statistics,4,0
"('mentalimagery', 'philosophyofpsychology')",mental imagery,philosophy of psychology,4,0
"('quantumlogicandprobabilitytheory', 'quantummechanics')",quantum logic and probability theory,quantum mechanics,4,0
"('quantummechanics', 'relationalquantummechanics')",relational quantum mechanics,quantum mechanics,4,0
"('philosophyofscience', 'scientificprogress')",scientific progress,philosophy of science,4,0
"('consciousness', 'higherordertheoriesofconsciousness')",higher-order theories of consciousness,consciousness,4,0
"('consciousnessandintentionality', 'philosophyofmind')",consciousness and intentionality,philosophy of mind,4,0
"('historicisttheoriesofrationality', 'philosophyofscience')",historicist theories of rationality,philosophy of science,4,3
"('feministepistemologyandphilosophyofscience', 'philosophyofscience')",feminist epistemology and philosophy of science,philosophy of science,4,0
"('equivalenceofmassandenergy', 'philosophyofphysics')",equivalence of mass and energy,philosophy of physics,4,0
"('philosophyofbiology', 'teleologicalnotionsinbiology')",teleological notions in biology,philosophy of biology,4,0
"('bellstheorem', 'quantummechanics')",bell's theorem,quantum mechanics,4,3
"('mentalcontent', 'theoriesofmentalcontent')",theories of mental content,mental content,4,0
"('bayesianepistemology', 'probabilityandstatistics')",bayesian epistemology,probability and statistics,4,3
"('philosophyofphysics', 'symmetryandsymmetrybreaking')",symmetry and symmetry breaking,philosophy of physics,4,0
"('aristotleandmathematics', 'philosophyofscience')",aristotle and mathematics,philosophy of science,4,3
"('externalismaboutmentalcontent', 'mentalcontent')",externalism about mental content,mental content,4,0
"('bohmianmechanics', 'quantummechanics')",bohmian mechanics,quantum mechanics,4,3
"('consciousness', 'phenomenologicalapproachestoselfconsciousness')",phenomenological approaches to self-consciousness,consciousness,4,0
"('einsteinsphilosophyofscience', 'philosophyofscience')",einstein's philosophy of science,philosophy of science,4,0
"('philosophyofphysics', 'timemachine')",time machine,philosophy of physics,4,0
"('descartesphysics', 'philosophyofphysics')",descartes' physics,philosophy of physics,4,0
"('chineseroomargument', 'philosophyofmind')",chinese room argument,philosophy of mind,4,0
"('dualismandmetaphysicsofmind', 'philosophyofmind')",dualism and metaphysics of mind,philosophy of mind,4,0
"('consciousness', 'consciousnessandcontent')",consciousness and content,consciousness,4,0
"('philosophyofpsychology', 'psychologism')",psychologism,philosophy of psychology,4,0
"('panpsychism', 'philosophyofmind')",panpsychism,philosophy of mind,4,0
"('quantummechanics', 'uncertaintyprinciple')",uncertainty principle,quantum mechanics,4,0
"('einsteinsphilosophyofscience', 'philosophyofphysics')",einstein's philosophy of science,philosophy of physics,4,3
"('quantummechanics', 'roleofdecoherenceinquantumtheory')",role of decoherence in quantum theory,quantum mechanics,4,0
"('probabilityandstatistics', 'simpsonsparadox')",simpson's paradox,probability and statistics,4,0
"('philosophyofscience', 'scientificrealism')",scientific realism,philosophy of science,4,0
"('mentalcontent', 'teleologicaltheoriesofmentalcontent')",teleological theories of mental content,mental content,4,0
"('multiplerealizability', 'reduction')",multiple realizability,reduction,4,3
"('kantsphilosophyofscience', 'philosophyofscience')",kant's philosophy of science,philosophy of science,4,0
"('leibnizsphilosophyofmind', 'philosophyofmind')",leibniz's philosophy of mind,philosophy of mind,4,0
"('consciousnessandscience', 'philosophyofscience')",consciousness and science,philosophy of science,4,0
"('brainsinavat', 'internalismandexternalism')",brains in a vat,internalism and externalism,4,3
"('biologicalnotionofselfandnonself', 'philosophyofbiology')",biological notion of self and non-self,philosophy of biology,4,0
"('cognitivescience', 'philosophyofmind')",cognitive science,philosophy of mind,4,0
"('copenhageninterpretationofquantummechanics', 'quantummechanics')",copenhagen interpretation of quantum mechanics,quantum mechanics,4,0
"('earlyphilosophicalinterpretationsofgeneralrelativity', 'philosophyofphysics')",early philosophical interpretations of general relativity,philosophy of physics,4,0
"('consciousness', 'philosophyofmind')",consciousness,philosophy of mind,4,0
"('copenhageninterpretationofquantummechanics', 'philosophyofphysics')",copenhagen interpretation of quantum mechanics,philosophy of physics,4,0
"('methodologicaldebatesincosmologythe1930sand1940s', 'philosophyofscience')",methodological debates in cosmology the 1930s and 1940s,philosophy of science,4,0
"('connectionism', 'inputunit')",input unit,connectionism,3,0
"('animalism', 'personalidentity')",animalism,personal identity,4,0
"('philosophyofbiology', 'populationgenetics')",population genetics,philosophy of biology,4,0
"('identityandindividualityinquantumtheory', 'philosophyofphysics')",identity and individuality in quantum theory,philosophy of physics,4,0
"('holismandnonseparabilityinphysics', 'philosophyofphysics')",holism and nonseparability in physics,philosophy of physics,4,0
"('eliminativematerialism', 'folkpsychology')",eliminative materialism,folk psychology,4,2
"('mentalcontent', 'narrowmentalcontent')",narrow mental content,mental content,4,0
"('creationism', 'philosophyofscience')",creationism,philosophy of science,4,0
"('philosophyofpsychology', 'philosophyofscience')",philosophy of psychology,philosophy of science,4,0
"('beingandbecominginmodernphysics', 'philosophyofphysics')",being and becoming in modern physics,philosophy of physics,4,0
"('intentionality', 'intentionalityinancientphilosophy')",intentionality in ancient philosophy,intentionality,2,3
"('philosophyofscience', 'psychiatry')",psychiatry,philosophy of science,4,0
"('teleologicaltheoriesofmentalcontent', 'theoriesofmentalcontent')",teleological theories of mental content,theories of mental content,4,0
"('philosophyofchemistry', 'philosophyofphysics')",philosophy of chemistry,philosophy of physics,3,2
"('emergence', 'panpsychism')",panpsychism,emergence,4,3
"('philosophyofphysics', 'quantummechanics')",quantum mechanics,philosophy of physics,4,0
"('indispensabilityargumentsinthephilosophyofmathematics', 'philosophyofscience')",indispensability arguments in the philosophy of mathematics,philosophy of science,4,0
"('consciousness', 'quantumapproachestoconsciousness')",quantum approaches to consciousness,consciousness,4,0
"('philosophyofphysics', 'philosophyofscience')",philosophy of physics,philosophy of science,4,0
"('philosophyofphysics', 'vonneumannanddiracscontributionstoquantumtheory')",von neumann and dirac's contributions to quantum theory,philosophy of physics,4,0
"('compatibilismandincompatibilism', 'freewill')",compatibilism and incompatibilism,free will,4,0
"('physicalism', 'zombies')",zombies,physicalism,4,0
"('activationvalue', 'connectionism')",activation value,connectionism,3,0
"('prisonersdilemma', 'probabilityandstatistics')",prisoner's dilemma,probability and statistics,4,0
"('freewill', 'incompatibilism')",incompatibilism,free will,4,0
"('knowledgeargument', 'physicalism')",knowledge argument,physicalism,4,0
"('cognitivescience', 'philosophyofpsychology')",cognitive science,philosophy of psychology,4,3
"('philosophyofmathematics', 'philosophyofscience')",philosophy of mathematics,philosophy of science,4,0
"('philosophyofphysics', 'uncertaintyprinciple')",uncertainty principle,philosophy of physics,4,0
"('connectionism', 'distributedrepresentation')",distributed representation,connectionism,4,2
"('experimentinphysics', 'philosophyofscience')",experiment in physics,philosophy of science,4,0
"('timemachine', 'timetravel')",time machine,time travel,4,0
"('philosophyofbiology', 'philosophyofscience')",philosophy of biology,philosophy of science,4,0
"('philosophyofphysics', 'timetravel')",time travel,philosophy of physics,4,0
"('linearlogic', 'philosophyofcomputerscience')",linear logic,philosophy of computer science,3,0
"('identitythroughtime', 'personalidentity')",identity through time,personal identity,4,0
"('connectionism', 'symbolicprocessing')",symbolic processing,connectionism,4,2
"('philosophyofbiology', 'replication')",replication,philosophy of biology,4,0
"('identityovertime', 'personalidentity')",identity over time,personal identity,4,0
"('boltzmannsworkinstatisticalphysics', 'philosophyofphysics')",boltzmann's work in statistical physics,philosophy of physics,4,0
"('qualia', 'zombies')",zombies,qualia,4,0
"('connectionism', 'outputunit')",output unit,connectionism,3,0
"('logicandartificialintelligence', 'philosophyofcomputerscience')",logic and artificial intelligence,philosophy of computer science,4,3
"('causaltheoriesofmentalcontent', 'mentalcontent')",causal theories of mental content,mental content,4,0
"('functionalism', 'zombies')",zombies,functionalism,4,0
"('cognitivescience', 'computationandrepresentation')",computation and representation,cognitive science,4,0
"('criticaltheory', 'emergence')",critical theory,emergence,0,-1
"('consciousnessandphysics', 'philosophyofphysics')",consciousness and physics,philosophy of physics,4,3
"('philosophyofphysics', 'singularitiesandblackholesinrelativisticspacetimes')",singularities and black holes in relativistic spacetimes,philosophy of physics,4,0
"('experimentinphysics', 'philosophyofphysics')",experiment in physics,philosophy of physics,4,0
"('aristotlesbiology', 'philosophyofbiology')",aristotle's biology,philosophy of biology,4,0
"('philosophyofphysics', 'statisticalmechanics')",statistical mechanics,philosophy of physics,3,0
"('philosophyofbiology', 'philosophyofchemistry')",philosophy of chemistry,philosophy of biology,3,2
"('electromagnetism', 'philosophyofphysics')",electromagnetism,philosophy of physics,4,0
"('feministbioethics', 'philosophyofmedicine')",feminist bioethics,philosophy of medicine,4,3
"('artificialintelligence', 'defeasiblereasoning')",defeasible reasoning,artificial intelligence,4,0
"('cognitivescience', 'mentalimagery')",mental imagery,cognitive science,4,0
"('consciousnessandmentalcontent', 'qualia')",consciousness and mental content,qualia,2,2
"('holeargument', 'philosophyofspaceandtime')",hole argument,philosophy of space and time,4,0
"('manyworldsinterpretationofquantummechanics', 'quantummechanics')",many-worlds interpretation of quantum mechanics,quantum mechanics,4,0
"('newtonsviewsonspacetimeandmotion', 'philosophyofspaceandtime')","newton's views on space, time, and motion",philosophy of space and time,4,3
"('neodarwinism', 'philosophyofbiology')",neo-darwinism,philosophy of biology,4,0
"('darwinism', 'philosophyofbiology')",darwinism,philosophy of biology,4,0
"('functionalism', 'machinefunctionalism')",machine functionalism,functionalism,4,0
"('philosophyofsociology', 'socialdimensionsofscientificknowledge')",social dimensions of scientific knowledge,philosophy of sociology,4,0
"('cognitivescience', 'symbolicprocessing')",symbolic processing,cognitive science,3,0
"('defaultsinsemanticsandpragmatics', 'logicalform')",defaults in semantics and pragmatics,logical form,4,1
"('quantumentanglementandinformation', 'quantummechanics')",quantum entanglement and information,quantum mechanics,4,0
"('externalism', 'internalismandexternalism')",externalism,internalism and externalism,4,0
"('measurementinquantumtheory', 'quantummechanics')",measurement in quantum theory,quantum mechanics,4,0
"('modalinterpretationsofquantumtheory', 'quantummechanics')",modal interpretations of quantum theory,quantum mechanics,4,0
"('computerethics', 'philosophyofsociology')",computer ethics,philosophy of sociology,4,3
"('physicalism', 'qualia')",qualia,physicalism,4,0
"('emergence', 'roleofdecoherenceinquantumtheory')",role of decoherence in quantum theory,emergence,0,-1
"('absentqualia', 'qualia')",absent qualia,qualia,4,0
"('computerethics', 'philosophyofcomputerscience')",computer ethics,philosophy of computer science,4,0
"('personalidentity', 'temporalparts')",temporal parts,personal identity,3,3
"('emergence', 'globalization')",globalization,emergence,0,-1
"('biodiversity', 'philosophyofbiology')",biodiversity,philosophy of biology,4,0
"('mentalillness', 'philosophyofmedicine')",mental illness,philosophy of medicine,4,0
"('functionalism', 'identitytheoryofmind')",identity theory of mind,functionalism,4,2
"('physicalism', 'propertydualism')",property dualism,physicalism,4,0
"('emergence', 'timemachine')",time machine,emergence,0,-1
"('cognitivescience', 'connectionistmodel')",connectionist model,cognitive science,3,0
"('consciousnessandphysics', 'consciousnessandscience')",consciousness and physics,consciousness and science,4,0
"('computerethics', 'philosophyofcomputerscience')",computer ethics,philosophy of computer science,4,0
"('logicalform', 'logicaltruth')",logical truth,logical form,4,3
"('causaltheoriesofmentalcontent', 'theoriesofmentalcontent')",causal theories of mental content,theories of mental content,4,0
"('cognitivescience', 'folkpsychology')",folk psychology,cognitive science,3,2
"('biologicalaltruism', 'philosophyofbiology')",biological altruism,philosophy of biology,4,0
"('artificialintelligence', 'symbolicprocessing')",symbolic processing,artificial intelligence,4,0
"('molecularbiology', 'philosophyofchemistry')",molecular biology,philosophy of chemistry,3,3
"('booleanalgebra', 'philosophyofcomputerscience')",boolean algebra,philosophy of computer science,3,0
"('connectionism', 'connectionistmodel')",connectionist model,connectionism,3,0
"('absoluteandrelationaltheoriesofspaceandmotion', 'philosophyofspaceandtime')",absolute and relational theories of space and motion,philosophy of space and time,4,0
"('feministphilosophyoflanguage', 'languageandsociety')",feminist philosophy of language,language and society,4,0
"('supervenience', 'temporalparts')",temporal parts,supervenience,4,0
"('artificialintelligence', 'turingtest')",turing test,artificial intelligence,4,0
"('animalconsciousness', 'consciousnessandpsychology')",animal consciousness,consciousness and psychology,4,3
"('logicandgames', 'philosophyofcomputerscience')",logic and games,philosophy of computer science,3,0
"('artificialintelligence', 'logicandartificialintelligence')",logic and artificial intelligence,artificial intelligence,4,0
"('knowledgeargument', 'qualia')",knowledge argument,qualia,4,0
"('multiplerealizability', 'physicalism')",multiple realizability,physicalism,4,0
"('animalcognition', 'cognitivescience')",animal cognition,cognitive science,3,0
"('explanatorygap', 'physicalism')",explanatory gap,physicalism,4,0
"('cognitivescience', 'neuralnetwork')",neural network,cognitive science,3,0
"('firstordermodeltheory', 'philosophyofcomputerscience')",first-order model theory,philosophy of computer science,3,0
"('philosophyofmedicine', 'voluntaryeuthanasia')",voluntary euthanasia,philosophy of medicine,4,3
"('cognitivescience', 'computationaltheoryofmind')",computational theory of mind,cognitive science,3,0
"('folkpsychology', 'folkpsychologyasmentalsimulation')",folk psychology as mental simulation,folk psychology,4,0
"('internalismandexternalism', 'reliabilism')",reliabilism,internalism and externalism,4,3
"('cognitivescience', 'connectionism')",connectionism,cognitive science,4,0
"('artificialintelligence', 'outputunit')",output unit,artificial intelligence,1,0
"('gametheory', 'philosophyofeconomics')",game theory,philosophy of economics,4,0
"('artificialintelligence', 'frameproblem')",frame problem,artificial intelligence,4,0
"('emergence', 'neodarwinism')",neo-darwinism,emergence,0,-1
"('consciousnessandneuroscience', 'consciousnessandscience')",consciousness and neuroscience,consciousness and science,4,0
"('categorytheory', 'philosophyofcomputerscience')",category theory,philosophy of computer science,3,0
"('economicjustice', 'philosophyofeconomics')",economic justice,philosophy of economics,4,0
"('philosophyofcomputerscience', 'prooftheory')",proof theory,philosophy of computer science,4,0
"('methodologicalindividualism', 'philosophyofeconomics')",methodological individualism,philosophy of economics,4,3
"('molecularbiology', 'philosophyofmedicine')",molecular biology,philosophy of medicine,4,3
"('automatedreasoning', 'philosophyofcomputerscience')",automated reasoning,philosophy of computer science,4,0
"('artificialintelligence', 'distributedrepresentation')",distributed representation,artificial intelligence,3,0
"('consciousnessandscience', 'neuralcorrelates')",neural correlates,consciousness and science,4,0
"('classicism', 'connectionism')",classicism,connectionism,4,2
"('artificialintelligence', 'thinkingmachine')",thinking machine,artificial intelligence,4,0
"('folkpsychology', 'simulationtheory')",simulation theory,folk psychology,4,0
"('consciousnessandpsychology', 'consciousnessandscience')",consciousness and psychology,consciousness and science,4,0
"('artificialintelligence', 'chineseroomargument')",chinese room argument,artificial intelligence,4,0
"('economicanalysisoflaw', 'philosophyofeconomics')",economic analysis of law,philosophy of economics,4,0
"('cognitivescience', 'languagelearning')",language learning,cognitive science,4,0
"('personalidentity', 'relativeidentity')",relative identity,personal identity,4,0
"('dynamicalsystem', 'supertasks')",supertasks,dynamical system,2,3
"('folkpsychology', 'inputunit')",input unit,folk psychology,0,-1
"('philosophyofeconomics', 'repugnantconclusion')",repugnant conclusion,philosophy of economics,4,3
"('activationvalue', 'folkpsychology')",activation value,folk psychology,0,-1
"('artificialintelligence', 'philosophyofcomputerscience')",philosophy of computer science,artificial intelligence,4,1
"('evolutionarygametheory', 'philosophyofeconomics')",evolutionary game theory,philosophy of economics,3,3
"('philosophyofcomputerscience', 'philosophyofeconomics')",philosophy of computer science,philosophy of economics,2,2
"('feministperspectivesonclassandwork', 'philosophyofeconomics')",feminist perspectives on class and work,philosophy of economics,3,3
"('computationalism', 'computationandrepresentation')",computationalism,computation and representation,4,2
"('autism', 'folkpsychology')",autism,folk psychology,3,0
"('animalcognition', 'folkpsychology')",animal cognition,folk psychology,0,-1
"('computationaltheoryofmind', 'computationandrepresentation')",computational theory of mind,computation and representation,4,3
"('electromagnetism', 'philosophyofeconomics')",electromagnetism,philosophy of economics,0,-1
"('philosophyofeconomics', 'voting')",voting,philosophy of economics,0,-1
"('consciousnessandpsychology', 'simulationtheory')",simulation theory,consciousness and psychology,4,3
"('chineseroomargument', 'computationandrepresentation')",chinese room argument,computation and representation,3,3
"('folkpsychology', 'outputunit')",output unit,folk psychology,0,-1
"('blindsight', 'qualia')",blindsight,qualia,4,0
"('connectionism', 'languagelearning')",language learning,connectionism,4,0
"('computationalism', 'folkpsychology')",computationalism,folk psychology,0,-1
"('folkpsychology', 'frameproblem')",frame problem,folk psychology,0,-1
"('metaphysicsofmind', 'neutralmonism')",neutral monism,metaphysics of mind,3,0
"('computationaltheoryofmind', 'folkpsychology')",computational theory of mind,folk psychology,0,-1
"('computationandrepresentation', 'turingtest')",turing test,computation and representation,4,3
"('chineseroomargument', 'thinkingmachine')",chinese room argument,thinking machine,4,0
"('computationandrepresentation', 'dynamicalsystem')",computation and representation,dynamical system,2,2
"('computationandrepresentation', 'turingmachine')",turing machine,computation and representation,4,0
"('consciousnessandphysics', 'neutralmonism')",neutral monism,consciousness and physics,0,-1
"('analysis', 'theoriesofmentalcontent')",analysis,theories of mental content,0,-1
"('probability', 'theoriesofmentalcontent')",probability,theories of mental content,0,-1
"('thinkingmachine', 'truth')",truth,thinking machine,0,-1
"('object', 'thinkingmachine')",object,thinking machine,0,-1
"('philosophyofscience', 'thinkingmachine')",philosophy of science,thinking machine,2,1
"('thinkingmachine', 'time')",time,thinking machine,0,-1
"('philosophyoflaw', 'thinkingmachine')",philosophy of law,thinking machine,2,1
"('change', 'thinkingmachine')",change,thinking machine,0,-1
"('concepts', 'thinkingmachine')",concepts,thinking machine,0,-1
"('identity', 'thinkingmachine')",identity,thinking machine,3,3
"('belief', 'thinkingmachine')",belief,thinking machine,0,-1
"('analysis', 'thinkingmachine')",analysis,thinking machine,0,-1
"('argument', 'consciousnessandphysics')",argument,consciousness and physics,0,-1
"('consciousnessandphysics', 'object')",object,consciousness and physics,0,-1
"('metaphysicsofmind', 'socialphilosophy')",social philosophy,metaphysics of mind,0,-1
"('consciousnessandphysics', 'philosophyoflaw')",philosophy of law,consciousness and physics,0,-1
"('metaphysicsofmind', 'philosophyoflaw')",philosophy of law,metaphysics of mind,0,-1
"('consciousnessandphysics', 'time')",time,consciousness and physics,0,-1
"('belief', 'consciousnessandphysics')",belief,consciousness and physics,0,-1
"('consciousnessandphysics', 'philosophyofnature')",philosophy of nature,consciousness and physics,0,-1
"('consciousnessandphysics', 'truth')",truth,consciousness and physics,0,-1
"('consciousnessandphysics', 'matter')",matter,consciousness and physics,0,-1
"('consciousnessandphysics', 'propertyandownership')",property and ownership,consciousness and physics,0,-1
"('philosophyofhistory', 'philosophyofscience')",philosophy of history,philosophy of science,4,0
"('matter', 'philosophyofscience')",matter,philosophy of science,4,3
"('philosophyofscience', 'time')",time,philosophy of science,4,3
"('philosophyofnature', 'philosophyofscience')",philosophy of nature,philosophy of science,4,1
"('languageandsociety', 'westernphilosophy')",western philosophy,language and society,4,1
"('thinkingmachine', 'turingtest')",turing test,thinking machine,4,3
"('consciousnessandneuroscience', 'philosophyofneuroscience')",philosophy of neuroscience,consciousness and neuroscience,4,3
"('philosophyofscience', 'philosophyofsociology')",philosophy of science,philosophy of sociology,4,1
"('consciousnessandphysics', 'philosophyofphysics')",philosophy of physics,consciousness and physics,4,3
"('cognitivescience', 'computationandrepresentation')",cognitive science,computation and representation,4,1
"('languageandsociety', 'philosophyoflanguage')",philosophy of language,language and society,4,1
"('philosophyofeconomics', 'philosophyofscience')",philosophy of science,philosophy of economics,4,1
"('philosophyofcomputerscience', 'philosophyofmathematics')",philosophy of mathematics,philosophy of computer science,4,2
"('matter', 'philosophyofphysics')",matter,philosophy of physics,4,3
"('philosophyofbiology', 'philosophyofscience')",philosophy of science,philosophy of biology,4,1
"('languagelearning', 'philosophyoflanguage')",philosophy of language,language learning,4,1
"('philosophyofphysics', 'time')",time,philosophy of physics,4,3
"('philosophyofphysics', 'philosophyofscience')",philosophy of science,philosophy of physics,4,1
"('philosophyofphysics', 'quantummechanics')",philosophy of physics,quantum mechanics,4,1
"('logic', 'philosophyofcomputerscience')",logic,philosophy of computer science,4,3
"('evidence', 'probabilityandstatistics')",evidence,probability and statistics,4,3
"('computation', 'computationandrepresentation')",computation,computation and representation,4,1
"('computationandrepresentation', 'representation')",representation,computation and representation,4,1
"('interpretation', 'probabilityandstatistics')",interpretation,probability and statistics,0,-1
"('logicalform', 'philosophyoflanguage')",philosophy of language,logical form,4,1
"('interpretation', 'quantummechanics')",interpretation,quantum mechanics,0,-1
"('philosophyofcomputerscience', 'philosophyofscience')",philosophy of science,philosophy of computer science,4,1
"('philosophyofspaceandtime', 'time')",time,philosophy of space and time,4,1
"('time', 'timetravel')",time,time travel,4,1
"('propositionalattitude', 'propositionalattitudereports')",propositional attitude reports,propositional attitude,4,0
"('artificialintelligence', 'logic')",logic,artificial intelligence,4,3
"('propositionalattitude', 'structuredpropositions')",structured propositions,propositional attitude,4,0
"('languageofthoughthypothesis', 'propositionalattitude')",language of thought hypothesis,propositional attitude,4,3
"('heredityandheritability', 'philosophyofbiology')",heredity and heritability,philosophy of biology,4,0
"('gene', 'philosophyofbiology')",gene,philosophy of biology,4,0
"('naturalselection', 'philosophyofbiology')",natural selection,philosophy of biology,4,0
"('philosophyofcomputerscience', 'quantumcomputing')",quantum computing,philosophy of computer science,4,3
"('symmetryandinvariance', 'symmetryandsymmetrybreaking')",symmetry and symmetry breaking,symmetry and invariance,4,2
"('statisticalmechanicsandthermodynamics', 'thermodynamicasymmetryintime')",thermodynamic asymmetry in time,statistical mechanics and thermodynamics,4,0
"('statisticalmechanics', 'statisticalmechanicsandthermodynamics')",statistical mechanics,statistical mechanics and thermodynamics,4,0
"('philosophyofstatisticalmechanics', 'statisticalmechanicsandthermodynamics')",philosophy of statistical mechanics,statistical mechanics and thermodynamics,4,0
"('boltzmannsworkinstatisticalphysics', 'statisticalmechanicsandthermodynamics')",boltzmann's work in statistical physics,statistical mechanics and thermodynamics,4,3
"('qualia', 'zombies')",zombies,qualia,4,0
"('knowledgeargument', 'qualia')",knowledge argument,qualia,4,0
"('consciousnessandmentalcontent', 'qualia')",consciousness and mental content,qualia,2,2
"('blindsight', 'qualia')",blindsight,qualia,4,0
"('invertedqualia', 'qualia')",inverted qualia,qualia,4,0
"('qualia', 'zombies')",zombies,qualia,4,0
"('knowledgeargument', 'qualia')",knowledge argument,qualia,4,0
"('anaphora', 'propositionalattitude')",anaphora,propositional attitude,3,0
"('axiomatictheoriesoftruth', 'philosophyoflanguage')",axiomatic theories of truth,philosophy of language,4,0
"('classicalphysics', 'philosophyofphysics')",philosophy of physics,classical physics,4,1
"('logicandcomputation', 'philosophyofcomputerscience')",logic and computation,philosophy of computer science,4,0
"('philosophyofcomputerscience', 'symbolicprocessing')",symbolic processing,philosophy of computer science,4,3
"('modeltheory', 'philosophyofcomputerscience')",model theory,philosophy of computer science,4,3
"('philosophyofcomputerscience', 'recursivefunction')",recursive function,philosophy of computer science,4,0
"('biologicalnotionofanindividual', 'philosophyofbiology')",biological notion of an individual,philosophy of biology,4,3
"('fitness', 'philosophyofbiology')",fitness,philosophy of biology,4,0
"('classicalphysics', 'philosophyofphysics')",classical physics,philosophy of physics,4,0
"('philosophyofbiology', 'sociobiology')",sociobiology,philosophy of biology,4,0
"('logicalform', 'philosophyoflanguage')",logical form,philosophy of language,4,0
"('backwardcausation', 'timetravel')",backward causation,time travel,4,0
"('cognitivescience', 'networkmodel')",network model,cognitive science,4,0
"('cognitivescience', 'dynamicalsystem')",dynamical system,cognitive science,4,0
"('chineseroomargument', 'cognitivescience')",chinese room argument,cognitive science,4,0
"('metaphysics', 'metaphysicsofmind')",metaphysics,metaphysics of mind,3,1
"('connectionism', 'networkmodel')",network model,connectionism,4,0
"('connectionism', 'neuralnetwork')",neural network,connectionism,4,0
"('mentalcontent', 'nonconceptualmentalcontent')",nonconceptual mental content,mental content,4,0
"('mentalcontent', 'mentalrepresentation')",mental representation,mental content,4,0
"('aspectsofmind', 'emotion')",emotion,aspects of mind,4,0
"('aspectsofmind', 'color')",color,aspects of mind,4,0
"('aspectsofmind', 'pleasure')",pleasure,aspects of mind,4,0
"('aspectsofmind', 'memory')",memory,aspects of mind,3,0
"('aspectsofmind', 'pain')",pain,aspects of mind,4,0
"('aspectsofconsciousness', 'selfconsciousness')",self-consciousness,aspects of consciousness,4,0
"('aspectsofconsciousness', 'unityofconsciousness')",unity of consciousness,aspects of consciousness,4,0
"('aspectsofconsciousness', 'functionofconsciousness')",function of consciousness,aspects of consciousness,4,0
"('otherminds', 'philosophyofmind')",other minds,philosophy of mind,4,3
"('emergence', 'metaphysicsofmind')",emergence,metaphysics of mind,4,0
"('freewill', 'metaphysicsofmind')",free will,metaphysics of mind,4,0
"('functionalism', 'metaphysicsofmind')",functionalism,metaphysics of mind,4,0
"('metaphysicsofmind', 'personalidentity')",personal identity,metaphysics of mind,4,0
"('consciousness', 'phenomenalconsciousness')",phenomenal consciousness,consciousness,4,-1
"('computerethics', 'ethicsandinformationtechnology')",computer ethics,ethics and information technology,4,0
"('ethicsandinformationtechnology', 'phenomenologicalapproachestoethicsandinformationtechnology')",phenomenological approaches to ethics and information technology,ethics and information technology,4,0
"('computerethics', 'ethicsandinformationtechnology')",computer ethics,ethics and information technology,4,0
"('ethicsandinformationtechnology', 'privacy')",privacy,ethics and information technology,4,0
"('ethicsandart', 'philosophyofart')",philosophy of art,ethics and art,3,1
"('bioethics', 'feministbioethics')",feminist bioethics,bioethics,4,0
"('historyofethics', 'philosophyofhistory')",philosophy of history,history of ethics,3,1
"('axiomatictheoriesoftruth', 'truth')",axiomatic theories of truth,truth,4,0
"('deflationarytheoryoftruth', 'truth')",deflationary theory of truth,truth,4,0
"('theoryoftruth', 'truth')",theory of truth,truth,4,0
"('truth', 'truthlikeness')",truthlikeness,truth,3,0
"('logicaltruth', 'truth')",logical truth,truth,3,0
"('revisiontheoryoftruth', 'truth')",revision theory of truth,truth,4,0
"('coherencetheoryoftruth', 'truth')",coherence theory of truth,truth,4,0
"('correspondencetheoryoftruth', 'truth')",correspondence theory of truth,truth,4,0
"('descartesmodalmetaphysics', 'truth')",descartes' modal metaphysics,truth,1,0
"('matter', 'truth')",matter,truth,1,0
"('manyvaluedlogic', 'truth')",many-valued logic,truth,2,0
"('tarskistruthdefinition', 'truth')",tarski's truth definition,truth,4,0
"('fuzzylogic', 'truth')",fuzzy logic,truth,2,0
"('kantstheoryofjudgment', 'truth')",kant's theory of judgment,truth,0,-1
"('conditionals', 'truth')",conditionals,truth,1,0
"('divineillumination', 'truth')",divine illumination,truth,0,-1
"('psychologism', 'truth')",psychologism,truth,3,0
"('anaphora', 'truth')",anaphora,truth,1,0
"('propositions', 'truth')",propositions,truth,3,0
"('argument', 'truth')",argument,truth,1,0
"('logicandlanguage', 'philosophyoflanguage')",philosophy of language,logic and language,4,1
"('computationallogic', 'logicandcomputation')",computational logic,logic and computation,4,0
"('logicandartificialintelligence', 'logicandcomputation')",logic and artificial intelligence,logic and computation,3,3
"('logic', 'logicandlanguage')",logic and language,logic,4,0
"('continuityandinfinitesimals', 'mathematicallogic')",continuity and infinitesimals,mathematical logic,4,0
"('mathematicallogic', 'philosophyofmathematics')",philosophy of mathematics,mathematical logic,3,1
"('mathematicallogic', 'modeltheory')",model theory,mathematical logic,4,0
"('mathematicallogic', 'philosophicallogic')",philosophical logic,mathematical logic,2,2
"('logicalconstant', 'mathematicallogic')",logical constant,mathematical logic,2,0
"('connectives', 'logicandlanguage')",connectives,logic and language,4,0
"('logicandlanguage', 'philosophyofcomputerscience')",philosophy of computer science,logic and language,3,3
"('booleanalgebra', 'logicandcomputation')",boolean algebra,logic and computation,3,0
"('churchturingthesis', 'logicandcomputation')",church-turing thesis,logic and computation,3,3
"('computationandrepresentation', 'logicandcomputation')",computation and representation,logic and computation,3,3
"('frameproblem', 'logicandcomputation')",frame problem,logic and computation,3,3
"('logicandcomputation', 'turingmachine')",turing machine,logic and computation,4,3
"('historyoflogic', 'medievaltheoriesofthesyllogism')",medieval theories of the syllogism,history of logic,3,3
"('ancientlogic', 'historyoflogic')",ancient logic,history of logic,3,0
"('historyoflogic', 'medievaltheoriesofmodality')",medieval theories of modality,history of logic,3,0
"('analyticfeminism', 'feministphilosophy')",analytic feminism,feminist philosophy,4,0
"('feministphilosophy', 'feministsocialepistemology')",feminist social epistemology,feminist philosophy,4,0
"('feministepistemologyandphilosophyofscience', 'feministphilosophy')",feminist epistemology and philosophy of science,feminist philosophy,4,0
"('approachestofeministphilosophy', 'feministphilosophy')",approaches to feminist philosophy,feminist philosophy,4,0
"('feministaesthetics', 'feministphilosophy')",feminist aesthetics,feminist philosophy,4,0
"('feministphilosophy', 'topicsinfeminism')",topics in feminism,feminist philosophy,4,0
"('feministperspectivesonpower', 'feministphilosophy')",feminist perspectives on power,feminist philosophy,4,0
"('feministphilosophy', 'feministphilosophyofreligion')",feminist philosophy of religion,feminist philosophy,4,0
"('feministperspectivesonsexmarkets', 'feministphilosophy')",feminist perspectives on sex markets,feminist philosophy,4,0
"('feministphilosophy', 'pragmatistfeminism')",pragmatist feminism,feminist philosophy,3,0
"('feministphilosophy', 'feministphilosophyoflanguage')",feminist philosophy of language,feminist philosophy,3,0
"('continentalfeminism', 'feministphilosophy')",continental feminism,feminist philosophy,3,0
"('feministperspectivesonreproductionandthefamily', 'feministphilosophy')",feminist perspectives on reproduction and the family,feminist philosophy,3,0
"('feministphilosophy', 'pornographyandcensorship')",pornography and censorship,feminist philosophy,4,3
"('feministethics', 'feministphilosophy')",feminist ethics,feminist philosophy,3,0
"('feministperspectivesonclassandwork', 'feministphilosophy')",feminist perspectives on class and work,feminist philosophy,4,0
"('computerethics', 'ethics')",computer ethics,ethics,4,0
"('computerethics', 'ethics')",computer ethics,ethics,4,0
"('ethics', 'feministethics')",feminist ethics,ethics,3,0
"('ethics', 'virtueethics')",virtue ethics,ethics,4,0
"('ethics', 'ethicsandinformationtechnology')",ethics and information technology,ethics,4,0
"('ethics', 'personalidentityandethics')",personal identity and ethics,ethics,3,3
"('aristotlesethics', 'ethics')",aristotle's ethics,ethics,4,0
"('environmentalethics', 'ethics')",environmental ethics,ethics,3,0
"('ethics', 'normativeethics')",normative ethics,ethics,3,0
"('ethics', 'mooresmoralphilosophy')",moore's moral philosophy,ethics,3,0
"('descartesethics', 'ethics')",descartes' ethics,ethics,4,0
"('ethics', 'gametheoryinethics')",game theory in ethics,ethics,3,0
"('ethics', 'feministbioethics')",feminist bioethics,ethics,4,0
"('ethics', 'phenomenologicalapproachestoethicsandinformationtechnology')",phenomenological approaches to ethics and information technology,ethics,4,0
"('appliedethics', 'computerethics')",computer ethics,applied ethics,4,0
"('appliedethics', 'computerethics')",computer ethics,applied ethics,4,0
"('appliedethics', 'bioethics')",bioethics,applied ethics,4,0
"('appliedethics', 'ethicsandinformationtechnology')",ethics and information technology,applied ethics,4,0
"('appliedethics', 'businessethics')",business ethics,applied ethics,4,0
"('ethicsandart', 'greekphilosophy')",greek philosophy,ethics and art,3,3
"('aesthetics', 'deweysaesthetics')",dewey's aesthetics,aesthetics,4,0
"('aesthetics', 'beardsleysaesthetics')",beardsley's aesthetics,aesthetics,4,0
"('aesthetics', 'kantsaestheticsandteleology')",kant's aesthetics and teleology,aesthetics,3,0
"('aesthetics', 'feministaesthetics')",feminist aesthetics,aesthetics,4,3
"('aesthetics', 'wittgensteinsaesthetics')",wittgenstein's aesthetics,aesthetics,4,0
"('aesthetics', 'humesaesthetics')",hume's aesthetics,aesthetics,4,0
"('aestheticjudgment', 'aesthetics')",aesthetic judgment,aesthetics,4,0
"('abstractobject', 'nonexistentobjects')",nonexistent objects,abstract object,3,3
"('abstractobject', 'object')",object,abstract object,4,1
"('evolution', 'naturalselection')",natural selection,evolution,4,0
"('creationism', 'evolution')",creationism,evolution,4,2
"('evolution', 'populationgenetics')",population genetics,evolution,4,0
"('evolution', 'unitsandlevelsofselection')",units and levels of selection,evolution,4,0
"('evolution', 'replication')",replication,evolution,3,0
"('evolution', 'evolutionarytheory')",evolutionary theory,evolution,4,3
"('evolution', 'gene')",gene,evolution,3,3
"('evolution', 'evolutionarygametheory')",evolutionary game theory,evolution,4,3
"('evolution', 'fitness')",fitness,evolution,3,0
"('copenhageninterpretationofquantummechanics', 'quantummechanics')",copenhagen interpretation of quantum mechanics,quantum mechanics,4,0
"('intergenerationaljustice', 'socialjustice')",intergenerational justice,social justice,4,0
"('feministintervention', 'feministinterventionsinaesthetics')",feminist interventions in aesthetics,feminist intervention,4,0
"('functionandteleology', 'teleologicalnotionsinbiology')",teleological notions in biology,function and teleology,4,0
"('identitytheoryofmind', 'psychophysicaltheory')",identity theory of mind,psychophysical theory,4,0
"('evolution', 'naturalselection')",natural selection,evolution,4,0
"('connectionism', 'parallelprocessing')",parallel processing,connectionism,4,0
"('concepts', 'mentalcontent')",concepts,mental content,4,0
"('feministintervention', 'feministinterventionsinthephilosophyoflanguage')",feminist interventions in the philosophy of language,feminist intervention,4,0
"('bioethics', 'pregnancy')",pregnancy,bioethics,4,0
"('multiplepersonalities', 'personalidentity')",multiple personalities,personal identity,4,0
"('communism', 'stalinism')",stalinism,communism,4,0
"('intertheoryrelations', 'scientifictheory')",intertheory relations,scientific theory,4,0
"('animalcognition', 'cognitivescience')",animal cognition,cognitive science,4,0
"('feministintervention', 'feministinterventionsinphilosophyofscience')",feminist interventions in philosophy of science,feminist intervention,4,0
"('logicalatomism', 'semantictheories')",logical atomism,semantic theories,4,0
"('mentalcausation', 'metaphysicsofmind')",mental causation,metaphysics of mind,4,0
"('multiplerealizability', 'reduction')",multiple realizability,reduction,4,0
"('hypotheticalsyllogism', 'propositions')",hypothetical syllogism,propositions,4,0
"('medievallegalphilosophy', 'naturallaw')",natural law,medieval legal philosophy,4,0
"('medievalgrammar', 'modistae')",modistae,medieval grammar,4,0
"('propositionalattitudereports', 'semanticpuzzle')",propositional attitude reports,semantic puzzle,4,0
"('generalwill', 'politicalmorality')",general will,political morality,4,0
"('atomism', 'philosophyofchemistry')",atomism,philosophy of chemistry,4,0
"('counterfactuals', 'semanticpuzzle')",counterfactuals,semantic puzzle,4,0
"('feministintervention', 'feministinterventionsinphilosophyofbiology')",feminist interventions in philosophy of biology,feminist intervention,4,0
"('conscience', 'medievalethics')",conscience,medieval ethics,4,0
"('descriptivism', 'referenceanddenotation')",descriptivism,reference and denotation,4,0
"('medievalproblemofuniversals', 'universals')",medieval problem of universals,universals,4,0
"('jusadbellum', 'warandpacifism')",jus ad bellum,war and pacifism,4,0
"('artisticvalue', 'monisticconceptionsofartisticvalue')",monistic conceptions of artistic value,artistic value,4,0
"('feministintervention', 'feministinterventionsinbioethics')",feminist interventions in bioethics,feminist intervention,4,0
"('happiness', 'medievalethics')",happiness,medieval ethics,4,0
"('compositionality', 'logicalform')",compositionality,logical form,4,0
"('artisticform', 'painting')",painting,artistic form,4,0
"('holismandnonseparabilityinphysics', 'philosophyofphysics')",holism and nonseparability in physics,philosophy of physics,4,0
"('hylomorphism', 'medievaltheoriesofmatter')",hylomorphism,medieval theories of matter,4,0
"('causalchaintheoryofreference', 'referenceanddenotation')",causal chain theory of reference,reference and denotation,4,0
"('quantummechanics', 'relationalquantummechanics')",relational quantum mechanics,quantum mechanics,4,0
"('belief', 'propositionalattitude')",belief,propositional attitude,4,0
"('names', 'referenceanddenotation')",names,reference and denotation,4,0
"('appellation', 'universals')",appellation,universals,4,0
"('absentqualia', 'aspectsofconsciousness')",absent qualia,aspects of consciousness,4,0
"('bioethics', 'cloning')",cloning,bioethics,4,0
"('connectionism', 'subsymboliccomputation')",subsymbolic computation,connectionism,4,0
"('metaphysicsofmind', 'panpsychism')",panpsychism,metaphysics of mind,4,0
"('abstraction', 'medievalepistemology')",abstraction,medieval epistemology,4,0
"('aspectsofconsciousness', 'unityofconsciousness')",unity of consciousness,aspects of consciousness,4,0
"('computerethics', 'ethicsandinformationtechnology')",computer ethics,ethics and information technology,4,0
"('aspectsofconsciousness', 'functionofconsciousness')",function of consciousness,aspects of consciousness,4,0
"('interpretation', 'pluralism')",pluralism,interpretation,4,0
"('modelsandidealization', 'modelsinscience')",models in science,models and idealization,4,0
"('aspectsofmind', 'color')",color,aspects of mind,4,0
"('divinelaw', 'medievallegalphilosophy')",divine law,medieval legal philosophy,4,0
"('conscientiousrefusal', 'politicalobligation')",conscientious refusal,political obligation,4,0
"('beingandbecominginmodernphysics', 'spacetime')",being and becoming in modern physics,spacetime,4,0
"('decisiontheory', 'gametheory')",game theory,decision theory,4,0
"('interactionism', 'metaphysicsofmind')",interactionism,metaphysics of mind,4,0
"('connectionism', 'languagelearning')",connectionism,language learning,4,0
"('descriptions', 'meaningproperties')",descriptions,meaning properties,4,0
"('meaningproperties', 'narration')",narration,meaning properties,4,0
"('induction', 'medievalepistemology')",induction,medieval epistemology,4,0
"('implicature', 'pragmatics')",implicature,pragmatics,4,0
"('philosophyofcomputerscience', 'recursivefunction')",recursive function,philosophy of computer science,4,0
"('computingandmoralresponsibility', 'ethicsandinformationtechnology')",computing and moral responsibility,ethics and information technology,4,0
"('quotation', 'referenceanddenotation')",quotation,reference and denotation,4,0
"('artisticvalue', 'historicalvalueofart')",historical value of art,artistic value,4,0
"('coercion', 'politicalmorality')",coercion,political morality,4,0
"('artisticvalue', 'cognitivevalueofart')",cognitive value of art,artistic value,4,0
"('medievallogic', 'syncategoremata')",syncategoremata,medieval logic,4,0
"('futurecontingents', 'medievallogic')",future contingents,medieval logic,4,0
"('despotism', 'formsofgovernment')",despotism,forms of government,4,0
"('experimentinphysics', 'philosophyofphysics')",experiment in physics,philosophy of physics,4,0
"('evolution', 'evolutionarygenetics')",evolutionary genetics,evolution,4,0
"('ethicsandinformationtechnology', 'philosophyoftechnology')",philosophy of technology,ethics and information technology,4,0
"('disunityofscience', 'unityofscience')",disunity of science,unity of science,4,0
"('exploitation', 'politicalmorality')",exploitation,political morality,4,0
"('causalprocesses', 'causation')",causal processes,causation,4,0
"('deontologism', 'normativeethics')",deontologism,normative ethics,4,0
"('propositions', 'squareofopposition')",square of opposition,propositions,4,0
"('artisticrepresentation', 'interpretation')",artistic representation,interpretation,4,0
"('colonialism', 'internationalethics')",colonialism,international ethics,4,0
"('molecularbiologyandgenetics', 'populationgenetics')",population genetics,molecular biology and genetics,4,0
"('expressionandidiom', 'irony')",irony,expression and idiom,4,0
"('historicaldefinitionofart', 'natureofart')",historical definition of art,nature of art,4,0
"('suppositionandcopulation', 'universals')",supposition and copulation,universals,4,0
"('medievalmetaphysics', 'ontologicalhierarchy')",ontological hierarchy,medieval metaphysics,4,0
"('aimsofinterpretation', 'interpretation')",aims of interpretation,interpretation,4,0
"('aestheticproperties', 'beauty')",beauty,aesthetic properties,4,0
"('godelianargument', 'thinkingmachine')",godelian argument,thinking machine,4,0
"('simultaneity', 'spacetime')",simultaneity,spacetime,4,0
"('essentialism', 'expressivism')",expressivism,essentialism,4,0
"('scientificprogress', 'scientifictheory')",scientific progress,scientific theory,4,0
"('metaphysics', 'universals')",universals,metaphysics,4,0
"('medievalethics', 'originalsin')",original sin,medieval ethics,4,0
"('feministintervention', 'radicalfeminism')",radical feminism,feminist intervention,4,0
"('metaphysicsofaestheticproperties', 'realism')",realism,metaphysics of aesthetic properties,4,0
"('signification', 'universals')",signification,universals,4,0
"('cognitivescience', 'modularity')",modularity,cognitive science,4,0
"('bioethics', 'parenthoodandprocreation')",parenthood and procreation,bioethics,4,0
"('interpretation', 'monism')",monism,interpretation,4,0
"('medievallogic', 'obligationes')",obligationes,medieval logic,4,0
"('formsofgovernment', 'monarchy')",monarchy,forms of government,4,0
"('explanation', 'scientificexplanation')",scientific explanation,explanation,4,0
"('semantictheories', 'teleosemantics')",teleosemantics,semantic theories,4,0
"('bioethics', 'biomedicalethics')",biomedical ethics,bioethics,4,0
"('folkpsychology', 'simulationtheory')",simulation theory,folk psychology,4,0
"('feministintervention', 'feministinterventionsinepistemology')",feminist interventions in epistemology,feminist intervention,4,0
"('thinkingmachine', 'turingtest')",turing test,thinking machine,4,0
"('immigration', 'internationalethics')",immigration,international ethics,4,0
"('confirmationandinduction', 'problemofinduction')",problem of induction,confirmation and induction,4,0
"('spacetime', 'specialrelativity')",special relativity,spacetime,4,0
"('equivalenceofmassandenergy', 'spacetime')",equivalence of mass and energy,spacetime,4,0
"('natureofart', 'proceduraldefinitionofart')",procedural definition of art,nature of art,4,0
"('philosophyofscience', 'topicsinfeminism')",philosophy of science,topics in feminism,4,0
"('pragmatictheoryoftruth', 'truth')",pragmatic theory of truth,truth,4,0
"('aspectsofmind', 'pain')",pain,aspects of mind,4,0
"('logicalform', 'negation')",negation,logical form,4,0
"('connectives', 'logicalform')",connectives,logical form,4,0
"('medievalepistemology', 'skepticism')",skepticism,medieval epistemology,4,0
"('freewill', 'metaphysicsofmind')",free will,metaphysics of mind,4,0
"('ancientphilosophy', 'relativism')",relativism,ancient philosophy,4,0
"('darwinism', 'evolution')",darwinism,evolution,4,0
"('semanticpuzzle', 'soritesparadox')",sorites paradox,semantic puzzle,4,0
"('identitytheoryoftruth', 'truth')",identity theory of truth,truth,4,0
"('cognitivescience', 'rationality')",rationality,cognitive science,4,0
"('fallaciesduplicatetoremove', 'propositions')",fallacies_(duplicate_to_remove),propositions,4,0
"('artisticobject', 'concreteobject')",artistic object,concrete object,4,0
"('aspectsofmind', 'imagination')",imagination,aspects of mind,4,0
"('behaviorism', 'languagelearning')",behaviorism,language learning,4,0
"('ethicsandinformationtechnology', 'searchenginesandethics')",search engines and ethics,ethics and information technology,4,0
"('beingandgoodness', 'medievalethics')",being and goodness,medieval ethics,4,0
"('actiontokens', 'concreteobject')",action tokens,concrete object,4,0
"('timemachine', 'timetravel')",time machine,time travel,4,0
"('distributiveandeconomicjustice', 'socialminimum')",social minimum,distributive and economic justice,4,0
"('aspectsofmind', 'dreams')",dreams,aspects of mind,4,0
"('scientifictheory', 'simplicity')",simplicity,scientific theory,4,0
"('convention', 'pragmatics')",convention,pragmatics,4,0
"('dirtyhands', 'politicalmorality')",dirty hands,political morality,4,0
"('bioethics', 'humanenhancement')",human enhancement,bioethics,4,0
"('artisticstyle', 'comedy')",comedy,artistic style,4,0
"('personalidentity', 'splitbrains')",split brains,personal identity,4,0
"('life', 'philosophyofbiology')",life,philosophy of biology,4,0
"('referenceanddenotation', 'rigiddesignators')",rigid designators,reference and denotation,4,0
"('languagelearning', 'nativism')",nativism,language learning,4,0
"('medievallogic', 'modality')",modality,medieval logic,4,0
"('artificialintelligence', 'computationalism')",computationalism,artificial intelligence,4,0
"('body', 'topicsinfeminism')",body,topics in feminism,4,0
"('communism', 'maoism')",maoism,communism,4,0
"('bohmianmechanics', 'quantummechanics')",bohmian mechanics,quantum mechanics,4,0
"('feministintervention', 'feministinterventionsinethics')",feminist interventions in ethics,feminist intervention,4,0
"('grouprights', 'humanrights')",group rights,human rights,4,0
"('desires', 'propositionalattitude')",desires,propositional attitude,4,0
"('consciousness', 'explanatorygap')",explanatory gap,consciousness,4,0
"('reproduction', 'topicsinfeminism')",reproduction,topics in feminism,4,0
"('indeterminacyoftranslation', 'languageandsociety')",indeterminacy of translation,language and society,4,0
"('languageandsociety', 'linguisticdivisionoflabor')",linguistic division of labor,language and society,4,0
"('genotypeandphenotype', 'molecularbiologyandgenetics')",genotype and phenotype,molecular biology and genetics,4,0
"('formsofgovernment', 'theocracy')",theocracy,forms of government,4,0
"('semanticpuzzle', 'vagueness')",vagueness,semantic puzzle,4,0
"('disjunction', 'logicalform')",disjunction,logical form,4,0
"('politicallegitimacy', 'politicalmorality')",political legitimacy,political morality,4,0
"('functionaldefinitionofart', 'natureofart')",functional definition of art,nature of art,4,0
"('consequentialism', 'normativeethics')",consequentialism,normative ethics,4,0
"('commongood', 'politicalmorality')",common good,political morality,4,0
"('quantumgravity', 'quantummechanics')",quantum gravity,quantum mechanics,4,0
"('inertialframes', 'spacetime')",inertial frames,spacetime,4,0
"('expressionandidiom', 'meaningproperties')",expression and idiom,meaning properties,4,0
"('pragmatics', 'speakermeaning')",speaker meaning,pragmatics,4,0
"('aestheticexperience', 'aestheticpleasure')",aesthetic pleasure,aesthetic experience,4,0
"('humanism', 'medievalethics')",humanism,medieval ethics,4,0
"('partsofspeech', 'propernoun')",proper noun,parts of speech,4,0
"('formsofgovernment', 'republic')",republic,forms of government,4,0
"('self', 'topicsinfeminism')",self,topics in feminism,4,0
"('bioethics', 'voluntaryeuthanasia')",voluntary euthanasia,bioethics,4,0
"('cognitivescience', 'evolutionofcognition')",evolution of cognition,cognitive science,4,0
"('identityandindividualityinquantumtheory', 'quantummechanics')",identity and individuality in quantum theory,quantum mechanics,4,0
"('backwardcausation', 'causation')",backward causation,causation,4,0
"('internationalethics', 'sovereignty')",sovereignty,international ethics,4,0
"('timetravel', 'timetravelandmodernphysics')",time travel and modern physics,time travel,4,0
"('aspectsofmind', 'pleasure')",pleasure,aspects of mind,4,0
"('deflationarytheoryoftruth', 'truth')",deflationary theory of truth,truth,4,0
"('classandwork', 'topicsinfeminism')",class and work,topics in feminism,4,0
"('civildisobedience', 'politicalobligation')",civil disobedience,political obligation,4,0
"('disquotationaltheoryoftruth', 'truth')",disquotational theory of truth,truth,4,0
"('assertion', 'pragmatics')",assertion,pragmatics,4,0
"('medievalphilosophyofthesoul', 'powersofthesoul')",powers of the soul,medieval philosophy of the soul,4,0
"('causation', 'counterfactualtheoriesofcausation')",counterfactual theories of causation,causation,4,0
"('medievalphilosophyofthesoul', 'substanceofthesoul')",substance of the soul,medieval philosophy of the soul,4,0
"('constructivisttheoryoftruth', 'truth')",constructivist theory of truth,truth,4,0
"('churchandstate', 'medievalpoliticalphilosophy')",church and state,medieval political philosophy,4,0
"('civilrights', 'homophobia')",homophobia,civil rights,4,0
"('conditionals', 'logicalform')",conditionals,logical form,4,0
"('insolubles', 'medievallogic')",insolubles,medieval logic,4,0
"('defaults', 'pragmatics')",defaults,pragmatics,4,0
"('ordinarylanguagephilosophy', 'semantictheories')",ordinary language philosophy,semantic theories,4,0
"('evolution', 'fitness')",fitness,evolution,4,0
"('politicalmorality', 'treatmentofanimals')",treatment of animals,political morality,4,0
"('collapsetheories', 'quantummechanics')",collapse theories,quantum mechanics,4,0
"('medievalethics', 'medievaltheoriesofpracticalreason')",medieval theories of practical reason,medieval ethics,4,0
"('paradoxofanalysis', 'semanticpuzzle')",paradox of analysis,semantic puzzle,4,0
"('spacetime', 'time')",time,spacetime,4,0
"('developmentalbiology', 'epigenesisandpreformationism')",epigenesis and preformationism,developmental biology,4,0
"('civilrights', 'sexism')",sexism,civil rights,4,0
"('normativeethics', 'virtueethics')",virtue ethics,normative ethics,4,0
"('languageandsociety', 'privatelanguageargument')",private language argument,language and society,4,0
"('partsofspeech', 'sentence')",sentence,parts of speech,4,0
"('computabilityandcomplexity', 'philosophyofcomputerscience')",computability and complexity,philosophy of computer science,4,0
"('developmentalbiology', 'trait')",trait,developmental biology,4,0
"('indexicals', 'semanticpuzzle')",indexicals,semantic puzzle,4,0
"('aesthetics', 'theologicalaesthetics')",theological aesthetics,aesthetics,4,0
"('naturalphilosophy', 'thefourcauses')",the four causes,natural philosophy,4,0
"('family', 'topicsinfeminism')",family,topics in feminism,4,0
"('artisticform', 'music')",music,artistic form,4,0
"('hybriddefinitionsofart', 'natureofart')",hybrid definitions of art,nature of art,4,0
"('logicalform', 'quantifiersandquanitification')",quantifiers and quanitification,logical form,4,0
"('humanrights', 'rightsofchildren')",rights of children,human rights,4,0
"('altruism', 'evolution')",altruism,evolution,4,0
"('medievallogic', 'sophismata')",sophismata,medieval logic,4,0
"('molecularbiologyandgenetics', 'unitsandlevelsofselection')",units and levels of selection,molecular biology and genetics,4,0
"('analyticfeminism', 'methodsinfeminism')",analytic feminism,methods in feminism,4,0
"('cognitionofart', 'reception')",cognition of art,reception,4,0
"('distribution', 'universals')",distribution,universals,4,0
"('anarchy', 'formsofgovernment')",anarchy,forms of government,4,0
"('civilrights', 'racism')",racism,civil rights,4,0
"('natureoflanguage', 'structuralism')",structuralism,nature of language,4,0
"('epiphenomenalism', 'metaphysicsofmind')",epiphenomenalism,metaphysics of mind,4,0
"('depiction', 'meaningproperties')",depiction,meaning properties,4,0
"('intentionality', 'meaningskepticism')",meaning skepticism,intentionality,4,0
"('aspectsofmind', 'emotion')",emotion,aspects of mind,4,0
"('pragmatics', 'speechact')",speech act,pragmatics,4,0
"('paternalism', 'politicalmorality')",paternalism,political morality,4,0
"('existentialism', 'normativeethics')",existentialism,normative ethics,4,0
"('coherencetheoryoftruth', 'truth')",coherence theory of truth,truth,4,0
"('bioethics', 'disabilities')",disabilities,bioethics,4,0
"('metaphysicsofmind', 'otherminds')",other minds,metaphysics of mind,4,0
"('cognitivescience', 'philosophyofpsychology')",cognitive science,philosophy of psychology,4,0
"('aestheticproperties', 'sublimity')",sublimity,aesthetic properties,4,0
"('continentalfeminism', 'methodsinfeminism')",continental feminism,methods in feminism,4,0
"('quantumfieldtheory', 'quantummechanics')",quantum field theory,quantum mechanics,4,0
"('artisticstyle', 'tragedy')",tragedy,artistic style,4,0
"('consciousness', 'hardproblem')",hard problem,consciousness,4,0
"('demonstration', 'propositions')",demonstration,propositions,4,0
"('corruption', 'politicalmorality')",corruption,political morality,4,0
"('meaning', 'propositions')",propositions,meaning,4,0
"('connotation', 'universals')",connotation,universals,4,0
"('cognitivescience', 'nativism')",nativism,cognitive science,4,0
"('miracles', 'scienceandreligion')",miracles,science and religion,4,0
"('aestheticism', 'essentialism')",aestheticism,essentialism,4,0
"('correspondencetheoryoftruth', 'truth')",correspondence theory of truth,truth,4,0
"('generalrelativity', 'spacetime')",general relativity,spacetime,4,0
"('medievalphilosophyofthesoul', 'mentalrepresentationinmedievalphilosophy')",mental representation in medieval philosophy,medieval philosophy of the soul,4,0
"('metaphysics', 'theoryofforms')",theory of forms,metaphysics,4,0
"('ontologyofart', 'performance')",performance,ontology of art,4,0
"('qualia', 'zombies')",zombies,qualia,4,0
"('idiolects', 'languageandsociety')",idiolects,language and society,4,0
"('philosophyofpsychology', 'psychologicallaw')",psychological law,philosophy of psychology,4,0
"('nihilism', 'normativeethics')",nihilism,normative ethics,4,0
"('expressionandidiom', 'metaphor')",metaphor,expression and idiom,4,0
"('immaterialityandunityoftheintellect', 'medievalphilosophyofthesoul')",immateriality and unity of the intellect,medieval philosophy of the soul,4,0
"('experimentation', 'thescientificmethod')",the scientific method,experimentation,4,0
"('aesthetics', 'environmentalaesthetics')",environmental aesthetics,aesthetics,4,0
"('medievaltheology', 'neoplatonictheology')",neoplatonic theology,medieval theology,4,0
"('domination', 'politicalmorality')",domination,political morality,4,0
"('ostensivedefinition', 'referenceanddenotation')",ostensive definition,reference and denotation,4,0
"('fiction', 'meaningproperties')",fiction,meaning properties,4,0
"('feministintervention', 'feministinterventionsinenvironmentalphilosophy')",feminist interventions in environmental philosophy,feminist intervention,4,0
"('molecularbiologyandgenetics', 'replication')",replication,molecular biology and genetics,4,0
"('liberalism', 'rawlsianliberalism')",rawlsian liberalism,liberalism,4,0
"('aesthetics', 'aestheticsofart')",aesthetics of art,aesthetics,4,0
"('medievaltheoriesofsingularterms', 'propositions')",medieval theories of singular terms,propositions,4,0
"('aspectsofmind', 'memory')",memory,aspects of mind,4,0
"('divinesimplicity', 'medievalmetaphysics')",divine simplicity,medieval metaphysics,4,0
"('abortion', 'bioethics')",abortion,bioethics,4,0
"('intentionalstance', 'propositionalattitude')",intentional stance,propositional attitude,4,0
"('paradoxesofemotion', 'reception')",paradoxes of emotion,reception,4,0
"('mentalcontent', 'representation')",representation,mental content,4,0
"('ecology', 'ecologyandconservation')",ecology,ecology and conservation,4,0
"('descriptions', 'referenceanddenotation')",descriptions,reference and denotation,3,0
"('existenceofgod', 'medievalmetaphysics')",existence of god,medieval metaphysics,4,0
"('animallanguage', 'natureoflanguage')",animal language,nature of language,4,0
"('pragmatics', 'presupposition')",presupposition,pragmatics,4,0
"('interpretation', 'natureofmeaning')",nature of meaning,interpretation,4,0
"('modalinterpretationsofquantummechanics', 'quantummechanics')",modal interpretations of quantum mechanics,quantum mechanics,4,0
"('denotation', 'referenceanddenotation')",denotation,reference and denotation,4,0
"('essentialism', 'formalism')",formalism,essentialism,4,0
"('aspectsofmind', 'imagery')",imagery,aspects of mind,4,0
"('artisticevents', 'concreteobject')",artistic events,concrete object,4,0
"('connectionism', 'distributedrepresentation')",distributed representation,connectionism,4,0
"('artisticform', 'literature')",literature,artistic form,4,0
"('causation', 'causeandeffect')",cause and effect,causation,4,0
"('function', 'functionandteleology')",function,function and teleology,4,0
"('feministintervention', 'feministinterventionsinthephilosophyofreligion')",feminist interventions in the philosophy of religion,feminist intervention,4,0
"('imagination', 'reception')",imagination,reception,4,0
"('alchemy', 'scholasticchymistry')",scholastic chymistry,alchemy,4,0
"('commongood', 'medievalpoliticalphilosophy')",common good,medieval political philosophy,4,0
"('medievalgrammar', 'medievalsemiotics')",medieval semiotics,medieval grammar,4,0
"('medievalethics', 'problemofevil')",problem of evil,medieval ethics,4,0
"('quantumentanglementandinformation', 'quantummechanics')",quantum entanglement and information,quantum mechanics,4,0
"('moralcharacter', 'normativeethics')",moral character,normative ethics,4,0
"('eternityoftheworld', 'medievalcosmology')",eternity of the world,medieval cosmology,4,0
"('cognitivescience', 'mentalillness')",mental illness,cognitive science,4,0
"('measurementinquantumtheory', 'quantummechanics')",measurement in quantum theory,quantum mechanics,4,0
"('asylum', 'internationalethics')",asylum,international ethics,4,0
"('feministintervention', 'feministinterventionsinthephilosophyoflaw')",feminist interventions in the philosophy of law,feminist intervention,4,0
"('nationalemergencyandtorture', 'politicalmorality')",national emergency and torture,political morality,4,0
"('quantummechanics', 'uncertaintyprinciple')",uncertainty principle,quantum mechanics,4,0
"('aesthetics', 'aestheticsofnature')",aesthetics of nature,aesthetics,4,0
"('invertedqualia', 'qualia')",inverted qualia,qualia,4,0
"('mentalese', 'semantictheories')",mentalese,semantic theories,4,0
"('eliminativismaboutpropositionalattitudes', 'propositionalattitude')",eliminativism about propositional attitudes,propositional attitude,4,0
"('bioethics', 'suicide')",suicide,bioethics,4,0
"('internationalethics', 'realism')",realism,international ethics,4,0
"('modeltheoreticsemantics', 'semantictheories')",model theoretic semantics,semantic theories,4,0
"('evolution', 'heredityandheritability')",heredity and heritability,evolution,4,0
"('politicalauthority', 'politicalmorality')",political authority,political morality,4,0
"('ambiguity', 'semanticpuzzle')",ambiguity,semantic puzzle,4,0
"('sexuality', 'topicsinfeminism')",sexuality,topics in feminism,4,0
"('distributiveandeconomicjustice', 'taxation')",taxation,distributive and economic justice,4,0
"('philosophyofcomputerscience', 'turingmachine')",turing machine,philosophy of computer science,4,0
"('causation', 'probabilisticcausation')",probabilistic causation,causation,4,0
"('ampliationandrestriction', 'universals')",ampliation and restriction,universals,4,0
"('evolution', 'species')",species,evolution,4,0
"('medievalethics', 'virtuesandvices')",virtues and vices,medieval ethics,4,0
"('politicalmorality', 'publicity')",publicity,political morality,4,0
"('functionalism', 'machinefunctionalism')",machine functionalism,functionalism,4,0
"('intentionality', 'meaningholism')",meaning holism,intentionality,4,0
"('artisticform', 'film')",film,artistic form,4,0
"('aesthetics', 'aestheticsoffood')",aesthetics of food,aesthetics,4,0
"('feministintervention', 'feministinterventionsinmoralpsychology')",feminist interventions in moral psychology,feminist intervention,4,0
"('aesthetics', 'aestheticsofartifacts')",aesthetics of artifacts,aesthetics,4,0
"('molecularbiology', 'molecularbiologyandgenetics')",molecular biology,molecular biology and genetics,4,0
"('emergence', 'psychophysicalrelation')",emergence,psychophysical relation,4,0
"('causation', 'metaphysicsofcausation')",metaphysics of causation,causation,4,0
"('philosophyofphysics', 'structuralism')",structuralism,philosophy of physics,4,0
"('anaphora', 'semanticpuzzle')",anaphora,semantic puzzle,4,0
"('artisticvalue', 'ethicalvalueofart')",ethical value of art,artistic value,4,0
"('bioethics', 'geneticengineering')",genetic engineering,bioethics,4,0
"('folkpsychology', 'thetheorytheory')",the theory theory,folk psychology,4,0
"('intensionaltransitiveverbs', 'partsofspeech')",intensional transitive verbs,parts of speech,4,0
"('bioethics', 'mentalillness')",mental illness,bioethics,4,0
"('compositionality', 'connectionism')",compositionality,connectionism,4,0
"('collectiveresponsibility', 'politicalmorality')",collective responsibility,political morality,4,0
"('medievallegalphilosophy', 'positivelaw')",positive law,medieval legal philosophy,4,0
"('meaningproperties', 'metaphor')",metaphor,meaning properties,4,0
"('medievalmetaphysics', 'universals')",universals,medieval metaphysics,4,0
"('feministphilosophyoflanguage', 'languageandsociety')",feminist philosophy of language,language and society,3,0
"('languageandsociety', 'processtheism')",process theism,language and society,0,-1
"('languageandsociety', 'westernphilosophy')",western philosophy,language and society,2,1
"('formallearningtheory', 'languagelearning')",formal learning theory,language learning,3,0
"('epistemologicalproblemsoftestimony', 'languagelearning')",epistemological problems of testimony,language learning,0,-1
"('languagelearning', 'mohism')",mohism,language learning,0,-1
"('explanation', 'languagelearning')",explanation,language learning,0,-1
"('dispositions', 'languagelearning')",dispositions,language learning,3,0
"('criticaltheory', 'pragmatics')",critical theory,pragmatics,0,-1
"('pragmatics', 'structuredpropositions')",structured propositions,pragmatics,1,0
"('pragmatics', 'statisticalmechanics')",statistical mechanics,pragmatics,0,-1
"('correspondencetheoryoftruth', 'pragmatics')",correspondence theory of truth,pragmatics,0,-1
"('colonialism', 'pragmatics')",colonialism,pragmatics,0,-1
"('concreteobject', 'pragmatics')",concrete object,pragmatics,0,-1
"('compositionality', 'pragmatics')",compositionality,pragmatics,0,-1
"('pragmatics', 'rigiddesignators')",rigid designators,pragmatics,0,-1
"('commonknowledge', 'pragmatics')",common knowledge,pragmatics,3,0
"('expressionandidiom', 'pragmatics')",expression and idiom,pragmatics,3,0
"('logicalconstant', 'pragmatics')",logical constant,pragmatics,0,-1
"('analysisofknowledge', 'pragmatics')",analysis of knowledge,pragmatics,0,-1
"('pragmatics', 'publicity')",publicity,pragmatics,0,-1
"('miracles', 'pragmatics')",miracles,pragmatics,0,-1
"('civilrights', 'pragmatics')",civil rights,pragmatics,0,-1
"('otherminds', 'pragmatics')",other minds,pragmatics,0,-1
"('politicalauthority', 'pragmatics')",political authority,pragmatics,0,-1
"('humanrights', 'pragmatics')",human rights,pragmatics,0,-1
"('facts', 'pragmatics')",facts,pragmatics,0,-1
"('interpretation', 'pragmatics')",interpretation,pragmatics,3,0
"('consequencerelationsandalgebraiclogic', 'semantics')",consequence relations and algebraic logic,semantics,0,-1
"('independencefriendlylogic', 'semantics')",independence friendly logic,semantics,0,-1
"('actualism', 'semantics')",actualism,semantics,0,-1
"('chineseroomargument', 'semantics')",chinese room argument,semantics,0,-1
"('connectives', 'truth')",connectives,truth,3,0
"('religiousdiversity', 'truth')",religious diversity,truth,0,-1
"('scientificprogress', 'truth')",scientific progress,truth,0,-1
"('logicandlanguage', 'truth')",logic and language,truth,3,0
"('logicandontology', 'truth')",logic and ontology,truth,3,0
"('possibleworlds', 'truth')",possible worlds,truth,3,0
"('semantics', 'truth')",semantics,truth,4,2
"('realism', 'truth')",realism,truth,3,2
"('time', 'truth')",time,truth,0,-1
"('assertion', 'truth')",assertion,truth,3,0
"('structuredpropositions', 'truth')",structured propositions,truth,1,0
"('disjunction', 'truth')",disjunction,truth,2,0
"('modallogic', 'truth')",modal logic,truth,2,0
"('antirealism', 'truth')",anti-realism,truth,3,0
"('russellslogicalatomism', 'truth')",russell's logical atomism,truth,2,0
"('soritesparadox', 'truth')",sorites paradox,truth,2,0
"('logicalconsequence', 'truth')",logical consequence,truth,3,0
"('actualism', 'truth')",actualism,truth,1,0
"('philosophyofnature', 'truth')",philosophy of nature,truth,0,-1
"('modalfictionalism', 'truth')",modal fictionalism,truth,2,0
"('insolubles', 'truth')",insolubles,truth,2,0
"('indexicals', 'truth')",indexicals,truth,1,0
"('logicalconstant', 'truth')",logical constant,truth,1,0
"('fiction', 'truth')",fiction,truth,2,0
"('analyticphilosophy', 'truth')",analytic philosophy,truth,2,3
"('determinism', 'truth')",determinism,truth,0,-1
"('philosophyofmathematics', 'truth')",philosophy of mathematics,truth,1,3
"('lawsofnature', 'truth')",laws of nature,truth,0,-1
"('interpretation', 'truth')",interpretation,truth,3,0
"('semantictheories', 'truth')",semantic theories,truth,3,2
"('coherentisttheoriesofepistemicjustification', 'truth')",coherentist theories of epistemic justification,truth,2,0
"('socialepistemology', 'truth')",social epistemology,truth,1,0
"('moralrelativism', 'truth')",moral relativism,truth,1,0
"('deweysaesthetics', 'truth')",dewey's aesthetics,truth,0,-1
"('schema', 'truth')",schema,truth,0,-1
"('determinismandindeterminism', 'truth')",determinism and indeterminism,truth,0,-1
"('expressionandidiom', 'truth')",expression and idiom,truth,0,-1
"('necessaryandsufficientcondition', 'truth')",necessary and sufficient condition,truth,2,0
"('function', 'truth')",function,truth,0,-1
"('classicallogic', 'truth')",classical logic,truth,2,0
"('intensionallogic', 'truth')",intensional logic,truth,1,0
"('induction', 'truth')",induction,truth,0,-1
"('moralcognitivismvsnoncognitivism', 'truth')",moral cognitivism vs. non-cognitivism,truth,0,-1
"('statesofaffairs', 'truth')",states of affairs,truth,3,0
"('facts', 'truth')",facts,truth,3,0
"('currysparadox', 'truth')",curry's paradox,truth,3,0
"('childrensrights', 'truth')",children's rights,truth,0,-1
"('relativism', 'truth')",relativism,truth,3,0
"('philosophyofaction', 'truth')",philosophy of action,truth,0,-1
"('anaphora', 'expressionandidiom')",anaphora,expression and idiom,3,0
"('expressionandidiom', 'interpretation')",interpretation,expression and idiom,3,0
"('connectives', 'expressionandidiom')",connectives,expression and idiom,0,-1
"('expressionandidiom', 'logicalform')",logical form,expression and idiom,3,0
"('expressionandidiom', 'modallogic')",modal logic,expression and idiom,0,-1
"('expressionandidiom', 'sortals')",sortals,expression and idiom,0,-1
"('expressionandidiom', 'rigiddesignators')",rigid designators,expression and idiom,0,-1
"('expressionandidiom', 'logicandlanguage')",logic and language,expression and idiom,2,1
"('expressionandidiom', 'semantictheories')",semantic theories,expression and idiom,3,1
"('abstractobject', 'expressionandidiom')",abstract object,expression and idiom,0,-1
"('expressionandidiom', 'moralcognitivismvsnoncognitivism')",moral cognitivism vs. non-cognitivism,expression and idiom,0,-1
"('expressionandidiom', 'function')",function,expression and idiom,0,-1
"('expressionandidiom', 'syntax')",syntax,expression and idiom,2,1
"('expressionandidiom', 'implicature')",implicature,expression and idiom,4,0
"('expressionandidiom', 'prooftheory')",proof theory,expression and idiom,0,-1
"('concreteobject', 'expressionandidiom')",concrete object,expression and idiom,0,-1
"('expressionandidiom', 'idiolects')",idiolects,expression and idiom,3,0
"('automatedreasoning', 'expressionandidiom')",automated reasoning,expression and idiom,1,0
"('expressionandidiom', 'partsofspeech')",parts of speech,expression and idiom,2,0
"('expressionandidiom', 'settheory')",set theory,expression and idiom,0,-1
"('expressionandidiom', 'quotation')",quotation,expression and idiom,3,0
"('analysis', 'expressionandidiom')",analysis,expression and idiom,2,-1
"('expressionandidiom', 'intensionaltransitiveverbs')",intensional transitive verbs,expression and idiom,0,-1
"('expressionandidiom', 'singularpropositions')",singular propositions,expression and idiom,0,-1
"('expressionandidiom', 'propositionalattitude')",propositional attitude,expression and idiom,0,-1
"('expressionandidiom', 'semantics')",semantics,expression and idiom,2,1
"('expressionandidiom', 'languageofthoughthypothesis')",language of thought hypothesis,expression and idiom,0,-1
"('expressionandidiom', 'independencefriendlylogic')",independence friendly logic,expression and idiom,0,-1
"('expressionandidiom', 'modeltheory')",model theory,expression and idiom,0,-1
"('expressionandidiom', 'philosophyofcomputerscience')",philosophy of computer science,expression and idiom,0,-1
"('expressionandidiom', 'propositionalattitudereports')",propositional attitude reports,expression and idiom,0,-1
"('expressionandidiom', 'matter')",matter,expression and idiom,0,-1
"('goodmansaesthetics', 'referenceanddenotation')",goodman's aesthetics,reference and denotation,0,-1
"('referenceanddenotation', 'theoryofpropertiesofterms')",theory of properties of terms,reference and denotation,2,0
"('deflationarytheoryoftruth', 'referenceanddenotation')",deflationary theory of truth,reference and denotation,2,0
"('intensionaltransitiveverbs', 'referenceanddenotation')",intensional transitive verbs,reference and denotation,0,-1
"('expressionandidiom', 'referenceanddenotation')",expression and idiom,reference and denotation,2,0
"('globaljustice', 'internationalorganizations')",international organizations,global justice,4,0
"('economicinstitution', 'globaljustice')",economic institution,global justice,4,0
"('globaljustice', 'pollution')",pollution,global justice,4,0
"('globaljustice', 'naturalresources')",natural resources,global justice,4,0
"('cosmopolitanism', 'globaljustice')",cosmopolitanism,global justice,4,0
"('juspostbellum', 'warandpacifism')",jus post bellum,war and pacifism,4,0
"('jusinbello', 'warandpacifism')",jus in bello,war and pacifism,4,0
"('pacifism', 'warandpacifism')",pacifism,war and pacifism,4,0
"('justwartheory', 'warandpacifism')",just war theory,war and pacifism,4,0
"('war', 'warandpacifism')",war,war and pacifism,4,0
"('analyticfeminism', 'feministphilosophy')",analytic feminism,feminist philosophy,4,0
"('feministphilosophy', 'feministsocialepistemology')",feminist social epistemology,feminist philosophy,4,0
"('feministepistemologyandphilosophyofscience', 'feministphilosophy')",feminist epistemology and philosophy of science,feminist philosophy,4,0
"('feministbioethics', 'feministphilosophy')",feminist bioethics,feminist philosophy,4,0
"('feministhistoryofphilosophy', 'feministphilosophy')",feminist history of philosophy,feminist philosophy,4,0
"('approachestofeministphilosophy', 'feministphilosophy')",approaches to feminist philosophy,feminist philosophy,4,0
"('feministaesthetics', 'feministphilosophy')",feminist aesthetics,feminist philosophy,4,0
"('feministphilosophy', 'topicsinfeminism')",topics in feminism,feminist philosophy,4,-1
"('feministperspectivesonpower', 'feministphilosophy')",feminist perspectives on power,feminist philosophy,4,0
"('feministphilosophy', 'socialphilosophy')",social philosophy,feminist philosophy,2,3
"('feministphilosophy', 'feministphilosophyofreligion')",feminist philosophy of religion,feminist philosophy,4,0
"('feministperspectivesonsexmarkets', 'feministphilosophy')",feminist perspectives on sex markets,feminist philosophy,4,0
"('feministphilosophy', 'pragmatistfeminism')",pragmatist feminism,feminist philosophy,4,0
"('feministphilosophy', 'feministphilosophyoflanguage')",feminist philosophy of language,feminist philosophy,4,0
"('continentalfeminism', 'feministphilosophy')",continental feminism,feminist philosophy,4,0
"('feministperspectivesonreproductionandthefamily', 'feministphilosophy')",feminist perspectives on reproduction and the family,feminist philosophy,4,0
"('feministphilosophy', 'pornographyandcensorship')",pornography and censorship,feminist philosophy,3,0
"('feministethics', 'feministphilosophy')",feminist ethics,feminist philosophy,4,0
"('feministperspectivesonclassandwork', 'feministphilosophy')",feminist perspectives on class and work,feminist philosophy,4,0
"('analyticphilosophy', 'feministphilosophy')",analytic philosophy,feminist philosophy,2,1
"('bioethics', 'feministbioethics')",feminist bioethics,bioethics,4,0
"('bioethics', 'personalidentityandethics')",personal identity and ethics,bioethics,2,0
"('bioethics', 'businessethics')",business ethics,bioethics,1,0
"('bioethics', 'feministphilosophy')",feminist philosophy,bioethics,1,0
"('bioethics', 'socialphilosophy')",social philosophy,bioethics,2,1
"('ethicsandinformationtechnology', 'phenomenologicalapproachestoethicsandinformationtechnology')",phenomenological approaches to ethics and information technology,ethics and information technology,4,0
"('computerethics', 'ethicsandinformationtechnology')",computer ethics,ethics and information technology,4,0
"('ethicsandinformationtechnology', 'privacy')",privacy,ethics and information technology,3,0
"('ethicsandinformationtechnology', 'socialphilosophy')",social philosophy,ethics and information technology,3,1
"('inherence', 'propertyandownership')",inherence,property and ownership,4,0
"('intrinsicvsextrinsicproperties', 'propertyandownership')",intrinsic vs. extrinsic properties,property and ownership,4,0
"('propertyandownership', 'propertydualism')",property dualism,property and ownership,4,0
"('nonexistentobjects', 'propertyandownership')",nonexistent objects,property and ownership,2,0
"('essentialversusaccidentalproperties', 'propertyandownership')",essential versus accidental properties,property and ownership,4,0
"('propertyandownership', 'wyclifspoliticalphilosophy')",wyclif's political philosophy,property and ownership,0,-1
"('mentalcausation', 'propertyandownership')",mental causation,property and ownership,2,0
"('moralnonnaturalism', 'propertyandownership')",moral non-naturalism,property and ownership,2,0
"('actualism', 'propertyandownership')",actualism,property and ownership,2,0
"('platosmiddleperiodmetaphysicsandepistemology', 'propertyandownership')",plato's middle period metaphysics and epistemology,property and ownership,2,0
"('propertyandownership', 'time')",time,property and ownership,1,2
"('platonisminmetaphysics', 'propertyandownership')",platonism in metaphysics,property and ownership,2,0
"('identitythroughtime', 'propertyandownership')",identity through time,property and ownership,2,0
"('propertyandownership', 'supervenience')",supervenience,property and ownership,4,0
"('divinesimplicity', 'propertyandownership')",divine simplicity,property and ownership,2,0
"('propertyandownership', 'representationaltheoriesofconsciousness')",representational theories of consciousness,property and ownership,0,-1
"('propertyandownership', 'rights')",rights,property and ownership,0,-1
"('propertyandownership', 'statesofaffairs')",states of affairs,property and ownership,0,-1
"('propertyandownership', 'structuredpropositions')",structured propositions,property and ownership,0,-1
"('ontologicalargument', 'propertyandownership')",ontological argument,property and ownership,0,-1
"('existence', 'propertyandownership')",existence,property and ownership,1,1
"('change', 'immutability')",immutability,change,4,0
"('aristotlesphilosophyofnature', 'change')",aristotle's philosophy of nature,change,2,0
"('change', 'temporalparts')",temporal parts,change,2,0
"('change', 'leibnizoncausation')",leibniz on causation,change,3,0
"('change', 'redistribution')",redistribution,change,0,0
"('absoluteandrelationaltheoriesofspaceandmotion', 'change')",absolute and relational theories of space and motion,change,2,0
"('change', 'darwinism')",darwinism,change,2,0
"('change', 'naturalselection')",natural selection,change,2,0
"('change', 'preferences')",preferences,change,0,-1
"('change', 'time')",time,change,2,2
"('change', 'logicandlanguage')",logic and language,change,0,-1
"('change', 'gene')",gene,change,0,-1
"('change', 'classicalphysics')",classical physics,change,2,0
"('change', 'probabilityandstatistics')",probability and statistics,change,0,-1
"('change', 'probability')",probability,change,0,-1
"('change', 'logicandartificialintelligence')",logic and artificial intelligence,change,0,-1
"('change', 'evolution')",evolution,change,1,0
"('change', 'identitythroughtime')",identity through time,change,3,0
"('argument', 'change')",argument,change,0,-1
"('beingandbecominginmodernphysics', 'change')",being and becoming in modern physics,change,4,-1
"('medievaltheoriesofrelations', 'relations')",medieval theories of relations,relations,3,0
"('relations', 'russellslogicalatomism')",russell's logical atomism,relations,3,0
"('absoluteandrelationaltheoriesofspaceandmotion', 'relations')",absolute and relational theories of space and motion,relations,3,-1
"('relations', 'relativeidentity')",relative identity,relations,3,0
"('emergentproperties', 'propertyandownership')",emergent properties,property and ownership,4,0
"('change', 'continuant')",continuant,change,4,0
"('essenceandexistence', 'existence')",essence and existence,existence,4,0
"('existence', 'ontologicaldependence')",ontological dependence,existence,4,0
"('cosmologicalargument', 'existence')",cosmological argument,existence,4,0
"('existence', 'ontologicalargument')",ontological argument,existence,4,0
"('cosmologyandtheology', 'existence')",cosmology and theology,existence,3,0
"('argumentsfortheexistenceofgod', 'existence')",arguments for the existence of god,existence,4,0
"('existence', 'nonexistentobjects')",nonexistent objects,existence,4,0
"('concreteobject', 'existence')",concrete object,existence,2,0
"('argument', 'existence')",argument,existence,0,-1
"('existence', 'processtheism')",process theism,existence,0,-1
"('existence', 'problemofevil')",problem of evil,existence,2,-1
"('existence', 'monotheism')",monotheism,existence,1,0
"('existence', 'existentialism')",existentialism,existence,0,-1
"('existence', 'possibleworlds')",possible worlds,existence,3,0
"('existence', 'singularitiesandblackholesinrelativisticspacetimes')",singularities and black holes in relativistic spacetimes,existence,1,0
"('existence', 'moralargumentsfortheexistenceofgod')",moral arguments for the existence of god,existence,4,0
"('existence', 'possibleobject')",possible object,existence,2,0
"('existence', 'humeonreligion')",hume on religion,existence,1,0
"('existence', 'time')",time,existence,1,2
"('existence', 'substance')",substance,existence,1,0
"('existence', 'philosophyofspaceandtime')",philosophy of space and time,existence,1,1
"('divinesimplicity', 'existence')",divine simplicity,existence,2,0
"('existence', 'universals')",universals,existence,2,2
"('argumentsfortheexistenceofgod', 'kantsphilosophyofreligion')",kant's philosophy of religion,arguments for the existence of god,4,0
"('argumentsfortheexistenceofgod', 'cosmologicalargumentsfortheexistenceofgod')",cosmological arguments for the existence of god,arguments for the existence of god,4,0
"('argumentsfortheexistenceofgod', 'cosmologicalargument')",cosmological argument,arguments for the existence of god,4,0
"('argumentsfortheexistenceofgod', 'processtheism')",process theism,arguments for the existence of god,3,0
"('argumentsfortheexistenceofgod', 'moralargumentsfortheexistenceofgod')",moral arguments for the existence of god,arguments for the existence of god,4,0
"('argumentsfortheexistenceofgod', 'kantsphilosophyofscience')",kant's philosophy of science,arguments for the existence of god,0,-1
"('argumentsfortheexistenceofgod', 'ontologicalargument')",ontological argument,arguments for the existence of god,4,0
"('argumentsfortheexistenceofgod', 'cosmologyandtheology')",cosmology and theology,arguments for the existence of god,4,0
"('argumentsfortheexistenceofgod', 'conceptsofgod')",concepts of god,arguments for the existence of god,3,0
"('argumentsfortheexistenceofgod', 'existence')",existence,arguments for the existence of god,4,1
"('argumentsfortheexistenceofgod', 'romancatholicism')",roman catholicism,arguments for the existence of god,2,0
"('argumentsfortheexistenceofgod', 'perfectgoodness')",perfect goodness,arguments for the existence of god,3,0
"('argumentsfortheexistenceofgod', 'miracles')",miracles,arguments for the existence of god,2,0
"('argumentsfortheexistenceofgod', 'problemofevil')",problem of evil,arguments for the existence of god,3,0
"('argumentsfortheexistenceofgod', 'religionandmorality')",religion and morality,arguments for the existence of god,2,-1
"('argument', 'argumentsfortheexistenceofgod')",argument,arguments for the existence of god,0,-1
"('personalidentity', 'personalidentityandethics')",personal identity and ethics,personal identity,2,0
"('identitythroughtime', 'personalidentity')",identity through time,personal identity,4,0
"('identityovertime', 'personalidentity')",identity over time,personal identity,4,0
"('personalidentity', 'unityofconsciousness')",unity of consciousness,personal identity,2,0
"('personalidentity', 'psychologicalrelation')",psychological relation,personal identity,2,0
"('personalidentity', 'relativeidentity')",relative identity,personal identity,2,0
"('identity', 'personalidentity')",identity,personal identity,4,1
"('correspondencetheoryoftruth', 'facts')",correspondence theory of truth,facts,3,0
"('facts', 'moralrealism')",moral realism,facts,3,0
"('empiricalapproachestomoralpsychology', 'philosophyofpsychology')",empirical approaches to moral psychology,philosophy of psychology,4,0
"('evolutionarypsychology', 'philosophyofpsychology')",evolutionary psychology,philosophy of psychology,4,0
"('computationaltheoryofmind', 'philosophyofmind')",computational theory of mind,philosophy of mind,4,0
"('folkpsychologyasatheory', 'philosophyofmind')",folk psychology as a theory,philosophy of mind,4,0
"('foreknowledgeandfreewill', 'freewill')",foreknowledge and free will,free will,4,0
"('freewill', 'incompatibilisttheoriesoffreewill')",incompatibilist theories of free will,free will,4,0
"('identity', 'personalidentity')",identity,personal identity,4,1
"('compositionality', 'compositionalityandlogicalform')",compositionality,compositionality and logical form,4,0
"('compositionalityandlogicalform', 'logicalform')",logical form,compositionality and logical form,4,0
"('philosophyofscience', 'philosophyofscienceandthesciences')",philosophy of science and the sciences,philosophy of science,4,1
"('philosophyofscience', 'unityofscience')",unity of science,philosophy of science,4,0
"('pacifism', 'warandpacifism')",pacifism,war and pacifism,4,0
"('war', 'warandpacifism')",war,war and pacifism,4,0
"('actionatadistanceinquantummechanics', 'quantummechanics')",action at a distance in quantum mechanics,quantum mechanics,4,0
"('compositionalityandlogicalform', 'logicalform')",compositionality and logical form,logical form,4,1
"('aestheticsandphilosophyofart', 'artificialintelligence')",aesthetics and philosophy of art,artificial intelligence,0,-1
"('artificialintelligence', 'inputunit')",input unit,artificial intelligence,2,0
"('activationvalue', 'artificialintelligence')",activation value,artificial intelligence,1,0
"('artificialintelligence', 'modernhistoryofcomputing')",modern history of computing,artificial intelligence,2,3
"('fuzzylogic', 'logic')",fuzzy logic,logic,4,0
"('classicallogic', 'logic')",classical logic,logic,4,0
"('logic', 'manyvaluedlogic')",many-valued logic,logic,4,0
"('logic', 'substructurallogic')",substructural logic,logic,4,0
"('logic', 'relevancelogic')",relevance logic,logic,4,0
"('logic', 'logicandontology')",logic and ontology,logic,4,3
"('logic', 'paraconsistentlogic')",paraconsistent logic,logic,4,0
"('defeasiblereasoning', 'logic')",defeasible reasoning,logic,4,3
"('logic', 'philosophyoflanguage')",philosophy of language,logic,3,3
"('logic', 'philosophicallogic')",philosophical logic,logic,4,0
"('logic', 'nonclassicallogic')",non-classical logic,logic,4,0
"('dynamiclogic', 'logic')",dynamic logic,logic,4,0
"('logic', 'mathematicallogic')",mathematical logic,logic,4,0
"('logic', 'philosophyofmathematics')",philosophy of mathematics,logic,4,3
"('logic', 'logicandcomputation')",logic and computation,logic,4,3
"('intensionaltransitiveverbs', 'propositionalattitude')",intensional transitive verbs,propositional attitude,4,0
"('historyoflogic', 'medievaltheoriesofthesyllogism')",medieval theories of the syllogism,history of logic,4,0
"('historyoflogic', 'informallogic')",informal logic,history of logic,2,0
"('ancientlogic', 'historyoflogic')",ancient logic,history of logic,4,0
"('historyoflogic', 'logicandgames')",logic and games,history of logic,1,0
"('historyoflogic', 'hypotheticalsyllogism')",hypothetical syllogism,history of logic,2,0
"('determinatesvsdeterminables', 'historyoflogic')",determinates vs. determinables,history of logic,2,0
"('historyoflogic', 'medievaltheoriesofmodality')",medieval theories of modality,history of logic,3,0
"('consequences', 'historyoflogic')",consequences,history of logic,2,0
"('historyoflogic', 'inductivelogic')",inductive logic,history of logic,2,0
"('historyoflogic', 'squareofopposition')",square of opposition,history of logic,4,0
"('historyoflogic', 'medievallogic')",medieval logic,history of logic,4,0
"('historyoflogic', 'intuitionisticlogic')",intuitionistic logic,history of logic,2,0
"('futurecontingents', 'historyoflogic')",future contingents,history of logic,2,0
"('historyoflogic', 'modernphilosophy')",modern philosophy,history of logic,2,1
"('change', 'historyoflogic')",change,history of logic,2,3
"('causaldecisiontheory', 'decisiontheory')",causal decision theory,decision theory,4,0
"('bayesianepistemology', 'decisiontheory')",bayesian epistemology,decision theory,4,1
"('decisiontheory', 'inductivelogic')",inductive logic,decision theory,4,2
"('decisiontheory', 'interpretationsofprobability')",interpretations of probability,decision theory,3,0
"('decisiontheory', 'probabilityandstatistics')",probability and statistics,decision theory,1,1
"('decisiontheory', 'evolutionarygametheory')",evolutionary game theory,decision theory,3,0
"('decisiontheory', 'rationality')",rationality,decision theory,4,1
"('evolutionarygametheory', 'gametheory')",evolutionary game theory,game theory,4,0
"('gametheory', 'logicandgames')",logic and games,game theory,4,0
"('inductivelogic', 'problemofinduction')",problem of induction,inductive logic,4,0
"('logicandartificialintelligence', 'logicofaction')",logic of action,logic and artificial intelligence,3,0
"('computationallogic', 'logicandartificialintelligence')",computational logic,logic and artificial intelligence,3,1
"('computationallinguistics', 'logicandartificialintelligence')",computational linguistics,logic and artificial intelligence,3,2
"('logicandartificialintelligence', 'philosophicallogic')",philosophical logic,logic and artificial intelligence,2,1
"('alternativeaxiomaticsettheories', 'settheory')",alternative axiomatic set theories,set theory,4,0
"('earlydevelopmentofsettheory', 'settheory')",early development of set theory,set theory,4,0
"('russellsparadox', 'settheory')",russell's paradox,set theory,4,0
"('philosophyofmathematics', 'settheory')",philosophy of mathematics,set theory,4,1
"('mentalcontent', 'theoriesofmentalcontent')",mental content,theories of mental content,4,1
"('bayesianepistemology', 'bayesianism')",bayesian epistemology,bayesianism,4,0
"('bayesianism', 'bayesstheorem')",bayes's theorem,bayesianism,4,3
"('internalistvsexternalistconceptionsofepistemicjustification', 'justification')",internalist vs. externalist conceptions of epistemic justification,justification,4,0
"('foundationalisttheoriesofepistemicjustification', 'justification')",foundationalist theories of epistemic justification,justification,4,0
"('epistemology', 'socialepistemology')",social epistemology,epistemology,4,0
"('epistemology', 'feministsocialepistemology')",feminist social epistemology,epistemology,4,0
"('epistemology', 'naturalizedepistemology')",naturalized epistemology,epistemology,4,0
"('epistemology', 'virtueepistemology')",virtue epistemology,epistemology,4,0
"('epistemology', 'epistemologyofscience')",epistemology of science,epistemology,4,0
"('epistemology', 'evolutionaryepistemology')",evolutionary epistemology,epistemology,4,0
"('epistemology', 'knowledge')",knowledge,epistemology,4,3
"('feministsocialepistemology', 'socialepistemology')",feminist social epistemology,social epistemology,4,0
"('foundationalism', 'foundationalisttheoriesofepistemicjustification')",foundationalist theories of epistemic justification,foundationalism,4,0
"('dualism', 'propertydualism')",property dualism,dualism,4,0
"('anomalousmonism', 'dualism')",anomalous monism,dualism,3,3
"('cartesiandualism', 'dualism')",cartesian dualism,dualism,4,0
"('behaviorism', 'logicalbehaviorism')",logical behaviorism,behaviorism,4,0
"('causaldeterminism', 'freewill')",causal determinism,free will,4,3
"('determinism', 'freewill')",determinism,free will,4,3
"('perception', 'problemofperception')",problem of perception,perception,4,0
"('perception', 'sensedata')",sense-data,perception,4,0
"('intrinsicvsextrinsicproperties', 'propertyandownership')",intrinsic vs. extrinsic properties,property and ownership,4,0
"('propertyandownership', 'propertydualism')",property dualism,property and ownership,3,3
"('ethicsandinformationtechnology', 'ethicsofscience')",ethics of science,ethics and information technology,4,1
"('liarparadox', 'paradox')",liar paradox,paradox,4,0
"('japaneseaesthetics', 'japanesephilosophy')",japanese aesthetics,japanese philosophy,4,0
"('japanesephilosophy', 'neoconfucianism')",neo-confucianism,japanese philosophy,2,0
"('japanesephilosophy', 'japanesezenbuddhistphilosophy')",japanese zen buddhist philosophy,japanese philosophy,4,0
"('japanesephilosophy', 'postmodernism')",post-modernism,japanese philosophy,1,-1
"('japanesephilosophy', 'orientalism')",orientalism,japanese philosophy,2,0
"('japanesephilosophy', 'zenbuddhism')",zen buddhism,japanese philosophy,4,-1
"('buddhistphilosophy', 'japanesephilosophy')",buddhist philosophy,japanese philosophy,4,-1
"('chinesephilosophy', 'chinesewesterncomparativephilosophy')",chinese-western comparative philosophy,chinese philosophy,3,0
"('chinesephilosophy', 'taoism')",taoism,chinese philosophy,4,0
"('chinesephilosophy', 'mohism')",mohism,chinese philosophy,4,0
"('chineseethics', 'chinesephilosophy')",chinese ethics,chinese philosophy,4,0
"('chinesephilosophy', 'westernphilosophy')",western philosophy,chinese philosophy,1,1
"('chinesephilosophy', 'turingtest')",turing test,chinese philosophy,0,-1
"('chinesephilosophy', 'daoism')",daoism,chinese philosophy,4,0
"('chinesephilosophy', 'propernoun')",proper noun,chinese philosophy,1,0
"('chinesephilosophy', 'computationaltheoryofmind')",computational theory of mind,chinese philosophy,0,-1
"('chinesephilosophy', 'confucianphilosophy')",confucian philosophy,chinese philosophy,4,0
"('chinesephilosophy', 'mohistcanons')",mohist canons,chinese philosophy,4,0
"('chinesephilosophy', 'japaneseaesthetics')",japanese aesthetics,chinese philosophy,1,0
"('chinesephilosophy', 'indianphilosophy')",indian philosophy,chinese philosophy,1,0
"('lawandlanguage', 'philosophyoflaw')",law and language,philosophy of law,4,0
"('philosophyoflaw', 'theoriesofcriminallaw')",theories of criminal law,philosophy of law,4,0
"('legalpositivism', 'philosophyoflaw')",legal positivism,philosophy of law,4,0
"('interpretationandcoherenceinlegalreasoning', 'philosophyoflaw')",interpretation and coherence in legal reasoning,philosophy of law,4,0
"('natureoflaw', 'philosophyoflaw')",nature of law,philosophy of law,4,0
"('naturallawtraditioninethics', 'philosophyoflaw')",natural law tradition in ethics,philosophy of law,3,0
"('lawandideology', 'philosophyoflaw')",law and ideology,philosophy of law,4,0
"('lawsofnature', 'philosophyoflaw')",laws of nature,philosophy of law,0,-1
"('philosophyoflaw', 'philosophyofnature')",philosophy of nature,philosophy of law,0,-1
"('naturallaw', 'philosophyoflaw')",natural law,philosophy of law,0,-1
"('legalobligationandauthority', 'philosophyoflaw')",legal obligation and authority,philosophy of law,4,0
"('philosophyoflaw', 'theoriesoftortlaw')",theories of tort law,philosophy of law,4,0
"('philosophyoflaw', 'precedentandanalogyinlegalreasoning')",precedent and analogy in legal reasoning,philosophy of law,4,0
"('anomalousmonism', 'philosophyoflaw')",anomalous monism,philosophy of law,0,-1
"('economicanalysisoflaw', 'philosophyoflaw')",economic analysis of law,philosophy of law,4,0
"('fregestheoremandfoundationsforarithmetic', 'philosophyoflaw')",frege's theorem and foundations for arithmetic,philosophy of law,0,-1
"('matter', 'philosophyoflaw')",matter,philosophy of law,0,-1
"('causationinthelaw', 'philosophyoflaw')",causation in the law,philosophy of law,4,0
"('interpretivisttheoriesoflaw', 'philosophyoflaw')",interpretivist theories of law,philosophy of law,4,0
"('philosophyoflaw', 'thermodynamicasymmetryintime')",thermodynamic asymmetry in time,philosophy of law,0,-1
"('civildisobedience', 'philosophyoflaw')",civil disobedience,philosophy of law,3,0
"('philosophyoflaw', 'psychologism')",psychologism,philosophy of law,0,-1
"('philosophyoflaw', 'psychologicallaw')",psychological law,philosophy of law,0,-1
"('commonknowledge', 'knowledge')",common knowledge,knowledge,3,0
"('knowledge', 'rationalismvsempiricism')",rationalism vs. empiricism,knowledge,4,0
"('knowledge', 'platoonknowledgeinthetheaetetus')",plato on knowledge in the theaetetus,knowledge,4,0
"('knowledge', 'knowledgeargument')",knowledge argument,knowledge,0,-1
"('epistemeandtechne', 'knowledge')",episteme and techne,knowledge,4,0
"('analysisofknowledge', 'knowledge')",analysis of knowledge,knowledge,4,0
"('internalistvsexternalistconceptionsofepistemicjustification', 'knowledge')",internalist vs. externalist conceptions of epistemic justification,knowledge,2,0
"('knowledge', 'knowledgebyacquaintancevsdescription')",knowledge by acquaintance vs. description,knowledge,4,0
"('knowledge', 'selfknowledge')",self-knowledge,knowledge,4,0
"('argument', 'knowledge')",argument,knowledge,1,0
"('ancientskepticism', 'skepticism')",ancient skepticism,skepticism,4,0
"('moralskepticism', 'skepticism')",moral skepticism,skepticism,2,0
"('pyrrhonianskepticism', 'skepticism')",pyrrhonian skepticism,skepticism,4,0
"('ancientphilosophy', 'skepticism')",ancient philosophy,skepticism,2,0
"('foundationalism', 'skepticism')",foundationalism,skepticism,2,0
"('contextualism', 'skepticism')",contextualism,skepticism,2,0
"('animalconsciousness', 'philosophyofmind')",animal consciousness,philosophy of mind,4,0
"('epistemology', 'socialepistemology')",social epistemology,epistemology,4,-1
"('epistemology', 'feministsocialepistemology')",feminist social epistemology,epistemology,4,-1
"('epistemology', 'naturalizedepistemology')",naturalized epistemology,epistemology,4,-1
"('epistemology', 'virtueepistemology')",virtue epistemology,epistemology,4,-1
"('coherentism', 'epistemology')",coherentism,epistemology,4,-1
"('epistemology', 'epistemologyofreligion')",epistemology of religion,epistemology,4,-1
"('epistemology', 'moralepistemology')",moral epistemology,epistemology,4,-1
"('epistemology', 'epistemologyofscience')",epistemology of science,epistemology,4,-1
"('epistemology', 'evolutionaryepistemology')",evolutionary epistemology,epistemology,4,-1
"('epistemology', 'knowledge')",knowledge,epistemology,4,-1
"('epistemology', 'feministepistemologyandphilosophyofscience')",feminist epistemology and philosophy of science,epistemology,2,-1
"('analyticfeminism', 'epistemology')",analytic feminism,epistemology,2,-1
"('epistemology', 'foundationalism')",foundationalism,epistemology,4,-1
"('epistemology', 'reliabilism')",reliabilism,epistemology,4,-1
"('epistemologicalproblemsofperception', 'epistemology')",epistemological problems of perception,epistemology,3,-1
"('epistemology', 'moralepistemologyandmoralreasoning')",moral epistemology and moral reasoning,epistemology,3,-1
"('epistemologicalproblemsoftestimony', 'epistemology')",epistemological problems of testimony,epistemology,4,-1
"('epistemology', 'feministphilosophy')",feminist philosophy,epistemology,2,-1
"('contextualism', 'epistemology')",contextualism,epistemology,4,-1
"('belief', 'epistemology')",belief,epistemology,4,-1
"('epistemology', 'philosophyofpsychology')",philosophy of psychology,epistemology,2,-1
"('epistemology', 'psychiatry')",psychiatry,epistemology,2,-1
"('epistemology', 'naturalisminlegalphilosophy')",naturalism in legal philosophy,epistemology,1,-1
"('epistemology', 'philosophyofscience')",philosophy of science,epistemology,2,-1
"('coherentisttheoriesofjustification', 'epistemology')",coherentist theories of justification,epistemology,3,-1
"('epistemology', 'philosophyofscienceandthesciences')",philosophy of science and the sciences,epistemology,3,-1
"('epistemology', 'philosophiesoftheparticularsciences')",philosophies of the particular sciences,epistemology,3,-1
"('epistemology', 'philosophyofphysics')",philosophy of physics,epistemology,3,-1
"('epistemology', 'realismandantirealism')",realism and anti-realism,epistemology,2,-1
"('epistemology', 'philosophyofnature')",philosophy of nature,epistemology,2,-1
"('epistemology', 'platosmiddleperiodmetaphysicsandepistemology')",plato's middle period metaphysics and epistemology,epistemology,2,-1
"('epistemology', 'probabilityandstatistics')",probability and statistics,epistemology,3,-1
"('epistemology', 'gettierproblem')",gettier problem,epistemology,4,-1
"('epistemology', 'realism')",realism,epistemology,2,-1
"('earlyphilosophicalinterpretationsofgeneralrelativity', 'epistemology')",early philosophical interpretations of general relativity,epistemology,2,-1
"('epistemology', 'introspection')",introspection,epistemology,2,-1
"('epistemology', 'experimentinphysics')",experiment in physics,epistemology,3,-1
"('confirmationandinduction', 'epistemology')",confirmation and induction,epistemology,3,-1
"('philosophyofscienceandthesciences', 'probabilityandstatistics')",probability and statistics,philosophy of science and the sciences,4,-1
"('philosophyofscienceandthesciences', 'probability')",probability,philosophy of science and the sciences,4,-1
"('philosophiesoftheparticularsciences', 'philosophyofscienceandthesciences')",philosophies of the particular sciences,philosophy of science and the sciences,4,-1
"('interpretationsofprobability', 'philosophyofscienceandthesciences')",interpretations of probability,philosophy of science and the sciences,2,-1
"('folkpsychology', 'philosophyofscienceandthesciences')",folk psychology,philosophy of science and the sciences,4,-1
"('philosophyofphysics', 'philosophyofscienceandthesciences')",philosophy of physics,philosophy of science and the sciences,4,-1
"('philosophyofmathematics', 'philosophyofscienceandthesciences')",philosophy of mathematics,philosophy of science and the sciences,3,-1
"('philosophyofscienceandthesciences', 'socialdimensionsofscientificknowledge')",social dimensions of scientific knowledge,philosophy of science and the sciences,4,-1
"('philosophyofscienceandthesciences', 'unityofscience')",unity of science,philosophy of science and the sciences,4,-1
"('philosophyofscience', 'philosophyofscienceandthesciences')",philosophy of science,philosophy of science and the sciences,4,-1
"('philosophyofscienceandthesciences', 'religionandscience')",religion and science,philosophy of science and the sciences,3,-1
"('bayesstheorem', 'philosophyofscienceandthesciences')",bayes's theorem,philosophy of science and the sciences,3,-1
"('philosophyofbiology', 'philosophyofscienceandthesciences')",philosophy of biology,philosophy of science and the sciences,4,-1
"('molecularbiology', 'philosophyofscienceandthesciences')",molecular biology,philosophy of science and the sciences,3,-1
"('philosophyofcomputerscience', 'philosophyofscienceandthesciences')",philosophy of computer science,philosophy of science and the sciences,4,-1
"('indispensabilityargumentsinthephilosophyofmathematics', 'philosophyofscienceandthesciences')",indispensability arguments in the philosophy of mathematics,philosophy of science and the sciences,2,-1
"('philosophyofeconomics', 'philosophyofscienceandthesciences')",philosophy of economics,philosophy of science and the sciences,4,-1
"('boltzmannsworkinstatisticalphysics', 'philosophyofscienceandthesciences')",boltzmann's work in statistical physics,philosophy of science and the sciences,2,-1
"('kantsphilosophyofscience', 'philosophyofscienceandthesciences')",kant's philosophy of science,philosophy of science and the sciences,4,-1
"('philosophyofscienceandthesciences', 'scientificprogress')",scientific progress,philosophy of science and the sciences,4,-1
"('constructivemathematics', 'philosophyofscienceandthesciences')",constructive mathematics,philosophy of science and the sciences,2,-1
"('einsteinsphilosophyofscience', 'philosophyofscienceandthesciences')",einstein's philosophy of science,philosophy of science and the sciences,4,-1
"('philosophyofchemistry', 'philosophyofscienceandthesciences')",philosophy of chemistry,philosophy of science and the sciences,4,-1
"('methodologicaldebatesincosmologythe1930sand1940s', 'philosophyofscienceandthesciences')",methodological debates in cosmology the 1930s and 1940s,philosophy of science and the sciences,4,-1
"('conservationbiology', 'philosophyofscienceandthesciences')",conservation biology,philosophy of science and the sciences,3,-1
"('hilbertsprogram', 'philosophyofscienceandthesciences')",hilbert's program,philosophy of science and the sciences,4,-1
"('classicalphysics', 'philosophyofscienceandthesciences')",classical physics,philosophy of science and the sciences,4,-1
"('modernphilosophy', 'philosophyofscienceandthesciences')",modern philosophy,philosophy of science and the sciences,4,-1
"('cognitivescience', 'philosophyofscienceandthesciences')",cognitive science,philosophy of science and the sciences,3,-1
"('philosophyofpsychology', 'philosophyofscienceandthesciences')",philosophy of psychology,philosophy of science and the sciences,4,-1
"('moralpsychology', 'philosophyofscienceandthesciences')",moral psychology,philosophy of science and the sciences,3,-1
"('philosophyofscienceandthesciences', 'psychiatry')",psychiatry,philosophy of science and the sciences,3,-1
"('inductivelogic', 'philosophyofscienceandthesciences')",inductive logic,philosophy of science and the sciences,4,-1
"('philosophyofscienceandthesciences', 'problemofinduction')",problem of induction,philosophy of science and the sciences,4,-1
"('eliminativematerialism', 'philosophyofscienceandthesciences')",eliminative materialism,philosophy of science and the sciences,4,-1
"('experimentinphysics', 'philosophyofscienceandthesciences')",experiment in physics,philosophy of science and the sciences,4,-1
"('economicsandeconomicjustice', 'philosophyofscienceandthesciences')",economics and economic justice,philosophy of science and the sciences,3,-1
"('explanation', 'philosophyofscienceandthesciences')",explanation,philosophy of science and the sciences,4,-1
"('bayesianepistemology', 'philosophyofscienceandthesciences')",bayesian epistemology,philosophy of science and the sciences,3,-1
"('atomismfromthe17thtothe20thcentury', 'philosophyofscienceandthesciences')",atomism from the 17th to the 20th century,philosophy of science and the sciences,4,-1
"('modelsinscience', 'philosophyofscienceandthesciences')",models in science,philosophy of science and the sciences,4,-1
"('philosophyofscienceandthesciences', 'simpsonsparadox')",simpson's paradox,philosophy of science and the sciences,2,-1
"('philosophyofscienceandthesciences', 'probabilisticcausation')",probabilistic causation,philosophy of science and the sciences,4,-1
"('philosophyofscienceandthesciences', 'quantumlogicandprobabilitytheory')",quantum logic and probability theory,philosophy of science and the sciences,3,-1
"('naturalisminlegalphilosophy', 'philosophyofscienceandthesciences')",naturalism in legal philosophy,philosophy of science and the sciences,2,-1
"('feministepistemologyandphilosophyofscience', 'philosophyofscienceandthesciences')",feminist epistemology and philosophy of science,philosophy of science and the sciences,4,-1
"('analysis', 'philosophyofscienceandthesciences')",analysis,philosophy of science and the sciences,2,-1
"('philosophyofscienceandthesciences', 'teleologicalnotionsinbiology')",teleological notions in biology,philosophy of science and the sciences,4,-1
"('pascalswager', 'philosophyofscienceandthesciences')",pascal's wager,philosophy of science and the sciences,0,-1
"('historyofscience', 'philosophyofscienceandthesciences')",history of science,philosophy of science and the sciences,4,-1
"('philosophyofscienceandthesciences', 'scientificexplanation')",scientific explanation,philosophy of science and the sciences,4,-1
"('philosophyofscienceandthesciences', 'psychologism')",psychologism,philosophy of science and the sciences,3,-1
"('descartesphysics', 'philosophyofscienceandthesciences')",descartes' physics,philosophy of science and the sciences,3,-1
"('manyworldsinterpretationofquantummechanics', 'philosophyofscienceandthesciences')",many-worlds interpretation of quantum mechanics,philosophy of science and the sciences,3,-1
"('economicanalysisoflaw', 'philosophyofscienceandthesciences')",economic analysis of law,philosophy of science and the sciences,2,-1
"('philosophyofmedicine', 'philosophyofscienceandthesciences')",philosophy of medicine,philosophy of science and the sciences,4,-1
"('literature', 'philosophyofscienceandthesciences')",literature,philosophy of science and the sciences,0,-1
"('philosophyofscienceandthesciences', 'symmetryandsymmetrybreaking')",symmetry and symmetry breaking,philosophy of science and the sciences,4,-1
"('internalistvsexternalistconceptionsofepistemicjustification', 'philosophyofscienceandthesciences')",internalist vs. externalist conceptions of epistemic justification,philosophy of science and the sciences,2,-1
"('malebranchestheoryofideasandvisioningod', 'philosophyofscienceandthesciences')",malebranche's theory of ideas and vision in god,philosophy of science and the sciences,1,-1
"('philosophyofscienceandthesciences', 'propositionalconsequencerelationsandalgebraiclogic')",propositional consequence relations and algebraic logic,philosophy of science and the sciences,1,-1
"('philosophyofscienceandthesciences', 'platoonknowledgeinthetheaetetus')",plato on knowledge in the theaetetus,philosophy of science and the sciences,1,-1
"('philosophyofscienceandthesciences', 'rhetoricofscience')",rhetoric of science,philosophy of science and the sciences,3,-1
"('aristotlesnaturalphilosophy', 'philosophyofscienceandthesciences')",aristotle's natural philosophy,philosophy of science and the sciences,4,-1
"('philosophyofscienceandthesciences', 'philosophyofsocialscience')",philosophy of social science,philosophy of science and the sciences,4,-1
"('equivalenceofmassandenergy', 'philosophyofscienceandthesciences')",equivalence of mass and energy,philosophy of science and the sciences,3,-1
"('philosophyofscienceandthesciences', 'socialphilosophy')",social philosophy,philosophy of science and the sciences,2,-1
"('fregestheoremandfoundationsforarithmetic', 'philosophyofscienceandthesciences')",frege's theorem and foundations for arithmetic,philosophy of science and the sciences,1,-1
"('epistemeandtechne', 'philosophyofscienceandthesciences')",episteme and techne,philosophy of science and the sciences,1,-1
"('consciousnessandpsychology', 'philosophyofscienceandthesciences')",consciousness and psychology,philosophy of science and the sciences,3,-1
"('earlyphilosophicalinterpretationsofgeneralrelativity', 'philosophyofscienceandthesciences')",early philosophical interpretations of general relativity,philosophy of science and the sciences,4,-1
"('philosophyofscienceandthesciences', 'socialepistemology')",social epistemology,philosophy of science and the sciences,3,-1
"('creationism', 'philosophyofscienceandthesciences')",creationism,philosophy of science and the sciences,3,-1
"('contentsofperception', 'philosophyofscienceandthesciences')",contents of perception,philosophy of science and the sciences,3,-1
"('philosophyofscienceandthesciences', 'philosophyofstatisticalmechanics')",philosophy of statistical mechanics,philosophy of science and the sciences,3,-1
"('descartesepistemology', 'philosophyofscienceandthesciences')",descartes' epistemology,philosophy of science and the sciences,2,-1
"('currentphilosophy', 'philosophyofscienceandthesciences')",current philosophy,philosophy of science and the sciences,3,-1
"('identityandindividualityinquantumtheory', 'philosophyofscienceandthesciences')",identity and individuality in quantum theory,philosophy of science and the sciences,3,-1
"('moralcognitivismvsnoncognitivism', 'philosophyofscienceandthesciences')",moral cognitivism vs. non-cognitivism,philosophy of science and the sciences,2,-1
"('biologicalnotionofselfandnonself', 'philosophyofscienceandthesciences')",biological notion of self and non-self,philosophy of science and the sciences,2,-1
"('epistemologicalproblemsofmemory', 'philosophyofscienceandthesciences')",epistemological problems of memory,philosophy of science and the sciences,2,-1
"('philosophyofscienceandthesciences', 'theoriesoftortlaw')",theories of tort law,philosophy of science and the sciences,0,-1
"('aristotlesbiology', 'philosophyofscienceandthesciences')",aristotle's biology,philosophy of science and the sciences,3,-1
"('economicjustice', 'philosophyofscienceandthesciences')",economic justice,philosophy of science and the sciences,1,-1
"('criticaltheory', 'philosophyofscienceandthesciences')",critical theory,philosophy of science and the sciences,0,-1
"('modelsandidealization', 'philosophyofscienceandthesciences')",models and idealization,philosophy of science and the sciences,3,-1
"('analyticsyntheticdistinction', 'philosophyofscienceandthesciences')",analytic/synthetic distinction,philosophy of science and the sciences,2,-1
"('humesmoralphilosophy', 'philosophyofscienceandthesciences')",hume's moral philosophy,philosophy of science and the sciences,0,-1
"('earlydevelopmentofsettheory', 'philosophyofscienceandthesciences')",early development of set theory,philosophy of science and the sciences,3,-1
"('aristotlespoliticaltheory', 'philosophyofscienceandthesciences')",aristotle's political theory,philosophy of science and the sciences,0,-1
"('moleculargenetics', 'philosophyofscienceandthesciences')",molecular genetics,philosophy of science and the sciences,3,-1
"('holismandnonseparabilityinphysics', 'philosophyofscienceandthesciences')",holism and nonseparability in physics,philosophy of science and the sciences,3,-1
"('mentalimagery', 'philosophyofscienceandthesciences')",mental imagery,philosophy of science and the sciences,2,-1
"('logicofbeliefrevision', 'philosophyofscienceandthesciences')",logic of belief revision,philosophy of science and the sciences,2,-1
"('philosophyofscienceandthesciences', 'zenosparadoxes')",zeno's paradoxes,philosophy of science and the sciences,2,-1
"('evidence', 'philosophyofscienceandthesciences')",evidence,philosophy of science and the sciences,4,-1
"('aestheticsandphilosophyofart', 'philosophyofart')",philosophy of art,aesthetics and philosophy of art,4,1
"('aestheticsandphilosophyofart', 'deweysaesthetics')",dewey's aesthetics,aesthetics and philosophy of art,3,0
"('aestheticsandphilosophyofart', 'conceptualart')",conceptual art,aesthetics and philosophy of art,3,0
"('aestheticsandphilosophyofart', 'feministaesthetics')",feminist aesthetics,aesthetics and philosophy of art,3,0
"('18thcenturygermanaesthetics', 'aestheticsandphilosophyofart')",18th century german aesthetics,aesthetics and philosophy of art,3,0
"('aestheticsandphilosophyofart', 'goodmansaesthetics')",goodman's aesthetics,aesthetics and philosophy of art,3,0
"('aestheticsandphilosophyofart', 'artifact')",artifact,aesthetics and philosophy of art,2,2
"('aestheticsandphilosophyofart', 'beardsleysaesthetics')",beardsley's aesthetics,aesthetics and philosophy of art,3,0
"('aestheticsandphilosophyofart', 'artificialintelligence')",artificial intelligence,aesthetics and philosophy of art,0,-1
"('aestheticsandphilosophyofart', 'philosophyofnature')",philosophy of nature,aesthetics and philosophy of art,2,1
"('epistemology', 'socialepistemology')",social epistemology,epistemology,3,0
"('epistemology', 'feministsocialepistemology')",feminist social epistemology,epistemology,3,0
"('epistemology', 'naturalizedepistemology')",naturalized epistemology,epistemology,3,0
"('epistemology', 'virtueepistemology')",virtue epistemology,epistemology,3,0
"('coherentism', 'epistemology')",coherentism,epistemology,3,0
"('epistemology', 'epistemologyofreligion')",epistemology of religion,epistemology,2,0
"('epistemology', 'moralepistemology')",moral epistemology,epistemology,3,0
"('epistemology', 'epistemologyofscience')",epistemology of science,epistemology,3,0
"('epistemology', 'evolutionaryepistemology')",evolutionary epistemology,epistemology,3,0
"('epistemology', 'knowledge')",knowledge,epistemology,4,1
"('philosophyofscienceandthesciences', 'probabilityandstatistics')",probability and statistics,philosophy of science and the sciences,3,0
"('philosophyofscienceandthesciences', 'probability')",probability,philosophy of science and the sciences,3,0
"('philosophiesoftheparticularsciences', 'philosophyofscienceandthesciences')",philosophies of the particular sciences,philosophy of science and the sciences,4,0
"('interpretationsofprobability', 'philosophyofscienceandthesciences')",interpretations of probability,philosophy of science and the sciences,4,0
"('folkpsychology', 'philosophyofscienceandthesciences')",folk psychology,philosophy of science and the sciences,3,0
"('philosophyofphysics', 'philosophyofscienceandthesciences')",philosophy of physics,philosophy of science and the sciences,4,0
"('philosophyofscienceandthesciences', 'unityofscience')",unity of science,philosophy of science and the sciences,4,0
"('philosophyofscience', 'philosophyofscienceandthesciences')",philosophy of science,philosophy of science and the sciences,4,2
"('scientificmethodology', 'thescientificmethod')",the scientific method,scientific methodology,4,2
"('scientificmethodology', 'scientificrealism')",scientific realism,scientific methodology,3,1
"('atheismandagnosticism', 'scientificmethodology')",atheism and agnosticism,scientific methodology,2,1
"('scientificmethodology', 'unityofscience')",unity of science,scientific methodology,4,1
"('falsificationism', 'scientificmethodology')",falsificationism,scientific methodology,4,0
"('empiricism', 'scientificmethodology')",empiricism,scientific methodology,3,1
"('logicalempiricism', 'scientificmethodology')",logical empiricism,scientific methodology,3,1
"('probabilityandstatistics', 'scientificmethodology')",probability and statistics,scientific methodology,3,1
"('probability', 'scientificmethodology')",probability,scientific methodology,3,1
"('philosophyofscienceandthesciences', 'religionandscience')",religion and science,philosophy of science and the sciences,3,0
"('bayesstheorem', 'philosophyofscienceandthesciences')",bayes's theorem,philosophy of science and the sciences,4,0
"('philosophyofbiology', 'philosophyofscienceandthesciences')",philosophy of biology,philosophy of science and the sciences,4,0
"('molecularbiology', 'philosophyofscienceandthesciences')",molecular biology,philosophy of science and the sciences,2,3
"('philosophyofcomputerscience', 'philosophyofscienceandthesciences')",philosophy of computer science,philosophy of science and the sciences,4,0
"('philosophyofeconomics', 'philosophyofscienceandthesciences')",philosophy of economics,philosophy of science and the sciences,4,0
"('kantsphilosophyofscience', 'philosophyofscienceandthesciences')",kant's philosophy of science,philosophy of science and the sciences,4,0
"('philosophyofscienceandthesciences', 'scientificprogress')",scientific progress,philosophy of science and the sciences,4,0
"('einsteinsphilosophyofscience', 'philosophyofscienceandthesciences')",einstein's philosophy of science,philosophy of science and the sciences,4,0
"('philosophyofchemistry', 'philosophyofscienceandthesciences')",philosophy of chemistry,philosophy of science and the sciences,4,0
"('methodologicaldebatesincosmologythe1930sand1940s', 'philosophyofscienceandthesciences')",methodological debates in cosmology the 1930s and 1940s,philosophy of science and the sciences,3,0
"('philosophyofpsychology', 'philosophyofscienceandthesciences')",philosophy of psychology,philosophy of science and the sciences,3,0
"('inductivelogic', 'philosophyofscienceandthesciences')",inductive logic,philosophy of science and the sciences,3,0
"('philosophyofscienceandthesciences', 'problemofinduction')",problem of induction,philosophy of science and the sciences,4,0
"('eliminativematerialism', 'philosophyofscienceandthesciences')",eliminative materialism,philosophy of science and the sciences,3,0
"('experimentinphysics', 'philosophyofscienceandthesciences')",experiment in physics,philosophy of science and the sciences,4,0
"('explanation', 'philosophyofscienceandthesciences')",explanation,philosophy of science and the sciences,4,0
"('modelsinscience', 'philosophyofscienceandthesciences')",models in science,philosophy of science and the sciences,4,0
"('philosophyofscienceandthesciences', 'simpsonsparadox')",simpson's paradox,philosophy of science and the sciences,3,0
"('philosophyofscienceandthesciences', 'probabilisticcausation')",probabilistic causation,philosophy of science and the sciences,3,0
"('philosophyofscienceandthesciences', 'quantumlogicandprobabilitytheory')",quantum logic and probability theory,philosophy of science and the sciences,4,0
"('philosophyofscienceandthesciences', 'probabilityandstatistics')",probability and statistics,philosophy of science and the sciences,3,3
"('philosophyofscienceandthesciences', 'probability')",probability,philosophy of science and the sciences,3,3
"('interpretationsofprobability', 'philosophyofscienceandthesciences')",interpretations of probability,philosophy of science and the sciences,1,3
"('folkpsychology', 'philosophyofscienceandthesciences')",folk psychology,philosophy of science and the sciences,3,0
"('philosophyofphysics', 'philosophyofscienceandthesciences')",philosophy of physics,philosophy of science and the sciences,4,0
"('philosophyofmathematics', 'philosophyofscienceandthesciences')",philosophy of mathematics,philosophy of science and the sciences,2,0
"('philosophyofscienceandthesciences', 'socialdimensionsofscientificknowledge')",social dimensions of scientific knowledge,philosophy of science and the sciences,3,0
"('philosophyofscienceandthesciences', 'unityofscience')",unity of science,philosophy of science and the sciences,4,0
"('philosophyofscience', 'philosophyofscienceandthesciences')",philosophy of science,philosophy of science and the sciences,4,2
"('philosophyofscienceandthesciences', 'religionandscience')",religion and science,philosophy of science and the sciences,3,0
"('bayesstheorem', 'philosophyofscienceandthesciences')",bayes's theorem,philosophy of science and the sciences,3,0
"('philosophyofbiology', 'philosophyofscienceandthesciences')",philosophy of biology,philosophy of science and the sciences,4,0
"('molecularbiology', 'philosophyofscienceandthesciences')",molecular biology,philosophy of science and the sciences,3,0
"('philosophyofcomputerscience', 'philosophyofscienceandthesciences')",philosophy of computer science,philosophy of science and the sciences,3,0
"('philosophyofeconomics', 'philosophyofscienceandthesciences')",philosophy of economics,philosophy of science and the sciences,3,0
"('kantsphilosophyofscience', 'philosophyofscienceandthesciences')",kant's philosophy of science,philosophy of science and the sciences,4,0
"('historicisttheoriesofrationality', 'philosophyofscienceandthesciences')",historicist theories of rationality,philosophy of science and the sciences,2,0
"('philosophyofscienceandthesciences', 'scientificprogress')",scientific progress,philosophy of science and the sciences,4,0
"('einsteinsphilosophyofscience', 'philosophyofscienceandthesciences')",einstein's philosophy of science,philosophy of science and the sciences,4,0
"('philosophyofchemistry', 'philosophyofscienceandthesciences')",philosophy of chemistry,philosophy of science and the sciences,4,0
"('methodologicaldebatesincosmologythe1930sand1940s', 'philosophyofscienceandthesciences')",methodological debates in cosmology the 1930s and 1940s,philosophy of science and the sciences,4,0
"('conservationbiology', 'philosophyofscienceandthesciences')",conservation biology,philosophy of science and the sciences,3,0
"('hilbertsprogram', 'philosophyofscienceandthesciences')",hilbert's program,philosophy of science and the sciences,3,0
"('classicalphysics', 'philosophyofscienceandthesciences')",classical physics,philosophy of science and the sciences,3,0
"('modernphilosophy', 'philosophyofscienceandthesciences')",modern philosophy,philosophy of science and the sciences,3,1
"('cognitivescience', 'philosophyofscienceandthesciences')",cognitive science,philosophy of science and the sciences,4,0
"('philosophyofpsychology', 'philosophyofscienceandthesciences')",philosophy of psychology,philosophy of science and the sciences,4,0
"('moralpsychology', 'philosophyofscienceandthesciences')",moral psychology,philosophy of science and the sciences,3,0
"('philosophyofscienceandthesciences', 'psychiatry')",psychiatry,philosophy of science and the sciences,3,0
"('inductivelogic', 'philosophyofscienceandthesciences')",inductive logic,philosophy of science and the sciences,4,0
"('philosophyofscienceandthesciences', 'problemofinduction')",problem of induction,philosophy of science and the sciences,4,0
"('experimentinphysics', 'philosophyofscienceandthesciences')",experiment in physics,philosophy of science and the sciences,4,0
"('economicsandeconomicjustice', 'philosophyofscienceandthesciences')",economics and economic justice,philosophy of science and the sciences,1,2
"('explanation', 'philosophyofscienceandthesciences')",explanation,philosophy of science and the sciences,3,0
"('bayesianepistemology', 'philosophyofscienceandthesciences')",bayesian epistemology,philosophy of science and the sciences,3,0
"('atomismfromthe17thtothe20thcentury', 'philosophyofscienceandthesciences')",atomism from the 17th to the 20th century,philosophy of science and the sciences,4,0
"('modelsinscience', 'philosophyofscienceandthesciences')",models in science,philosophy of science and the sciences,4,0
"('philosophyofscienceandthesciences', 'probabilisticcausation')",probabilistic causation,philosophy of science and the sciences,4,0
"('philosophyofscienceandthesciences', 'quantumlogicandprobabilitytheory')",quantum logic and probability theory,philosophy of science and the sciences,4,0
"('naturalisminlegalphilosophy', 'philosophyofscienceandthesciences')",naturalism in legal philosophy,philosophy of science and the sciences,2,0
"('feministepistemologyandphilosophyofscience', 'philosophyofscienceandthesciences')",feminist epistemology and philosophy of science,philosophy of science and the sciences,4,0
"('analysis', 'philosophyofscienceandthesciences')",analysis,philosophy of science and the sciences,2,1
"('philosophyofscienceandthesciences', 'teleologicalnotionsinbiology')",teleological notions in biology,philosophy of science and the sciences,4,0
"('pascalswager', 'philosophyofscienceandthesciences')",pascal's wager,philosophy of science and the sciences,0,-1
"('historyofscience', 'philosophyofscienceandthesciences')",history of science,philosophy of science and the sciences,4,2
"('philosophyofscienceandthesciences', 'scientificexplanation')",scientific explanation,philosophy of science and the sciences,4,0
"('philosophyofscienceandthesciences', 'psychologism')",psychologism,philosophy of science and the sciences,3,0
"('descartesphysics', 'philosophyofscienceandthesciences')",descartes' physics,philosophy of science and the sciences,4,0
"('manyworldsinterpretationofquantummechanics', 'philosophyofscienceandthesciences')",many-worlds interpretation of quantum mechanics,philosophy of science and the sciences,4,0
"('economicanalysisoflaw', 'philosophyofscienceandthesciences')",economic analysis of law,philosophy of science and the sciences,1,0
"('philosophyofmedicine', 'philosophyofscienceandthesciences')",philosophy of medicine,philosophy of science and the sciences,4,0
"('literature', 'philosophyofscienceandthesciences')",literature,philosophy of science and the sciences,0,-1
"('philosophyofscienceandthesciences', 'symmetryandsymmetrybreaking')",symmetry and symmetry breaking,philosophy of science and the sciences,4,0
"('internalistvsexternalistconceptionsofepistemicjustification', 'philosophyofscienceandthesciences')",internalist vs. externalist conceptions of epistemic justification,philosophy of science and the sciences,1,0
"('philosophyofscienceandthesciences', 'propositionalconsequencerelationsandalgebraiclogic')",propositional consequence relations and algebraic logic,philosophy of science and the sciences,1,0
"('philosophyofscienceandthesciences', 'rhetoricofscience')",rhetoric of science,philosophy of science and the sciences,4,0
"('aristotlesnaturalphilosophy', 'philosophyofscienceandthesciences')",aristotle's natural philosophy,philosophy of science and the sciences,2,0
"('equivalenceofmassandenergy', 'philosophyofscienceandthesciences')",equivalence of mass and energy,philosophy of science and the sciences,4,0
"('philosophyofscienceandthesciences', 'socialphilosophy')",social philosophy,philosophy of science and the sciences,1,2
"('fregestheoremandfoundationsforarithmetic', 'philosophyofscienceandthesciences')",frege's theorem and foundations for arithmetic,philosophy of science and the sciences,2,0
"('epistemeandtechne', 'philosophyofscienceandthesciences')",episteme and techne,philosophy of science and the sciences,3,2
"('consciousnessandpsychology', 'philosophyofscienceandthesciences')",consciousness and psychology,philosophy of science and the sciences,2,0
"('earlyphilosophicalinterpretationsofgeneralrelativity', 'philosophyofscienceandthesciences')",early philosophical interpretations of general relativity,philosophy of science and the sciences,4,0
"('philosophyofscienceandthesciences', 'socialepistemology')",social epistemology,philosophy of science and the sciences,3,0
"('creationism', 'philosophyofscienceandthesciences')",creationism,philosophy of science and the sciences,4,0
"('contentsofperception', 'philosophyofscienceandthesciences')",contents of perception,philosophy of science and the sciences,3,0
"('philosophyofscienceandthesciences', 'philosophyofstatisticalmechanics')",philosophy of statistical mechanics,philosophy of science and the sciences,4,0
"('descartesepistemology', 'philosophyofscienceandthesciences')",descartes' epistemology,philosophy of science and the sciences,2,0
"('currentphilosophy', 'philosophyofscienceandthesciences')",current philosophy,philosophy of science and the sciences,1,1
"('identityandindividualityinquantumtheory', 'philosophyofscienceandthesciences')",identity and individuality in quantum theory,philosophy of science and the sciences,4,0
"('moralcognitivismvsnoncognitivism', 'philosophyofscienceandthesciences')",moral cognitivism vs. non-cognitivism,philosophy of science and the sciences,3,0
"('consciousnessandphysics', 'philosophyofscienceandthesciences')",consciousness and physics,philosophy of science and the sciences,4,0
"('biologicalnotionofselfandnonself', 'philosophyofscienceandthesciences')",biological notion of self and non-self,philosophy of science and the sciences,3,0
"('epistemologicalproblemsofmemory', 'philosophyofscienceandthesciences')",epistemological problems of memory,philosophy of science and the sciences,2,0
"('philosophyofscienceandthesciences', 'theoriesoftortlaw')",theories of tort law,philosophy of science and the sciences,0,-1
"('aristotlesbiology', 'philosophyofscienceandthesciences')",aristotle's biology,philosophy of science and the sciences,4,0
"('economicjustice', 'philosophyofscienceandthesciences')",economic justice,philosophy of science and the sciences,0,-1
"('modelsandidealization', 'philosophyofscienceandthesciences')",models and idealization,philosophy of science and the sciences,4,0
"('analyticsyntheticdistinction', 'philosophyofscienceandthesciences')",analytic/synthetic distinction,philosophy of science and the sciences,3,0
"('humesmoralphilosophy', 'philosophyofscienceandthesciences')",hume's moral philosophy,philosophy of science and the sciences,0,-1
"('earlydevelopmentofsettheory', 'philosophyofscienceandthesciences')",early development of set theory,philosophy of science and the sciences,2,0
"('aristotlespoliticaltheory', 'philosophyofscienceandthesciences')",aristotle's political theory,philosophy of science and the sciences,0,-1
"('moleculargenetics', 'philosophyofscienceandthesciences')",molecular genetics,philosophy of science and the sciences,3,0
"('holismandnonseparabilityinphysics', 'philosophyofscienceandthesciences')",holism and nonseparability in physics,philosophy of science and the sciences,4,0
"('mentalimagery', 'philosophyofscienceandthesciences')",mental imagery,philosophy of science and the sciences,2,0
"('logicofbeliefrevision', 'philosophyofscienceandthesciences')",logic of belief revision,philosophy of science and the sciences,2,0
"('philosophyofscienceandthesciences', 'zenosparadoxes')",zeno's paradoxes,philosophy of science and the sciences,3,0
"('evidence', 'philosophyofscienceandthesciences')",evidence,philosophy of science and the sciences,4,0
"('artificialintelligence', 'turingtest')",turing test,artificial intelligence,3,-1
"('artificialintelligence', 'frameproblem')",frame problem,artificial intelligence,3,-1
"('artificialintelligence', 'philosophyofcomputerscience')",philosophy of computer science,artificial intelligence,3,-1
"('artificialintelligence', 'symbolicprocessing')",symbolic processing,artificial intelligence,3,-1
"('artificialintelligence', 'distributedrepresentation')",distributed representation,artificial intelligence,3,-1
"('artificialintelligence', 'temporallogic')",temporal logic,artificial intelligence,1,-1
"('artificialintelligence', 'logicandlanguage')",logic and language,artificial intelligence,1,-1
"('aestheticsandphilosophyofart', 'philosophyofart')",philosophy of art,aesthetics and philosophy of art,4,0
"('aestheticsandphilosophyofart', 'deweysaesthetics')",dewey's aesthetics,aesthetics and philosophy of art,3,0
"('aestheticsandphilosophyofart', 'conceptualart')",conceptual art,aesthetics and philosophy of art,2,0
"('aestheticsandphilosophyofart', 'feministaesthetics')",feminist aesthetics,aesthetics and philosophy of art,3,0
"('18thcenturygermanaesthetics', 'aestheticsandphilosophyofart')",18th century german aesthetics,aesthetics and philosophy of art,3,0
"('aestheticsandphilosophyofart', 'goodmansaesthetics')",goodman's aesthetics,aesthetics and philosophy of art,3,0
"('aestheticsandphilosophyofart', 'artifact')",artifact,aesthetics and philosophy of art,1,3
"('aestheticsandphilosophyofart', 'beardsleysaesthetics')",beardsley's aesthetics,aesthetics and philosophy of art,3,0
"('aestheticsandphilosophyofart', 'artificialintelligence')",artificial intelligence,aesthetics and philosophy of art,1,3
"('aestheticsandphilosophyofart', 'philosophyofnature')",philosophy of nature,aesthetics and philosophy of art,2,2
"('aestheticsandphilosophyofart', 'environmentalaesthetics')",environmental aesthetics,aesthetics and philosophy of art,3,0
"('aestheticsandphilosophyofart', 'condemnationof1277')",condemnation of 1277,aesthetics and philosophy of art,0,-1
"('aestheticsandphilosophyofart', 'philosophyoffilm')",philosophy of film,aesthetics and philosophy of art,3,0
"('aestheticsandphilosophyofart', 'artisticrepresentation')",artistic representation,aesthetics and philosophy of art,3,0
"('aesthetics', 'aestheticsandphilosophyofart')",aesthetics,aesthetics and philosophy of art,4,0
"('aestheticexperience', 'aestheticsandphilosophyofart')",aesthetic experience,aesthetics and philosophy of art,3,0
"('aestheticsandphilosophyofart', 'methodandmetaphysicsinplatossophistandstatesman')",method and metaphysics in plato's sophist and statesman,aesthetics and philosophy of art,0,-1
"('aestheticsandphilosophyofart', 'humesaesthetics')",hume's aesthetics,aesthetics and philosophy of art,3,0
"('aestheticsandphilosophyofart', 'painting')",painting,aesthetics and philosophy of art,3,0
"('aestheticsandphilosophyofart', 'argument')",argument,aesthetics and philosophy of art,1,3
"('aestheticsandphilosophyofart', 'beauty')",beauty,aesthetics and philosophy of art,4,0
"('aestheticsandphilosophyofart', 'aristotleoncausality')",aristotle on causality,aesthetics and philosophy of art,0,-1
"('aestheticsandphilosophyofart', 'artisticstyle')",artistic style,aesthetics and philosophy of art,3,0
"('aestheticsandphilosophyofart', 'philosophiesoftheparticularsciences')",philosophies of the particular sciences,aesthetics and philosophy of art,0,-1
"('aestheticsandphilosophyofart', 'philosophyofpsychology')",philosophy of psychology,aesthetics and philosophy of art,2,2
"('aestheticsandphilosophyofart', 'philosophyofscience')",philosophy of science,aesthetics and philosophy of art,2,2
"('aestheticsandphilosophyofart', 'platoonrhetoricandpoetry')",plato on rhetoric and poetry,aesthetics and philosophy of art,3,0
"('aestheticsandphilosophyofart', 'philosophyofmathematics')",philosophy of mathematics,aesthetics and philosophy of art,0,-1
"('aestheticsandphilosophyofart', 'psychiatry')",psychiatry,aesthetics and philosophy of art,2,2
"('aestheticsandphilosophyofart', 'matter')",matter,aesthetics and philosophy of art,0,-1
"('aestheticsandphilosophyofart', 'semantics')",semantics,aesthetics and philosophy of art,0,-1
"('aestheticsandphilosophyofart', 'meaning')",meaning,aesthetics and philosophy of art,0,-1
"('aestheticsandphilosophyofart', 'artisticvalue')",artistic value,aesthetics and philosophy of art,3,0
"('aestheticsandphilosophyofart', 'philosophyofphysics')",philosophy of physics,aesthetics and philosophy of art,0,-1
"('aestheticsandphilosophyofart', 'wittgensteinsaesthetics')",wittgenstein's aesthetics,aesthetics and philosophy of art,3,0
"('aestheticsandphilosophyofart', 'time')",time,aesthetics and philosophy of art,0,-1
"('aestheticsandphilosophyofart', 'philosophyofmind')",philosophy of mind,aesthetics and philosophy of art,1,1
"('aestheticsandphilosophyofart', 'philosophyofscienceandthesciences')",philosophy of science and the sciences,aesthetics and philosophy of art,2,1
"('aestheticsandphilosophyofart', 'phenomenologicalapproachestoethicsandinformationtechnology')",phenomenological approaches to ethics and information technology,aesthetics and philosophy of art,2,0
"('africanandafricanamericanphilosophy', 'akanphilosophyoftheperson')",akan philosophy of the person,african and african-american philosophy,4,0
"('africanandafricanamericanphilosophy', 'africanphilosophy')",african philosophy,african and african-american philosophy,4,0
"('aestheticsandphilosophyofart', 'japaneseaesthetics')",japanese aesthetics,aesthetics and philosophy of art,3,0
"('aestheticsandphilosophyofart', 'function')",function,aesthetics and philosophy of art,3,0
"('aestheticsandphilosophyofart', 'film')",film,aesthetics and philosophy of art,3,0
"('aestheticsandphilosophyofart', 'logicandlanguage')",logic and language,aesthetics and philosophy of art,1,1
"('aestheticsandphilosophyofart', 'functionandteleology')",function and teleology,aesthetics and philosophy of art,3,0
"('aestheticsandphilosophyofart', 'medievaltheoriesofcausality')",medieval theories of causality,aesthetics and philosophy of art,0,-1
"('aestheticsandphilosophyofart', 'depiction')",depiction,aesthetics and philosophy of art,3,0
"('aestheticsandphilosophyofart', 'teleologicalargumentsforgodsexistence')",teleological arguments for god's existence,aesthetics and philosophy of art,0,-1
"('aestheticsandphilosophyofart', 'motionandtime')",motion and time,aesthetics and philosophy of art,0,-1
"('aestheticsandphilosophyofart', 'interpretation')",interpretation,aesthetics and philosophy of art,1,0
"('aestheticsandphilosophyofart', 'escapism')",escapism,aesthetics and philosophy of art,3,0
"('aestheticsandphilosophyofart', 'reference')",reference,aesthetics and philosophy of art,2,0
"('aestheticsandphilosophyofart', 'philosophyofperception')",philosophy of perception,aesthetics and philosophy of art,2,2
"('aestheticsandphilosophyofart', 'mind')",mind,aesthetics and philosophy of art,2,2
"('aestheticsandphilosophyofart', 'realismandantirealism')",realism and anti-realism,aesthetics and philosophy of art,1,0
"('aestheticsandphilosophyofart', 'realismandantirealism')",realism and anti-realism,aesthetics and philosophy of art,1,0
"('aestheticsandphilosophyofart', 'confirmationandinduction')",confirmation and induction,aesthetics and philosophy of art,0,-1
"('aestheticsandphilosophyofart', 'expressiontheoryofart')",expression theory of art,aesthetics and philosophy of art,3,0
"('aestheticsandphilosophyofart', 'ideas')",ideas,aesthetics and philosophy of art,0,-1
"('aestheticsandphilosophyofart', 'cognitivescience')",cognitive science,aesthetics and philosophy of art,2,2
"('aestheticsandphilosophyofart', 'philosophyofcomputerscience')",philosophy of computer science,aesthetics and philosophy of art,1,2
"('aestheticsandphilosophyofart', 'probabilityandstatistics')",probability and statistics,aesthetics and philosophy of art,0,-1
"('aestheticsandphilosophyofart', 'prooftheory')",proof theory,aesthetics and philosophy of art,0,-1
"('aestheticsandphilosophyofart', 'negation')",negation,aesthetics and philosophy of art,0,-1
"('aestheticsandphilosophyofart', 'romanianphilosophy')",romanian philosophy,aesthetics and philosophy of art,0,-1
"('aestheticsandphilosophyofart', 'philosophyofmedicine')",philosophy of medicine,aesthetics and philosophy of art,0,-1
"('aestheticsandphilosophyofart', 'formalism')",formalism,aesthetics and philosophy of art,1,0
"('aestheticsandphilosophyofart', 'philosophyofwar')",philosophy of war,aesthetics and philosophy of art,0,-1
"('aestheticsandphilosophyofart', 'value')",value,aesthetics and philosophy of art,3,0
"('knowledgeargument', 'qualia')",knowledge argument,qualia,4,0
"('absentqualia', 'qualia')",absent qualia,qualia,4,0
"('aestheticsandphilosophyofart', 'ancientphilosophyaristotle')",ancient philosophy (aristotle),aesthetics and philosophy of art,1,0
"('aestheticsandphilosophyofart', 'natureofart')",nature of art,aesthetics and philosophy of art,4,0
"('aestheticsandphilosophyofart', 'referenceanddenotation')",reference and denotation,aesthetics and philosophy of art,1,0
"('aestheticsandphilosophyofart', 'realism')",realism,aesthetics and philosophy of art,1,0
"('aestheticsandphilosophyofart', 'ethicsandart')",ethics and art,aesthetics and philosophy of art,3,0
"('aestheticsandphilosophyofart', 'humanrights')",human rights,aesthetics and philosophy of art,1,0
"('aestheticsandphilosophyofart', 'denotation')",denotation,aesthetics and philosophy of art,2,0
"('aestheticsandphilosophyofart', 'philosophyofbiology')",philosophy of biology,aesthetics and philosophy of art,0,-1
"('aestheticsandphilosophyofart', 'suppositionandcopulation')",supposition and copulation,aesthetics and philosophy of art,0,-1
"('aestheticsandphilosophyofart', 'life')",life,aesthetics and philosophy of art,2,1
"('aestheticsandphilosophyofart', 'connectives')",connectives,aesthetics and philosophy of art,0,-1
"('aestheticsandphilosophyofart', 'war')",war,aesthetics and philosophy of art,0,-1
"('aestheticsandphilosophyofart', 'philosophyofbusiness')",philosophy of business,aesthetics and philosophy of art,0,-1
"('aestheticsandphilosophyofart', 'lebensphilosophie')",lebensphilosophie,aesthetics and philosophy of art,3,0
"('aestheticsandphilosophyofart', 'philosophyofcomposition')",philosophy of composition,aesthetics and philosophy of art,3,0
"('aestheticsandphilosophyofart', 'logos')",logos,aesthetics and philosophy of art,3,0
"('aestheticsandphilosophyofart', 'compositionalityandlogicalform')",compositionality and logical form,aesthetics and philosophy of art,2,0
"('abstraction', 'aestheticsandphilosophyofart')",abstraction,aesthetics and philosophy of art,3,0
"('aestheticsandphilosophyofart', 'quantifiersandquanitification')",quantifiers and quanitification,aesthetics and philosophy of art,1,0
"('aestheticsandphilosophyofart', 'modernphilosophy')",modern philosophy,aesthetics and philosophy of art,1,1
"('aestheticsandphilosophyofart', 'performance')",performance,aesthetics and philosophy of art,2,0
"('aestheticsandphilosophyofart', 'socialphilosophyandpoliticalphilosophy')",social philosophy and political philosophy,aesthetics and philosophy of art,0,-1
"('aestheticsandphilosophyofart', 'socialandpoliticalphilosophy')",social and political philosophy,aesthetics and philosophy of art,0,-1
"('aestheticsandphilosophyofart', 'reduction')",reduction,aesthetics and philosophy of art,0,0
"('aestheticsandphilosophyofart', 'metaphysicsofscience')",metaphysics of science,aesthetics and philosophy of art,0,-1
"('aestheticsandphilosophyofart', 'propernames')",proper names,aesthetics and philosophy of art,1,0
"('aestheticsandphilosophyofart', 'propositionalattitude')",propositional attitude,aesthetics and philosophy of art,1,0
"('aestheticsandphilosophyofart', 'counterfactuals')",counterfactuals,aesthetics and philosophy of art,0,-1
"('aestheticsandphilosophyofart', 'ambiguity')",ambiguity,aesthetics and philosophy of art,0,-1
"('africanandafricanamericanphilosophy', 'ethnophilosophy')",ethnophilosophy,african and african-american philosophy,3,1
"('africanandafricanamericanphilosophy', 'akanphilosophyoftheperson')",akan philosophy of the person,african and african-american philosophy,3,0
"('africanandafricanamericanphilosophy', 'africanphilosophy')",african philosophy,african and african-american philosophy,4,0
"('logic', 'propositionalconsequencerelationsandalgebraiclogic')",propositional consequence relations and algebraic logic,logic,4,0
"('logic', 'modallogic')",modal logic,logic,4,0
"('hybridlogic', 'logic')",hybrid logic,logic,4,0
"('logic', 'logicandartificialintelligence')",logic and artificial intelligence,logic,3,1
"('linearlogic', 'logic')",linear logic,logic,3,0
"('logic', 'provabilitylogic')",provability logic,logic,4,0
"('informallogic', 'logic')",informal logic,logic,3,3
"('connexivelogic', 'logic')",connexive logic,logic,4,0
"('deonticlogic', 'logic')",deontic logic,logic,2,0
"('logic', 'logicandlanguage')",logic and language,logic,4,1
"('fuzzylogic', 'logic')",fuzzy logic,logic,4,0
"('classicallogic', 'logic')",classical logic,logic,4,0
"('logic', 'manyvaluedlogic')",many-valued logic,logic,4,0
"('logic', 'substructurallogic')",substructural logic,logic,4,0
"('logic', 'logicandontology')",logic and ontology,logic,3,1
"('logic', 'relevancelogic')",relevance logic,logic,4,0
"('logic', 'paraconsistentlogic')",paraconsistent logic,logic,4,0
"('epistemiclogic', 'logic')",epistemic logic,logic,3,0
"('logic', 'philosophyoflanguage')",philosophy of language,logic,2,2
"('logic', 'temporallogic')",temporal logic,logic,4,0
"('inductivelogic', 'logic')",inductive logic,logic,4,0
"('automatedreasoning', 'logic')",automated reasoning,logic,3,3
"('logic', 'psychologism')",psychologism,logic,1,3
"('logic', 'philosophicallogic')",philosophical logic,logic,4,0
"('ancientlogic', 'logic')",ancient logic,logic,4,0
"('logic', 'nonclassicallogic')",non-classical logic,logic,4,0
"('algebra', 'logic')",algebra,logic,1,3
"('interpretation', 'logic')",interpretation,logic,3,0
"('logic', 'mathematicallogic')",mathematical logic,logic,4,0
"('inductivelogicanddecisiontheory', 'logic')",inductive logic and decision theory,logic,3,0
"('inductivelogicanddecisiontheory', 'logic')",inductive logic and decision theory,logic,3,0
"('logic', 'philosophyofmathematics')",philosophy of mathematics,logic,3,2
"('logic', 'logicandcomputation')",logic and computation,logic,4,0
"('logic', 'medievaltheoriesofthesyllogism')",medieval theories of the syllogism,logic,3,0
"('logic', 'mallysdeonticlogic')",mally's deontic logic,logic,3,0
"('fregestheoremandfoundationsforarithmetic', 'logic')",frege's theorem and foundations for arithmetic,logic,4,0
"('logic', 'modernphilosophy')",modern philosophy,logic,3,1
"('connectives', 'logic')",connectives,logic,3,0
"('logic', 'quantumlogicandprobabilitytheory')",quantum logic and probability theory,logic,4,0
"('logic', 'logicandgames')",logic and games,logic,4,0
"('actualism', 'logic')",actualism,logic,1,3
"('logic', 'philosophyofcomputerscience')",philosophy of computer science,logic,3,2
"('freelogic', 'logic')",free logic,logic,4,0
"('constructivemathematics', 'logic')",constructive mathematics,logic,3,2
"('epsiloncalculus', 'logic')",epsilon calculus,logic,3,3
"('logic', 'logicalconstant')",logical constant,logic,4,0
"('logic', 'modelsandidealization')",models and idealization,logic,3,-1
"('logic', 'peirceslogic')",peirce's logic,logic,3,0
"('kantstheoryofjudgment', 'logic')",kant's theory of judgment,logic,2,0
"('historyoflogic', 'logic')",history of logic,logic,4,0
"('intensionallogic', 'logic')",intensional logic,logic,4,0
"('brentanostheoryofjudgement', 'logic')",brentano's theory of judgement,logic,2,0
"('logic', 'soritesparadox')",sorites paradox,logic,4,0
"('booleanalgebra', 'logic')",boolean algebra,logic,4,0
"('logic', 'prooftheory')",proof theory,logic,4,0
"('logic', 'modeltheory')",model theory,logic,4,-1
"('analysis', 'logic')",analysis,logic,3,2
"('logic', 'philosophiesoftheparticularsciences')",philosophies of the particular sciences,logic,2,1
"('generalizedquantifiers', 'logic')",generalized quantifiers,logic,4,0
"('logic', 'quantifiersandquanitification')",quantifiers and quanitification,logic,4,0
"('logic', 'pluralquantification')",plural quantification,logic,4,0
"('logic', 'logicalform')",logical form,logic,4,0
"('logic', 'philosophyoflogic')",philosophy of logic,logic,4,0
"('logic', 'matter')",matter,logic,0,-1
"('logic', 'notationinprincipiamathematica')",notation in principia mathematica,logic,4,0
"('logic', 'propositionaldynamiclogic')",propositional dynamic logic,logic,4,0
"('logic', 'logicaltruth')",logical truth,logic,4,0
"('artificialintelligence', 'logic')",artificial intelligence,logic,3,2
"('logic', 'logicalconsequence')",logical consequence,logic,4,0
"('formalism', 'logic')",formalism,logic,4,0
"('logic', 'syllogism')",syllogism,logic,4,0
"('disjunction', 'logic')",disjunction,logic,4,0
"('ideas', 'logic')",ideas,logic,0,-1
"('compositionalityandlogicalform', 'logic')",compositionality and logical form,logic,4,0
"('developmentoffirstorderlogic', 'logic')",development of first-order logic,logic,4,0
"('logic', 'philosophyofscienceandthesciences')",philosophy of science and the sciences,logic,2,2
"('confirmationandinduction', 'logic')",confirmation and induction,logic,3,0
"('logic', 'settheory')",set theory,logic,4,2
"('logic', 'logicism')",logicism,logic,4,0
"('logic', 'probabilityandstatistics')",probability and statistics,logic,1,2
"('definition', 'logic')",definition,logic,2,0
"('liarparadox', 'logic')",liar paradox,logic,4,0
"('logic', 'probability')",probability,logic,1,2
"('computationallogic', 'logic')",computational logic,logic,4,0
"('logic', 'logicofaction')",logic of action,logic,2,0
"('independencefriendlylogic', 'logic')",independence-friendly logic,logic,3,0
"('conditionals', 'logic')",conditionals,logic,4,0
"('logic', 'peripatetic')",peripatetic,logic,0,-1
"('logic', 'syntax')",syntax,logic,3,0
"('historyofethics', 'philosophyofchildhood')",philosophy of childhood,history of ethics,0,-1
"('18thcenturygermanaesthetics', 'historyofethics')",18th century german aesthetics,history of ethics,2,0
"('historyofethics', 'religionandmorality')",religion and morality,history of ethics,4,2
"('appliedethics', 'computerethics')",computer ethics,applied ethics,4,0
"('appliedethics', 'computerethics')",computer ethics,applied ethics,4,0
"('appliedethics', 'personalidentityandethics')",personal identity and ethics,applied ethics,2,3
"('appliedethics', 'bioethics')",bioethics,applied ethics,4,0
"('appliedethics', 'ethicsandinformationtechnology')",ethics and information technology,applied ethics,4,0
"('appliedethics', 'businessethics')",business ethics,applied ethics,4,0
"('appliedethics', 'biomedicalethics')",biomedical ethics,applied ethics,4,0
"('appliedethics', 'cloning')",cloning,applied ethics,4,0
"('appliedethics', 'contractualism')",contractualism,applied ethics,4,0
"('appliedethics', 'normativeethics')",normative ethics,applied ethics,3,1
"('bioethics', 'feministbioethics')",feminist bioethics,bioethics,4,0
"('bioethics', 'personalidentityandethics')",personal identity and ethics,bioethics,4,2
"('bioethics', 'biomedicalethics')",biomedical ethics,bioethics,4,2
"('bioethics', 'businessethics')",business ethics,bioethics,2,2
"('bioethics', 'culturalrelativism')",cultural relativism,bioethics,3,3
"('malebranchestheoryofideasandvisioningod', 'philosophyofmind')",malebranche's theory of ideas and vision in god,philosophy of mind,3,0
"('kantsviewofthemindandconsciousnessofself', 'philosophyofmind')",kant's view of the mind and consciousness of self,philosophy of mind,4,0
"('medievalproblemofuniversals', 'philosophyofmind')",medieval problem of universals,philosophy of mind,1,3
"('otherminds', 'philosophyofmind')",other minds,philosophy of mind,4,0
"('consciousnessandintentionality', 'philosophyofmind')",consciousness and intentionality,philosophy of mind,4,0
"('chineseroomargument', 'philosophyofmind')",chinese room argument,philosophy of mind,4,0
"('18thcenturybritishaesthetics', 'philosophyofmind')",18th century british aesthetics,philosophy of mind,0,-1
"('leibnizsphilosophyofmind', 'philosophyofmind')",leibniz's philosophy of mind,philosophy of mind,3,0
"('descartesmodalmetaphysics', 'philosophyofmind')",descartes' modal metaphysics,philosophy of mind,1,3
"('mind', 'philosophyofmind')",mind,philosophy of mind,4,2
"('panpsychism', 'philosophyofmind')",panpsychism,philosophy of mind,4,0
"('aristotlespsychology', 'philosophyofmind')",aristotle's psychology,philosophy of mind,3,0
"('descartesepistemology', 'philosophyofmind')",descartes' epistemology,philosophy of mind,1,3
"('japanesezenbuddhistphilosophy', 'philosophyofmind')",japanese zen buddhist philosophy,philosophy of mind,0,-1
"('mentalrepresentationinmedievalphilosophy', 'philosophyofmind')",mental representation in medieval philosophy,philosophy of mind,2,0
"('cognitivescience', 'philosophyofmind')",cognitive science,philosophy of mind,3,2
"('folkpsychologyasatheory', 'philosophyofmind')",folk psychology as a theory,philosophy of mind,3,0
"('computationaltheoryofmind', 'philosophyofmind')",computational theory of mind,philosophy of mind,4,0
"('animalconsciousness', 'philosophyofmind')",animal consciousness,philosophy of mind,4,2
"('matter', 'philosophyofmind')",matter,philosophy of mind,2,3
"('mentalcausation', 'philosophyofmind')",mental causation,philosophy of mind,4,0
"('philosophyofmind', 'scottishphilosophyinthe19thcentury')",scottish philosophy in the 19th century,philosophy of mind,2,3
"('dualism', 'philosophyofmind')",dualism,philosophy of mind,4,0
"('philosophyofmind', 'philosophyofpsychology')",philosophy of psychology,philosophy of mind,3,2
"('consciousness', 'philosophyofmind')",consciousness,philosophy of mind,4,0
"('philosophyofmind', 'psychiatry')",psychiatry,philosophy of mind,3,2
"('philosophiesoftheparticularsciences', 'philosophyofmind')",philosophies of the particular sciences,philosophy of mind,2,2
"('folkpsychology', 'philosophyofmind')",folk psychology,philosophy of mind,3,0
"('ideas', 'philosophyofmind')",ideas,philosophy of mind,4,3
"('philosophyofmind', 'philosophyofphysics')",philosophy of physics,philosophy of mind,1,2
"('eliminativematerialism', 'philosophyofmind')",eliminative materialism,philosophy of mind,4,0
"('epistemologicalproblemsofmemory', 'philosophyofmind')",epistemological problems of memory,philosophy of mind,1,0
"('philosophyofmind', 'teleologicalargumentsforgodsexistence')",teleological arguments for god's existence,philosophy of mind,0,-1
"('mentalrepresentation', 'philosophyofmind')",mental representation,philosophy of mind,3,0
"('ancienttheoriesofsoul', 'philosophyofmind')",ancient theories of soul,philosophy of mind,2,0
"('metaphysicsofmind', 'philosophyofmind')",metaphysics of mind,philosophy of mind,4,2
"('philosophyofmind', 'syntacticanalysis')",syntactic analysis,philosophy of mind,1,3
"('philosophyofmind', 'spinozaspsychologicaltheory')",spinoza's psychological theory,philosophy of mind,1,0
"('philosophyofmind', 'philosophyofnature')",philosophy of nature,philosophy of mind,0,-1
"('20thcenturycontinentalphilosophy', 'philosophyofmind')",20th century continental philosophy,philosophy of mind,2,2
"('originofaesthetic', 'philosophyofmind')",origin of aesthetic,philosophy of mind,0,-1
"('cartesiandualism', 'philosophyofmind')",cartesian dualism,philosophy of mind,3,2
"('greatapes', 'philosophyofmind')",great apes,philosophy of mind,0,-1
"('modularityofmind', 'philosophyofmind')",modularity of mind,philosophy of mind,4,0
"('philosophyofmind', 'probabilityandstatistics')",probability and statistics,philosophy of mind,0,-1
"('everettsrelativestateformulationofquantummechanics', 'philosophyofmind')",everett's relative-state formulation of quantum mechanics,philosophy of mind,0,-1
"('intentionality', 'philosophyofmind')",intentionality,philosophy of mind,4,0
"('body', 'philosophyofmind')",body,philosophy of mind,3,3
"('aspectsofmind', 'philosophyofmind')",aspects of mind,philosophy of mind,4,2
"('philosophyofmind', 'propositionalattitude')",propositional attitude,philosophy of mind,4,0
"('perception', 'philosophyofmind')",perception,philosophy of mind,4,0
"('philosophyofchemistry', 'philosophyofmind')",philosophy of chemistry,philosophy of mind,0,-1
"('philosophyofmind', 'philosophyofperception')",philosophy of perception,philosophy of mind,4,0
"('abstractobject', 'philosophyofmind')",abstract object,philosophy of mind,2,3
"('philosophyofmind', 'sensedata')",sense-data,philosophy of mind,3,0
"('philosophyofmind', 'unityofconsciousness')",unity of consciousness,philosophy of mind,4,0
"('ancientphilosophyaristotle', 'philosophyofmind')",ancient philosophy (aristotle),philosophy of mind,2,2
"('existence', 'philosophyofmind')",existence,philosophy of mind,2,3
"('koreanphilosophy', 'philosophyofmind')",korean philosophy,philosophy of mind,0,-1
"('philosophyofmind', 'propernames')",proper names,philosophy of mind,3,3
"('consciousnessandcontent', 'philosophyofmind')",consciousness and content,philosophy of mind,4,2
"('philosophyofmind', 'probability')",probability,philosophy of mind,0,-1
"('philosophyofmind', 'realismandantirealism')",realism and anti-realism,philosophy of mind,2,3
"('internalismandexternalism', 'philosophyofmind')",internalism and externalism,philosophy of mind,3,0
"('nonhumananimals', 'philosophyofmind')",nonhuman animals,philosophy of mind,3,0
"('philosophyofmind', 'realismandantirealism')",realism and anti-realism,philosophy of mind,2,3
"('philosophyofmind', 'sensedata')",sense data,philosophy of mind,4,0
"('philosophyofmind', 'universals')",universals,philosophy of mind,2,3
"('philosophyofmind', 'problemofperception')",problem of perception,philosophy of mind,4,0
"('externalism', 'philosophyofmind')",externalism,philosophy of mind,3,3
"('induction', 'philosophyofmind')",induction,philosophy of mind,1,2
"('artificialintelligence', 'philosophyofmind')",artificial intelligence,philosophy of mind,4,0
"('consciousnessandpsychology', 'philosophyofmind')",consciousness and psychology,philosophy of mind,4,2
"('mentalcontent', 'philosophyofmind')",mental content,philosophy of mind,4,0
"('philosophyofmind', 'philosophyofscienceandthesciences')",philosophy of science and the sciences,philosophy of mind,1,2
"('philosophyofcomputerscience', 'philosophyofmind')",philosophy of computer science,philosophy of mind,2,2
"('philosophyofbiology', 'philosophyofmind')",philosophy of biology,philosophy of mind,2,2
"('interactionism', 'philosophyofmind')",interactionism,philosophy of mind,3,0
"('mentalstate', 'philosophyofmind')",mental state,philosophy of mind,4,3
"('modularity', 'philosophyofmind')",modularity,philosophy of mind,2,3
"('philosophyofart', 'philosophyofmind')",philosophy of art,philosophy of mind,0,-1
"('philosophyofmind', 'symbolicprocessing')",symbolic processing,philosophy of mind,3,0
"('philosophyofmind', 'realism')",realism,philosophy of mind,3,3
"('modernphilosophy', 'philosophyofmind')",modern philosophy,philosophy of mind,3,2
"('epistemologicalproblemsofperception', 'philosophyofmind')",epistemological problems of perception,philosophy of mind,2,0
"('computationandrepresentation', 'philosophyofmind')",computation and representation,philosophy of mind,4,0
"('introspection', 'philosophyofmind')",introspection,philosophy of mind,4,0
"('mindbodyproblem', 'philosophyofmind')",mind-body problem,philosophy of mind,4,0
"('imagery', 'philosophyofmind')",imagery,philosophy of mind,4,0
"('mathematicallogic', 'philosophyofmind')",mathematical logic,philosophy of mind,2,3
"('internalism', 'philosophyofmind')",internalism,philosophy of mind,3,3
"('philosophyofmind', 'virtuesandvices')",virtues and vices,philosophy of mind,0,-1
"('perception', 'problemofperception')",problem of perception,perception,4,2
"('perception', 'platoonknowledgeinthetheaetetus')",plato on knowledge in the theaetetus,perception,0,-1
"('leibnizoncausation', 'perception')",leibniz on causation,perception,0,-1
"('experienceandperceptionoftime', 'perception')",experience and perception of time,perception,3,0
"('descartesepistemology', 'perception')",descartes' epistemology,perception,2,0
"('perception', 'sensedata')",sense-data,perception,4,0
"('object', 'perception')",object,perception,2,3
"('mentalimagery', 'perception')",mental imagery,perception,3,0
"('nonconceptualmentalcontent', 'perception')",nonconceptual mental content,perception,4,0
"('perception', 'phenomenologicalapproachestoselfconsciousness')",phenomenological approaches to self-consciousness,perception,3,0
"('higherordertheoriesofconsciousness', 'perception')",higher-order theories of consciousness,perception,3,0
"('deweysaesthetics', 'perception')",dewey's aesthetics,perception,0,-1
"('descartesontologicalargument', 'perception')",descartes' ontological argument,perception,0,-1
"('perception', 'scottishphilosophyinthe19thcentury')",scottish philosophy in the 19th century,perception,3,1
"('kantsviewofthemindandconsciousnessofself', 'perception')",kant's view of the mind and consciousness of self,perception,3,2
"('epistemologicalproblemsofperception', 'perception')",epistemological problems of perception,perception,4,0
"('ideas', 'perception')",ideas,perception,3,3
"('perception', 'sensedata')",sense data,perception,4,0
"('perception', 'selfknowledge')",self-knowledge,perception,2,2
"('leibnizsinfluenceonkant', 'perception')",leibniz's influence on kant,perception,3,2
"('consciousnessandintentionality', 'perception')",consciousness and intentionality,perception,4,2
"('perception', 'unitarianism')",unitarianism,perception,0,-1
"('18thcenturygermanaesthetics', 'perception')",18th century german aesthetics,perception,0,-1
"('consciousnessandcontent', 'perception')",consciousness and content,perception,3,2
"('blindsight', 'perception')",blindsight,perception,4,0
"('17thand18thcenturytheoriesofemotions', 'perception')",17th and 18th century theories of emotions,perception,0,-1
"('epistemologicalproblemsoftestimony', 'perception')",epistemological problems of testimony,perception,0,-1
"('introspection', 'perception')",introspection,perception,3,2
"('18thcenturybritishaesthetics', 'perception')",18th century british aesthetics,perception,0,-1
"('matter', 'perception')",matter,perception,2,3
"('consciousness', 'perception')",consciousness,perception,4,1
"('imagery', 'perception')",imagery,perception,3,2
"('descartesandthepinealgland', 'perception')",descartes and the pineal gland,perception,0,-1
"('nonconceptualcontent', 'perception')",non-conceptual content,perception,4,0
"('externalism', 'perception')",externalism,perception,2,3
"('folkpsychology', 'perception')",folk psychology,perception,1,2
"('cognitivescience', 'perception')",cognitive science,perception,2,1
"('aposterioriknowledge', 'perception')",a posteriori knowledge,perception,2,0
"('currentphilosophy', 'perception')",current philosophy,perception,3,1
"('perception', 'reliabilism')",reliabilism,perception,2,2
"('mentalrepresentation', 'perception')",mental representation,perception,3,1
"('cartesiandualism', 'perception')",cartesian dualism,perception,0,-1
"('perception', 'philosophyofphysics')",philosophy of physics,perception,0,-1
"('animalcognition', 'perception')",animal cognition,perception,2,1
"('aristotleonnoncontradiction', 'perception')",aristotle on non-contradiction,perception,0,-1
"('intentionality', 'perception')",intentionality,perception,4,1
"('perception', 'unityofconsciousness')",unity of consciousness,perception,2,2
"('body', 'perception')",body,perception,2,1
"('perception', 'representationalism')",representationalism,perception,4,0
"('gettierproblem', 'perception')",gettier problem,perception,0,-1
"('internalismandexternalism', 'perception')",internalism and externalism,perception,1,1
"('logos', 'perception')",logos,perception,0,-1
"('perception', 'qualia')",qualia,perception,3,2
"('perception', 'propositionalattitude')",propositional attitude,perception,3,2
"('justifiedtruebelief', 'perception')",justified true belief,perception,0,-1
"('modernphilosophy', 'perception')",modern philosophy,perception,2,1
"('cognitivevalueofart', 'perception')",cognitive value of art,perception,0,-1
"('hardproblem', 'perception')",hard problem,perception,3,2
"('artisticrepresentation', 'perception')",artistic representation,perception,0,-1
"('consciousnessandscience', 'perception')",consciousness and science,perception,3,1
"('koreanphilosophy', 'perception')",korean philosophy,perception,0,-1
"('computationandrepresentation', 'perception')",computation and representation,perception,3,1
"('causaltheoriesofmentalcontent', 'perception')",causal theories of mental content,perception,3,1
"('perception', 'philosophyofperception')",philosophy of perception,perception,4,2
"('neuralcorrelates', 'perception')",neural correlates,perception,1,0
"('computationallinguistics', 'perception')",computational linguistics,perception,0,-1
"('pakistaniphilosophy', 'perception')",pakistani philosophy,perception,0,-1
"('connectionistmodel', 'perception')",connectionist model,perception,0,-1
"('perception', 'teleosemantics')",teleosemantics,perception,2,1
"('expressionism', 'perception')",expressionism,perception,0,-1
"('abstractexpressionism', 'perception')",abstract expressionism,perception,0,-1
"('measurementinquantumtheory', 'perception')",measurement in quantum theory,perception,0,-1
"('existence', 'perception')",existence,perception,0,-1
"('autism', 'perception')",autism,perception,0,-1
"('identitytheoryofmind', 'perception')",identity theory of mind,perception,2,1
"('perception', 'surrealism')",surrealism,perception,0,-1
"('dadaism', 'perception')",dadaism,perception,0,-1
"('perception', 'philosophyofpsychology')",philosophy of psychology,perception,2,1
"('perception', 'psychologicaltheory')",psychological theory,perception,2,1
"('magnetism', 'perception')",magnetism,perception,0,-1
"('causeandeffect', 'perception')",cause and effect,perception,1,1
"('perception', 'psychologicalrelation')",psychological relation,perception,2,1
"('concepts', 'perception')",concepts,perception,3,3
"('epistemology', 'socialepistemology')",social epistemology,epistemology,4,0
"('epistemology', 'feministsocialepistemology')",feminist social epistemology,epistemology,4,0
"('epistemology', 'naturalizedepistemology')",naturalized epistemology,epistemology,4,0
"('epistemology', 'virtueepistemology')",virtue epistemology,epistemology,4,0
"('coherentism', 'epistemology')",coherentism,epistemology,4,0
"('epistemology', 'epistemologyofreligion')",epistemology of religion,epistemology,4,0
"('epistemology', 'moralepistemology')",moral epistemology,epistemology,4,0
"('epistemology', 'epistemologyofscience')",epistemology of science,epistemology,4,0
"('epistemology', 'evolutionaryepistemology')",evolutionary epistemology,epistemology,4,0
"('epistemology', 'knowledge')",knowledge,epistemology,4,2
"('epistemology', 'feministepistemologyandphilosophyofscience')",feminist epistemology and philosophy of science,epistemology,4,0
"('epistemology', 'foundationalism')",foundationalism,epistemology,4,0
"('epistemology', 'reliabilism')",reliabilism,epistemology,4,0
"('epistemologicalproblemsofperception', 'epistemology')",epistemological problems of perception,epistemology,4,0
"('epistemology', 'moralepistemologyandmoralreasoning')",moral epistemology and moral reasoning,epistemology,4,2
"('epistemologicalproblemsoftestimony', 'epistemology')",epistemological problems of testimony,epistemology,4,0
"('epistemology', 'feministphilosophy')",feminist philosophy,epistemology,2,2
"('contextualism', 'epistemology')",contextualism,epistemology,4,0
"('belief', 'epistemology')",belief,epistemology,4,0
"('ancientphilosophy', 'problemofevil')",problem of evil,ancient philosophy,0,-1
"('ancientphilosophy', 'existentialism')",existentialism,ancient philosophy,0,-1
"('ancientphilosophy', 'probabilityandstatistics')",probability and statistics,ancient philosophy,0,-1
"('ancientphilosophy', 'miracles')",miracles,ancient philosophy,0,-1
"('ancientphilosophy', 'hermeneutics')",hermeneutics,ancient philosophy,0,-1
"('ancientphilosophy', 'probability')",probability,ancient philosophy,0,-1
"('ancientphilosophy', 'scientificexplanation')",scientific explanation,ancient philosophy,2,0
"('ancientphilosophy', 'reception')",reception,ancient philosophy,1,1
"('philosophyofreligion', 'religiousdiversity')",religious diversity,philosophy of religion,4,0
"('feministphilosophyofreligion', 'philosophyofreligion')",feminist philosophy of religion,philosophy of religion,4,0
"('emotionsinthechristiantradition', 'philosophyofreligion')",emotions in the christian tradition,philosophy of religion,4,0
"('philosophyofreligion', 'religion')",religion,philosophy of religion,4,1
"('kantsphilosophyofreligion', 'philosophyofreligion')",kant's philosophy of religion,philosophy of religion,4,0
"('epistemologyofreligion', 'philosophyofreligion')",epistemology of religion,philosophy of religion,4,0
"('philosophyofreligion', 'religionandscience')",religion and science,philosophy of religion,4,0
"('fideism', 'philosophyofreligion')",fideism,philosophy of religion,4,0
"('humeonreligion', 'philosophyofreligion')",hume on religion,philosophy of religion,4,0
"('belief', 'philosophyofreligion')",belief,philosophy of religion,4,1
"('philosophyofreligion', 'religionandmorality')",religion and morality,philosophy of religion,4,0
"('philosophyofreligion', 'scienceandreligion')",science and religion,philosophy of religion,4,0
"('pantheism', 'philosophyofreligion')",pantheism,philosophy of religion,4,0
"('definitionofmorality', 'philosophyofreligion')",definition of morality,philosophy of religion,2,0
"('philosophyofreligion', 'toleration')",toleration,philosophy of religion,2,0
"('lockespoliticalphilosophy', 'philosophyofreligion')",locke's political philosophy,philosophy of religion,0,-1
"('philosophyofreligion', 'taoism')",taoism,philosophy of religion,4,0
"('phenomenologyofreligion', 'philosophyofreligion')",phenomenology of religion,philosophy of religion,4,0
"('philosophyofreligion', 'pragmaticargumentsandbeliefingod')",pragmatic arguments and belief in god,philosophy of religion,4,0
"('life', 'philosophyofreligion')",life,philosophy of religion,3,1
"('philosophyofreligion', 'religiouslanguage')",religious language,philosophy of religion,4,0
"('hinduism', 'philosophyofreligion')",hinduism,philosophy of religion,3,0
"('judaism', 'philosophyofreligion')",judaism,philosophy of religion,3,0
"('philosophyofreligion', 'secularhumanism')",secular humanism,philosophy of religion,3,0
"('philosophyofreligion', 'theism')",theism,philosophy of religion,4,0
"('conceptsofgod', 'philosophyofreligion')",concepts of god,philosophy of religion,4,0
"('miracles', 'philosophyofreligion')",miracles,philosophy of religion,4,0
"('philosophyofreligion', 'satanism')",satanism,philosophy of religion,1,0
"('philosophyofreligion', 'religionandpolitics')",religion and politics,philosophy of religion,4,0
"('matter', 'philosophyofreligion')",matter,philosophy of religion,0,-1
"('influenceofislamicthoughtonmaimonides', 'philosophyofreligion')",influence of islamic thought on maimonides,philosophy of religion,4,0
"('cosmologicalargumentsfortheexistenceofgod', 'philosophyofreligion')",cosmological arguments for the existence of god,philosophy of religion,4,0
"('libertyofconscience', 'philosophyofreligion')",liberty of conscience,philosophy of religion,3,0
"('argumentsfortheexistenceofgod', 'philosophyofreligion')",arguments for the existence of god,philosophy of religion,4,0
"('buddhism', 'philosophyofreligion')",buddhism,philosophy of religion,3,0
"('christiantheology', 'philosophyofreligion')",christian theology,philosophy of religion,4,0
"('philosophyofreligion', 'problemofevil')",problem of evil,philosophy of religion,4,0
"('philosophyofreligion', 'polytheism')",polytheism,philosophy of religion,4,0
"('existence', 'philosophyofreligion')",existence,philosophy of religion,1,1
"('philosophyofreligion', 'transcendentalism')",transcendentalism,philosophy of religion,4,0
"('medievalpoliticalphilosophy', 'philosophyofreligion')",medieval political philosophy,philosophy of religion,1,0
"('daoism', 'philosophyofreligion')",daoism,philosophy of religion,3,0
"('ontologicalargument', 'philosophyofreligion')",ontological argument,philosophy of religion,4,0
"('ethnocentrism', 'philosophyofreligion')",ethnocentrism,philosophy of religion,0,-1
"('philosophyofreligion', 'secularism')",secularism,philosophy of religion,3,0
"('philosophyofreligion', 'politicalauthority')",political authority,philosophy of religion,1,0
"('afterlife', 'philosophyofreligion')",afterlife,philosophy of religion,4,0
"('culture', 'philosophyofreligion')",culture,philosophy of religion,0,-1
"('formsofgovernment', 'philosophyofreligion')",forms of government,philosophy of religion,0,-1
"('philosophyandchristiantheology', 'philosophyofreligion')",philosophy and christian theology,philosophy of religion,4,0
"('philosophyofreligion', 'pietism')",pietism,philosophy of religion,2,2
"('naturallawtradition', 'philosophyofreligion')",natural law tradition,philosophy of religion,4,2
"('pacifism', 'philosophyofreligion')",pacifism,philosophy of religion,2,2
"('nonwesternphilosophy', 'philosophyofreligion')",non-western philosophy,philosophy of religion,1,2
"('hinduphilosophy', 'philosophyofreligion')",hindu philosophy,philosophy of religion,2,2
"('humesnewtonianismandantinewtonianism', 'philosophyofreligion')",hume's newtonianism and anti-newtonianism,philosophy of religion,0,-1
"('catholicism', 'philosophyofreligion')",catholicism,philosophy of religion,4,2
"('modernphilosophy', 'philosophyofreligion')",modern philosophy,philosophy of religion,1,2
"('philosophyofreligion', 'protestantism')",protestantism,philosophy of religion,3,2
"('lutheranism', 'philosophyofreligion')",lutheranism,philosophy of religion,3,2
"('fanaticism', 'philosophyofreligion')",fanaticism,philosophy of religion,1,3
"('islamicphilosophy', 'philosophyofreligion')",islamic philosophy,philosophy of religion,4,2
"('philosophyofreligion', 'politicallegitimacy')",political legitimacy,philosophy of religion,0,-1
"('atheism', 'philosophyofreligion')",atheism,philosophy of religion,4,0
"('cosmologicalargument', 'philosophyofreligion')",cosmological argument,philosophy of religion,4,0
"('eternityinchristianthought', 'philosophyofreligion')",Eternity in Christian Thought,philosophy of religion,4,3
"('atonement', 'philosophyofreligion')",atonement,philosophy of religion,4,0
"('evolutionarypsychology', 'philosophyofreligion')",evolutionary psychology,philosophy of religion,3,2
"('freedomofspeech', 'philosophyofreligion')",freedom of speech,philosophy of religion,0,-1
"('creationism', 'philosophyofreligion')",creationism,philosophy of religion,4,0
"('philosophyofreligion', 'socialandpoliticalphilosophy')",social and political philosophy,philosophy of religion,0,-1
"('philosophyofreligion', 'socialphilosophyandpoliticalphilosophy')",social philosophy and political philosophy,philosophy of religion,0,-1
"('nazism', 'philosophyofreligion')",nazism,philosophy of religion,0,-1
"('philosophyofreligion', 'publicreason')",public reason,philosophy of religion,3,3
"('freedomofexpression', 'philosophyofreligion')",freedom of expression,philosophy of religion,0,-1
"('anarchism', 'philosophyofreligion')",anarchism,philosophy of religion,0,-1
"('philosophyofreligion', 'socialcontract')",social contract,philosophy of religion,0,-1
"('commongood', 'philosophyofreligion')",common good,philosophy of religion,2,2
"('philosophyofreligion', 'zenbuddhism')",zen buddhism,philosophy of religion,2,2
"('perfectgoodness', 'philosophyofreligion')",perfect goodness,philosophy of religion,4,3
"('churchandstate', 'philosophyofreligion')",church and state,philosophy of religion,4,2
"('omniscience', 'philosophyofreligion')",omniscience,philosophy of religion,4,0
"('divinerevelation', 'philosophyofreligion')",divine revelation,philosophy of religion,4,0
"('divinelaw', 'philosophyofreligion')",divine law,philosophy of religion,4,0
"('monotheism', 'philosophyofreligion')",monotheism,philosophy of religion,4,0
"('philosophyofreligion', 'westernphilosophy')",western philosophy,philosophy of religion,4,1
"('asceticism', 'philosophyofreligion')",asceticism,philosophy of religion,4,0
"('philosophyofreligion', 'sovereignty')",sovereignty,philosophy of religion,4,3
"('agnosticism', 'philosophyofreligion')",agnosticism,philosophy of religion,4,0
"('philosophyofreligion', 'philosophyofwar')",philosophy of war,philosophy of religion,1,-1
"('humanrights', 'philosophyofreligion')",human rights,philosophy of religion,1,-1
"('normativeethics', 'personalidentityandethics')",personal identity and ethics,normative ethics,4,-1
"('mooresmoralphilosophy', 'normativeethics')",moore's moral philosophy,normative ethics,4,0
"('biomedicalethics', 'normativeethics')",biomedical ethics,normative ethics,4,0
"('argumentsforincompatibilism', 'normativeethics')",arguments for incompatibilism,normative ethics,4,0
"('bioethics', 'normativeethics')",bioethics,normative ethics,4,-1
"('appliedethics', 'normativeethics')",applied ethics,normative ethics,4,2
"('nietzschesmoralandpoliticalphilosophy', 'normativeethics')",nietzsche's moral and political philosophy,normative ethics,4,0
"('deonticlogic', 'normativeethics')",deontic logic,normative ethics,4,-1
"('aprioriandaposteriori', 'normativeethics')",a priori and a posteriori,normative ethics,1,2
"('feministethics', 'normativeethics')",feminist ethics,normative ethics,4,0
"('normativeethics', 'spacetime')",spacetime,normative ethics,0,-1
"('environmentalethics', 'normativeethics')",environmental ethics,normative ethics,4,0
"('fatalism', 'normativeethics')",fatalism,normative ethics,4,2
"('normativeethics', 'selfdeception')",self-deception,normative ethics,4,2
"('normativeethics', 'valuetheory')",value theory,normative ethics,4,-1
"('abstractobject', 'platonisminmetaphysics')",platonism in metaphysics,abstract object,4,1
"('abstractobject', 'concreteobject')",concrete object,abstract object,4,2
"('abstractobject', 'nonexistentobjects')",nonexistent objects,abstract object,4,0
"('computerethics', 'ethics')",computer ethics,ethics,1,0
"('computerethics', 'ethics')",computer ethics,ethics,1,0
"('ethics', 'feministethics')",feminist ethics,ethics,3,3
"('ethics', 'virtueethics')",virtue ethics,ethics,4,0
"('ethics', 'personalidentityandethics')",personal identity and ethics,ethics,3,3
"('ethics', 'ethicsandinformationtechnology')",ethics and information technology,ethics,1,0
"('aristotlesethics', 'ethics')",aristotle's ethics,ethics,4,0
"('environmentalethics', 'ethics')",environmental ethics,ethics,4,0
"('ethics', 'mooresmoralphilosophy')",moore's moral philosophy,ethics,4,0
"('ethics', 'gametheoryinethics')",game theory in ethics,ethics,3,3
"('ethics', 'normativeethics')",normative ethics,ethics,4,0
"('descartesethics', 'ethics')",descartes' ethics,ethics,2,0
"('ethics', 'ethicsofscience')",ethics of science,ethics,4,0
"('ethics', 'medievaltheoriesofpracticalreason')",medieval theories of practical reason,ethics,2,0
"('ethics', 'feministbioethics')",feminist bioethics,ethics,3,0
"('chinesewesterncomparativephilosophy', 'ethics')",chinese-western comparative philosophy,ethics,4,3
"('ethics', 'spinozaspsychologicaltheory')",spinoza's psychological theory,ethics,3,3
"('ethics', 'socialandpoliticalphilosophy')",social and political philosophy,ethics,3,2
"('ethics', 'virtuesandvices')",virtues and vices,ethics,3,3
"('empiricalapproachestomoralpsychology', 'ethics')",empirical approaches to moral psychology,ethics,3,3
"('ethics', 'phenomenologicalapproachestoethicsandinformationtechnology')",phenomenological approaches to ethics and information technology,ethics,1,-1
"('deontologicalethics', 'ethics')",deontological ethics,ethics,4,0
"('aquinasmoralpoliticalandlegalphilosophy', 'ethics')","aquinas' moral, political, and legal philosophy",ethics,2,0
"('ethics', 'gametheoryandethics')",game theory and ethics,ethics,2,3
"('ethics', 'eudemonism')",eudemonism,ethics,3,0
"('ethics', 'philosophyofpsychology')",philosophy of psychology,ethics,2,2
"('ethics', 'religionandmorality')",religion and morality,ethics,2,3
"('ethics', 'life')",life,ethics,1,3
"('ethics', 'perfectionisminmoralandpoliticalphilosophy')",perfectionism in moral and political philosophy,ethics,3,0
"('deontology', 'ethics')",deontology,ethics,4,0
"('ethics', 'moralabsolutism')",moral absolutism,ethics,3,0
"('ethicalrelativism', 'ethics')",ethical relativism,ethics,3,0
"('ethics', 'philosophiesoftheparticularsciences')",philosophies of the particular sciences,ethics,1,3
"('chineseethics', 'ethics')",chinese ethics,ethics,3,0
"('ethics', 'eudaimonia')",eudaimonia,ethics,3,0
"('ethics', 'modernphilosophy')",modern philosophy,ethics,2,2
"('ethics', 'utilitarianism')",utilitarianism,ethics,4,-1
"('biomedicalethics', 'ethics')",biomedical ethics,ethics,4,0
"('ethics', 'valuepluralism')",value-pluralism,ethics,2,3
"('ethics', 'internationalethics')",international ethics,ethics,2,3
"('ethics', 'ethicsandart')",ethics and art,ethics,3,3
"('ethics', 'moraluniversalism')",moral universalism,ethics,4,0
"('ethics', 'feministphilosophy')",feminist philosophy,ethics,3,2
"('bioethics', 'ethics')",bioethics,ethics,3,0
"('ethics', 'moralpsychology')",moral psychology,ethics,3,0
"('ethics', 'happiness')",happiness,ethics,2,3
"('ethics', 'goodnessandvaluetheory')",goodness and value theory,ethics,3,-1
"('ethics', 'historyofethics')",history of ethics,ethics,3,3
"('ethics', 'leibnizsethics')",leibniz's ethics,ethics,3,0
"('abortion', 'ethics')",abortion,ethics,3,3
"('consequentialism', 'ethics')",consequentialism,ethics,4,0
"('emotivism', 'ethics')",emotivism,ethics,3,0
"('ethics', 'wellbeing')",well-being,ethics,3,0
"('ethics', 'pacifism')",pacifism,ethics,2,3
"('ethics', 'republic')",republic,ethics,1,3
"('ethics', 'spinozasphysicaltheory')",spinoza's physical theory,ethics,2,3
"('ethics', 'philosophyofscienceandthesciences')",philosophy of science and the sciences,ethics,1,1
"('businessethics', 'ethics')",business ethics,ethics,3,0
"('ethics', 'weaknessofwill')",weakness of will,ethics,3,0
"('ancientphilosophyplato', 'ethics')",ancient philosophy (plato),ethics,1,1
"('ethics', 'stoicism')",stoicism,ethics,1,3
"('ethics', 'naturallawtraditioninethics')",natural law tradition in ethics,ethics,2,0
"('ethics', 'noncognitivism')",non-cognitivism,ethics,3,0
"('ethics', 'war')",war,ethics,2,3
"('contractualism', 'ethics')",contractualism,ethics,3,0
"('ethics', 'personalidentity')",personal identity,ethics,2,3
"('ethics', 'practicalreason')",practical reason,ethics,3,2
"('ethics', 'moralepistemologyandmoralreasoning')",moral epistemology and moral reasoning,ethics,3,0
"('ethics', 'philosophyofeconomics')",philosophy of economics,ethics,2,3
"('ethics', 'philosophyofscience')",philosophy of science,ethics,1,2
"('ethics', 'feministtheory')",feminist theory,ethics,2,3
"('confucianphilosophy', 'ethics')",confucian philosophy,ethics,2,3
"('consequences', 'ethics')",consequences,ethics,2,3
"('ethics', 'socialcontract')",social contract,ethics,3,0
"('ethics', 'philosophyofmedicine')",philosophy of medicine,ethics,2,3
"('ethics', 'socialjustice')",social justice,ethics,3,3
"('ethics', 'medievaltheoriesofconscience')",medieval theories of conscience,ethics,1,3
"('ethics', 'philosophyofmind')",philosophy of mind,ethics,2,2
"('ethics', 'platosethics')",plato's ethics,ethics,3,0
"('ethics', 'situationism')",situationism,ethics,3,0
"('logic', 'propositionalconsequencerelationsandalgebraiclogic')",propositional consequence relations and algebraic logic,logic,4,0
"('logic', 'modallogic')",modal logic,logic,4,0
"('hybridlogic', 'logic')",hybrid logic,logic,4,0
"('logic', 'logicandartificialintelligence')",logic and artificial intelligence,logic,3,2
"('linearlogic', 'logic')",linear logic,logic,4,0
"('logic', 'provabilitylogic')",provability logic,logic,4,0
"('informallogic', 'logic')",informal logic,logic,4,0
"('connexivelogic', 'logic')",connexive logic,logic,4,0
"('deonticlogic', 'logic')",deontic logic,logic,4,0
"('logic', 'logicandlanguage')",logic and language,logic,3,2
"('fuzzylogic', 'logic')",fuzzy logic,logic,4,0
"('classicallogic', 'logic')",classical logic,logic,4,0
"('logic', 'manyvaluedlogic')",many-valued logic,logic,4,0
"('logic', 'substructurallogic')",substructural logic,logic,4,0
"('logic', 'logicandontology')",logic and ontology,logic,3,2
"('logic', 'relevancelogic')",relevance logic,logic,4,0
"('logic', 'paraconsistentlogic')",paraconsistent logic,logic,4,0
"('epistemiclogic', 'logic')",epistemic logic,logic,4,0
"('logic', 'philosophyoflanguage')",philosophy of language,logic,2,2
"('logic', 'temporallogic')",temporal logic,logic,4,0
"('inductivelogic', 'logic')",inductive logic,logic,4,0
"('automatedreasoning', 'logic')",automated reasoning,logic,2,3
"('logic', 'psychologism')",psychologism,logic,0,-1
"('logic', 'philosophicallogic')",philosophical logic,logic,4,0
"('ancientlogic', 'logic')",ancient logic,logic,4,0
"('logic', 'nonclassicallogic')",non-classical logic,logic,4,0
"('algebra', 'logic')",algebra,logic,3,0
"('interpretation', 'logic')",interpretation,logic,3,0
"('logic', 'mathematicallogic')",mathematical logic,logic,4,0
"('inductivelogicanddecisiontheory', 'logic')",inductive logic and decision theory,logic,3,0
"('inductivelogicanddecisiontheory', 'logic')",inductive logic and decision theory,logic,3,0
"('logic', 'philosophyofmathematics')",philosophy of mathematics,logic,4,2
"('logic', 'logicandcomputation')",logic and computation,logic,4,0
"('logic', 'medievaltheoriesofthesyllogism')",medieval theories of the syllogism,logic,4,0
"('logic', 'mallysdeonticlogic')",mally's deontic logic,logic,4,0
"('fregestheoremandfoundationsforarithmetic', 'logic')",frege's theorem and foundations for arithmetic,logic,4,0
"('logic', 'modernphilosophy')",modern philosophy,logic,0,-1
"('connectives', 'logic')",connectives,logic,4,0
"('logic', 'quantumlogicandprobabilitytheory')",quantum logic and probability theory,logic,4,0
"('logic', 'logicandgames')",logic and games,logic,4,0
"('actualism', 'logic')",actualism,logic,1,3
"('logic', 'philosophyofcomputerscience')",philosophy of computer science,logic,3,0
"('freelogic', 'logic')",free logic,logic,4,0
"('constructivemathematics', 'logic')",constructive mathematics,logic,3,0
"('epsiloncalculus', 'logic')",epsilon calculus,logic,4,0
"('logic', 'logicalconstant')",logical constant,logic,4,0
"('logic', 'modelsandidealization')",models and idealization,logic,4,0
"('logic', 'peirceslogic')",peirce's logic,logic,4,0
"('kantstheoryofjudgment', 'logic')",kant's theory of judgment,logic,1,0
"('historyoflogic', 'logic')",history of logic,logic,4,0
"('intensionallogic', 'logic')",intensional logic,logic,4,0
"('brentanostheoryofjudgement', 'logic')",brentano's theory of judgement,logic,1,0
"('logic', 'soritesparadox')",sorites paradox,logic,4,0
"('booleanalgebra', 'logic')",boolean algebra,logic,4,0
"('logic', 'prooftheory')",proof theory,logic,4,0
"('logic', 'modeltheory')",model theory,logic,4,0
"('analysis', 'logic')",analysis,logic,3,0
"('logic', 'medievalsemiotics')",medieval semiotics,logic,3,0
"('logic', 'philosophiesoftheparticularsciences')",philosophies of the particular sciences,logic,2,0
"('generalizedquantifiers', 'logic')",generalized quantifiers,logic,4,0
"('logic', 'quantifiersandquanitification')",quantifiers and quanitification,logic,4,0
"('logic', 'pluralquantification')",plural quantification,logic,4,0
"('logic', 'logicalform')",logical form,logic,4,0
"('logic', 'philosophyoflogic')",philosophy of logic,logic,4,2
"('logic', 'matter')",matter,logic,0,-1
"('logic', 'notationinprincipiamathematica')",notation in principia mathematica,logic,4,0
"('logic', 'propositionaldynamiclogic')",propositional dynamic logic,logic,4,0
"('logic', 'logicaltruth')",logical truth,logic,4,0
"('artificialintelligence', 'logic')",artificial intelligence,logic,2,0
"('logic', 'traditionalsquareofopposition')",traditional square of opposition,logic,4,0
"('logic', 'logicalconsequence')",logical consequence,logic,4,0
"('formalism', 'logic')",formalism,logic,4,0
"('logic', 'syllogism')",syllogism,logic,4,0
"('disjunction', 'logic')",disjunction,logic,4,0
"('ideas', 'logic')",ideas,logic,0,-1
"('compositionalityandlogicalform', 'logic')",compositionality and logical form,logic,4,0
"('developmentoffirstorderlogic', 'logic')",development of first-order logic,logic,4,0
"('logic', 'philosophyofscienceandthesciences')",philosophy of science and the sciences,logic,1,2
"('confirmationandinduction', 'logic')",confirmation and induction,logic,1,0
"('logic', 'settheory')",set theory,logic,4,0
"('logic', 'logicism')",logicism,logic,4,0
"('logic', 'probabilityandstatistics')",probability and statistics,logic,2,2
"('freeriderproblem', 'logic')",free rider problem,logic,0,-1
"('definition', 'logic')",definition,logic,2,0
"('liarparadox', 'logic')",liar paradox,logic,4,0
"('logic', 'probability')",probability,logic,2,0
"('logic', 'typetheory')",type theory,logic,2,0
"('computationallogic', 'logic')",computational logic,logic,4,0
"('logic', 'logicofaction')",logic of action,logic,4,0
"('independencefriendlylogic', 'logic')",independence-friendly logic,logic,4,0
"('conditionals', 'logic')",conditionals,logic,4,0
"('logic', 'peripatetic')",peripatetic,logic,1,0
"('logic', 'syntax')",syntax,logic,4,0
"('analyticfeminism', 'methodsinfeminism')",analytic feminism,methods in feminism,4,0
"('feministepistemologyandphilosophyofscience', 'methodsinfeminism')",feminist epistemology and philosophy of science,methods in feminism,3,0
"('methodsinfeminism', 'pragmatistfeminism')",pragmatist feminism,methods in feminism,4,0
"('feministhistoryofphilosophy', 'methodsinfeminism')",feminist history of philosophy,methods in feminism,4,1
"('historyoffeminism', 'methodsinfeminism')",history of feminism,methods in feminism,4,1
"('classandwork', 'methodsinfeminism')",class and work,methods in feminism,3,2
"('homophobia', 'methodsinfeminism')",homophobia,methods in feminism,3,3
"('classism', 'methodsinfeminism')",classism,methods in feminism,3,2
"('identitypolitics', 'methodsinfeminism')",identity politics,methods in feminism,2,0
"('approachestofeministphilosophy', 'methodsinfeminism')",approaches to feminist philosophy,methods in feminism,4,2
"('methodsinfeminism', 'topicsinfeminism')",topics in feminism,methods in feminism,4,1
"('feministperspectivesonclassandwork', 'methodsinfeminism')",feminist perspectives on class and work,methods in feminism,4,0
"('feministphilosophyofreligion', 'methodsinfeminism')",feminist philosophy of religion,methods in feminism,4,0
"('feministaesthetics', 'methodsinfeminism')",feminist aesthetics,methods in feminism,4,0
"('methodsinfeminism', 'poststructuralism')",poststructuralism,methods in feminism,2,1
"('intersectionsbetweenpragmatistandcontinentalfeminism', 'methodsinfeminism')",intersections between pragmatist and continental feminism,methods in feminism,3,0
"('continentalfeminism', 'methodsinfeminism')",continental feminism,methods in feminism,4,0
"('antisemitism', 'methodsinfeminism')",anti-semitism,methods in feminism,0,-1
"('feminism', 'methodsinfeminism')",feminism,methods in feminism,4,1
"('criticaltheory', 'methodsinfeminism')",critical theory,methods in feminism,0,-1
"('homosexuality', 'methodsinfeminism')",homosexuality,methods in feminism,2,3
"('affirmativeaction', 'methodsinfeminism')",affirmative action,methods in feminism,3,0
"('methodsinfeminism', 'socialism')",socialism,methods in feminism,1,0
"('methodsinfeminism', 'naturalizedepistemology')",naturalized epistemology,methods in feminism,0,-1
"('darwinism', 'methodsinfeminism')",darwinism,methods in feminism,0,-1
"('methodsinfeminism', 'replication')",replication,methods in feminism,0,-1
"('humanrights', 'methodsinfeminism')",human rights,methods in feminism,3,1
"('methodsinfeminism', 'postmodernism')",postmodernism,methods in feminism,2,1
"('methodsinfeminism', 'racism')",racism,methods in feminism,2,1
"('dynamism', 'methodsinfeminism')",dynamism,methods in feminism,0,-1
"('civilrights', 'methodsinfeminism')",civil rights,methods in feminism,4,0
"('methodsinfeminism', 'pragmatism')",pragmatism,methods in feminism,0,-1
"('kantscritiqueofmetaphysics', 'metaphysics')",kant's critique of metaphysics,metaphysics,4,0
"('metaphysics', 'metaphysicsofscience')",metaphysics of science,metaphysics,4,0
"('metaphysics', 'philosophyofphysics')",philosophy of physics,metaphysics,4,0
"('metaphysics', 'processtheism')",process theism,metaphysics,4,0
"('metaphysics', 'philosophiesoftheparticularsciences')",philosophies of the particular sciences,metaphysics,3,0
"('medievaltheoriesofthecategories', 'metaphysics')",medieval theories of the categories,metaphysics,4,0
"('metaphysics', 'philosophyofscienceandthesciences')",philosophy of science and the sciences,metaphysics,3,0
"('aristotleoncausality', 'metaphysics')",aristotle on causality,metaphysics,4,0
"('metaphysics', 'philosophyofpsychology')",philosophy of psychology,metaphysics,1,0
"('matter', 'metaphysics')",matter,metaphysics,4,0
"('metaphysics', 'metaphysicsofmind')",metaphysics of mind,metaphysics,4,2
"('metaphysics', 'philosophyofmathematics')",philosophy of mathematics,metaphysics,3,2
"('feministmetaphysics', 'metaphysics')",feminist metaphysics,metaphysics,4,0
"('aristotleandmathematics', 'metaphysics')",aristotle and mathematics,metaphysics,3,0
"('medievaltheoriesofanalogy', 'metaphysics')",medieval theories of analogy,metaphysics,4,0
"('metaphysics', 'realismandantirealism')",realism and anti-realism,metaphysics,4,0
"('metaphysics', 'realismandantirealism')",realism and anti-realism,metaphysics,4,0
"('metaphysics', 'naturalphilosophy')",natural philosophy,metaphysics,4,0
"('metaphysics', 'philosophyofscience')",philosophy of science,metaphysics,3,2
"('aristotleslogic', 'metaphysics')",aristotle's logic,metaphysics,1,0
"('metaphysics', 'realism')",realism,metaphysics,4,0
"('kantsphilosophyofreligion', 'metaphysics')",kant's philosophy of religion,metaphysics,1,0
"('medievaltheoriesofrelations', 'metaphysics')",medieval theories of relations,metaphysics,4,0
"('kantsphilosophicaldevelopment', 'metaphysics')",kant's philosophical development,metaphysics,1,0
"('18thcenturygermanaesthetics', 'metaphysics')",18th century german aesthetics,metaphysics,0,-1
"('metaphysics', 'philosophyofspaceandtime')",philosophy of space and time,metaphysics,4,0
"('existence', 'metaphysics')",existence,metaphysics,4,0
"('ancientphilosophyaristotle', 'metaphysics')",ancient philosophy (aristotle),metaphysics,2,0
"('hylomorphism', 'metaphysics')",hylomorphism,metaphysics,4,0
"('metaphysics', 'philosophyofmind')",philosophy of mind,metaphysics,4,2
"('metaphysics', 'scottishphilosophyinthe19thcentury')",scottish philosophy in the 19th century,metaphysics,1,0
"('analyticfeminism', 'metaphysics')",analytic feminism,metaphysics,1,0
"('inherence', 'metaphysics')",inherence,metaphysics,4,0
"('metaphysics', 'mindbodyproblem')",mind-body problem,metaphysics,4,0
"('metaphysics', 'platoonutopia')",plato on utopia,metaphysics,0,-1
"('metaphysics', 'modernphilosophy')",modern philosophy,metaphysics,1,0
"('kantsphilosophyofscience', 'metaphysics')",kant's philosophy of science,metaphysics,2,0
"('medievaltheoriesofcausality', 'metaphysics')",medieval theories of causality,metaphysics,4,0
"('logos', 'metaphysics')",logos,metaphysics,4,0
"('metaphysics', 'philosophyofperception')",philosophy of perception,metaphysics,3,0
"('metaphysics', 'philosophyofchemistry')",philosophy of chemistry,metaphysics,2,0
"('metaphysics', 'universals')",universals,metaphysics,4,0
"('metaphysics', 'principleofsufficientreason')",principle of sufficient reason,metaphysics,4,0
"('aristotlesnaturalphilosophy', 'metaphysics')",aristotle's natural philosophy,metaphysics,4,0
"('metaphysics', 'time')",time,metaphysics,4,0
"('abstractobject', 'metaphysics')",abstract object,metaphysics,4,0
"('metaphysics', 'platosmiddleperiodmetaphysicsandepistemology')",plato's middle period metaphysics and epistemology,metaphysics,2,0
"('metaphysics', 'mind')",mind,metaphysics,4,2
"('metaphysics', 'propernames')",proper names,metaphysics,4,0
"('metaphysics', 'personalidentityandethics')",personal identity and ethics,metaphysics,4,0
"('cosmology', 'metaphysics')",cosmology,metaphysics,4,0
"('continuant', 'metaphysics')",continuant,metaphysics,4,0
"('causeandeffect', 'metaphysics')",cause and effect,metaphysics,4,0
"('metaphysics', 'theoryofforms')",theory of forms,metaphysics,4,0
"('interpretation', 'metaphysics')",interpretation,metaphysics,1,0
"('leibnizsinfluenceonkant', 'metaphysics')",leibniz's influence on kant,metaphysics,3,0
"('aristotelianism', 'metaphysics')",aristotelianism,metaphysics,3,0
"('existenceofgod', 'metaphysics')",existence of god,metaphysics,4,0
"('metaphysics', 'motionandtime')",motion and time,metaphysics,4,0
"('lawsofnature', 'metaphysics')",laws of nature,metaphysics,4,0
"('mathematicallogic', 'metaphysics')",mathematical logic,metaphysics,2,0
"('descartesmodalmetaphysics', 'metaphysics')",descartes' modal metaphysics,metaphysics,4,0
"('metaphysics', 'metaphysicsofcausation')",metaphysics of causation,metaphysics,4,0
"('metaphysics', 'theoryoftruth')",theory of truth,metaphysics,4,0
"('metaphysics', 'vitalism')",vitalism,metaphysics,3,0
"('arabicphilosophyandislamicphilosophy', 'metaphysics')",arabic philosophy and islamic philosophy,metaphysics,2,0
"('metaphysics', 'singularpropositions')",singular propositions,metaphysics,4,0
"('metaphysics', 'philosophyofbiology')",philosophy of biology,metaphysics,2,0
"('metaphysics', 'philosophyofart')",philosophy of art,metaphysics,1,3
"('metaphysics', 'naturaltheology')",natural theology,metaphysics,4,0
"('metaphysics', 'peripatetic')",peripatetic,metaphysics,2,0
"('compositionalityandlogicalform', 'metaphysics')",compositionality and logical form,metaphysics,3,0
"('eternityoftheworld', 'metaphysics')",eternity of the world,metaphysics,4,0
"('ideas', 'metaphysics')",ideas,metaphysics,4,0
"('meaning', 'metaphysics')",meaning,metaphysics,3,0
"('metaphysics', 'sophists')",sophists,metaphysics,1,0
"('epistemologyofscience', 'metaphysics')",epistemology of science,metaphysics,2,0
"('metaphysics', 'socialphilosophyandpoliticalphilosophy')",social philosophy and political philosophy,metaphysics,0,-1
"('metaphysics', 'socialandpoliticalphilosophy')",social and political philosophy,metaphysics,0,-1
"('goodness', 'metaphysics')",goodness,metaphysics,3,0
"('mereology', 'metaphysics')",mereology,metaphysics,4,0
"('identitytheoryoftruth', 'metaphysics')",identity theory of truth,metaphysics,4,0
"('analysis', 'metaphysics')",analysis,metaphysics,2,0
"('eternityinchristianthought', 'metaphysics')",Eternity in Christian Thought,metaphysics,4,0
"('goodnessandvaluetheory', 'metaphysics')",goodness and value theory,metaphysics,2,2
"('metaphysics', 'platonism')",platonism,metaphysics,2,0
"('epistemeandtechne', 'metaphysics')",episteme and techne,metaphysics,2,0
"('identityofindiscernibles', 'metaphysics')",identity of indiscernibles,metaphysics,4,0
"('identityandindividualityinquantumtheory', 'metaphysics')",identity and individuality in quantum theory,metaphysics,4,0
"('metaphysics', 'simultaneity')",simultaneity,metaphysics,4,0
"('metaphysics', 'substance')",substance,metaphysics,4,0
"('confirmationandinduction', 'metaphysics')",confirmation and induction,metaphysics,1,0
"('metaphysics', 'processphilosophy')",process philosophy,metaphysics,2,0
"('philosophyofreligion', 'religiousdiversity')",religious diversity,philosophy of religion,1,0
"('feministphilosophyofreligion', 'philosophyofreligion')",feminist philosophy of religion,philosophy of religion,2,0
"('emotionsinthechristiantradition', 'philosophyofreligion')",emotions in the christian tradition,philosophy of religion,3,0
"('philosophyofreligion', 'religion')",religion,philosophy of religion,4,1
"('kantsphilosophyofreligion', 'philosophyofreligion')",kant's philosophy of religion,philosophy of religion,4,0
"('epistemologyofreligion', 'philosophyofreligion')",epistemology of religion,philosophy of religion,4,0
"('philosophyofreligion', 'religionandscience')",religion and science,philosophy of religion,4,0
"('fideism', 'philosophyofreligion')",fideism,philosophy of religion,4,0
"('humeonreligion', 'philosophyofreligion')",hume on religion,philosophy of religion,4,0
"('belief', 'philosophyofreligion')",belief,philosophy of religion,3,0
"('philosophyofreligion', 'religionandmorality')",religion and morality,philosophy of religion,4,0
"('philosophyofreligion', 'scienceandreligion')",science and religion,philosophy of religion,4,0
"('pantheism', 'philosophyofreligion')",pantheism,philosophy of religion,4,0
"('definitionofmorality', 'philosophyofreligion')",definition of morality,philosophy of religion,3,0
"('philosophyofreligion', 'toleration')",toleration,philosophy of religion,2,0
"('lockespoliticalphilosophy', 'philosophyofreligion')",locke's political philosophy,philosophy of religion,0,-1
"('philosophyofreligion', 'taoism')",taoism,philosophy of religion,4,0
"('phenomenologyofreligion', 'philosophyofreligion')",phenomenology of religion,philosophy of religion,4,0
"('philosophyofreligion', 'pragmaticargumentsandbeliefingod')",pragmatic arguments and belief in god,philosophy of religion,4,0
"('life', 'philosophyofreligion')",life,philosophy of religion,3,0
"('philosophyofreligion', 'religiouslanguage')",religious language,philosophy of religion,4,0
"('hinduism', 'philosophyofreligion')",hinduism,philosophy of religion,4,0
"('judaism', 'philosophyofreligion')",judaism,philosophy of religion,4,0
"('philosophyofreligion', 'secularhumanism')",secular humanism,philosophy of religion,4,0
"('philosophyofreligion', 'theism')",theism,philosophy of religion,4,0
"('conceptsofgod', 'philosophyofreligion')",concepts of god,philosophy of religion,4,0
"('miracles', 'philosophyofreligion')",miracles,philosophy of religion,4,0
"('philosophyofreligion', 'satanism')",satanism,philosophy of religion,4,0
"('philosophyofreligion', 'religionandpolitics')",religion and politics,philosophy of religion,4,0
"('matter', 'philosophyofreligion')",matter,philosophy of religion,3,0
"('influenceofislamicthoughtonmaimonides', 'philosophyofreligion')",influence of islamic thought on maimonides,philosophy of religion,4,0
"('cosmologicalargumentsfortheexistenceofgod', 'philosophyofreligion')",cosmological arguments for the existence of god,philosophy of religion,4,0
"('libertyofconscience', 'philosophyofreligion')",liberty of conscience,philosophy of religion,3,0
"('lebensphilosophie', 'philosophyofreligion')",lebensphilosophie,philosophy of religion,2,0
"('argumentsfortheexistenceofgod', 'philosophyofreligion')",arguments for the existence of god,philosophy of religion,4,0
"('buddhism', 'philosophyofreligion')",buddhism,philosophy of religion,4,0
"('christiantheology', 'philosophyofreligion')",christian theology,philosophy of religion,4,0
"('philosophyofreligion', 'problemofevil')",problem of evil,philosophy of religion,4,0
"('philosophyofreligion', 'polytheism')",polytheism,philosophy of religion,4,0
"('existence', 'philosophyofreligion')",existence,philosophy of religion,3,0
"('philosophyofreligion', 'transcendentalism')",transcendentalism,philosophy of religion,4,0
"('medievalpoliticalphilosophy', 'philosophyofreligion')",medieval political philosophy,philosophy of religion,2,0
"('daoism', 'philosophyofreligion')",daoism,philosophy of religion,4,0
"('ontologicalargument', 'philosophyofreligion')",ontological argument,philosophy of religion,4,0
"('ethnocentrism', 'philosophyofreligion')",ethnocentrism,philosophy of religion,0,-1
"('philosophyofreligion', 'secularism')",secularism,philosophy of religion,4,0
"('philosophyofreligion', 'politicalauthority')",political authority,philosophy of religion,2,0
"('afterlife', 'philosophyofreligion')",afterlife,philosophy of religion,4,0
"('culture', 'philosophyofreligion')",culture,philosophy of religion,3,2
"('formsofgovernment', 'philosophyofreligion')",forms of government,philosophy of religion,2,0
"('philosophyandchristiantheology', 'philosophyofreligion')",philosophy and christian theology,philosophy of religion,4,0
"('philosophyofreligion', 'pietism')",pietism,philosophy of religion,4,0
"('naturallawtradition', 'philosophyofreligion')",natural law tradition,philosophy of religion,4,0
"('pacifism', 'philosophyofreligion')",pacifism,philosophy of religion,1,0
"('nonwesternphilosophy', 'philosophyofreligion')",non-western philosophy,philosophy of religion,2,0
"('hinduphilosophy', 'philosophyofreligion')",hindu philosophy,philosophy of religion,4,0
"('humesnewtonianismandantinewtonianism', 'philosophyofreligion')",hume's newtonianism and anti-newtonianism,philosophy of religion,2,0
"('catholicism', 'philosophyofreligion')",catholicism,philosophy of religion,4,0
"('modernphilosophy', 'philosophyofreligion')",modern philosophy,philosophy of religion,0,-1
"('philosophyofreligion', 'protestantism')",protestantism,philosophy of religion,4,0
"('lutheranism', 'philosophyofreligion')",lutheranism,philosophy of religion,4,0
"('fanaticism', 'philosophyofreligion')",fanaticism,philosophy of religion,4,0
"('islamicphilosophy', 'philosophyofreligion')",islamic philosophy,philosophy of religion,4,0
"('philosophyofreligion', 'politicallegitimacy')",political legitimacy,philosophy of religion,1,0
"('atheism', 'philosophyofreligion')",atheism,philosophy of religion,4,0
"('cosmologicalargument', 'philosophyofreligion')",cosmological argument,philosophy of religion,4,0
"('eternityinchristianthought', 'philosophyofreligion')",Eternity in Christian Thought,philosophy of religion,4,0
"('atonement', 'philosophyofreligion')",atonement,philosophy of religion,4,0
"('evolutionarypsychology', 'philosophyofreligion')",evolutionary psychology,philosophy of religion,3,0
"('freedomofspeech', 'philosophyofreligion')",freedom of speech,philosophy of religion,3,0
"('creationism', 'philosophyofreligion')",creationism,philosophy of religion,4,0
"('philosophyofreligion', 'socialandpoliticalphilosophy')",social and political philosophy,philosophy of religion,1,0
"('philosophyofreligion', 'socialphilosophyandpoliticalphilosophy')",social philosophy and political philosophy,philosophy of religion,1,0
"('nazism', 'philosophyofreligion')",nazism,philosophy of religion,0,-1
"('philosophyofreligion', 'publicreason')",public reason,philosophy of religion,3,0
"('freedomofexpression', 'philosophyofreligion')",freedom of expression,philosophy of religion,3,0
"('anarchism', 'philosophyofreligion')",anarchism,philosophy of religion,1,0
"('philosophyofreligion', 'socialcontract')",social contract,philosophy of religion,1,0
"('commongood', 'philosophyofreligion')",common good,philosophy of religion,2,0
"('philosophyofreligion', 'zenbuddhism')",zen buddhism,philosophy of religion,4,0
"('perfectgoodness', 'philosophyofreligion')",perfect goodness,philosophy of religion,4,0
"('churchandstate', 'philosophyofreligion')",church and state,philosophy of religion,4,0
"('omniscience', 'philosophyofreligion')",omniscience,philosophy of religion,4,0
"('divinerevelation', 'philosophyofreligion')",divine revelation,philosophy of religion,4,0
"('divinelaw', 'philosophyofreligion')",divine law,philosophy of religion,4,0
"('monotheism', 'philosophyofreligion')",monotheism,philosophy of religion,4,0
"('philosophyofreligion', 'westernphilosophy')",western philosophy,philosophy of religion,2,3
"('asceticism', 'philosophyofreligion')",asceticism,philosophy of religion,4,0
"('philosophyofreligion', 'sovereignty')",sovereignty,philosophy of religion,2,0
"('liberty', 'philosophyofreligion')",liberty,philosophy of religion,2,0
"('agnosticism', 'philosophyofreligion')",agnosticism,philosophy of religion,4,0
"('philosophyofreligion', 'philosophyofwar')",philosophy of war,philosophy of religion,2,3
"('jansenism', 'philosophyofreligion')",jansenism,philosophy of religion,4,0
"('mohism', 'philosophyofreligion')",mohism,philosophy of religion,4,0
"('intellectualism', 'philosophyofreligion')",intellectualism,philosophy of religion,4,0
"('humanrights', 'philosophyofreligion')",human rights,philosophy of religion,3,0
"('ideas', 'philosophyofreligion')",ideas,philosophy of religion,3,0
"('kantscritiqueofmetaphysics', 'metaphysics')",kant's critique of metaphysics,metaphysics,3,-1
"('metaphysics', 'metaphysicsofscience')",metaphysics of science,metaphysics,4,-1
"('metaphysics', 'philosophyofphysics')",philosophy of physics,metaphysics,1,0
"('metaphysics', 'processtheism')",process theism,metaphysics,2,0
"('metaphysics', 'philosophiesoftheparticularsciences')",philosophies of the particular sciences,metaphysics,1,0
"('medievaltheoriesofthecategories', 'metaphysics')",medieval theories of the categories,metaphysics,4,0
"('metaphysics', 'philosophyofscienceandthesciences')",philosophy of science and the sciences,metaphysics,0,-1
"('aristotleoncausality', 'metaphysics')",aristotle on causality,metaphysics,4,0
"('metaphysics', 'philosophyofpsychology')",philosophy of psychology,metaphysics,2,3
"('matter', 'metaphysics')",matter,metaphysics,3,0
"('metaphysics', 'metaphysicsofmind')",metaphysics of mind,metaphysics,4,0
"('metaphysics', 'philosophyofmathematics')",philosophy of mathematics,metaphysics,3,2
"('feministmetaphysics', 'metaphysics')",feminist metaphysics,metaphysics,2,3
"('aristotleandmathematics', 'metaphysics')",aristotle and mathematics,metaphysics,3,0
"('metaphysics', 'realismandantirealism')",realism and anti-realism,metaphysics,3,2
"('metaphysics', 'naturalphilosophy')",natural philosophy,metaphysics,2,2
"('metaphysics', 'philosophyofscience')",philosophy of science,metaphysics,2,2
"('aristotleslogic', 'metaphysics')",aristotle's logic,metaphysics,2,3
"('metaphysics', 'realism')",realism,metaphysics,4,0
"('kantsphilosophyofreligion', 'metaphysics')",kant's philosophy of religion,metaphysics,2,0
"('medievaltheoriesofrelations', 'metaphysics')",medieval theories of relations,metaphysics,4,0
"('kantsphilosophicaldevelopment', 'metaphysics')",kant's philosophical development,metaphysics,0,-1
"('18thcenturygermanaesthetics', 'metaphysics')",18th century german aesthetics,metaphysics,0,-1
"('metaphysics', 'philosophyofspaceandtime')",philosophy of space and time,metaphysics,3,0
"('existence', 'metaphysics')",existence,metaphysics,4,2
"('epistemology', 'socialepistemology')",social epistemology,epistemology,2,0
"('epistemology', 'feministsocialepistemology')",feminist social epistemology,epistemology,1,0
"('epistemology', 'naturalizedepistemology')",naturalized epistemology,epistemology,3,0
"('epistemology', 'virtueepistemology')",virtue epistemology,epistemology,3,0
"('coherentism', 'epistemology')",coherentism,epistemology,2,0
"('epistemology', 'epistemologyofreligion')",epistemology of religion,epistemology,2,0
"('epistemology', 'moralepistemology')",moral epistemology,epistemology,2,0
"('epistemology', 'epistemologyofscience')",epistemology of science,epistemology,2,0
"('epistemology', 'evolutionaryepistemology')",evolutionary epistemology,epistemology,2,0
"('epistemology', 'knowledge')",knowledge,epistemology,4,2
"('coherentism', 'skepticism')",coherentism,skepticism,3,3
"('contextualism', 'skepticism')",contextualism,skepticism,4,3
"('dogmatism', 'skepticism')",dogmatism,skepticism,1,3
"('epistemology', 'socialepistemology')",social epistemology,epistemology,2,0
"('epistemology', 'feministsocialepistemology')",feminist social epistemology,epistemology,2,0
"('epistemology', 'naturalizedepistemology')",naturalized epistemology,epistemology,3,0
"('epistemology', 'virtueepistemology')",virtue epistemology,epistemology,3,0
"('coherentism', 'epistemology')",coherentism,epistemology,4,0
"('epistemology', 'epistemologyofreligion')",epistemology of religion,epistemology,2,0
"('epistemology', 'moralepistemology')",moral epistemology,epistemology,1,3
"('epistemology', 'epistemologyofscience')",epistemology of science,epistemology,2,3
"('epistemology', 'evolutionaryepistemology')",evolutionary epistemology,epistemology,1,3
"('epistemology', 'knowledge')",knowledge,epistemology,4,0
"('epistemology', 'feministepistemologyandphilosophyofscience')",feminist epistemology and philosophy of science,epistemology,1,1
"('analyticfeminism', 'epistemology')",analytic feminism,epistemology,0,-1
"('epistemology', 'foundationalism')",foundationalism,epistemology,4,0
"('epistemology', 'reliabilism')",reliabilism,epistemology,4,0
"('epistemologicalproblemsofperception', 'epistemology')",epistemological problems of perception,epistemology,4,0
"('epistemology', 'moralepistemologyandmoralreasoning')",moral epistemology and moral reasoning,epistemology,2,3
"('epistemologicalproblemsoftestimony', 'epistemology')",epistemological problems of testimony,epistemology,4,0
"('epistemology', 'feministphilosophy')",feminist philosophy,epistemology,1,1
"('contextualism', 'epistemology')",contextualism,epistemology,4,0
"('belief', 'epistemology')",belief,epistemology,3,3
"('epistemology', 'philosophyofscience')",philosophy of science,epistemology,2,2
"('coherentisttheoriesofjustification', 'epistemology')",coherentist theories of justification,epistemology,4,0
"('epistemology', 'philosophyofscienceandthesciences')",philosophy of science and the sciences,epistemology,2,2
"('epistemology', 'philosophiesoftheparticularsciences')",philosophies of the particular sciences,epistemology,2,2
"('epistemology', 'philosophyofphysics')",philosophy of physics,epistemology,2,2
"('epistemology', 'realismandantirealism')",realism and anti-realism,epistemology,1,3
"('epistemology', 'platosmiddleperiodmetaphysicsandepistemology')",plato's middle period metaphysics and epistemology,epistemology,1,3
"('epistemology', 'probabilityandstatistics')",probability and statistics,epistemology,1,2
"('epistemology', 'gettierproblem')",gettier problem,epistemology,4,0
"('epistemology', 'realism')",realism,epistemology,2,0
"('epistemology', 'introspection')",introspection,epistemology,4,3
"('epistemology', 'experimentinphysics')",experiment in physics,epistemology,0,-1
"('aristotlespsychology', 'philosophyofaction')",aristotle's psychology,philosophy of action,3,0
"('philosophyofaction', 'transcendentalism')",transcendentalism,philosophy of action,0,-1
"('economicinstitution', 'philosophyofaction')",economic institution,philosophy of action,0,-1
"('epistemology', 'philosophyofmathematics')",philosophy of mathematics,epistemology,1,2
"('epistemology', 'otherminds')",other minds,epistemology,4,3
"('epistemologicalproblemsofmemory', 'epistemology')",epistemological problems of memory,epistemology,4,0
"('epistemology', 'philosophyofperception')",philosophy of perception,epistemology,3,2
"('epistemology', 'internalismandexternalism')",internalism and externalism,epistemology,4,0
"('epistemology', 'platoonutopia')",plato on utopia,epistemology,0,0
"('epistemology', 'testimony')",testimony,epistemology,4,0
"('epistemology', 'perception')",perception,epistemology,4,3
"('epistemology', 'matter')",matter,epistemology,0,-1
"('epistemology', 'internalism')",internalism,epistemology,4,0
"('epistemology', 'metaphysicsofscience')",metaphysics of science,epistemology,1,0
"('epistemology', 'induction')",induction,epistemology,3,3
"('epistemology', 'justifiedtruebelief')",justified true belief,epistemology,4,0
"('epistemology', 'externalism')",externalism,epistemology,4,0
"('epistemology', 'philosophyofmind')",philosophy of mind,epistemology,2,2
"('epistemology', 'philosophyofbiology')",philosophy of biology,epistemology,1,2
"('epistemology', 'knowledgebyacquaintanceandknowledgebydescription')",knowledge by acquaintance and knowledge by description,epistemology,4,3
"('epistemology', 'ideas')",ideas,epistemology,3,3
"('computerethics', 'metaethics')",computer ethics,metaethics,1,0
"('metaethics', 'mooresmoralphilosophy')",moore's moral philosophy,metaethics,4,0
"('metaethics', 'personalidentityandethics')",personal identity and ethics,metaethics,1,0
"('computerethics', 'metaethics')",computer ethics,metaethics,1,0
"('metaethics', 'normativeethics')",normative ethics,metaethics,2,2
"('appliedethics', 'metaethics')",applied ethics,metaethics,1,2
"('metaethics', 'moralnaturalism')",moral naturalism,metaethics,4,0
"('metaethics', 'paradoxofanalysis')",paradox of analysis,metaethics,2,0
"('metaethics', 'nietzschesmoralandpoliticalphilosophy')",nietzsche's moral and political philosophy,metaethics,1,0
"('intuitionism', 'metaethics')",intuitionism,metaethics,4,0
"('metaethics', 'moralepistemology')",moral epistemology,metaethics,4,0
"('metaethics', 'moralrealism')",moral realism,metaethics,4,0
"('contractualism', 'metaethics')",contractualism,metaethics,1,0
"('bioethics', 'metaethics')",bioethics,metaethics,1,0
"('emotivism', 'metaethics')",emotivism,metaethics,4,0
"('metaethics', 'noncognitivism')",non-cognitivism,metaethics,4,0
"('argumentsforincompatibilism', 'metaethics')",arguments for incompatibilism,metaethics,0,-1
"('logicalpositivism', 'metaethics')",logical positivism,metaethics,2,0
"('epistemology', 'probability')",probability,epistemology,3,3
"('epistemology', 'inductivelogicanddecisiontheory')",inductive logic and decision theory,epistemology,2,2
"('epistemology', 'scientificmethodology')",scientific methodology,epistemology,1,0
"('antirealism', 'epistemology')",anti-realism,epistemology,1,3
"('epistemology', 'philosophyofsocialscience')",philosophy of social science,epistemology,1,2
"('epistemology', 'sensedata')",sense data,epistemology,3,3
"('cognitivism', 'metaethics')",cognitivism,metaethics,4,0
"('irrealism', 'metaethics')",irrealism,metaethics,4,0
"('asceticism', 'metaethics')",asceticism,metaethics,0,-1
"('metaethics', 'moraldilemma')",moral dilemma,metaethics,1,0
"('internalism', 'metaethics')",internalism,metaethics,3,0
"('folkpsychology', 'metaethics')",folk psychology,metaethics,1,0
"('metaethics', 'moralskepticism')",moral skepticism,metaethics,3,0
"('deontology', 'metaethics')",deontology,metaethics,1,0
"('metaethics', 'moralrelativism')",moral relativism,metaethics,2,0
"('historyofwesternphilosophy', 'metaethics')",history of western philosophy,metaethics,1,1
"('deonticlogic', 'metaethics')",deontic logic,metaethics,1,0
"('identitytheoryofmind', 'metaethics')",identity theory of mind,metaethics,0,-1
"('metaethics', 'weaknessofwill')",weakness of will,metaethics,1,0
"('hedonism', 'metaethics')",hedonism,metaethics,1,0
"('metaethics', 'moralmotivation')",moral motivation,metaethics,4,0
"('fatalism', 'metaethics')",fatalism,metaethics,0,-1
"('metaethics', 'metaphysicsofcausation')",metaphysics of causation,metaethics,1,0
"('metaethics', 'moralcognitivismvsnoncognitivism')",moral cognitivism vs. non-cognitivism,metaethics,4,0
"('feministphilosophyofreligion', 'metaethics')",feminist philosophy of religion,metaethics,0,-1
"('hinduphilosophy', 'metaethics')",hindu philosophy,metaethics,0,-1
"('epistemology', 'scientifictheory')",scientific theory,epistemology,2,3
"('defeasiblereasoning', 'epistemology')",defeasible reasoning,epistemology,4,0
"('epistemology', 'generalrelativity')",general relativity,epistemology,0,-1
"('epistemology', 'theoryofforms')",theory of forms,epistemology,1,3
"('epistemology', 'platonicrealism')",platonic realism,epistemology,1,3
"('epistemology', 'philosophyofchemistry')",philosophy of chemistry,epistemology,1,2
"('epistemology', 'logos')",logos,epistemology,2,3
"('epistemology', 'historyofscience')",history of science,epistemology,1,2
"('metaethics', 'taoism')",taoism,metaethics,0,-1
"('metaethics', 'religiouslanguage')",religious language,metaethics,1,0
"('metaethics', 'perfectionism')",perfectionism,metaethics,2,0
"('fictionalism', 'metaethics')",fictionalism,metaethics,2,0
"('globalization', 'metaethics')",globalization,metaethics,0,-1
"('metaethics', 'selfdeception')",self-deception,metaethics,0,-1
"('environmentalethics', 'metaethics')",environmental ethics,metaethics,1,0
"('contextualism', 'metaethics')",contextualism,metaethics,0,-1
"('metaethics', 'voluntarism')",voluntarism,metaethics,1,0
"('metaethics', 'reflectiveequilibrium')",reflective equilibrium,metaethics,1,0
"('metaethics', 'moralcharacter')",moral character,metaethics,1,0
"('metaethics', 'pragmatics')",pragmatics,metaethics,0,-1
"('metaethics', 'otherminds')",other minds,metaethics,0,-1
"('freedomofspeech', 'metaethics')",freedom of speech,metaethics,0,-1
"('metaethics', 'spacetime')",spacetime,metaethics,0,-1
"('metaethics', 'speechact')",speech act,metaethics,1,0
"('indexicals', 'metaethics')",indexicals,metaethics,0,-1
"('metaethics', 'ontologicalargument')",ontological argument,metaethics,0,-1
"('absolutism', 'metaethics')",absolutism,metaethics,1,0
"('epistemology', 'lawsofnature')",laws of nature,epistemology,1,3
"('epistemology', 'optimism')",optimism,epistemology,0,-1
"('epistemology', 'indeterminism')",indeterminism,epistemology,0,0
"('epistemology', 'transworldidentity')",transworld identity,epistemology,0,-1
"('baptism', 'epistemology')",baptism,epistemology,0,-1
"('ambiguity', 'epistemology')",ambiguity,epistemology,1,3
"('epistemology', 'interpretation')",interpretation,epistemology,1,3
"('metaethics', 'qualia')",qualia,metaethics,0,-1
"('metaethics', 'modallogic')",modal logic,metaethics,0,-1
"('internalismandexternalism', 'metaethics')",internalism and externalism,metaethics,3,0
"('metaethics', 'religiousexperience')",religious experience,metaethics,0,-1
"('metaethics', 'privacy')",privacy,metaethics,0,-1
"('metaethics', 'problemofevil')",problem of evil,metaethics,0,-1
"('metaethics', 'moralreasoning')",moral reasoning,metaethics,3,0
"('logicalform', 'metaethics')",logical form,metaethics,0,-1
"('metaethics', 'virtueethics')",virtue ethics,metaethics,2,0
"('metaethics', 'theoryoftruth')",theory of truth,metaethics,2,0
"('externalism', 'metaethics')",externalism,metaethics,3,0
"('metaethics', 'probabilityandstatistics')",probability and statistics,metaethics,0,-1
"('counterfactuals', 'metaethics')",counterfactuals,metaethics,1,0
"('fitness', 'metaethics')",fitness,metaethics,0,-1
"('metaethics', 'propernames')",proper names,metaethics,0,-1
"('diagrams', 'metaethics')",diagrams,metaethics,0,-1
"('metaethics', 'monism')",monism,metaethics,0,-1
"('metaethics', 'probability')",probability,metaethics,0,-1
"('epistemology', 'logicandlanguage')",logic and language,epistemology,3,2
"('epistemology', 'historyoffeminism')",history of feminism,epistemology,0,-1
"('epistemology', 'falsificationism')",falsificationism,epistemology,1,0
"('epistemology', 'propernames')",proper names,epistemology,2,0
"('epistemology', 'socialphilosophyandpoliticalphilosophy')",social philosophy and political philosophy,epistemology,1,2
"('epistemology', 'socialandpoliticalphilosophy')",social and political philosophy,epistemology,1,1
"('epistemology', 'philosophyoflogic')",philosophy of logic,epistemology,1,2
"('epistemology', 'modernphilosophy')",modern philosophy,epistemology,2,2
"('normativeethics', 'personalidentityandethics')",personal identity and ethics,normative ethics,4,0
"('mooresmoralphilosophy', 'normativeethics')",moore's moral philosophy,normative ethics,3,0
"('biomedicalethics', 'normativeethics')",biomedical ethics,normative ethics,3,0
"('argumentsforincompatibilism', 'normativeethics')",arguments for incompatibilism,normative ethics,1,0
"('bioethics', 'normativeethics')",bioethics,normative ethics,3,0
"('appliedethics', 'normativeethics')",applied ethics,normative ethics,3,0
"('nietzschesmoralandpoliticalphilosophy', 'normativeethics')",nietzsche's moral and political philosophy,normative ethics,3,0
"('deonticlogic', 'normativeethics')",deontic logic,normative ethics,2,0
"('aprioriandaposteriori', 'normativeethics')",a priori and a posteriori,normative ethics,1,0
"('normativeethics', 'structuralism')",structuralism,normative ethics,0,-1
"('normativeethics', 'scientism')",scientism,normative ethics,0,-1
"('feministethics', 'normativeethics')",feminist ethics,normative ethics,3,0
"('normativeethics', 'spacetime')",spacetime,normative ethics,0,-1
"('environmentalethics', 'normativeethics')",environmental ethics,normative ethics,3,0
"('fatalism', 'normativeethics')",fatalism,normative ethics,0,-1
"('normativeethics', 'selfdeception')",self-deception,normative ethics,0,-1
"('normativeethics', 'perfectionism')",perfectionism,normative ethics,2,0
"('normativeethics', 'valuetheory')",value theory,normative ethics,3,2
"('philosophyofscienceandthesciences', 'probabilityandstatistics')",probability and statistics,philosophy of science and the sciences,3,0
"('philosophyofscienceandthesciences', 'probability')",probability,philosophy of science and the sciences,3,0
"('philosophiesoftheparticularsciences', 'philosophyofscienceandthesciences')",philosophies of the particular sciences,philosophy of science and the sciences,4,0
"('interpretationsofprobability', 'philosophyofscienceandthesciences')",interpretations of probability,philosophy of science and the sciences,3,0
"('folkpsychology', 'philosophyofscienceandthesciences')",folk psychology,philosophy of science and the sciences,2,0
"('philosophyofphysics', 'philosophyofscienceandthesciences')",philosophy of physics,philosophy of science and the sciences,4,0
"('philosophyofmathematics', 'philosophyofscienceandthesciences')",philosophy of mathematics,philosophy of science and the sciences,1,0
"('philosophyofscienceandthesciences', 'socialdimensionsofscientificknowledge')",social dimensions of scientific knowledge,philosophy of science and the sciences,1,0
"('philosophyofscienceandthesciences', 'unityofscience')",unity of science,philosophy of science and the sciences,4,0
"('philosophyofscience', 'philosophyofscienceandthesciences')",philosophy of science,philosophy of science and the sciences,4,2
"('philosophyofscienceandthesciences', 'religionandscience')",religion and science,philosophy of science and the sciences,1,0
"('bayesstheorem', 'philosophyofscienceandthesciences')",bayes's theorem,philosophy of science and the sciences,1,0
"('philosophyofbiology', 'philosophyofscienceandthesciences')",philosophy of biology,philosophy of science and the sciences,4,0
"('molecularbiology', 'philosophyofscienceandthesciences')",molecular biology,philosophy of science and the sciences,4,0
"('philosophyofcomputerscience', 'philosophyofscienceandthesciences')",philosophy of computer science,philosophy of science and the sciences,2,0
"('indispensabilityargumentsinthephilosophyofmathematics', 'philosophyofscienceandthesciences')",indispensability arguments in the philosophy of mathematics,philosophy of science and the sciences,3,0
"('philosophyofeconomics', 'philosophyofscienceandthesciences')",philosophy of economics,philosophy of science and the sciences,4,0
"('kantsphilosophyofscience', 'philosophyofscienceandthesciences')",kant's philosophy of science,philosophy of science and the sciences,4,0
"('continentalfeminism', 'continentalphilosophy')",continental feminism,continental philosophy,4,0
"('continentalphilosophy', 'intersectionsbetweenpragmatistandcontinentalfeminism')",intersections between pragmatist and continental feminism,continental philosophy,3,0
"('continentalphilosophy', 'intersectionsbetweenanalyticandcontinentalfeminism')",intersections between analytic and continental feminism,continental philosophy,3,0
"('20thcenturycontinentalphilosophy', 'continentalphilosophy')",20th century continental philosophy,continental philosophy,4,0
"('approachestofeministphilosophy', 'continentalphilosophy')",approaches to feminist philosophy,continental philosophy,2,0
"('continentalphilosophy', 'feminism')",feminism,continental philosophy,4,2
"('causationandmanipulability', 'continentalphilosophy')",causation and manipulability,continental philosophy,1,0
"('continentalphilosophy', 'pragmatistfeminism')",pragmatist feminism,continental philosophy,1,0
"('continentalphilosophy', 'deconstructionism')",deconstructionism,continental philosophy,4,0
"('20thcenturyphilosophy', 'continentalphilosophy')",20th century philosophy,continental philosophy,2,2
"('continentalphilosophy', 'hegelianism')",hegelianism,continental philosophy,4,0
"('continentalphilosophy', 'rationalismandempiricism')",rationalism and empiricism,continental philosophy,1,0
"('continentalphilosophy', 'historyoffeminism')",history of feminism,continental philosophy,2,0
"('continentalphilosophy', 'methodsinfeminism')",methods in feminism,continental philosophy,2,0
"('continentalphilosophy', 'existentialism')",existentialism,continental philosophy,4,0
"('continentalphilosophy', 'philosophyofhistory')",philosophy of history,continental philosophy,2,1
"('continentalphilosophy', 'natureofmeaning')",nature of meaning,continental philosophy,2,0
"('continentalphilosophy', 'feministphilosophyoflanguage')",feminist philosophy of language,continental philosophy,2,0
"('continentalphilosophy', 'idealism')",idealism,continental philosophy,1,0
"('philosophyofreligion', 'religiousdiversity')",religious diversity,philosophy of religion,4,0
"('feministphilosophyofreligion', 'philosophyofreligion')",feminist philosophy of religion,philosophy of religion,4,0
"('emotionsinthechristiantradition', 'philosophyofreligion')",emotions in the christian tradition,philosophy of religion,4,0
"('philosophyofreligion', 'religion')",religion,philosophy of religion,4,0
"('kantsphilosophyofreligion', 'philosophyofreligion')",kant's philosophy of religion,philosophy of religion,4,0
"('epistemologyofreligion', 'philosophyofreligion')",epistemology of religion,philosophy of religion,4,0
"('philosophyofreligion', 'religionandscience')",religion and science,philosophy of religion,4,0
"('fideism', 'philosophyofreligion')",fideism,philosophy of religion,4,0
"('humeonreligion', 'philosophyofreligion')",hume on religion,philosophy of religion,4,0
"('belief', 'philosophyofreligion')",belief,philosophy of religion,3,0
"('philosophyofreligion', 'religionandmorality')",religion and morality,philosophy of religion,4,0
"('philosophyofreligion', 'scienceandreligion')",science and religion,philosophy of religion,4,0
"('pantheism', 'philosophyofreligion')",pantheism,philosophy of religion,4,0
"('definitionofmorality', 'philosophyofreligion')",definition of morality,philosophy of religion,2,0
"('philosophyofreligion', 'toleration')",toleration,philosophy of religion,3,0
"('lockespoliticalphilosophy', 'philosophyofreligion')",locke's political philosophy,philosophy of religion,2,0
"('philosophyofreligion', 'taoism')",taoism,philosophy of religion,4,0
"('phenomenologyofreligion', 'philosophyofreligion')",phenomenology of religion,philosophy of religion,4,0
"('philosophyofreligion', 'pragmaticargumentsandbeliefingod')",pragmatic arguments and belief in god,philosophy of religion,4,0
"('life', 'philosophyofreligion')",life,philosophy of religion,2,0
"('philosophyofreligion', 'religiouslanguage')",religious language,philosophy of religion,4,0
"('hinduism', 'philosophyofreligion')",hinduism,philosophy of religion,4,0
"('judaism', 'philosophyofreligion')",judaism,philosophy of religion,4,0
"('philosophyofreligion', 'secularhumanism')",secular humanism,philosophy of religion,3,0
"('philosophyofreligion', 'theism')",theism,philosophy of religion,4,0
"('conceptsofgod', 'philosophyofreligion')",concepts of god,philosophy of religion,4,0
"('miracles', 'philosophyofreligion')",miracles,philosophy of religion,4,0
"('philosophyofreligion', 'satanism')",satanism,philosophy of religion,4,0
"('philosophyofreligion', 'religionandpolitics')",religion and politics,philosophy of religion,4,0
"('matter', 'philosophyofreligion')",matter,philosophy of religion,1,0
"('influenceofislamicthoughtonmaimonides', 'philosophyofreligion')",influence of islamic thought on maimonides,philosophy of religion,2,0
"('cosmologicalargumentsfortheexistenceofgod', 'philosophyofreligion')",cosmological arguments for the existence of god,philosophy of religion,4,0
"('argumentsfortheexistenceofgod', 'philosophyofreligion')",arguments for the existence of god,philosophy of religion,4,0
"('buddhism', 'philosophyofreligion')",buddhism,philosophy of religion,4,0
"('christiantheology', 'philosophyofreligion')",christian theology,philosophy of religion,4,0
"('philosophyofreligion', 'problemofevil')",problem of evil,philosophy of religion,4,0
"('philosophyofreligion', 'polytheism')",polytheism,philosophy of religion,4,0
"('existence', 'philosophyofreligion')",existence,philosophy of religion,2,0
"('philosophyofreligion', 'transcendentalism')",transcendentalism,philosophy of religion,3,-1
"('medievalpoliticalphilosophy', 'philosophyofreligion')",medieval political philosophy,philosophy of religion,3,0
"('daoism', 'philosophyofreligion')",daoism,philosophy of religion,4,0
"('ontologicalargument', 'philosophyofreligion')",ontological argument,philosophy of religion,4,0
"('ethnocentrism', 'philosophyofreligion')",ethnocentrism,philosophy of religion,3,0
"('philosophyofreligion', 'secularism')",secularism,philosophy of religion,4,0
"('afterlife', 'philosophyofreligion')",afterlife,philosophy of religion,4,0
"('afterlife', 'heavenandhell')",heaven and hell,afterlife,4,0
"('afterlife', 'meaningoflife')",meaning of life,afterlife,4,0
"('afterlife', 'eternityoftheworld')",eternity of the world,afterlife,4,0
"('africansagephilosophy', 'afterlife')",african sage philosophy,afterlife,1,0
"('afterlife', 'incompatibilism')",incompatibilism,afterlife,1,0
"('afterlife', 'religiousdiversity')",religious diversity,afterlife,1,-1
"('afterlife', 'perfectgoodness')",perfect goodness,afterlife,2,0
"('afterlife', 'compatibilismandincompatibilism')",compatibilism and incompatibilism,afterlife,2,0
"('afterlife', 'immortality')",immortality,afterlife,4,0
"('afterlife', 'totalitarianism')",totalitarianism,afterlife,1,0
"('afterlife', 'naturallawtradition')",natural law tradition,afterlife,3,0
"('afterlife', 'identityovertime')",identity over time,afterlife,4,0
"('prophecy', 'revelation')",prophecy,revelation,4,0
"('argumentsfortheexistenceofgod', 'existenceofgod')",arguments for the existence of god,existence of god,4,0
"('existenceofgod', 'problemofevil')",problem of evil,existence of god,3,0
"('existenceofgod', 'ontologicalargument')",ontological argument,existence of god,4,0
"('cosmologicalargumentsfortheexistenceofgod', 'existenceofgod')",cosmological arguments for the existence of god,existence of god,4,0
"('cosmologicalargument', 'existenceofgod')",cosmological argument,existence of god,4,0
"('aestheticsandphilosophyofart', 'philosophyofart')",philosophy of art,aesthetics and philosophy of art,4,0
"('aestheticsandphilosophyofart', 'deweysaesthetics')",dewey's aesthetics,aesthetics and philosophy of art,2,0
"('aestheticsandphilosophyofart', 'conceptualart')",conceptual art,aesthetics and philosophy of art,2,3
"('aestheticsandphilosophyofart', 'feministaesthetics')",feminist aesthetics,aesthetics and philosophy of art,3,0
"('18thcenturygermanaesthetics', 'aestheticsandphilosophyofart')",18th century german aesthetics,aesthetics and philosophy of art,3,0
"('aestheticsandphilosophyofart', 'goodmansaesthetics')",goodman's aesthetics,aesthetics and philosophy of art,2,0
"('aestheticsandphilosophyofart', 'artifact')",artifact,aesthetics and philosophy of art,1,3
"('aestheticsandphilosophyofart', 'beardsleysaesthetics')",beardsley's aesthetics,aesthetics and philosophy of art,2,0
"('aestheticsandphilosophyofart', 'artificialintelligence')",artificial intelligence,aesthetics and philosophy of art,0,-1
"('aestheticsandphilosophyofart', 'philosophyofnature')",philosophy of nature,aesthetics and philosophy of art,1,2
"('aestheticsandphilosophyofart', 'environmentalaesthetics')",environmental aesthetics,aesthetics and philosophy of art,3,0
"('aestheticsandphilosophyofart', 'philosophyoffilm')",philosophy of film,aesthetics and philosophy of art,3,0
"('aestheticsandphilosophyofart', 'artisticrepresentation')",artistic representation,aesthetics and philosophy of art,2,3
"('aesthetics', 'aestheticsandphilosophyofart')",aesthetics,aesthetics and philosophy of art,4,0
"('aestheticexperience', 'aestheticsandphilosophyofart')",aesthetic experience,aesthetics and philosophy of art,2,3
"('aestheticsandphilosophyofart', 'humesaesthetics')",hume's aesthetics,aesthetics and philosophy of art,2,0
"('aestheticsandphilosophyofart', 'painting')",painting,aesthetics and philosophy of art,2,3
"('aestheticsandphilosophyofart', 'argument')",argument,aesthetics and philosophy of art,1,1
"('aestheticsandphilosophyofart', 'beauty')",beauty,aesthetics and philosophy of art,3,3
"('aestheticsandphilosophyofart', 'artisticstyle')",artistic style,aesthetics and philosophy of art,2,3
"('aestheticsandphilosophyofart', 'philosophiesoftheparticularsciences')",philosophies of the particular sciences,aesthetics and philosophy of art,1,2
"('aestheticsandphilosophyofart', 'philosophyofpsychology')",philosophy of psychology,aesthetics and philosophy of art,2,2
"('aestheticsandphilosophyofart', 'philosophyofscience')",philosophy of science,aesthetics and philosophy of art,1,2
"('aestheticsandphilosophyofart', 'platoonrhetoricandpoetry')",plato on rhetoric and poetry,aesthetics and philosophy of art,2,0
"('aestheticsandphilosophyofart', 'philosophyofmathematics')",philosophy of mathematics,aesthetics and philosophy of art,1,2
"('aestheticsandphilosophyofart', 'psychiatry')",psychiatry,aesthetics and philosophy of art,0,-1
"('aestheticsandphilosophyofart', 'matter')",matter,aesthetics and philosophy of art,0,-1
"('aestheticsandphilosophyofart', 'semantics')",semantics,aesthetics and philosophy of art,2,3
"('aestheticsandphilosophyofart', 'meaning')",meaning,aesthetics and philosophy of art,2,3
"('aestheticsandphilosophyofart', 'artisticvalue')",artistic value,aesthetics and philosophy of art,3,3
"('aestheticsandphilosophyofart', 'philosophyofphysics')",philosophy of physics,aesthetics and philosophy of art,0,-1
"('aestheticsandphilosophyofart', 'wittgensteinsaesthetics')",wittgenstein's aesthetics,aesthetics and philosophy of art,2,0
"('aestheticsandphilosophyofart', 'time')",time,aesthetics and philosophy of art,1,3
"('aestheticsandphilosophyofart', 'philosophyofmind')",philosophy of mind,aesthetics and philosophy of art,2,2
"('aestheticsandphilosophyofart', 'philosophyofscienceandthesciences')",philosophy of science and the sciences,aesthetics and philosophy of art,1,2
"('aestheticsandphilosophyofart', 'phenomenologicalapproachestoethicsandinformationtechnology')",phenomenological approaches to ethics and information technology,aesthetics and philosophy of art,2,0
"('aestheticsandphilosophyofart', 'japaneseaesthetics')",japanese aesthetics,aesthetics and philosophy of art,2,0
"('aestheticsandphilosophyofart', 'film')",film,aesthetics and philosophy of art,2,3
"('aestheticsandphilosophyofart', 'logicandlanguage')",logic and language,aesthetics and philosophy of art,1,1
"('aestheticsandphilosophyofart', 'functionandteleology')",function and teleology,aesthetics and philosophy of art,1,3
"('aestheticsandphilosophyofart', 'depiction')",depiction,aesthetics and philosophy of art,2,3
"('aestheticsandphilosophyofart', 'teleologicalargumentsforgodsexistence')",teleological arguments for god's existence,aesthetics and philosophy of art,0,-1
"('aestheticsandphilosophyofart', 'motionandtime')",motion and time,aesthetics and philosophy of art,1,3
"('aestheticsandphilosophyofart', 'interpretation')",interpretation,aesthetics and philosophy of art,3,2
"('aestheticsandphilosophyofart', 'escapism')",escapism,aesthetics and philosophy of art,2,3
"('aestheticsandphilosophyofart', 'reference')",reference,aesthetics and philosophy of art,1,3
"('aestheticsandphilosophyofart', 'philosophyofperception')",philosophy of perception,aesthetics and philosophy of art,3,2
"('aestheticsandphilosophyofart', 'mind')",mind,aesthetics and philosophy of art,2,3
"('aestheticsandphilosophyofart', 'realismandantirealism')",realism and anti-realism,aesthetics and philosophy of art,2,2
"('aestheticsandphilosophyofart', 'realismandantirealism')",realism and anti-realism,aesthetics and philosophy of art,2,2
"('aestheticsandphilosophyofart', 'confirmationandinduction')",confirmation and induction,aesthetics and philosophy of art,0,-1
"('aestheticsandphilosophyofart', 'expressiontheoryofart')",expression theory of art,aesthetics and philosophy of art,2,0
"('aestheticsandphilosophyofart', 'ideas')",ideas,aesthetics and philosophy of art,1,3
"('chinesephilosophy', 'zenbuddhism')",zen buddhism,chinese philosophy,4,0
"('chinesephilosophy', 'taoistphilosophy')",taoist philosophy,chinese philosophy,4,0
"('chinesephilosophy', 'chineseroomargument')",chinese room argument,chinese philosophy,0,-1
"('realismandantirealism', 'semanticchallengestorealism')",semantic challenges to realism,realism and anti-realism,4,0
"('realismandantirealism', 'scientificrealism')",scientific realism,realism and anti-realism,3,0
"('antirealism', 'realismandantirealism')",anti-realism,realism and anti-realism,4,0
"('platonicrealism', 'realismandantirealism')",platonic realism,realism and anti-realism,4,0
"('constructivemathematics', 'philosophyofmathematics')",constructive mathematics,philosophy of mathematics,4,0
"('hilbertsprogram', 'philosophyofmathematics')",hilbert's program,philosophy of mathematics,4,0
"('indispensabilityargumentsinthephilosophyofmathematics', 'philosophyofmathematics')",indispensability arguments in the philosophy of mathematics,philosophy of mathematics,4,0
"('earlydevelopmentofsettheory', 'philosophyofmathematics')",early development of set theory,philosophy of mathematics,4,0
"('inconsistentmathematics', 'philosophyofmathematics')",inconsistent mathematics,philosophy of mathematics,4,0
"('catholicism', 'philosophyofreligion')",catholicism,philosophy of religion,4,0
"('philosophyofreligion', 'pietism')",pietism,philosophy of religion,3,0
"('hinduphilosophy', 'philosophyofreligion')",hindu philosophy,philosophy of religion,3,3
"('modernphilosophy', 'philosophyofreligion')",modern philosophy,philosophy of religion,1,-1
"('artificialintelligence', 'automatedreasoning')",automated reasoning,artificial intelligence,3,0
"('artificialintelligence', 'nonmonotoniclogic')",non-monotonic logic,artificial intelligence,3,0
"('artificialintelligence', 'logicandcomputation')",logic and computation,artificial intelligence,4,3
"('connectionism', 'trainingset')",training set,connectionism,3,0
"('arabicandislamicphilosophy', 'arabicphilosophy')",arabic philosophy,arabic and islamic philosophy,4,0
"('arabicandislamicphilosophy', 'islamicphilosophy')",islamic philosophy,arabic and islamic philosophy,4,0
"('arabicandislamicphilosophy', 'influenceofislamicthoughtonmaimonides')",influence of islamic thought on maimonides,arabic and islamic philosophy,4,0
"('arabicandislamicnaturalphilosophyandnaturalscience', 'arabicandislamicphilosophy')",arabic and islamic natural philosophy and natural science,arabic and islamic philosophy,4,0
"('arabicandislamicphilosophy', 'arabicandislamicpsychologyandphilosophyofmind')",arabic and islamic psychology and philosophy of mind,arabic and islamic philosophy,4,0
"('arabicandislamicphilosophy', 'judaicphilosophy')",judaic philosophy,arabic and islamic philosophy,3,3
"('arabicandislamicphilosophy', 'judaicphilosophy')",judaic philosophy,arabic and islamic philosophy,3,3
"('chineseethics', 'chinesephilosophy')",chinese ethics,chinese philosophy,4,0
"('africanandafricanamericanphilosophy', 'africanphilosophy')",african philosophy,african and african-american philosophy,4,0
"('africanandafricanamericanphilosophy', 'akanphilosophyoftheperson')",akan philosophy of the person,african and african-american philosophy,4,0
"('africanamericanphilosophy', 'africanandafricanamericanphilosophy')",african american philosophy,african and african-american philosophy,4,0
"('africanandafricanamericanphilosophy', 'humanrights')",human rights,african and african-american philosophy,3,0
"('africanandafricanamericanphilosophy', 'race')",race,african and african-american philosophy,3,3
"('liberalism', 'positiveandnegativeliberty')",positive and negative liberty,liberalism,4,0
"('liberalism', 'libertarianism')",libertarianism,liberalism,4,0
"('childrensrights', 'humanrights')",children's rights,human rights,4,0
"('grouprights', 'humanrights')",group rights,human rights,4,0
"('humanrights', 'jusinbello')",jus in bello,human rights,4,0
"('humanrights', 'rights')",rights,human rights,4,1
"('humanrights', 'internationaljustice')",international justice,human rights,4,3
"('humanrights', 'internationalethics')",international ethics,human rights,4,3
"('asylum', 'humanrights')",asylum,human rights,4,0
"('deonticlogic', 'mallysdeonticlogic')",mally's deontic logic,deontic logic,4,0
"('evolutionarygametheory', 'gametheory')",evolutionary game theory,game theory,4,0
"('gametheory', 'gametheoryandethics')",game theory and ethics,game theory,4,3
"('gametheory', 'optimalitytheoreticandgametheoreticapproachestoimplicature')",optimality-theoretic and game-theoretic approaches to implicature,game theory,3,3
"('decisiontheory', 'pascalswager')",pascal's wager,decision theory,3,3
"('causaldecisiontheory', 'decisiontheory')",causal decision theory,decision theory,4,0
"('decisiontheory', 'stpetersburgparadox')",st. petersburg paradox,decision theory,4,0
"('businessethics', 'ethics')",business ethics,ethics,4,0
"('appliedethics', 'ethics')",applied ethics,ethics,4,0
"('biomedicalethics', 'ethics')",biomedical ethics,ethics,4,0
"('ethics', 'ethicsofscience')",ethics of science,ethics,3,3
"('ethics', 'ethicsandart')",ethics and art,ethics,4,3
"('ethics', 'platosethicsandpoliticsintherepublic')",plato's ethics and politics in the republic,ethics,4,0
"('chineseethics', 'ethics')",chinese ethics,ethics,4,0
"('ethics', 'gametheoryandethics')",game theory and ethics,ethics,4,3
"('ethics', 'historyofethics')",history of ethics,ethics,4,0
"('influenceofislamicthoughtonmaimonides', 'judaicphilosophy')",influence of islamic thought on maimonides,judaic philosophy,4,0
"('judaicphilosophy', 'judaism')",judaism,judaic philosophy,4,0
"('gettierproblem', 'knowledge')",gettier problem,knowledge,4,0
"('interpretationandcoherenceinlegalreasoning', 'legalreasoning')",interpretation and coherence in legal reasoning,legal reasoning,4,0
"('legalreasoning', 'precedentandanalogyinlegalreasoning')",precedent and analogy in legal reasoning,legal reasoning,4,0
"('cosmology', 'methodologicaldebatesincosmologythe1930sand1940s')",methodological debates in cosmology the 1930s and 1940s,cosmology,4,0
"('cosmologicalargument', 'cosmology')",cosmological argument,cosmology,4,0
"('cosmology', 'cosmologyandtheology')",cosmology and theology,cosmology,4,3
"('hilbertsprogram', 'philosophyofmathematics')",hilbert's program,philosophy of mathematics,4,0
"('connectionistmodel', 'languagelearning')",connectionist model,language learning,4,3
"('booleanalgebra', 'mathematicsofbooleanalgebra')",mathematics of boolean algebra,boolean algebra,4,0
"('booleanalgebra', 'propositionalconsequencerelationsandalgebraiclogic')",propositional consequence relations and algebraic logic,boolean algebra,3,0
"('algebra', 'booleanalgebra')",algebra,boolean algebra,4,1
"('developmentofprooftheory', 'prooftheory')",development of proof theory,proof theory,4,0
"('hilbertsprogram', 'prooftheory')",hilbert's program,proof theory,4,3
"('constructivesettheory', 'settheory')",constructive set theory,set theory,4,0
"('dedekindscontributionstothefoundationsofmathematics', 'settheory')",dedekind's contributions to the foundations of mathematics,set theory,4,3
"('categorytheory', 'settheory')",category theory,set theory,3,3
"('churchstypetheory', 'typetheory')",church's type theory,type theory,4,0
"('constructivetypetheory', 'typetheory')",constructive type theory,type theory,4,0
"('constructivesettheory', 'typetheory')",constructive set theory,type theory,4,3
"('existence', 'existenceofgod')",existence of god,existence,4,0
"('essenceandexistence', 'existence')",essence and existence,existence,4,0
"('existence', 'god')",god,existence,4,0
"('bioethics', 'doctrineofdoubleeffect')",doctrine of double effect,bioethics,3,3
"('animalcognition', 'philosophyofmind')",animal cognition,philosophy of mind,3,0
"('evolutionarypsychology', 'philosophyofmind')",evolutionary psychology,philosophy of mind,3,3
"('mentalcausation', 'philosophyofmind')",mental causation,philosophy of mind,4,0
"('folkpsychology', 'philosophyofmind')",folk psychology,philosophy of mind,4,0
"('languageofthoughthypothesis', 'philosophyofmind')",language of thought hypothesis,philosophy of mind,4,0
"('epistemology', 'moralepistemology')",moral epistemology,epistemology,4,0
"('coherentism', 'epistemology')",coherentism,epistemology,3,3
"('epistemology', 'epistemologyofreligion')",epistemology of religion,epistemology,4,0
"('japaneseaesthetics', 'japanesephilosophy')",japanese aesthetics,japanese philosophy,3,0
"('japaneseconfucianphilosophy', 'japanesephilosophy')",japanese confucian philosophy,japanese philosophy,4,0
"('japanesephilosophy', 'japanesezenbuddhistphilosophy')",japanese zen buddhist philosophy,japanese philosophy,4,0
"('averroism', 'judaicphilosophy')",averroism,judaic philosophy,3,3
"('philosophyofmathematics', 'settheory')",set theory,philosophy of mathematics,4,0
"('philosophyofmathematics', 'philosophyofscienceandthesciences')",philosophy of science and the sciences,philosophy of mathematics,4,1
"('epistemology', 'feministepistemologyandphilosophyofscience')",feminist epistemology and philosophy of science,epistemology,3,3
"('bayesianepistemology', 'epistemology')",bayesian epistemology,epistemology,4,0
"('mathematicallogic', 'philosophyofmathematics')",mathematical logic,philosophy of mathematics,4,0
"('algebra', 'philosophyofmathematics')",algebra,philosophy of mathematics,4,0
"('finitismingeometry', 'philosophyofmathematics')",finitism in geometry,philosophy of mathematics,4,0
"('churchturingthesis', 'philosophyofmathematics')",church-turing thesis,philosophy of mathematics,4,3
"('classicallogic', 'philosophyofmathematics')",classical logic,philosophy of mathematics,4,3
"('analysis', 'philosophyofmathematics')",analysis,philosophy of mathematics,4,0
"('philosophyofmathematics', 'structuralism')",structuralism,philosophy of mathematics,3,3
"('philosophyofmathematics', 'quinesnewfoundations')",quine's new foundations,philosophy of mathematics,3,3
"('philosophyofmathematics', 'propositionalfunction')",propositional function,philosophy of mathematics,3,0
"('developmentofaxiomaticsettheory', 'philosophyofmathematics')",development of axiomatic set theory,philosophy of mathematics,4,0
"('philosophyofmathematics', 'probabilityandstatistics')",probability and statistics,philosophy of mathematics,4,3
"('computationalcomplexitytheory', 'philosophyofmathematics')",computational complexity theory,philosophy of mathematics,3,3
"('animalbehavior', 'behaviorism')",animal behavior,behaviorism,4,3
"('japanesephilosophy', 'japanesepurelandphilosophy')",japanese pure land philosophy,japanese philosophy,4,0
"('divineattributes', 'divinesimplicity')",divine simplicity,divine attributes,4,0
"('divineattributes', 'omnipresence')",omnipresence,divine attributes,4,0
"('divineattributes', 'perfectgoodness')",perfect goodness,divine attributes,4,0
"('divineattributes', 'immutability')",immutability,divine attributes,4,0
"('cosmologicalargument', 'divineattributes')",cosmological argument,divine attributes,4,3
"('divineattributes', 'omniscience')",omniscience,divine attributes,4,0
"('divineattributes', 'omnipotence')",omnipotence,divine attributes,4,0
"('perceptualexperience', 'problemofperception')",problem of perception,perceptual experience,4,0
"('nonconceptualmentalcontent', 'perceptualexperience')",nonconceptual mental content,perceptual experience,4,0
"('epistemologicalproblemsofperception', 'perceptualexperience')",epistemological problems of perception,perceptual experience,4,0
"('contentsofperception', 'perceptualexperience')",contents of perception,perceptual experience,4,0
"('connexivelogic', 'nonclassicallogic')",connexive logic,non-classical logic,4,0
"('nonclassicallogic', 'paraconsistentlogic')",paraconsistent logic,non-classical logic,4,0
"('nonclassicallogic', 'relevancelogic')",relevance logic,non-classical logic,4,0
"('fuzzylogic', 'nonclassicallogic')",fuzzy logic,non-classical logic,4,0
"('intuitionisticlogic', 'nonclassicallogic')",intuitionistic logic,non-classical logic,4,0
"('deonticlogic', 'mallysdeonticlogic')",mally's deontic logic,deontic logic,4,0
"('hybridlogic', 'modallogic')",hybrid logic,modal logic,4,0
"('modallogic', 'provabilitylogic')",provability logic,modal logic,4,0
"('modallogic', 'temporallogic')",temporal logic,modal logic,3,0
"('epistemiclogic', 'modallogic')",epistemic logic,modal logic,4,0
"('modallogic', 'possibleworlds')",possible worlds,modal logic,3,3
"('historyoflogic', 'sophismata')",sophismata,history of logic,3,0
"('historyoflogic', 'soritesparadox')",sorites paradox,history of logic,3,0
"('historyoflogic', 'traditionalsquareofopposition')",traditional square of opposition,history of logic,4,0
"('chinesephilosophy', 'chinesewesterncomparativephilosophy')",chinese-western comparative philosophy,chinese philosophy,4,3
"('chinesebuddhism', 'chinesephilosophy')",chinese buddhism,chinese philosophy,4,0
"('constructivemathematics', 'philosophyofmathematics')",constructive mathematics,philosophy of mathematics,4,0
"('indispensabilityargumentsinthephilosophyofmathematics', 'philosophyofmathematics')",indispensability arguments in the philosophy of mathematics,philosophy of mathematics,4,0
"('dedekindscontributionstothefoundationsofmathematics', 'philosophyofmathematics')",dedekind's contributions to the foundations of mathematics,philosophy of mathematics,4,0
"('aristotleandmathematics', 'philosophyofmathematics')",aristotle and mathematics,philosophy of mathematics,4,3
"('earlydevelopmentofsettheory', 'philosophyofmathematics')",early development of set theory,philosophy of mathematics,4,0
"('logic', 'philosophyofmathematics')",logic,philosophy of mathematics,4,3
"('consciousnessandmentalcontent', 'mentalcontent')",consciousness and mental content,mental content,4,3
"('contentsofperception', 'mentalcontent')",contents of perception,mental content,4,0
"('mentalcontent', 'mentalimagery')",mental imagery,mental content,4,3
"('mentalcontent', 'nonconceptualcontent')",non-conceptual content,mental content,4,0
"('arabicandislamicphilosophy', 'arabicandislamicphilosophyoflanguageandlogic')",arabic and islamic philosophy of language and logic,arabic and islamic philosophy,4,0
"('africanandafricanamericanphilosophy', 'africansagephilosophy')",african sage philosophy,african and african-american philosophy,4,0
"('constructivemathematics', 'philosophyofmathematics')",constructive mathematics,philosophy of mathematics,4,0
"('hilbertsprogram', 'philosophyofmathematics')",hilbert's program,philosophy of mathematics,4,0
"('developmentofintuitionisticlogic', 'philosophyofmathematics')",development of intuitionistic logic,philosophy of mathematics,3,0
"('aristotleandmathematics', 'philosophyofmathematics')",aristotle and mathematics,philosophy of mathematics,3,0
"('indispensabilityargumentsinthephilosophyofmathematics', 'philosophyofmathematics')",indispensability arguments in the philosophy of mathematics,philosophy of mathematics,4,0
"('dedekindscontributionstothefoundationsofmathematics', 'philosophyofmathematics')",dedekind's contributions to the foundations of mathematics,philosophy of mathematics,3,0
"('earlydevelopmentofsettheory', 'philosophyofmathematics')",early development of set theory,philosophy of mathematics,3,0
"('inconsistentmathematics', 'philosophyofmathematics')",inconsistent mathematics,philosophy of mathematics,3,0
"('philosophyofmathematics', 'zenosparadoxes')",zeno's paradoxes,philosophy of mathematics,2,0
"('philosophyofmathematics', 'philosophyofscienceandthesciences')",philosophy of science and the sciences,philosophy of mathematics,1,2
"('bioethics', 'ethics')",bioethics,ethics,4,0
"('ethics', 'internationalethics')",international ethics,ethics,4,0
"('ethics', 'leibnizsethics')",leibniz's ethics,ethics,4,0
"('ethics', 'utilitarianism')",utilitarianism,ethics,4,0
"('ethics', 'naturallawtraditioninethics')",natural law tradition in ethics,ethics,4,0
"('ethicalrelativism', 'ethics')",ethical relativism,ethics,3,0
"('moralepistemology', 'moralnaturalism')",moral naturalism,moral epistemology,3,0
"('intrinsicvsextrinsicvalue', 'moralepistemology')",intrinsic vs. extrinsic value,moral epistemology,3,0
"('moralepistemology', 'moralnonnaturalism')",moral non-naturalism,moral epistemology,3,0
"('epistemologyofreligion', 'moralepistemology')",epistemology of religion,moral epistemology,2,0
"('moralepistemology', 'virtueepistemology')",virtue epistemology,moral epistemology,0,-1
"('moralepistemology', 'moralepistemologyandmoralreasoning')",moral epistemology and moral reasoning,moral epistemology,4,2
"('moralepistemology', 'moralskepticism')",moral skepticism,moral epistemology,4,0
"('medievaltheoriesofpracticalreason', 'moralreasoning')",medieval theories of practical reason,moral reasoning,3,0
"('moralparticularism', 'moralreasoning')",moral particularism,moral reasoning,3,0
"('moraldilemma', 'moralreasoning')",moral dilemma,moral reasoning,4,0
"('moralreasoning', 'paradoxofanalysis')",paradox of analysis,moral reasoning,3,0
"('contractarianism', 'moralreasoning')",contractarianism,moral reasoning,4,0
"('moralepistemologyandmoralreasoning', 'moralreasoning')",moral epistemology and moral reasoning,moral reasoning,4,1
"('epistemologicalproblemsoftestimony', 'testimony')",epistemological problems of testimony,testimony,4,0
"('arabicandislamicphilosophy', 'influenceofarabicandislamicphilosophyonthelatinwest')",influence of arabic and islamic philosophy on the latin west,arabic and islamic philosophy,4,3
"('arabicandislamicphilosophy', 'peripatetic')",peripatetic,arabic and islamic philosophy,4,0
"('chinesephilosophy', 'mohistcanons')",mohist canons,chinese philosophy,4,0
"('mentalrepresentation', 'philosophyofmind')",mental representation,philosophy of mind,4,0
"('epistemologicalproblemsofmemory', 'philosophyofmind')",epistemological problems of memory,philosophy of mind,4,3
"('eliminativematerialism', 'philosophyofmind')",eliminative materialism,philosophy of mind,4,0
"('metaphysicsofmind', 'philosophyofmind')",metaphysics of mind,philosophy of mind,4,0
"('consciousnessandpsychology', 'philosophyofpsychology')",consciousness and psychology,philosophy of psychology,4,3
"('philosophyofneuroscience', 'philosophyofpsychology')",philosophy of neuroscience,philosophy of psychology,4,3
"('folkpsychologyasmentalsimulation', 'philosophyofpsychology')",folk psychology as mental simulation,philosophy of psychology,4,0
"('folkpsychology', 'thetheorytheory')",the theory theory,folk psychology,4,3
"('folkpsychology', 'philosophyofpsychology')",philosophy of psychology,folk psychology,4,1
"('socialandpoliticalphilosophy', 'socialphilosophy')",social philosophy,social and political philosophy,4,0
"('hobbessmoralandpoliticalphilosophy', 'socialandpoliticalphilosophy')",hobbes's moral and political philosophy,social and political philosophy,3,3
"('medievalpoliticalphilosophy', 'socialandpoliticalphilosophy')",medieval political philosophy,social and political philosophy,4,0
"('deweyspoliticalphilosophy', 'socialandpoliticalphilosophy')",dewey's political philosophy,social and political philosophy,4,0
"('nietzschesmoralandpoliticalphilosophy', 'socialandpoliticalphilosophy')",nietzsche's moral and political philosophy,social and political philosophy,4,0
"('economicsandeconomicjustice', 'socialandpoliticalphilosophy')",economics and economic justice,social and political philosophy,4,0
"('autonomyinmoralandpoliticalphilosophy', 'socialandpoliticalphilosophy')",autonomy in moral and political philosophy,social and political philosophy,4,0
"('internationaljustice', 'socialandpoliticalphilosophy')",international justice,social and political philosophy,4,0
"('politicalphilosophy', 'socialandpoliticalphilosophy')",political philosophy,social and political philosophy,4,1
"('formsofgovernment', 'socialandpoliticalphilosophy')",forms of government,social and political philosophy,4,0
"('businessethics', 'socialandpoliticalphilosophy')",business ethics,social and political philosophy,4,3
"('federalism', 'formsofgovernment')",federalism,forms of government,4,0
"('commongood', 'formsofgovernment')",common good,forms of government,3,0
"('realismandantirealism', 'scientificrealism')",scientific realism,realism and anti-realism,4,0
"('realismandantirealism', 'semanticchallengestorealism')",semantic challenges to realism,realism and anti-realism,4,1
"('antirealism', 'realismandantirealism')",anti-realism,realism and anti-realism,4,0
"('realism', 'realismandantirealism')",realism,realism and anti-realism,4,0
"('facts', 'realismandantirealism')",facts,realism and anti-realism,3,2
"('artificialintelligence', 'turingmachine')",turing machine,artificial intelligence,2,-1
"('artificialintelligence', 'neuralnetwork')",neural network,artificial intelligence,3,-1
"('artificialintelligence', 'computationandrepresentation')",computation and representation,artificial intelligence,4,0
"('artificialintelligence', 'churchturingthesis')",church-turing thesis,artificial intelligence,2,3
"('artificialintelligence', 'connectionistmodel')",connectionist model,artificial intelligence,1,0
"('artificialintelligence', 'logicandlanguage')",logic and language,artificial intelligence,4,1
"('consciousnessandmentalcontent', 'personalidentityandethics')",personal identity and ethics,consciousness and mental content,1,0
"('animalconsciousness', 'consciousnessandmentalcontent')",animal consciousness,consciousness and mental content,3,0
"('consciousnessandintentionality', 'consciousnessandmentalcontent')",consciousness and intentionality,consciousness and mental content,4,2
"('emergence', 'emergentproperties')",emergent properties,emergence,4,0
"('emergence', 'reductionandemergence')",reduction and emergence,emergence,4,0
"('chineseroomargument', 'computationalism')",chinese room argument,computationalism,4,0
"('computationalism', 'intentionalstance')",intentional stance,computationalism,4,2
"('computationalism', 'computationaltheoryofmind')",computational theory of mind,computationalism,4,0
"('faithandreason', 'fideism')",fideism,faith and reason,4,0
"('faithandreason', 'kantsphilosophyofreligion')",kant's philosophy of religion,faith and reason,4,0
"('faith', 'faithandreason')",faith,faith and reason,4,0
"('neutralmonism', 'philosophyofmind')",neutral monism,philosophy of mind,3,0
"('consciousness', 'definitionofdeath')",definition of death,consciousness,4,3
"('logic', 'propositionalconsequencerelationsandalgebraiclogic')",propositional consequence relations and algebraic logic,logic,4,-1
"('combininglogics', 'logic')",combining logics,logic,4,0
"('logic', 'modallogic')",modal logic,logic,4,0
"('independencefriendlylogic', 'logic')",independence friendly logic,logic,4,0
"('intuitionisticlogic', 'logic')",intuitionistic logic,logic,4,0
"('hybridlogic', 'logic')",hybrid logic,logic,4,0
"('linearlogic', 'logic')",linear logic,logic,4,0
"('connexivelogic', 'logic')",connexive logic,logic,4,0
"('informallogic', 'logic')",informal logic,logic,4,0
"('developmentofintuitionisticlogic', 'logic')",development of intuitionistic logic,logic,4,0
"('deonticlogic', 'logic')",deontic logic,logic,4,0
"('logic', 'provabilitylogic')",provability logic,logic,4,0
"('mathematicallogic', 'propositionalfunction')",propositional function,mathematical logic,4,0
"('settheory', 'skolemsparadox')",skolem's paradox,set theory,4,0
"('constructiveandintuitionisticzermelofraenkelsettheory', 'settheory')",constructive and intuitionistic zermelo-fraenkel set theory,set theory,4,0
"('nonwellfoundedsettheory', 'settheory')",nonwellfounded set theory,set theory,4,0
"('axiomofchoice', 'settheory')",axiom of choice,set theory,4,0
"('logicandartificialintelligence', 'logicandlanguage')",logic and artificial intelligence,logic and language,4,3
"('innatenessandlanguage', 'philosophyoflanguage')",innateness and language,philosophy of language,3,0
"('languagelearning', 'philosophyoflanguage')",language learning,philosophy of language,4,0
"('philosophyoflanguage', 'privatelanguageargument')",private language argument,philosophy of language,4,0
"('languageofthoughthypothesis', 'philosophyoflanguage')",language of thought hypothesis,philosophy of language,3,3
"('faithandreason', 'magnetism')",magnetism,faith and reason,1,3
"('electromagnetism', 'religionandscience')",electromagnetism,religion and science,3,-1
"('logicofaction', 'philosophyofcomputerscience')",logic of action,philosophy of computer science,4,0
"('logicandartificialintelligence', 'philosophyofcomputerscience')",logic and artificial intelligence,philosophy of computer science,4,0
"('computerethics', 'philosophyofcomputerscience')",computer ethics,philosophy of computer science,4,0
"('churchturingthesis', 'philosophyofcomputerscience')",church-turing thesis,philosophy of computer science,4,0
"('automatedreasoning', 'philosophyofcomputerscience')",automated reasoning,philosophy of computer science,4,0
"('logicandcomputation', 'philosophyofcomputerscience')",logic and computation,philosophy of computer science,4,0
"('computation', 'philosophyofcomputerscience')",computation,philosophy of computer science,4,0
"('philosophyofcomputerscience', 'symbolicprocessing')",symbolic processing,philosophy of computer science,4,0
"('computationallinguistics', 'philosophyofcomputerscience')",computational linguistics,philosophy of computer science,3,0
"('philosophyofcomputerscience', 'syntax')",syntax,philosophy of computer science,4,0
"('frameproblem', 'philosophyofcomputerscience')",frame problem,philosophy of computer science,4,0
"('philosophyoflanguage', 'syntax')",syntax,philosophy of language,4,0
"('meaning', 'philosophyoflanguage')",meaning,philosophy of language,4,3
"('philosophyoflanguage', 'sentence')",sentence,philosophy of language,4,0
"('metaphysicsandlanguage', 'philosophyoflanguage')",metaphysics and language,philosophy of language,4,0
"('africanandafricanamericanphilosophy', 'africansagephilosophy')",african and african-american philosophy,african sage philosophy,3,0
"('continentalphilosophy', 'intersectionsbetweenpragmatistandcontinentalfeminism')",continental philosophy,intersections between pragmatist and continental feminism,-1,-1
"('continentalphilosophy', 'pragmatism')",continental philosophy,pragmatism,-1,-1
"('appliedethics', 'ethics')",applied ethics,ethics,1,-1
"('appliedethics', 'philosophyofbusiness')",applied ethics,philosophy of business,2,-1
"('epistemology', 'knowledge')",epistemology,knowledge,4,0
"('cognitivescience', 'philosophiesoftheparticularsciences')",cognitive science,philosophies of the particular sciences,1,1
"('cognitivescience', 'mind')",cognitive science,mind,4,3
"('cognitivescience', 'representation')",cognitive science,representation,4,3
"('computation', 'computationandrepresentation')",computation and representation,computation,0,-1
"('computationandrepresentation', 'representation')",computation and representation,representation,4,3
"('epistemology', 'otherminds')",epistemology,other minds,3,0
"('generalizedquantifiers', 'logic')",logic,generalized quantifiers,0,-1
"('averroism', 'judaicphilosophy')",judaic philosophy,averroism,2,3
"('hylomorphism', 'universals')",hylomorphism,universals,0,2
"('theoryoftruth', 'truth')",truth,theory of truth,4,0
"('philosophyoflanguage', 'sentence')",philosophy of language,sentence,4,0
"('change', 'processphilosophy')",process philosophy,change,4,1
"('operationalism', 'operationalismandinstrumentalism')",operationalism,operationalism and instrumentalism,4,1
"('concepts', 'operationalism')",operationalism,concepts,4,1
"('operationalism', 'philosophyofscienceandthesciences')",operationalism,philosophy of science and the sciences,4,1
"('meaning', 'operationalism')",operationalism,meaning,4,1
"('operationalism', 'philosophyofphysics')",operationalism,philosophy of physics,4,1
"('definition', 'operationalism')",operationalism,definition,4,0
"('computabilityandcomplexity', 'philosophyofcomputerscience')",philosophy of computer science,computability and complexity,2,3
"('categorytheory', 'philosophyofcomputerscience')",philosophy of computer science,category theory,2,-1
"('aestheticpleasure', 'pleasure')",aesthetic pleasure,pleasure,4,0
"('abstraction', 'aestheticsandphilosophyofart')",aesthetics and philosophy of art,abstraction,4,1
"('ethicsandart', 'moralcharacter')",ethics and art,moral character,2,0
"('meaning', 'philosophyoflanguage')",philosophy of language,meaning,4,3
"('interpretation', 'philosophyoflanguage')",philosophy of language,interpretation,2,0
"('moralpsychology', 'virtuesandvices')",moral psychology,virtues and vices,4,1
"('historyofscience', 'philosophyofscience')",history of science,philosophy of science,4,0
"('historyofscience', 'philosophyofscienceandthesciences')",history of science,philosophy of science and the sciences,4,1
"('aesthetics', 'aestheticsandphilosophyofart')",aesthetics and philosophy of art,aesthetics,3,0
"('function', 'functionandteleology')",function,function and teleology,4,1
"('function', 'ontology')",function,ontology,2,0
"('function', 'purpose')",function,purpose,4,2
"('churchturingthesis', 'functionandteleology')",church-turing thesis,function and teleology,1,0
"('churchturingthesis', 'turingmachine')",church-turing thesis,turing machine,4,0
"('churchturingthesis', 'function')",church-turing thesis,function,4,0
"('churchturingthesis', 'computation')",church-turing thesis,computation,4,2
"('historyofphilosophy', 'philosophyofhistory')",philosophy of history,history of philosophy,4,0
