key,ideaA,ideaB,relatedness,generality,persona
"('chinesephilosophy', 'taoism')",taoism,chinese philosophy,3,0,novice
"('chinesephilosophy', 'taoism')",taoism,chinese philosophy,3,0,course_taker
"('chinesephilosophy', 'taoism')",taoism,chinese philosophy,4,0,phd
"('chinesephilosophy', 'taoism')",taoism,chinese philosophy,4,0,expert
"('chinesephilosophy', 'taoism')",taoism,chinese philosophy,4,0,expert
"('meaning', 'philosophyoflanguage')",philosophy of language,meaning,2,0,novice
"('meaning', 'philosophyoflanguage')",philosophy of language,meaning,4,1,course_taker
"('meaning', 'philosophyoflanguage')",philosophy of language,meaning,4,3,phd
"('meaning', 'philosophyoflanguage')",philosophy of language,meaning,4,3,phd
"('meaning', 'philosophyoflanguage')",philosophy of language,meaning,-1,0,expert
"('philosophyofscience', 'philosophyofscienceandthesciences')",philosophy of science and the sciences,philosophy of science,4,3,novice
"('philosophyofscience', 'philosophyofscienceandthesciences')",philosophy of science and the sciences,philosophy of science,4,1,phd
"('philosophyofscience', 'philosophyofscienceandthesciences')",philosophy of science and the sciences,philosophy of science,4,-1,phd
"('philosophyofscience', 'philosophyofscienceandthesciences')",philosophy of science and the sciences,philosophy of science,4,2,phd
"('philosophyofscience', 'philosophyofscienceandthesciences')",philosophy of science and the sciences,philosophy of science,4,2,phd
"('philosophyofscience', 'philosophyofscienceandthesciences')",philosophy of science and the sciences,philosophy of science,4,2,phd
"('philosophyofscience', 'philosophyofscienceandthesciences')",philosophy of science and the sciences,philosophy of science,4,2,expert
"('philosophyofscience', 'philosophyofscienceandthesciences')",philosophy of science and the sciences,philosophy of science,4,1,expert
"('philosophyofscience', 'philosophyofscienceandthesciences')",philosophy of science and the sciences,philosophy of science,4,3,expert
"('epistemology', 'epistemologyofscience')",epistemology,epistemology of science,-1,-1,course_taker
"('epistemology', 'epistemologyofscience')",epistemology,epistemology of science,4,0,phd
"('epistemology', 'epistemologyofscience')",epistemology,epistemology of science,4,-1,phd
"('epistemology', 'epistemologyofscience')",epistemology,epistemology of science,3,0,phd
"('epistemology', 'epistemologyofscience')",epistemology,epistemology of science,4,0,phd
"('epistemology', 'epistemologyofscience')",epistemology,epistemology of science,2,0,phd
"('epistemology', 'epistemologyofscience')",epistemology,epistemology of science,2,3,phd
"('epistemology', 'epistemologyofscience')",epistemology,epistemology of science,3,0,expert
"('epistemology', 'epistemologyofscience')",epistemology,epistemology of science,4,0,expert
"('epistemology', 'epistemologyofscience')",epistemology,epistemology of science,4,0,expert
"('metaphysics', 'substance')",metaphysics,substance,4,1,course_taker
"('metaphysics', 'substance')",metaphysics,substance,4,0,phd
"('metaphysics', 'substance')",metaphysics,substance,3,0,expert
"('philosophyofbiology', 'philosophyofscienceandthesciences')",philosophy of science and the sciences,philosophy of biology,4,3,novice
"('philosophyofbiology', 'philosophyofscienceandthesciences')",philosophy of science and the sciences,philosophy of biology,4,-1,phd
"('philosophyofbiology', 'philosophyofscienceandthesciences')",philosophy of science and the sciences,philosophy of biology,4,0,phd
"('philosophyofbiology', 'philosophyofscienceandthesciences')",philosophy of science and the sciences,philosophy of biology,4,0,phd
"('philosophyofbiology', 'philosophyofscienceandthesciences')",philosophy of science and the sciences,philosophy of biology,4,0,phd
"('philosophyofbiology', 'philosophyofscienceandthesciences')",philosophy of science and the sciences,philosophy of biology,4,3,expert
"('artificialintelligence', 'neuralnetwork')",artificial intelligence,neural network,4,0,course_taker
"('artificialintelligence', 'neuralnetwork')",artificial intelligence,neural network,3,-1,phd
"('artificialintelligence', 'neuralnetwork')",artificial intelligence,neural network,4,-1,expert
"('epistemology', 'moralepistemologyandmoralreasoning')",epistemology,moral epistemology and moral reasoning,2,-1,novice
"('epistemology', 'moralepistemologyandmoralreasoning')",epistemology,moral epistemology and moral reasoning,3,-1,phd
"('epistemology', 'moralepistemologyandmoralreasoning')",epistemology,moral epistemology and moral reasoning,4,2,phd
"('epistemology', 'moralepistemologyandmoralreasoning')",epistemology,moral epistemology and moral reasoning,2,3,phd
"('epistemology', 'moralepistemologyandmoralreasoning')",epistemology,moral epistemology and moral reasoning,2,0,expert
"('revisiontheoryoftruth', 'truth')",revision theory of truth,truth,-1,-1,course_taker
"('revisiontheoryoftruth', 'truth')",revision theory of truth,truth,4,0,phd
"('revisiontheoryoftruth', 'truth')",revision theory of truth,truth,4,1,expert
"('revisiontheoryoftruth', 'truth')",revision theory of truth,truth,4,1,expert
"('philosophyofreligion', 'religion')",philosophy of religion,religion,4,2,course_taker
"('philosophyofreligion', 'religion')",philosophy of religion,religion,4,1,phd
"('philosophyofreligion', 'religion')",philosophy of religion,religion,4,1,phd
"('philosophyofreligion', 'religion')",philosophy of religion,religion,4,0,phd
"('philosophyofreligion', 'religion')",philosophy of religion,religion,4,1,expert
"('philosophyofreligion', 'religion')",philosophy of religion,religion,4,1,expert
"('artificialintelligence', 'thinkingmachine')",thinking machine,artificial intelligence,4,1,course_taker
"('artificialintelligence', 'thinkingmachine')",thinking machine,artificial intelligence,4,0,phd
"('artificialintelligence', 'thinkingmachine')",thinking machine,artificial intelligence,4,0,expert
"('artificialintelligence', 'thinkingmachine')",thinking machine,artificial intelligence,4,-1,expert
"('belief', 'philosophyofreligion')",philosophy of religion,belief,4,0,course_taker
"('belief', 'philosophyofreligion')",philosophy of religion,belief,4,1,phd
"('belief', 'philosophyofreligion')",philosophy of religion,belief,3,0,phd
"('belief', 'philosophyofreligion')",philosophy of religion,belief,3,0,phd
"('belief', 'philosophyofreligion')",philosophy of religion,belief,4,0,expert
"('chinesephilosophy', 'daoism')",chinese philosophy,daoism,3,0,course_taker
"('chinesephilosophy', 'daoism')",chinese philosophy,daoism,4,0,phd
"('chinesephilosophy', 'daoism')",chinese philosophy,daoism,4,1,expert
"('artificialintelligence', 'philosophyofcomputerscience')",artificial intelligence,philosophy of computer science,4,1,course_taker
"('artificialintelligence', 'philosophyofcomputerscience')",artificial intelligence,philosophy of computer science,4,1,phd
"('artificialintelligence', 'philosophyofcomputerscience')",artificial intelligence,philosophy of computer science,3,-1,phd
"('artificialintelligence', 'philosophyofcomputerscience')",artificial intelligence,philosophy of computer science,4,-1,expert
"('cognitivescience', 'philosophyofscience')",cognitive science,philosophy of science,4,1,course_taker
"('cognitivescience', 'philosophyofscience')",cognitive science,philosophy of science,2,3,phd
"('cognitivescience', 'philosophyofscience')",cognitive science,philosophy of science,3,-1,expert
"('cognitivescience', 'philosophyofscience')",cognitive science,philosophy of science,4,0,expert
"('cognitivescience', 'philosophyofscience')",cognitive science,philosophy of science,3,3,expert
"('philosophyofreligion', 'religiousdiversity')",philosophy of religion,religious diversity,3,0,course_taker
"('philosophyofreligion', 'religiousdiversity')",philosophy of religion,religious diversity,4,0,phd
"('philosophyofreligion', 'religiousdiversity')",philosophy of religion,religious diversity,1,0,phd
"('philosophyofreligion', 'religiousdiversity')",philosophy of religion,religious diversity,4,0,phd
"('philosophyofreligion', 'religiousdiversity')",philosophy of religion,religious diversity,3,0,expert
"('philosophyofreligion', 'religiousdiversity')",philosophy of religion,religious diversity,4,0,expert
"('cognitivescience', 'mind')",cognitive science,mind,4,0,course_taker
"('cognitivescience', 'mind')",cognitive science,mind,4,3,phd
"('cognitivescience', 'mind')",cognitive science,mind,4,0,expert
"('japaneseconfucianphilosophy', 'japanesephilosophy')",japanese confucian philosophy,japanese philosophy,2,0,novice
"('japaneseconfucianphilosophy', 'japanesephilosophy')",japanese confucian philosophy,japanese philosophy,4,0,phd
"('japaneseconfucianphilosophy', 'japanesephilosophy')",japanese confucian philosophy,japanese philosophy,4,0,expert
"('artificialintelligence', 'logicandartificialintelligence')",artificial intelligence,logic and artificial intelligence,4,0,course_taker
"('artificialintelligence', 'logicandartificialintelligence')",artificial intelligence,logic and artificial intelligence,4,0,phd
"('artificialintelligence', 'logicandartificialintelligence')",artificial intelligence,logic and artificial intelligence,4,0,expert
"('artificialintelligence', 'logicandartificialintelligence')",artificial intelligence,logic and artificial intelligence,4,-1,expert
"('cognitivescience', 'philosophyofmind')",cognitive science,philosophy of mind,4,2,course_taker
"('cognitivescience', 'philosophyofmind')",cognitive science,philosophy of mind,4,0,phd
"('cognitivescience', 'philosophyofmind')",cognitive science,philosophy of mind,4,0,phd
"('cognitivescience', 'philosophyofmind')",cognitive science,philosophy of mind,3,2,phd
"('cognitivescience', 'philosophyofmind')",cognitive science,philosophy of mind,4,-1,expert
"('cognitivescience', 'philosophyofmind')",cognitive science,philosophy of mind,4,2,expert
"('cognitivescience', 'philosophyofmind')",cognitive science,philosophy of mind,4,0,expert
"('cognitivescience', 'philosophyofmind')",cognitive science,philosophy of mind,4,2,expert
"('philosophyofmathematics', 'philosophyofscienceandthesciences')",philosophy of science and the sciences,philosophy of mathematics,1,2,course_taker
"('philosophyofmathematics', 'philosophyofscienceandthesciences')",philosophy of science and the sciences,philosophy of mathematics,3,-1,phd
"('philosophyofmathematics', 'philosophyofscienceandthesciences')",philosophy of science and the sciences,philosophy of mathematics,2,0,phd
"('philosophyofmathematics', 'philosophyofscienceandthesciences')",philosophy of science and the sciences,philosophy of mathematics,1,0,phd
"('philosophyofmathematics', 'philosophyofscienceandthesciences')",philosophy of science and the sciences,philosophy of mathematics,4,1,phd
"('philosophyofmathematics', 'philosophyofscienceandthesciences')",philosophy of science and the sciences,philosophy of mathematics,1,2,phd
"('philosophyofmathematics', 'philosophyofscienceandthesciences')",philosophy of science and the sciences,philosophy of mathematics,1,2,expert
"('cognitivescience', 'connectionism')",connectionism,cognitive science,4,1,course_taker
"('cognitivescience', 'connectionism')",connectionism,cognitive science,4,0,phd
"('cognitivescience', 'connectionism')",connectionism,cognitive science,4,0,expert
"('cognitivescience', 'connectionism')",connectionism,cognitive science,4,-1,expert
"('feministphilosophyofreligion', 'philosophyofreligion')",philosophy of religion,feminist philosophy of religion,3,0,course_taker
"('feministphilosophyofreligion', 'philosophyofreligion')",philosophy of religion,feminist philosophy of religion,4,0,phd
"('feministphilosophyofreligion', 'philosophyofreligion')",philosophy of religion,feminist philosophy of religion,2,0,phd
"('feministphilosophyofreligion', 'philosophyofreligion')",philosophy of religion,feminist philosophy of religion,4,0,phd
"('feministphilosophyofreligion', 'philosophyofreligion')",philosophy of religion,feminist philosophy of religion,3,2,expert
"('philosophyofreligion', 'religionandscience')",philosophy of religion,religion and science,4,0,course_taker
"('philosophyofreligion', 'religionandscience')",philosophy of religion,religion and science,4,0,phd
"('philosophyofreligion', 'religionandscience')",philosophy of religion,religion and science,4,0,phd
"('philosophyofreligion', 'religionandscience')",philosophy of religion,religion and science,4,0,phd
"('philosophyofreligion', 'religionandscience')",philosophy of religion,religion and science,4,0,expert
"('philosophyofreligion', 'religionandscience')",philosophy of religion,religion and science,4,0,expert
"('chinesebuddhism', 'chinesephilosophy')",chinese buddhism,chinese philosophy,2,0,novice
"('chinesebuddhism', 'chinesephilosophy')",chinese buddhism,chinese philosophy,4,0,phd
"('chinesebuddhism', 'chinesephilosophy')",chinese buddhism,chinese philosophy,4,0,expert
"('cognitivescience', 'philosophyofpsychology')",cognitive science,philosophy of psychology,4,2,course_taker
"('cognitivescience', 'philosophyofpsychology')",cognitive science,philosophy of psychology,4,3,phd
"('cognitivescience', 'philosophyofpsychology')",cognitive science,philosophy of psychology,4,0,phd
"('cognitivescience', 'philosophyofpsychology')",cognitive science,philosophy of psychology,4,-1,expert
"('cognitivescience', 'philosophyofpsychology')",cognitive science,philosophy of psychology,4,2,expert
"('cognitivescience', 'representation')",cognitive science,representation,4,0,course_taker
"('cognitivescience', 'representation')",cognitive science,representation,4,3,phd
"('cognitivescience', 'representation')",cognitive science,representation,4,1,expert
"('philosophyofscienceandthesciences', 'probabilityandstatistics')",philosophy of science and the sciences,probability and statistics,4,3,novice
"('philosophyofscienceandthesciences', 'probabilityandstatistics')",philosophy of science and the sciences,probability and statistics,4,-1,phd
"('philosophyofscienceandthesciences', 'probabilityandstatistics')",philosophy of science and the sciences,probability and statistics,3,0,phd
"('philosophyofscienceandthesciences', 'probabilityandstatistics')",philosophy of science and the sciences,probability and statistics,3,3,phd
"('philosophyofscienceandthesciences', 'probabilityandstatistics')",philosophy of science and the sciences,probability and statistics,3,0,phd
"('philosophyofscienceandthesciences', 'probabilityandstatistics')",philosophy of science and the sciences,probability and statistics,2,1,expert
"('philosophyofscienceandthesciences', 'probabilityandstatistics')",philosophy of science and the sciences,probability and statistics,4,3,expert
"('artificialintelligence', 'logic')",artificial intelligence,logic,4,2,course_taker
"('artificialintelligence', 'logic')",artificial intelligence,logic,4,3,phd
"('artificialintelligence', 'logic')",artificial intelligence,logic,3,2,phd
"('artificialintelligence', 'logic')",artificial intelligence,logic,2,0,phd
"('artificialintelligence', 'logic')",artificial intelligence,logic,4,1,expert
"('artificialintelligence', 'logic')",artificial intelligence,logic,3,3,expert
"('bioethics', 'biomedicalethics')",biomedical ethics,bioethics,4,0,phd
"('bioethics', 'biomedicalethics')",biomedical ethics,bioethics,4,2,phd
"('bioethics', 'biomedicalethics')",biomedical ethics,bioethics,4,2,expert
"('mentalcontent', 'representation')",representation,mental content,4,0,phd
"('mentalcontent', 'representation')",representation,mental content,4,1,expert
"('cognitivescience', 'folkpsychology')",folk psychology,cognitive science,4,0,phd
"('cognitivescience', 'folkpsychology')",folk psychology,cognitive science,3,2,phd
"('cognitivescience', 'folkpsychology')",folk psychology,cognitive science,4,2,expert
"('cognitivescience', 'folkpsychology')",folk psychology,cognitive science,4,-1,expert
"('aristotleonnoncontradiction', 'perception')",aristotle on non-contradiction,perception,0,-1,phd
"('aristotleonnoncontradiction', 'perception')",aristotle on non-contradiction,perception,0,-1,expert
"('epistemology', 'socialphilosophyandpoliticalphilosophy')",social philosophy and political philosophy,epistemology,1,2,phd
"('epistemology', 'socialphilosophyandpoliticalphilosophy')",social philosophy and political philosophy,epistemology,0,-1,expert
"('epistemology', 'realism')",realism,epistemology,2,-1,phd
"('epistemology', 'realism')",realism,epistemology,2,0,phd
"('epistemology', 'realism')",realism,epistemology,3,0,expert
"('epistemology', 'philosophiesoftheparticularsciences')",philosophies of the particular sciences,epistemology,3,-1,phd
"('epistemology', 'philosophiesoftheparticularsciences')",philosophies of the particular sciences,epistemology,2,2,phd
"('epistemology', 'philosophiesoftheparticularsciences')",philosophies of the particular sciences,epistemology,2,2,expert
"('epistemology', 'philosophiesoftheparticularsciences')",philosophies of the particular sciences,epistemology,1,0,expert
"('metaphysics', 'realismandantirealism')",realism and anti-realism,metaphysics,4,0,phd
"('metaphysics', 'realismandantirealism')",realism and anti-realism,metaphysics,4,0,phd
"('metaphysics', 'realismandantirealism')",realism and anti-realism,metaphysics,3,2,phd
"('metaphysics', 'realismandantirealism')",realism and anti-realism,metaphysics,4,0,expert
"('metaphysics', 'realismandantirealism')",realism and anti-realism,metaphysics,4,0,expert
"('einsteinsphilosophyofscience', 'philosophyofscienceandthesciences')",einstein's philosophy of science,philosophy of science and the sciences,4,-1,phd
"('einsteinsphilosophyofscience', 'philosophyofscienceandthesciences')",einstein's philosophy of science,philosophy of science and the sciences,4,0,phd
"('einsteinsphilosophyofscience', 'philosophyofscienceandthesciences')",einstein's philosophy of science,philosophy of science and the sciences,4,0,phd
"('einsteinsphilosophyofscience', 'philosophyofscienceandthesciences')",einstein's philosophy of science,philosophy of science and the sciences,3,0,expert
"('medievaltheoriesofrelations', 'metaphysics')",medieval theories of relations,metaphysics,4,0,phd
"('medievaltheoriesofrelations', 'metaphysics')",medieval theories of relations,metaphysics,4,0,phd
"('medievaltheoriesofrelations', 'metaphysics')",medieval theories of relations,metaphysics,3,0,expert
"('epistemology', 'probability')",probability,epistemology,3,3,phd
"('epistemology', 'probability')",probability,epistemology,4,0,expert
"('epistemologicalproblemsoftestimony', 'epistemology')",epistemological problems of testimony,epistemology,4,-1,phd
"('epistemologicalproblemsoftestimony', 'epistemology')",epistemological problems of testimony,epistemology,4,0,phd
"('epistemologicalproblemsoftestimony', 'epistemology')",epistemological problems of testimony,epistemology,4,0,phd
"('epistemologicalproblemsoftestimony', 'epistemology')",epistemological problems of testimony,epistemology,3,0,expert
"('epistemology', 'reliabilism')",reliabilism,epistemology,4,-1,phd
"('epistemology', 'reliabilism')",reliabilism,epistemology,4,0,phd
"('epistemology', 'reliabilism')",reliabilism,epistemology,4,0,phd
"('epistemology', 'reliabilism')",reliabilism,epistemology,4,0,expert
"('epistemology', 'reliabilism')",reliabilism,epistemology,4,0,expert
"('connectionism', 'connectionistmodel')",connectionism,connectionist model,4,0,course_taker
"('connectionism', 'connectionistmodel')",connectionism,connectionist model,3,0,phd
"('japanesezenbuddhistphilosophy', 'philosophyofmind')",japanese zen buddhist philosophy,philosophy of mind,0,-1,phd
"('japanesezenbuddhistphilosophy', 'philosophyofmind')",japanese zen buddhist philosophy,philosophy of mind,1,-1,expert
"('japanesezenbuddhistphilosophy', 'philosophyofmind')",japanese zen buddhist philosophy,philosophy of mind,1,1,expert
"('japanesezenbuddhistphilosophy', 'philosophyofmind')",japanese zen buddhist philosophy,philosophy of mind,2,0,expert
"('japanesezenbuddhistphilosophy', 'philosophyofmind')",japanese zen buddhist philosophy,philosophy of mind,0,-1,expert
"('autism', 'perception')",autism,perception,0,-1,phd
"('autism', 'perception')",autism,perception,1,3,expert
"('internalismandexternalism', 'philosophyofmind')",internalism and externalism,philosophy of mind,3,0,phd
"('internalismandexternalism', 'philosophyofmind')",internalism and externalism,philosophy of mind,4,-1,expert
"('internalismandexternalism', 'philosophyofmind')",internalism and externalism,philosophy of mind,4,0,expert
"('internalismandexternalism', 'philosophyofmind')",internalism and externalism,philosophy of mind,4,0,expert
"('internalismandexternalism', 'philosophyofmind')",internalism and externalism,philosophy of mind,4,0,expert
"('internalismandexternalism', 'philosophyofmind')",internalism and externalism,philosophy of mind,4,1,expert
"('internalismandexternalism', 'philosophyofmind')",internalism and externalism,philosophy of mind,4,1,expert
"('knowledge', 'rationalismvsempiricism')",rationalism vs. empiricism,knowledge,4,0,phd
"('knowledge', 'rationalismvsempiricism')",rationalism vs. empiricism,knowledge,4,0,expert
"('higherordertheoriesofconsciousness', 'perception')",higher-order theories of consciousness,perception,3,0,phd
"('higherordertheoriesofconsciousness', 'perception')",higher-order theories of consciousness,perception,3,0,expert
"('artisticrepresentation', 'perception')",artistic representation,perception,0,-1,phd
"('artisticrepresentation', 'perception')",artistic representation,perception,3,0,expert
"('artisticrepresentation', 'perception')",artistic representation,perception,4,2,expert
"('chineseandwestern', 'chinesephilosophy')",chinese and western,chinese philosophy,-1,-1,novice
"('chineseandwestern', 'chinesephilosophy')",chinese and western,chinese philosophy,3,1,expert
"('philosophyofcomputerscience', 'philosophyofmathematics')",philosophy of computer science,philosophy of mathematics,3,2,course_taker
"('philosophyofcomputerscience', 'philosophyofmathematics')",philosophy of computer science,philosophy of mathematics,4,2,phd
"('epistemologicalproblemsoftestimony', 'perception')",epistemological problems of testimony,perception,0,-1,phd
"('epistemologicalproblemsoftestimony', 'perception')",epistemological problems of testimony,perception,3,0,expert
"('everettsrelativestateformulationofquantummechanics', 'philosophyofmind')",everett's relative-state formulation of quantum mechanics,philosophy of mind,0,-1,phd
"('everettsrelativestateformulationofquantummechanics', 'philosophyofmind')",everett's relative-state formulation of quantum mechanics,philosophy of mind,1,-1,expert
"('everettsrelativestateformulationofquantummechanics', 'philosophyofmind')",everett's relative-state formulation of quantum mechanics,philosophy of mind,0,-1,expert
"('everettsrelativestateformulationofquantummechanics', 'philosophyofmind')",everett's relative-state formulation of quantum mechanics,philosophy of mind,1,0,expert
"('consciousness', 'unityofconsciousness')",unity of consciousness,consciousness,4,0,phd
"('consciousness', 'unityofconsciousness')",unity of consciousness,consciousness,4,1,expert
"('foreknowledgeandfreewill', 'freewill')",foreknowledge and free will,free will,4,0,phd
"('foreknowledgeandfreewill', 'freewill')",foreknowledge and free will,free will,4,-1,expert
"('aristotleslogic', 'metaphysics')",aristotle's logic,metaphysics,1,0,phd
"('aristotleslogic', 'metaphysics')",aristotle's logic,metaphysics,2,3,phd
"('aristotleslogic', 'metaphysics')",aristotle's logic,metaphysics,1,0,expert
"('aristotleslogic', 'metaphysics')",aristotle's logic,metaphysics,3,3,expert
"('intentionality', 'perception')",intentionality,perception,4,1,phd
"('intentionality', 'perception')",intentionality,perception,3,2,expert
"('philosophyandchristiantheology', 'philosophyofreligion')",philosophy and christian theology,philosophy of religion,4,0,phd
"('philosophyandchristiantheology', 'philosophyofreligion')",philosophy and christian theology,philosophy of religion,4,0,phd
"('philosophyandchristiantheology', 'philosophyofreligion')",philosophy and christian theology,philosophy of religion,4,0,expert
"('computationallinguistics', 'perception')",computational linguistics,perception,0,-1,phd
"('computationallinguistics', 'perception')",computational linguistics,perception,0,-1,expert
"('metaphysics', 'naturaltheology')",natural theology,metaphysics,4,0,phd
"('metaphysics', 'naturaltheology')",natural theology,metaphysics,3,3,expert
"('artificialintelligence', 'outputunit')",output unit,artificial intelligence,1,0,phd
"('artificialintelligence', 'outputunit')",output unit,artificial intelligence,4,0,expert
"('artificialintelligence', 'outputunit')",output unit,artificial intelligence,4,-1,expert
"('externalism', 'philosophyofmind')",externalism,philosophy of mind,3,3,phd
"('externalism', 'philosophyofmind')",externalism,philosophy of mind,4,-1,expert
"('externalism', 'philosophyofmind')",externalism,philosophy of mind,4,0,expert
"('externalism', 'philosophyofmind')",externalism,philosophy of mind,4,0,expert
"('externalism', 'philosophyofmind')",externalism,philosophy of mind,4,1,expert
"('philosophyoflanguage', 'sentence')",sentence,philosophy of language,4,0,phd
"('philosophyoflanguage', 'sentence')",sentence,philosophy of language,4,0,phd
"('philosophyoflanguage', 'sentence')",sentence,philosophy of language,-1,0,expert
"('perception', 'selfknowledge')",self-knowledge,perception,2,2,phd
"('perception', 'selfknowledge')",self-knowledge,perception,3,2,expert
"('perception', 'selfknowledge')",self-knowledge,perception,2,2,expert
"('continuant', 'metaphysics')",continuant,metaphysics,4,0,phd
"('continuant', 'metaphysics')",continuant,metaphysics,4,0,expert
"('matter', 'philosophyofreligion')",matter,philosophy of religion,0,-1,phd
"('matter', 'philosophyofreligion')",matter,philosophy of religion,3,0,phd
"('matter', 'philosophyofreligion')",matter,philosophy of religion,1,0,phd
"('matter', 'philosophyofreligion')",matter,philosophy of religion,1,1,expert
"('metaphysics', 'philosophyofart')",philosophy of art,metaphysics,1,3,phd
"('metaphysics', 'philosophyofart')",philosophy of art,metaphysics,0,-1,expert
"('philosophyofscience', 'philosophyofsocialscience')",philosophy of social science,philosophy of science,4,0,phd
"('philosophyofscience', 'philosophyofsocialscience')",philosophy of social science,philosophy of science,4,1,expert
"('aesthetics', 'aestheticsandphilosophyofart')",aesthetics,aesthetics and philosophy of art,4,0,phd
"('aesthetics', 'aestheticsandphilosophyofart')",aesthetics,aesthetics and philosophy of art,4,0,phd
"('aesthetics', 'aestheticsandphilosophyofart')",aesthetics,aesthetics and philosophy of art,3,0,phd
"('aesthetics', 'aestheticsandphilosophyofart')",aesthetics,aesthetics and philosophy of art,4,2,expert
"('epistemology', 'probabilityandstatistics')",probability and statistics,epistemology,3,-1,phd
"('epistemology', 'probabilityandstatistics')",probability and statistics,epistemology,1,2,phd
"('epistemology', 'probabilityandstatistics')",probability and statistics,epistemology,3,0,expert
"('essenceandexistence', 'existence')",essence and existence,existence,4,0,phd
"('essenceandexistence', 'existence')",essence and existence,existence,4,0,phd
"('essenceandexistence', 'existence')",essence and existence,existence,4,0,expert
"('epistemology', 'foundationalism')",foundationalism,epistemology,4,-1,phd
"('epistemology', 'foundationalism')",foundationalism,epistemology,4,0,phd
"('epistemology', 'foundationalism')",foundationalism,epistemology,4,0,phd
"('epistemology', 'foundationalism')",foundationalism,epistemology,4,0,expert
"('epistemology', 'foundationalism')",foundationalism,epistemology,4,0,expert
"('epistemology', 'foundationalism')",foundationalism,epistemology,4,0,expert
"('body', 'philosophyofmind')",body,philosophy of mind,3,3,phd
"('body', 'philosophyofmind')",body,philosophy of mind,3,-1,expert
"('body', 'philosophyofmind')",body,philosophy of mind,3,2,expert
"('body', 'philosophyofmind')",body,philosophy of mind,4,1,expert
"('body', 'philosophyofmind')",body,philosophy of mind,3,2,expert
"('philosophyofcomputerscience', 'philosophyofscience')",philosophy of computer science,philosophy of science,3,1,course_taker
"('philosophyofcomputerscience', 'philosophyofscience')",philosophy of computer science,philosophy of science,4,0,phd
"('philosophyofcomputerscience', 'philosophyofscience')",philosophy of computer science,philosophy of science,4,1,phd
"('causalprocesses', 'causation')",causal processes,causation,4,0,phd
"('causalprocesses', 'causation')",causal processes,causation,4,0,expert
"('ethics', 'gametheoryinethics')",game theory in ethics,ethics,3,0,phd
"('ethics', 'gametheoryinethics')",game theory in ethics,ethics,3,3,phd
"('ethics', 'gametheoryinethics')",game theory in ethics,ethics,4,0,expert
"('cognitivescience', 'kantsviewofthemindandconsciousnessofself')",kant's view of the mind and consciousness of self,cognitive science,2,3,phd
"('cognitivescience', 'kantsviewofthemindandconsciousnessofself')",kant's view of the mind and consciousness of self,cognitive science,2,-1,expert
"('metaphysics', 'realism')",realism,metaphysics,4,0,phd
"('metaphysics', 'realism')",realism,metaphysics,4,0,phd
"('metaphysics', 'realism')",realism,metaphysics,4,0,expert
"('perception', 'sensedata')",sense-data,perception,4,0,phd
"('perception', 'sensedata')",sense-data,perception,4,0,phd
"('perception', 'sensedata')",sense-data,perception,4,0,phd
"('perception', 'sensedata')",sense-data,perception,4,0,expert
"('perception', 'sensedata')",sense-data,perception,4,0,expert
"('continentalphilosophy', 'philosophyofhistory')",philosophy of history,continental philosophy,2,1,phd
"('continentalphilosophy', 'philosophyofhistory')",philosophy of history,continental philosophy,2,3,expert
"('cognitivescience', 'mentalimagery')",mental imagery,cognitive science,4,0,phd
"('cognitivescience', 'mentalimagery')",mental imagery,cognitive science,4,-1,expert
"('humeonreligion', 'philosophyofreligion')",hume on religion,philosophy of religion,4,0,phd
"('humeonreligion', 'philosophyofreligion')",hume on religion,philosophy of religion,4,0,phd
"('humeonreligion', 'philosophyofreligion')",hume on religion,philosophy of religion,4,0,phd
"('humeonreligion', 'philosophyofreligion')",hume on religion,philosophy of religion,4,0,expert
"('humeonreligion', 'philosophyofreligion')",hume on religion,philosophy of religion,4,0,expert
"('epistemology', 'justifiedtruebelief')",justified true belief,epistemology,4,0,phd
"('epistemology', 'justifiedtruebelief')",justified true belief,epistemology,4,0,expert
"('bioethics', 'cloning')",cloning,bioethics,4,0,phd
"('bioethics', 'cloning')",cloning,bioethics,4,0,expert
"('epistemology', 'knowledge')",knowledge,epistemology,4,3,phd
"('epistemology', 'knowledge')",knowledge,epistemology,4,-1,phd
"('epistemology', 'knowledge')",knowledge,epistemology,4,1,phd
"('epistemology', 'knowledge')",knowledge,epistemology,4,2,phd
"('epistemology', 'knowledge')",knowledge,epistemology,4,2,phd
"('epistemology', 'knowledge')",knowledge,epistemology,4,0,phd
"('epistemology', 'knowledge')",knowledge,epistemology,4,0,phd
"('epistemology', 'knowledge')",knowledge,epistemology,4,0,expert
"('epistemology', 'knowledge')",knowledge,epistemology,4,1,expert
"('civildisobedience', 'philosophyoflaw')",philosophy of law,civil disobedience,3,1,novice
"('civildisobedience', 'philosophyoflaw')",philosophy of law,civil disobedience,3,0,phd
"('emergence', 'panpsychism')",panpsychism,emergence,4,3,phd
"('emergence', 'panpsychism')",panpsychism,emergence,3,2,expert
"('kantsphilosophyofscience', 'metaphysics')",kant's philosophy of science,metaphysics,2,0,phd
"('kantsphilosophyofscience', 'metaphysics')",kant's philosophy of science,metaphysics,1,0,expert
"('historyoflogic', 'medievallogic')",medieval logic,history of logic,4,-1,novice
"('historyoflogic', 'medievallogic')",medieval logic,history of logic,4,0,phd
"('idiolects', 'philosophyoflanguage')",idiolects,philosophy of language,4,0,phd
"('idiolects', 'philosophyoflanguage')",idiolects,philosophy of language,2,0,expert
"('idiolects', 'philosophyoflanguage')",idiolects,philosophy of language,-1,0,expert
"('divineillumination', 'philosophyofmind')",divine illumination,philosophy of mind,3,0,phd
"('divineillumination', 'philosophyofmind')",divine illumination,philosophy of mind,4,1,expert
"('consciousness', 'consciousnessandintentionality')",consciousness and intentionality,consciousness,4,0,phd
"('consciousness', 'consciousnessandintentionality')",consciousness and intentionality,consciousness,4,2,expert
"('ethnocentrism', 'philosophyofreligion')",ethnocentrism,philosophy of religion,0,-1,phd
"('ethnocentrism', 'philosophyofreligion')",ethnocentrism,philosophy of religion,0,-1,phd
"('ethnocentrism', 'philosophyofreligion')",ethnocentrism,philosophy of religion,3,0,phd
"('ethnocentrism', 'philosophyofreligion')",ethnocentrism,philosophy of religion,4,1,expert
"('foundationalism', 'skepticism')",foundationalism,skepticism,2,0,phd
"('foundationalism', 'skepticism')",foundationalism,skepticism,4,2,expert
"('folkpsychology', 'philosophyofmind')",folk psychology,philosophy of mind,4,0,phd
"('folkpsychology', 'philosophyofmind')",folk psychology,philosophy of mind,3,0,phd
"('folkpsychology', 'philosophyofmind')",folk psychology,philosophy of mind,4,0,phd
"('folkpsychology', 'philosophyofmind')",folk psychology,philosophy of mind,4,-1,expert
"('folkpsychology', 'philosophyofmind')",folk psychology,philosophy of mind,4,0,expert
"('folkpsychology', 'philosophyofmind')",folk psychology,philosophy of mind,4,0,expert
"('perception', 'qualia')",qualia,perception,3,2,phd
"('perception', 'qualia')",qualia,perception,4,2,expert
"('metaphysics', 'motionandtime')",motion and time,metaphysics,4,0,phd
"('metaphysics', 'motionandtime')",motion and time,metaphysics,3,3,expert
"('metaphysics', 'naturalphilosophy')",natural philosophy,metaphysics,4,0,phd
"('metaphysics', 'naturalphilosophy')",natural philosophy,metaphysics,2,2,phd
"('metaphysics', 'naturalphilosophy')",natural philosophy,metaphysics,3,2,expert
"('pantheism', 'philosophyofreligion')",pantheism,philosophy of religion,4,0,phd
"('pantheism', 'philosophyofreligion')",pantheism,philosophy of religion,4,0,phd
"('pantheism', 'philosophyofreligion')",pantheism,philosophy of religion,4,0,phd
"('pantheism', 'philosophyofreligion')",pantheism,philosophy of religion,3,0,expert
"('pantheism', 'philosophyofreligion')",pantheism,philosophy of religion,4,0,expert
"('epistemology', 'naturalizedepistemology')",naturalized epistemology,epistemology,4,0,phd
"('epistemology', 'naturalizedepistemology')",naturalized epistemology,epistemology,4,-1,phd
"('epistemology', 'naturalizedepistemology')",naturalized epistemology,epistemology,3,0,phd
"('epistemology', 'naturalizedepistemology')",naturalized epistemology,epistemology,4,0,phd
"('epistemology', 'naturalizedepistemology')",naturalized epistemology,epistemology,3,0,phd
"('epistemology', 'naturalizedepistemology')",naturalized epistemology,epistemology,3,0,phd
"('epistemology', 'naturalizedepistemology')",naturalized epistemology,epistemology,4,0,expert
"('epistemology', 'naturalizedepistemology')",naturalized epistemology,epistemology,4,0,expert
"('epistemology', 'naturalizedepistemology')",naturalized epistemology,epistemology,4,0,expert
"('logos', 'perception')",logos,perception,0,-1,phd
"('logos', 'perception')",logos,perception,1,3,expert
"('analyticfeminism', 'metaphysics')",analytic feminism,metaphysics,1,0,phd
"('analyticfeminism', 'metaphysics')",analytic feminism,metaphysics,0,-1,expert
"('chinesephilosophy', 'chinesewesterncomparativephilosophy')",chinese-western comparative philosophy,chinese philosophy,3,0,phd
"('chinesephilosophy', 'chinesewesterncomparativephilosophy')",chinese-western comparative philosophy,chinese philosophy,4,3,phd
"('chinesephilosophy', 'chinesewesterncomparativephilosophy')",chinese-western comparative philosophy,chinese philosophy,4,1,expert
"('chinesephilosophy', 'chinesewesterncomparativephilosophy')",chinese-western comparative philosophy,chinese philosophy,4,3,expert
"('koreanphilosophy', 'perception')",korean philosophy,perception,0,-1,phd
"('koreanphilosophy', 'perception')",korean philosophy,perception,1,3,expert
"('originofaesthetic', 'philosophyofmind')",origin of aesthetic,philosophy of mind,0,-1,phd
"('originofaesthetic', 'philosophyofmind')",origin of aesthetic,philosophy of mind,2,-1,expert
"('originofaesthetic', 'philosophyofmind')",origin of aesthetic,philosophy of mind,0,-1,expert
"('originofaesthetic', 'philosophyofmind')",origin of aesthetic,philosophy of mind,0,-1,expert
"('originofaesthetic', 'philosophyofmind')",origin of aesthetic,philosophy of mind,1,0,expert
"('connectionism', 'trainingset')",connectionism,training set,4,0,course_taker
"('connectionism', 'trainingset')",connectionism,training set,3,0,phd
"('evolution', 'unitsandlevelsofselection')",units and levels of selection,evolution,4,0,phd
"('evolution', 'unitsandlevelsofselection')",units and levels of selection,evolution,4,1,expert
"('consciousness', 'consciousnessandcontent')",consciousness and content,consciousness,4,0,phd
"('consciousness', 'consciousnessandcontent')",consciousness and content,consciousness,4,-1,expert
"('perception', 'philosophyofphysics')",philosophy of physics,perception,0,-1,phd
"('perception', 'philosophyofphysics')",philosophy of physics,perception,1,1,expert
"('dynamicalsystem', 'supertasks')",supertasks,dynamical system,2,3,phd
"('dynamicalsystem', 'supertasks')",supertasks,dynamical system,3,1,expert
"('modularity', 'philosophyofmind')",modularity,philosophy of mind,2,3,phd
"('modularity', 'philosophyofmind')",modularity,philosophy of mind,4,-1,expert
"('modularity', 'philosophyofmind')",modularity,philosophy of mind,4,0,expert
"('modularity', 'philosophyofmind')",modularity,philosophy of mind,4,0,expert
"('logic', 'philosophyofmathematics')",logic,philosophy of mathematics,4,2,course_taker
"('logic', 'philosophyofmathematics')",logic,philosophy of mathematics,4,3,phd
"('logic', 'philosophyofmathematics')",logic,philosophy of mathematics,3,2,phd
"('logic', 'philosophyofmathematics')",logic,philosophy of mathematics,4,2,phd
"('logic', 'philosophyofmathematics')",logic,philosophy of mathematics,4,3,phd
"('defeasiblereasoning', 'epistemology')",defeasible reasoning,epistemology,4,0,phd
"('defeasiblereasoning', 'epistemology')",defeasible reasoning,epistemology,4,0,expert
"('descartesontologicalargument', 'perception')",descartes' ontological argument,perception,0,-1,phd
"('descartesontologicalargument', 'perception')",descartes' ontological argument,perception,1,0,expert
"('bioethics', 'feministbioethics')",feminist bioethics,bioethics,4,0,phd
"('bioethics', 'feministbioethics')",feminist bioethics,bioethics,4,0,phd
"('bioethics', 'feministbioethics')",feminist bioethics,bioethics,4,0,phd
"('bioethics', 'feministbioethics')",feminist bioethics,bioethics,4,0,expert
"('justifiedtruebelief', 'perception')",justified true belief,perception,0,-1,phd
"('justifiedtruebelief', 'perception')",justified true belief,perception,2,3,expert
"('philosophyofreligion', 'polytheism')",polytheism,philosophy of religion,4,0,phd
"('philosophyofreligion', 'polytheism')",polytheism,philosophy of religion,4,0,phd
"('philosophyofreligion', 'polytheism')",polytheism,philosophy of religion,4,0,phd
"('philosophyofreligion', 'polytheism')",polytheism,philosophy of religion,4,0,expert
"('philosophyofmind', 'philosophyofpsychology')",philosophy of psychology,philosophy of mind,4,0,phd
"('philosophyofmind', 'philosophyofpsychology')",philosophy of psychology,philosophy of mind,3,2,phd
"('philosophyofmind', 'philosophyofpsychology')",philosophy of psychology,philosophy of mind,4,-1,expert
"('philosophyofmind', 'philosophyofpsychology')",philosophy of psychology,philosophy of mind,4,0,expert
"('philosophyofmind', 'philosophyofpsychology')",philosophy of psychology,philosophy of mind,4,0,expert
"('metaphysics', 'philosophyofscienceandthesciences')",philosophy of science and the sciences,metaphysics,3,0,phd
"('metaphysics', 'philosophyofscienceandthesciences')",philosophy of science and the sciences,metaphysics,0,-1,phd
"('metaphysics', 'philosophyofscienceandthesciences')",philosophy of science and the sciences,metaphysics,3,3,expert
"('consciousness', 'phenomenalconsciousness')",phenomenal consciousness,consciousness,4,-1,phd
"('consciousness', 'phenomenalconsciousness')",phenomenal consciousness,consciousness,4,-1,expert
"('artificialintelligence', 'logicandcomputation')",logic and computation,artificial intelligence,4,3,phd
"('artificialintelligence', 'logicandcomputation')",logic and computation,artificial intelligence,3,1,expert
"('artificialintelligence', 'logicandcomputation')",logic and computation,artificial intelligence,4,-1,expert
"('analysis', 'philosophyofmathematics')",analysis,philosophy of mathematics,4,0,phd
"('analysis', 'philosophyofmathematics')",analysis,philosophy of mathematics,2,3,expert
"('analysis', 'philosophyofmathematics')",analysis,philosophy of mathematics,4,3,expert
"('metaphysics', 'principleofsufficientreason')",principle of sufficient reason,metaphysics,4,0,phd
"('metaphysics', 'principleofsufficientreason')",principle of sufficient reason,metaphysics,3,3,expert
"('perception', 'unityofconsciousness')",unity of consciousness,perception,2,2,phd
"('perception', 'unityofconsciousness')",unity of consciousness,perception,3,0,expert
"('meaning', 'metaphysics')",meaning,metaphysics,3,0,phd
"('meaning', 'metaphysics')",meaning,metaphysics,0,2,expert
"('philosophiesoftheparticularsciences', 'philosophyofscienceandthesciences')",philosophies of the particular sciences,philosophy of science and the sciences,4,-1,phd
"('philosophiesoftheparticularsciences', 'philosophyofscienceandthesciences')",philosophies of the particular sciences,philosophy of science and the sciences,4,0,phd
"('philosophiesoftheparticularsciences', 'philosophyofscienceandthesciences')",philosophies of the particular sciences,philosophy of science and the sciences,4,0,phd
"('philosophiesoftheparticularsciences', 'philosophyofscienceandthesciences')",philosophies of the particular sciences,philosophy of science and the sciences,3,0,expert
"('metaphysics', 'mind')",mind,metaphysics,4,2,phd
"('metaphysics', 'mind')",mind,metaphysics,3,3,expert
"('epistemology', 'propernames')",proper names,epistemology,2,0,phd
"('epistemology', 'propernames')",proper names,epistemology,0,-1,expert
"('metaphysics', 'simultaneity')",simultaneity,metaphysics,4,0,phd
"('metaphysics', 'simultaneity')",simultaneity,metaphysics,3,0,expert
"('philosophyofmathematics', 'settheory')",philosophy of mathematics,set theory,4,1,phd
"('philosophyofmathematics', 'settheory')",philosophy of mathematics,set theory,4,0,phd
"('philosophyofmathematics', 'settheory')",philosophy of mathematics,set theory,4,3,expert
"('historyoflogic', 'medievaltheoriesofthesyllogism')",medieval theories of the syllogism,history of logic,4,-1,novice
"('historyoflogic', 'medievaltheoriesofthesyllogism')",medieval theories of the syllogism,history of logic,3,3,phd
"('historyoflogic', 'medievaltheoriesofthesyllogism')",medieval theories of the syllogism,history of logic,4,0,phd
"('metaphysicsofmind', 'panpsychism')",panpsychism,metaphysics of mind,4,0,phd
"('metaphysicsofmind', 'panpsychism')",panpsychism,metaphysics of mind,3,0,expert
"('philosophyofmind', 'symbolicprocessing')",symbolic processing,philosophy of mind,3,0,phd
"('philosophyofmind', 'symbolicprocessing')",symbolic processing,philosophy of mind,3,-1,expert
"('philosophyofmind', 'symbolicprocessing')",symbolic processing,philosophy of mind,4,0,expert
"('modernphilosophy', 'philosophyofmind')",modern philosophy,philosophy of mind,3,2,phd
"('modernphilosophy', 'philosophyofmind')",modern philosophy,philosophy of mind,3,-1,expert
"('modernphilosophy', 'philosophyofmind')",modern philosophy,philosophy of mind,2,1,expert
"('chineseroomargument', 'cognitivescience')",chinese room argument,cognitive science,4,0,phd
"('chineseroomargument', 'cognitivescience')",chinese room argument,cognitive science,4,0,expert
"('chineseroomargument', 'cognitivescience')",chinese room argument,cognitive science,4,-1,expert
"('arabicphilosophyandislamicphilosophy', 'metaphysics')",arabic philosophy and islamic philosophy,metaphysics,2,0,phd
"('arabicphilosophyandislamicphilosophy', 'metaphysics')",arabic philosophy and islamic philosophy,metaphysics,1,0,expert
"('consciousness', 'higherordertheoriesofconsciousness')",higher-order theories of consciousness,consciousness,4,0,phd
"('consciousness', 'higherordertheoriesofconsciousness')",higher-order theories of consciousness,consciousness,4,-1,expert
"('afterlife', 'meaningoflife')",meaning of life,afterlife,4,0,phd
"('afterlife', 'meaningoflife')",meaning of life,afterlife,3,2,expert
"('philosophyofmind', 'syntacticanalysis')",syntactic analysis,philosophy of mind,1,0,phd
"('philosophyofmind', 'syntacticanalysis')",syntactic analysis,philosophy of mind,1,3,phd
"('philosophyofmind', 'syntacticanalysis')",syntactic analysis,philosophy of mind,2,-1,expert
"('philosophyofmind', 'syntacticanalysis')",syntactic analysis,philosophy of mind,3,0,expert
"('philosophyofmind', 'syntacticanalysis')",syntactic analysis,philosophy of mind,3,0,expert
"('philosophyofmind', 'syntacticanalysis')",syntactic analysis,philosophy of mind,2,1,expert
"('metaphysics', 'universals')",universals,metaphysics,4,0,phd
"('metaphysics', 'universals')",universals,metaphysics,4,0,phd
"('metaphysics', 'universals')",universals,metaphysics,4,0,expert
"('metaphysics', 'universals')",universals,metaphysics,4,1,expert
"('epistemology', 'matter')",matter,epistemology,0,-1,phd
"('epistemology', 'matter')",matter,epistemology,0,-1,expert
"('epistemology', 'matter')",matter,epistemology,0,-1,expert
"('philosophyofreligion', 'religiousexperience')",philosophy of religion,religious experience,4,0,course_taker
"('philosophyofreligion', 'religiousexperience')",philosophy of religion,religious experience,4,0,expert
"('interpretation', 'judaicphilosophy')",judaic philosophy,interpretation,3,0,course_taker
"('interpretation', 'judaicphilosophy')",judaic philosophy,interpretation,1,3,expert
"('epistemology', 'philosophyofscienceandthesciences')",philosophy of science and the sciences,epistemology,3,-1,phd
"('epistemology', 'philosophyofscienceandthesciences')",philosophy of science and the sciences,epistemology,2,2,phd
"('epistemology', 'philosophyofscienceandthesciences')",philosophy of science and the sciences,epistemology,2,1,expert
"('causeandeffect', 'perception')",cause and effect,perception,1,1,phd
"('causeandeffect', 'perception')",cause and effect,perception,2,2,expert
"('chinesephilosophy', 'westernphilosophy')",western philosophy,chinese philosophy,1,1,phd
"('chinesephilosophy', 'westernphilosophy')",western philosophy,chinese philosophy,2,2,expert
"('naturallaw', 'philosophyoflaw')",natural law,philosophy of law,0,-1,phd
"('naturallaw', 'philosophyoflaw')",natural law,philosophy of law,4,0,expert
"('chinesephilosophy', 'zenbuddhism')",zen buddhism,chinese philosophy,4,0,phd
"('chinesephilosophy', 'zenbuddhism')",zen buddhism,chinese philosophy,4,3,expert
"('metaphysics', 'metaphysicsofscience')",metaphysics of science,metaphysics,4,0,phd
"('metaphysics', 'metaphysicsofscience')",metaphysics of science,metaphysics,4,-1,phd
"('metaphysics', 'metaphysicsofscience')",metaphysics of science,metaphysics,3,0,expert
"('cognitivescience', 'philosophyofscienceandthesciences')",cognitive science,philosophy of science and the sciences,3,-1,phd
"('cognitivescience', 'philosophyofscienceandthesciences')",cognitive science,philosophy of science and the sciences,4,0,phd
"('cognitivescience', 'philosophyofscienceandthesciences')",cognitive science,philosophy of science and the sciences,4,0,expert
"('metaphysics', 'modernphilosophy')",modern philosophy,metaphysics,1,0,phd
"('metaphysics', 'modernphilosophy')",modern philosophy,metaphysics,3,3,expert
"('metaphysics', 'personalidentityandethics')",personal identity and ethics,metaphysics,4,0,phd
"('metaphysics', 'personalidentityandethics')",personal identity and ethics,metaphysics,3,3,expert
"('perception', 'unitarianism')",unitarianism,perception,0,-1,phd
"('perception', 'unitarianism')",unitarianism,perception,0,-1,expert
"('epistemology', 'feministepistemologyandphilosophyofscience')",feminist epistemology and philosophy of science,epistemology,2,-1,phd
"('epistemology', 'feministepistemologyandphilosophyofscience')",feminist epistemology and philosophy of science,epistemology,4,0,phd
"('epistemology', 'feministepistemologyandphilosophyofscience')",feminist epistemology and philosophy of science,epistemology,1,1,phd
"('epistemology', 'feministepistemologyandphilosophyofscience')",feminist epistemology and philosophy of science,epistemology,3,3,phd
"('epistemology', 'feministepistemologyandphilosophyofscience')",feminist epistemology and philosophy of science,epistemology,2,1,expert
"('18thcenturygermanaesthetics', 'metaphysics')",18th century german aesthetics,metaphysics,0,-1,phd
"('18thcenturygermanaesthetics', 'metaphysics')",18th century german aesthetics,metaphysics,0,-1,phd
"('18thcenturygermanaesthetics', 'metaphysics')",18th century german aesthetics,metaphysics,0,-1,expert
"('activationvalue', 'folkpsychology')",activation value,folk psychology,0,-1,phd
"('activationvalue', 'folkpsychology')",activation value,folk psychology,1,3,expert
"('hilbertsprogram', 'philosophyofmathematics')",hilbert's program,philosophy of mathematics,3,0,course_taker
"('hilbertsprogram', 'philosophyofmathematics')",hilbert's program,philosophy of mathematics,4,0,phd
"('hilbertsprogram', 'philosophyofmathematics')",hilbert's program,philosophy of mathematics,4,0,phd
"('hilbertsprogram', 'philosophyofmathematics')",hilbert's program,philosophy of mathematics,4,0,phd
"('eliminativematerialism', 'philosophyofmind')",eliminative materialism,philosophy of mind,4,0,phd
"('eliminativematerialism', 'philosophyofmind')",eliminative materialism,philosophy of mind,4,0,phd
"('eliminativematerialism', 'philosophyofmind')",eliminative materialism,philosophy of mind,4,0,phd
"('eliminativematerialism', 'philosophyofmind')",eliminative materialism,philosophy of mind,4,-1,expert
"('eliminativematerialism', 'philosophyofmind')",eliminative materialism,philosophy of mind,4,0,expert
"('eliminativematerialism', 'philosophyofmind')",eliminative materialism,philosophy of mind,4,0,expert
"('historyoflogic', 'intuitionisticlogic')",intuitionistic logic,history of logic,3,-1,novice
"('historyoflogic', 'intuitionisticlogic')",intuitionistic logic,history of logic,2,0,phd
"('blindsight', 'perception')",blindsight,perception,4,0,phd
"('blindsight', 'perception')",blindsight,perception,3,0,expert
"('scientificmethodology', 'unityofscience')",unity of science,scientific methodology,2,-1,novice
"('scientificmethodology', 'unityofscience')",unity of science,scientific methodology,4,1,phd
"('cognitivescience', 'neuralnetwork')",neural network,cognitive science,3,0,phd
"('cognitivescience', 'neuralnetwork')",neural network,cognitive science,4,0,expert
"('cognitivescience', 'neuralnetwork')",neural network,cognitive science,4,-1,expert
"('metaphysics', 'time')",time,metaphysics,4,0,phd
"('metaphysics', 'time')",time,metaphysics,3,3,expert
"('metaphysics', 'time')",time,metaphysics,3,3,expert
"('functionalism', 'philosophyofmind')",functionalism,philosophy of mind,4,0,phd
"('functionalism', 'philosophyofmind')",functionalism,philosophy of mind,4,1,expert
"('foundationalism', 'foundationalisttheoriesofepistemicjustification')",foundationalist theories of epistemic justification,foundationalism,4,0,phd
"('foundationalism', 'foundationalisttheoriesofepistemicjustification')",foundationalist theories of epistemic justification,foundationalism,4,1,expert
"('intuitionisticlogic', 'logic')",logic,intuitionistic logic,-1,0,course_taker
"('intuitionisticlogic', 'logic')",logic,intuitionistic logic,4,0,phd
"('connectionism', 'neuralnetwork')",connectionism,neural network,4,1,course_taker
"('connectionism', 'neuralnetwork')",connectionism,neural network,4,0,phd
"('causaltheoriesofmentalcontent', 'perception')",causal theories of mental content,perception,3,1,phd
"('causaltheoriesofmentalcontent', 'perception')",causal theories of mental content,perception,4,2,expert
"('metaphysics', 'mindbodyproblem')",mind-body problem,metaphysics,4,0,phd
"('metaphysics', 'mindbodyproblem')",mind-body problem,metaphysics,4,0,expert
"('metaphysics', 'mindbodyproblem')",mind-body problem,metaphysics,4,1,expert
"('greatapes', 'philosophyofmind')",great apes,philosophy of mind,0,-1,phd
"('greatapes', 'philosophyofmind')",great apes,philosophy of mind,3,-1,expert
"('greatapes', 'philosophyofmind')",great apes,philosophy of mind,1,2,expert
"('philosophyofreligion', 'problemofevil')",problem of evil,philosophy of religion,4,0,phd
"('philosophyofreligion', 'problemofevil')",problem of evil,philosophy of religion,4,0,phd
"('philosophyofreligion', 'problemofevil')",problem of evil,philosophy of religion,4,0,phd
"('philosophyofreligion', 'problemofevil')",problem of evil,philosophy of religion,4,0,expert
"('epistemology', 'gettierproblem')",gettier problem,epistemology,4,-1,phd
"('epistemology', 'gettierproblem')",gettier problem,epistemology,4,0,phd
"('epistemology', 'gettierproblem')",gettier problem,epistemology,4,0,expert
"('epistemology', 'internalism')",internalism,epistemology,4,0,phd
"('epistemology', 'internalism')",internalism,epistemology,4,0,expert
"('eternityinchristianthought', 'philosophyofreligion')",Eternity in Christian Thought,philosophy of religion,4,3,phd
"('eternityinchristianthought', 'philosophyofreligion')",Eternity in Christian Thought,philosophy of religion,4,0,phd
"('eternityinchristianthought', 'philosophyofreligion')",Eternity in Christian Thought,philosophy of religion,3,3,expert
"('miracles', 'philosophyofreligion')",miracles,philosophy of religion,4,0,phd
"('miracles', 'philosophyofreligion')",miracles,philosophy of religion,4,0,phd
"('miracles', 'philosophyofreligion')",miracles,philosophy of religion,4,0,phd
"('miracles', 'philosophyofreligion')",miracles,philosophy of religion,4,0,expert
"('miracles', 'philosophyofreligion')",miracles,philosophy of religion,4,0,expert
"('existence', 'metaphysics')",existence,metaphysics,4,0,phd
"('existence', 'metaphysics')",existence,metaphysics,4,2,phd
"('existence', 'metaphysics')",existence,metaphysics,4,0,expert
"('existence', 'metaphysics')",existence,metaphysics,4,1,expert
"('philosophyofreligion', 'sovereignty')",sovereignty,philosophy of religion,4,3,phd
"('philosophyofreligion', 'sovereignty')",sovereignty,philosophy of religion,2,0,phd
"('philosophyofreligion', 'sovereignty')",sovereignty,philosophy of religion,3,0,expert
"('philosophyofpsychology', 'philosophyofscienceandthesciences')",philosophy of psychology,philosophy of science and the sciences,4,-1,phd
"('philosophyofpsychology', 'philosophyofscienceandthesciences')",philosophy of psychology,philosophy of science and the sciences,3,0,phd
"('philosophyofpsychology', 'philosophyofscienceandthesciences')",philosophy of psychology,philosophy of science and the sciences,4,0,phd
"('philosophyofpsychology', 'philosophyofscienceandthesciences')",philosophy of psychology,philosophy of science and the sciences,4,3,expert
"('epistemology', 'naturalisminlegalphilosophy')",naturalism in legal philosophy,epistemology,1,-1,phd
"('epistemology', 'naturalisminlegalphilosophy')",naturalism in legal philosophy,epistemology,0,3,expert
"('perception', 'philosophyofperception')",philosophy of perception,perception,4,2,phd
"('perception', 'philosophyofperception')",philosophy of perception,perception,4,2,expert
"('epistemology', 'platonicrealism')",platonic realism,epistemology,1,3,phd
"('epistemology', 'platonicrealism')",platonic realism,epistemology,1,1,expert
"('computationaltheoryofmind', 'philosophyofmind')",computational theory of mind,philosophy of mind,4,0,phd
"('computationaltheoryofmind', 'philosophyofmind')",computational theory of mind,philosophy of mind,4,0,phd
"('computationaltheoryofmind', 'philosophyofmind')",computational theory of mind,philosophy of mind,4,0,phd
"('computationaltheoryofmind', 'philosophyofmind')",computational theory of mind,philosophy of mind,4,-1,expert
"('computationaltheoryofmind', 'philosophyofmind')",computational theory of mind,philosophy of mind,4,0,expert
"('computationaltheoryofmind', 'philosophyofmind')",computational theory of mind,philosophy of mind,4,0,expert
"('computationaltheoryofmind', 'philosophyofmind')",computational theory of mind,philosophy of mind,3,-1,expert
"('civilrights', 'racism')",racism,civil rights,4,2,course_taker
"('civilrights', 'racism')",racism,civil rights,4,0,phd
"('epistemology', 'feministsocialepistemology')",feminist social epistemology,epistemology,4,0,phd
"('epistemology', 'feministsocialepistemology')",feminist social epistemology,epistemology,4,-1,phd
"('epistemology', 'feministsocialepistemology')",feminist social epistemology,epistemology,3,0,phd
"('epistemology', 'feministsocialepistemology')",feminist social epistemology,epistemology,4,0,phd
"('epistemology', 'feministsocialepistemology')",feminist social epistemology,epistemology,1,0,phd
"('epistemology', 'feministsocialepistemology')",feminist social epistemology,epistemology,2,0,phd
"('epistemology', 'feministsocialepistemology')",feminist social epistemology,epistemology,4,0,expert
"('epistemology', 'feministsocialepistemology')",feminist social epistemology,epistemology,4,0,expert
"('epistemology', 'feministsocialepistemology')",feminist social epistemology,epistemology,4,0,expert
"('leibnizoncausation', 'perception')",leibniz on causation,perception,0,-1,phd
"('leibnizoncausation', 'perception')",leibniz on causation,perception,2,0,expert
"('philosophyofscienceandthesciences', 'scientificprogress')",scientific progress,philosophy of science and the sciences,4,-1,phd
"('philosophyofscienceandthesciences', 'scientificprogress')",scientific progress,philosophy of science and the sciences,4,0,phd
"('philosophyofscienceandthesciences', 'scientificprogress')",scientific progress,philosophy of science and the sciences,4,0,phd
"('philosophyofscienceandthesciences', 'scientificprogress')",scientific progress,philosophy of science and the sciences,4,0,expert
"('epistemology', 'sensedata')",sense data,epistemology,3,3,phd
"('epistemology', 'sensedata')",sense data,epistemology,4,0,expert
"('epistemology', 'testimony')",testimony,epistemology,4,0,phd
"('epistemology', 'testimony')",testimony,epistemology,4,0,expert
"('epistemology', 'scientifictheory')",scientific theory,epistemology,2,3,phd
"('epistemology', 'scientifictheory')",scientific theory,epistemology,3,1,expert
"('medievaltheoriesofcausality', 'metaphysics')",medieval theories of causality,metaphysics,4,0,phd
"('medievaltheoriesofcausality', 'metaphysics')",medieval theories of causality,metaphysics,4,0,expert
"('artificialintelligence', 'connectionistmodel')",connectionist model,artificial intelligence,1,0,phd
"('artificialintelligence', 'connectionistmodel')",connectionist model,artificial intelligence,4,-1,expert
"('classicallogic', 'logic')",logic,classical logic,4,0,course_taker
"('classicallogic', 'logic')",logic,classical logic,4,0,phd
"('classicallogic', 'logic')",logic,classical logic,4,0,phd
"('classicallogic', 'logic')",logic,classical logic,4,0,phd
"('epistemology', 'modernphilosophy')",modern philosophy,epistemology,2,2,phd
"('epistemology', 'modernphilosophy')",modern philosophy,epistemology,3,1,expert
"('philosophyofreligion', 'scienceandreligion')",science and religion,philosophy of religion,4,0,phd
"('philosophyofreligion', 'scienceandreligion')",science and religion,philosophy of religion,4,0,phd
"('philosophyofreligion', 'scienceandreligion')",science and religion,philosophy of religion,4,0,phd
"('philosophyofreligion', 'scienceandreligion')",science and religion,philosophy of religion,4,0,expert
"('philosophyofreligion', 'scienceandreligion')",science and religion,philosophy of religion,4,0,expert
"('philosophyofmind', 'spinozaspsychologicaltheory')",spinoza's psychological theory,philosophy of mind,3,0,phd
"('philosophyofmind', 'spinozaspsychologicaltheory')",spinoza's psychological theory,philosophy of mind,1,0,phd
"('philosophyofmind', 'spinozaspsychologicaltheory')",spinoza's psychological theory,philosophy of mind,2,-1,expert
"('philosophyofmind', 'spinozaspsychologicaltheory')",spinoza's psychological theory,philosophy of mind,2,0,expert
"('philosophyofmind', 'spinozaspsychologicaltheory')",spinoza's psychological theory,philosophy of mind,4,0,expert
"('intellectualism', 'philosophyofreligion')",intellectualism,philosophy of religion,4,0,novice
"('intellectualism', 'philosophyofreligion')",intellectualism,philosophy of religion,4,0,phd
"('existence', 'existenceofgod')",existence of god,existence,4,0,phd
"('existence', 'existenceofgod')",existence of god,existence,3,0,expert
"('philosophyofmind', 'philosophyofscienceandthesciences')",philosophy of science and the sciences,philosophy of mind,1,2,phd
"('philosophyofmind', 'philosophyofscienceandthesciences')",philosophy of science and the sciences,philosophy of mind,2,-1,expert
"('philosophyofmind', 'philosophyofscienceandthesciences')",philosophy of science and the sciences,philosophy of mind,3,3,expert
"('philosophyofmind', 'philosophyofscienceandthesciences')",philosophy of science and the sciences,philosophy of mind,3,3,expert
"('philosophyofmind', 'philosophyofscienceandthesciences')",philosophy of science and the sciences,philosophy of mind,4,1,expert
"('introspection', 'philosophyofmind')",introspection,philosophy of mind,4,0,phd
"('introspection', 'philosophyofmind')",introspection,philosophy of mind,4,-1,expert
"('introspection', 'philosophyofmind')",introspection,philosophy of mind,4,0,expert
"('physicalism', 'zombies')",zombies,physicalism,4,0,phd
"('physicalism', 'zombies')",zombies,physicalism,4,3,expert
"('metaphysics', 'theoryoftruth')",theory of truth,metaphysics,4,0,phd
"('metaphysics', 'theoryoftruth')",theory of truth,metaphysics,1,2,expert
"('cartesiandualism', 'philosophyofmind')",cartesian dualism,philosophy of mind,4,0,phd
"('cartesiandualism', 'philosophyofmind')",cartesian dualism,philosophy of mind,3,2,phd
"('cartesiandualism', 'philosophyofmind')",cartesian dualism,philosophy of mind,4,-1,expert
"('cartesiandualism', 'philosophyofmind')",cartesian dualism,philosophy of mind,4,0,expert
"('cartesiandualism', 'philosophyofmind')",cartesian dualism,philosophy of mind,4,0,expert
"('cartesiandualism', 'philosophyofmind')",cartesian dualism,philosophy of mind,4,0,expert
"('metaphysics', 'theoryofforms')",theory of forms,metaphysics,4,0,phd
"('metaphysics', 'theoryofforms')",theory of forms,metaphysics,4,0,phd
"('metaphysics', 'theoryofforms')",theory of forms,metaphysics,4,0,expert
"('epistemology', 'historyoffeminism')",history of feminism,epistemology,0,-1,phd
"('epistemology', 'historyoffeminism')",history of feminism,epistemology,1,1,expert
"('causation', 'metaphysicsofcausation')",metaphysics of causation,causation,4,0,phd
"('causation', 'metaphysicsofcausation')",metaphysics of causation,causation,4,0,expert
"('folkpsychology', 'perception')",folk psychology,perception,1,2,phd
"('folkpsychology', 'perception')",folk psychology,perception,3,3,expert
"('computerethics', 'ethics')",computer ethics,ethics,4,0,phd
"('computerethics', 'ethics')",computer ethics,ethics,4,0,phd
"('computerethics', 'ethics')",computer ethics,ethics,1,0,phd
"('computerethics', 'ethics')",computer ethics,ethics,1,0,phd
"('computerethics', 'ethics')",computer ethics,ethics,4,0,expert
"('essentialversusaccidentalproperties', 'propertyandownership')",essential versus accidental properties,property and ownership,4,0,phd
"('essentialversusaccidentalproperties', 'propertyandownership')",essential versus accidental properties,property and ownership,4,0,expert
"('philosophyofreligion', 'publicreason')",public reason,philosophy of religion,3,3,phd
"('philosophyofreligion', 'publicreason')",public reason,philosophy of religion,3,0,phd
"('philosophyofreligion', 'publicreason')",public reason,philosophy of religion,4,2,expert
"('agnosticism', 'philosophyofreligion')",agnosticism,philosophy of religion,4,0,phd
"('agnosticism', 'philosophyofreligion')",agnosticism,philosophy of religion,4,0,phd
"('agnosticism', 'philosophyofreligion')",agnosticism,philosophy of religion,4,0,expert
"('chinesephilosophy', 'confucianism')",chinese philosophy,confucianism,4,0,course_taker
"('chinesephilosophy', 'confucianism')",chinese philosophy,confucianism,4,1,expert
"('symmetryandinvariance', 'symmetryandsymmetrybreaking')",symmetry and symmetry breaking,symmetry and invariance,4,2,phd
"('symmetryandinvariance', 'symmetryandsymmetrybreaking')",symmetry and symmetry breaking,symmetry and invariance,4,2,expert
"('epistemology', 'socialandpoliticalphilosophy')",social and political philosophy,epistemology,1,1,phd
"('epistemology', 'socialandpoliticalphilosophy')",social and political philosophy,epistemology,0,-1,expert
"('ideas', 'metaphysics')",ideas,metaphysics,4,0,phd
"('ideas', 'metaphysics')",ideas,metaphysics,2,3,expert
"('matter', 'perception')",matter,perception,2,3,phd
"('matter', 'perception')",matter,perception,3,2,expert
"('20thcenturycontinentalphilosophy', 'philosophyofmind')",20th century continental philosophy,philosophy of mind,2,2,phd
"('20thcenturycontinentalphilosophy', 'philosophyofmind')",20th century continental philosophy,philosophy of mind,3,-1,expert
"('20thcenturycontinentalphilosophy', 'philosophyofmind')",20th century continental philosophy,philosophy of mind,1,1,expert
"('20thcenturycontinentalphilosophy', 'philosophyofmind')",20th century continental philosophy,philosophy of mind,2,3,expert
"('20thcenturycontinentalphilosophy', 'philosophyofmind')",20th century continental philosophy,philosophy of mind,2,3,expert
"('epistemology', 'philosophyofmathematics')",philosophy of mathematics,epistemology,1,2,phd
"('epistemology', 'philosophyofmathematics')",philosophy of mathematics,epistemology,2,1,expert
"('epistemology', 'philosophyofmathematics')",philosophy of mathematics,epistemology,1,0,expert
"('churchturingthesis', 'turingmachine')",church-turing thesis,turing machine,4,0,phd
"('churchturingthesis', 'turingmachine')",church-turing thesis,turing machine,4,1,expert
"('cognitivevalueofart', 'perception')",cognitive value of art,perception,0,-1,phd
"('cognitivevalueofart', 'perception')",cognitive value of art,perception,2,0,expert
"('kantscritiqueofmetaphysics', 'metaphysics')",kant's critique of metaphysics,metaphysics,4,0,phd
"('kantscritiqueofmetaphysics', 'metaphysics')",kant's critique of metaphysics,metaphysics,3,-1,phd
"('kantscritiqueofmetaphysics', 'metaphysics')",kant's critique of metaphysics,metaphysics,2,0,expert
"('koreanphilosophy', 'philosophyofmind')",korean philosophy,philosophy of mind,0,-1,phd
"('koreanphilosophy', 'philosophyofmind')",korean philosophy,philosophy of mind,1,-1,expert
"('koreanphilosophy', 'philosophyofmind')",korean philosophy,philosophy of mind,0,-1,expert
"('artificialintelligence', 'churchturingthesis')",church-turing thesis,artificial intelligence,2,3,phd
"('artificialintelligence', 'churchturingthesis')",church-turing thesis,artificial intelligence,4,-1,expert
"('nonconceptualmentalcontent', 'perception')",nonconceptual mental content,perception,4,0,phd
"('nonconceptualmentalcontent', 'perception')",nonconceptual mental content,perception,4,0,expert
"('cognitivescience', 'eliminativematerialism')",eliminative materialism,cognitive science,4,0,phd
"('cognitivescience', 'eliminativematerialism')",eliminative materialism,cognitive science,4,2,expert
"('epistemologyofscience', 'metaphysics')",epistemology of science,metaphysics,2,0,phd
"('epistemologyofscience', 'metaphysics')",epistemology of science,metaphysics,1,0,expert
"('medievalproblemofuniversals', 'philosophyofmind')",medieval problem of universals,philosophy of mind,1,0,phd
"('medievalproblemofuniversals', 'philosophyofmind')",medieval problem of universals,philosophy of mind,1,3,phd
"('medievalproblemofuniversals', 'philosophyofmind')",medieval problem of universals,philosophy of mind,2,-1,expert
"('medievalproblemofuniversals', 'philosophyofmind')",medieval problem of universals,philosophy of mind,0,-1,expert
"('medievalproblemofuniversals', 'philosophyofmind')",medieval problem of universals,philosophy of mind,0,-1,expert
"('medievalproblemofuniversals', 'philosophyofmind')",medieval problem of universals,philosophy of mind,0,-1,expert
"('bellstheorem', 'quantummechanics')",bell's theorem,quantum mechanics,4,3,phd
"('bellstheorem', 'quantummechanics')",bell's theorem,quantum mechanics,4,1,expert
"('africanandafricanamericanphilosophy', 'akanphilosophyoftheperson')",akan philosophy of the person,african and african-american philosophy,4,0,course_taker
"('africanandafricanamericanphilosophy', 'akanphilosophyoftheperson')",akan philosophy of the person,african and african-american philosophy,4,0,phd
"('africanandafricanamericanphilosophy', 'akanphilosophyoftheperson')",akan philosophy of the person,african and african-american philosophy,3,0,phd
"('africanandafricanamericanphilosophy', 'akanphilosophyoftheperson')",akan philosophy of the person,african and african-american philosophy,4,0,phd
"('epistemology', 'theoryofforms')",theory of forms,epistemology,1,3,phd
"('epistemology', 'theoryofforms')",theory of forms,epistemology,1,1,expert
"('philosophyofscienceandthesciences', 'socialdimensionsofscientificknowledge')",social dimensions of scientific knowledge,philosophy of science and the sciences,4,-1,phd
"('philosophyofscienceandthesciences', 'socialdimensionsofscientificknowledge')",social dimensions of scientific knowledge,philosophy of science and the sciences,3,0,phd
"('philosophyofscienceandthesciences', 'socialdimensionsofscientificknowledge')",social dimensions of scientific knowledge,philosophy of science and the sciences,1,0,phd
"('philosophyofscienceandthesciences', 'socialdimensionsofscientificknowledge')",social dimensions of scientific knowledge,philosophy of science and the sciences,2,0,expert
"('chinesephilosophy', 'chineseroomargument')",chinese room argument,chinese philosophy,0,-1,phd
"('chinesephilosophy', 'chineseroomargument')",chinese room argument,chinese philosophy,0,-1,expert
"('inherence', 'metaphysics')",inherence,metaphysics,4,0,phd
"('inherence', 'metaphysics')",inherence,metaphysics,4,0,expert
"('cosmologicalargumentsfortheexistenceofgod', 'philosophyofreligion')",cosmological arguments for the existence of god,philosophy of religion,4,0,phd
"('cosmologicalargumentsfortheexistenceofgod', 'philosophyofreligion')",cosmological arguments for the existence of god,philosophy of religion,4,0,phd
"('cosmologicalargumentsfortheexistenceofgod', 'philosophyofreligion')",cosmological arguments for the existence of god,philosophy of religion,4,0,phd
"('cosmologicalargumentsfortheexistenceofgod', 'philosophyofreligion')",cosmological arguments for the existence of god,philosophy of religion,4,0,expert
"('logic', 'philosophiesoftheparticularsciences')",philosophies of the particular sciences,logic,2,1,phd
"('logic', 'philosophiesoftheparticularsciences')",philosophies of the particular sciences,logic,2,0,phd
"('logic', 'philosophiesoftheparticularsciences')",philosophies of the particular sciences,logic,1,3,expert
"('analyticfeminism', 'epistemology')",analytic feminism,epistemology,2,-1,phd
"('analyticfeminism', 'epistemology')",analytic feminism,epistemology,0,-1,phd
"('analyticfeminism', 'epistemology')",analytic feminism,epistemology,1,1,expert
"('cognitivescience', 'perception')",cognitive science,perception,2,1,phd
"('cognitivescience', 'perception')",cognitive science,perception,4,2,expert
"('confirmationandinduction', 'metaphysics')",confirmation and induction,metaphysics,1,0,phd
"('confirmationandinduction', 'metaphysics')",confirmation and induction,metaphysics,1,0,expert
"('malebranchestheoryofideasandvisioningod', 'philosophyofmind')",malebranche's theory of ideas and vision in god,philosophy of mind,4,0,phd
"('malebranchestheoryofideasandvisioningod', 'philosophyofmind')",malebranche's theory of ideas and vision in god,philosophy of mind,3,0,phd
"('malebranchestheoryofideasandvisioningod', 'philosophyofmind')",malebranche's theory of ideas and vision in god,philosophy of mind,2,-1,expert
"('malebranchestheoryofideasandvisioningod', 'philosophyofmind')",malebranche's theory of ideas and vision in god,philosophy of mind,1,0,expert
"('malebranchestheoryofideasandvisioningod', 'philosophyofmind')",malebranche's theory of ideas and vision in god,philosophy of mind,2,3,expert
"('malebranchestheoryofideasandvisioningod', 'philosophyofmind')",malebranche's theory of ideas and vision in god,philosophy of mind,3,-1,expert
"('malebranchestheoryofideasandvisioningod', 'philosophyofmind')",malebranche's theory of ideas and vision in god,philosophy of mind,0,-1,expert
"('philosophyofphysics', 'quantummechanics')",quantum mechanics,philosophy of physics,4,0,phd
"('philosophyofphysics', 'quantummechanics')",quantum mechanics,philosophy of physics,4,1,phd
"('philosophyofphysics', 'quantummechanics')",quantum mechanics,philosophy of physics,4,0,expert
"('relativism', 'truth')",relativism,truth,3,0,phd
"('relativism', 'truth')",relativism,truth,4,-1,expert
"('philosophyofreligion', 'theism')",theism,philosophy of religion,4,0,phd
"('philosophyofreligion', 'theism')",theism,philosophy of religion,4,0,phd
"('philosophyofreligion', 'theism')",theism,philosophy of religion,4,0,phd
"('philosophyofreligion', 'theism')",theism,philosophy of religion,4,0,expert
"('philosophyofreligion', 'theism')",theism,philosophy of religion,4,0,expert
"('fregestheoremandfoundationsforarithmetic', 'philosophyoflaw')",frege's theorem and foundations for arithmetic,philosophy of law,0,3,course_taker
"('fregestheoremandfoundationsforarithmetic', 'philosophyoflaw')",frege's theorem and foundations for arithmetic,philosophy of law,0,-1,phd
"('futurecontingents', 'historyoflogic')",future contingents,history of logic,4,-1,novice
"('futurecontingents', 'historyoflogic')",future contingents,history of logic,2,0,phd
"('nonconceptualcontent', 'perception')",non-conceptual content,perception,4,0,phd
"('nonconceptualcontent', 'perception')",non-conceptual content,perception,4,0,expert
"('foundationalisttheoriesofepistemicjustification', 'justification')",foundationalist theories of epistemic justification,justification,4,0,phd
"('foundationalisttheoriesofepistemicjustification', 'justification')",foundationalist theories of epistemic justification,justification,4,0,expert
"('philosophyofmind', 'selfconsciousness')",self-consciousness,philosophy of mind,4,0,phd
"('philosophyofmind', 'selfconsciousness')",self-consciousness,philosophy of mind,4,0,expert
"('philosophyofcomputerscience', 'philosophyofmind')",philosophy of computer science,philosophy of mind,2,2,phd
"('philosophyofcomputerscience', 'philosophyofmind')",philosophy of computer science,philosophy of mind,2,-1,expert
"('philosophyofcomputerscience', 'philosophyofmind')",philosophy of computer science,philosophy of mind,3,2,expert
"('philosophyofcomputerscience', 'philosophyofmind')",philosophy of computer science,philosophy of mind,2,2,expert
"('philosophyofcomputerscience', 'philosophyofmind')",philosophy of computer science,philosophy of mind,4,2,expert
"('artificialintelligence', 'philosophyofmind')",artificial intelligence,philosophy of mind,4,0,phd
"('artificialintelligence', 'philosophyofmind')",artificial intelligence,philosophy of mind,3,-1,expert
"('artificialintelligence', 'philosophyofmind')",artificial intelligence,philosophy of mind,4,0,expert
"('artificialintelligence', 'philosophyofmind')",artificial intelligence,philosophy of mind,4,0,expert
"('animalconsciousness', 'consciousness')",animal consciousness,consciousness,4,0,phd
"('animalconsciousness', 'consciousness')",animal consciousness,consciousness,4,-1,expert
"('animalconsciousness', 'consciousness')",animal consciousness,consciousness,4,1,expert
"('animalconsciousness', 'consciousness')",animal consciousness,consciousness,4,0,expert
"('17thand18thcenturytheoriesofemotions', 'perception')",17th and 18th century theories of emotions,perception,0,-1,phd
"('17thand18thcenturytheoriesofemotions', 'perception')",17th and 18th century theories of emotions,perception,1,0,expert
"('combininglogics', 'logic')",logic,combining logics,3,0,course_taker
"('combininglogics', 'logic')",logic,combining logics,4,0,phd
"('consciousnessandscience', 'perception')",consciousness and science,perception,3,1,phd
"('consciousnessandscience', 'perception')",consciousness and science,perception,3,2,expert
"('epistemology', 'otherminds')",other minds,epistemology,4,3,phd
"('epistemology', 'otherminds')",other minds,epistemology,3,0,phd
"('epistemology', 'otherminds')",other minds,epistemology,3,0,expert
"('mindbodyproblem', 'philosophyofmind')",mind-body problem,philosophy of mind,4,0,phd
"('mindbodyproblem', 'philosophyofmind')",mind-body problem,philosophy of mind,4,-1,expert
"('mindbodyproblem', 'philosophyofmind')",mind-body problem,philosophy of mind,4,0,expert
"('mindbodyproblem', 'philosophyofmind')",mind-body problem,philosophy of mind,4,1,expert
"('existence', 'possibleworlds')",possible worlds,existence,3,0,phd
"('existence', 'possibleworlds')",possible worlds,existence,3,2,expert
"('afterlife', 'incompatibilism')",incompatibilism,afterlife,1,0,phd
"('afterlife', 'incompatibilism')",incompatibilism,afterlife,2,3,expert
"('mathematicallogic', 'metaphysics')",mathematical logic,metaphysics,2,0,phd
"('mathematicallogic', 'metaphysics')",mathematical logic,metaphysics,1,2,expert
"('animalconsciousness', 'philosophyofmind')",animal consciousness,philosophy of mind,4,0,phd
"('animalconsciousness', 'philosophyofmind')",animal consciousness,philosophy of mind,4,0,phd
"('animalconsciousness', 'philosophyofmind')",animal consciousness,philosophy of mind,4,2,phd
"('animalconsciousness', 'philosophyofmind')",animal consciousness,philosophy of mind,4,-1,expert
"('animalconsciousness', 'philosophyofmind')",animal consciousness,philosophy of mind,3,0,expert
"('animalconsciousness', 'philosophyofmind')",animal consciousness,philosophy of mind,4,0,expert
"('animalconsciousness', 'philosophyofmind')",animal consciousness,philosophy of mind,3,0,expert
"('philosophyofmind', 'teleologicalargumentsforgodsexistence')",teleological arguments for god's existence,philosophy of mind,0,-1,phd
"('philosophyofmind', 'teleologicalargumentsforgodsexistence')",teleological arguments for god's existence,philosophy of mind,1,-1,expert
"('philosophyofmind', 'teleologicalargumentsforgodsexistence')",teleological arguments for god's existence,philosophy of mind,0,-1,expert
"('philosophyofmind', 'teleologicalargumentsforgodsexistence')",teleological arguments for god's existence,philosophy of mind,1,3,expert
"('christiantheology', 'philosophyofreligion')",christian theology,philosophy of religion,4,0,phd
"('christiantheology', 'philosophyofreligion')",christian theology,philosophy of religion,4,0,phd
"('christiantheology', 'philosophyofreligion')",christian theology,philosophy of religion,4,0,phd
"('christiantheology', 'philosophyofreligion')",christian theology,philosophy of religion,4,0,expert
"('christiantheology', 'philosophyofreligion')",christian theology,philosophy of religion,4,0,expert
"('historicisttheoriesofrationality', 'philosophyofscienceandthesciences')",historicist theories of rationality,philosophy of science and the sciences,2,0,phd
"('historicisttheoriesofrationality', 'philosophyofscienceandthesciences')",historicist theories of rationality,philosophy of science and the sciences,3,0,expert
"('explanation', 'philosophyofscienceandthesciences')",explanation,philosophy of science and the sciences,4,-1,phd
"('explanation', 'philosophyofscienceandthesciences')",explanation,philosophy of science and the sciences,4,0,phd
"('explanation', 'philosophyofscienceandthesciences')",explanation,philosophy of science and the sciences,3,0,phd
"('explanation', 'philosophyofscienceandthesciences')",explanation,philosophy of science and the sciences,4,0,expert
"('modernphilosophy', 'perception')",modern philosophy,perception,2,1,phd
"('modernphilosophy', 'perception')",modern philosophy,perception,4,1,expert
"('culture', 'philosophyofreligion')",culture,philosophy of religion,0,-1,phd
"('culture', 'philosophyofreligion')",culture,philosophy of religion,3,2,phd
"('culture', 'philosophyofreligion')",culture,philosophy of religion,4,1,expert
"('mentalcontent', 'mentalrepresentation')",mental representation,mental content,4,0,phd
"('mentalcontent', 'mentalrepresentation')",mental representation,mental content,4,2,expert
"('cognitivescience', 'connectionistmodel')",connectionist model,cognitive science,4,0,phd
"('cognitivescience', 'connectionistmodel')",connectionist model,cognitive science,3,0,phd
"('cognitivescience', 'connectionistmodel')",connectionist model,cognitive science,4,-1,expert
"('epistemology', 'philosophyofmind')",philosophy of mind,epistemology,2,2,phd
"('epistemology', 'philosophyofmind')",philosophy of mind,epistemology,3,2,expert
"('conservationbiology', 'philosophyofscienceandthesciences')",conservation biology,philosophy of science and the sciences,3,-1,phd
"('conservationbiology', 'philosophyofscienceandthesciences')",conservation biology,philosophy of science and the sciences,3,0,phd
"('conservationbiology', 'philosophyofscienceandthesciences')",conservation biology,philosophy of science and the sciences,1,0,expert
"('coherentisttheoriesofjustification', 'epistemology')",coherentist theories of justification,epistemology,3,-1,phd
"('coherentisttheoriesofjustification', 'epistemology')",coherentist theories of justification,epistemology,4,0,phd
"('coherentisttheoriesofjustification', 'epistemology')",coherentist theories of justification,epistemology,4,0,expert
"('eliminativematerialism', 'philosophyofscienceandthesciences')",eliminative materialism,philosophy of science and the sciences,4,-1,phd
"('eliminativematerialism', 'philosophyofscienceandthesciences')",eliminative materialism,philosophy of science and the sciences,3,0,phd
"('eliminativematerialism', 'philosophyofscienceandthesciences')",eliminative materialism,philosophy of science and the sciences,2,1,expert
"('artificialintelligence', 'inputunit')",input unit,artificial intelligence,2,0,phd
"('artificialintelligence', 'inputunit')",input unit,artificial intelligence,4,-1,expert
"('lebensphilosophie', 'philosophyofreligion')",lebensphilosophie,philosophy of religion,2,0,phd
"('lebensphilosophie', 'philosophyofreligion')",lebensphilosophie,philosophy of religion,4,1,expert
"('perception', 'platoonknowledgeinthetheaetetus')",plato on knowledge in the theaetetus,perception,0,-1,phd
"('perception', 'platoonknowledgeinthetheaetetus')",plato on knowledge in the theaetetus,perception,3,0,expert
"('cognitivescience', 'nativism')",nativism,cognitive science,4,0,phd
"('cognitivescience', 'nativism')",nativism,cognitive science,4,0,expert
"('cognitivescience', 'nativism')",nativism,cognitive science,4,-1,expert
"('conceptsofgod', 'philosophyofreligion')",concepts of god,philosophy of religion,4,0,phd
"('conceptsofgod', 'philosophyofreligion')",concepts of god,philosophy of religion,4,0,phd
"('conceptsofgod', 'philosophyofreligion')",concepts of god,philosophy of religion,4,0,phd
"('conceptsofgod', 'philosophyofreligion')",concepts of god,philosophy of religion,4,0,expert
"('conceptsofgod', 'philosophyofreligion')",concepts of god,philosophy of religion,4,0,expert
"('churchturingthesis', 'philosophyofcomputerscience')",philosophy of computer science,church-turing thesis,-1,-1,course_taker
"('churchturingthesis', 'philosophyofcomputerscience')",philosophy of computer science,church-turing thesis,4,0,phd
"('hylomorphism', 'metaphysics')",hylomorphism,metaphysics,4,0,phd
"('hylomorphism', 'metaphysics')",hylomorphism,metaphysics,4,0,expert
"('cognitivescience', 'symbolicprocessing')",symbolic processing,cognitive science,4,0,phd
"('cognitivescience', 'symbolicprocessing')",symbolic processing,cognitive science,3,0,phd
"('cognitivescience', 'symbolicprocessing')",symbolic processing,cognitive science,4,-1,expert
"('pacifism', 'philosophyofreligion')",pacifism,philosophy of religion,2,2,phd
"('pacifism', 'philosophyofreligion')",pacifism,philosophy of religion,1,0,phd
"('pacifism', 'philosophyofreligion')",pacifism,philosophy of religion,2,1,expert
"('epistemology', 'lawsofnature')",laws of nature,epistemology,1,3,phd
"('epistemology', 'lawsofnature')",laws of nature,epistemology,3,1,expert
"('philosophyofmind', 'probabilityandstatistics')",probability and statistics,philosophy of mind,0,-1,phd
"('philosophyofmind', 'probabilityandstatistics')",probability and statistics,philosophy of mind,1,-1,expert
"('philosophyofmind', 'probabilityandstatistics')",probability and statistics,philosophy of mind,0,-1,expert
"('philosophyofmind', 'probabilityandstatistics')",probability and statistics,philosophy of mind,2,1,expert
"('metaphysics', 'philosophyofperception')",philosophy of perception,metaphysics,3,0,phd
"('metaphysics', 'philosophyofperception')",philosophy of perception,metaphysics,1,3,expert
"('cognitivescience', 'modularity')",modularity,cognitive science,4,0,phd
"('cognitivescience', 'modularity')",modularity,cognitive science,4,-1,expert
"('matter', 'metaphysics')",matter,metaphysics,4,0,phd
"('matter', 'metaphysics')",matter,metaphysics,3,0,phd
"('matter', 'metaphysics')",matter,metaphysics,3,0,expert
"('matter', 'metaphysics')",matter,metaphysics,3,1,expert
"('artificialintelligence', 'cognitivescience')",artificial intelligence,cognitive science,4,1,course_taker
"('artificialintelligence', 'cognitivescience')",artificial intelligence,cognitive science,4,0,expert
"('artificialintelligence', 'cognitivescience')",artificial intelligence,cognitive science,4,-1,expert
"('artificialintelligence', 'cognitivescience')",artificial intelligence,cognitive science,4,-1,expert
"('cartesiandualism', 'dualism')",cartesian dualism,dualism,4,0,phd
"('cartesiandualism', 'dualism')",cartesian dualism,dualism,4,0,expert
"('definitionofmorality', 'philosophyofreligion')",definition of morality,philosophy of religion,2,0,phd
"('definitionofmorality', 'philosophyofreligion')",definition of morality,philosophy of religion,3,0,phd
"('definitionofmorality', 'philosophyofreligion')",definition of morality,philosophy of religion,2,0,phd
"('definitionofmorality', 'philosophyofreligion')",definition of morality,philosophy of religion,2,3,expert
"('definitionofmorality', 'philosophyofreligion')",definition of morality,philosophy of religion,4,0,expert
"('aesthetics', 'environmentalaesthetics')",environmental aesthetics,aesthetics,4,0,phd
"('aesthetics', 'environmentalaesthetics')",environmental aesthetics,aesthetics,4,0,expert
"('leibnizsphilosophyofmind', 'philosophyofmind')",leibniz's philosophy of mind,philosophy of mind,4,0,phd
"('leibnizsphilosophyofmind', 'philosophyofmind')",leibniz's philosophy of mind,philosophy of mind,4,0,phd
"('leibnizsphilosophyofmind', 'philosophyofmind')",leibniz's philosophy of mind,philosophy of mind,3,0,phd
"('leibnizsphilosophyofmind', 'philosophyofmind')",leibniz's philosophy of mind,philosophy of mind,2,-1,expert
"('leibnizsphilosophyofmind', 'philosophyofmind')",leibniz's philosophy of mind,philosophy of mind,3,0,expert
"('leibnizsphilosophyofmind', 'philosophyofmind')",leibniz's philosophy of mind,philosophy of mind,2,-1,expert
"('leibnizsphilosophyofmind', 'philosophyofmind')",leibniz's philosophy of mind,philosophy of mind,0,-1,expert
"('descartesmodalmetaphysics', 'metaphysics')",descartes' modal metaphysics,metaphysics,4,0,phd
"('descartesmodalmetaphysics', 'metaphysics')",descartes' modal metaphysics,metaphysics,4,0,expert
"('logic', 'philosophyoflanguage')",logic,philosophy of language,4,2,course_taker
"('logic', 'philosophyoflanguage')",logic,philosophy of language,3,3,phd
"('logic', 'philosophyoflanguage')",logic,philosophy of language,2,2,phd
"('logic', 'philosophyoflanguage')",logic,philosophy of language,2,2,phd
"('atomism', 'philosophyofchemistry')",atomism,philosophy of chemistry,4,0,phd
"('atomism', 'philosophyofchemistry')",atomism,philosophy of chemistry,3,3,expert
"('philosophyofbiology', 'philosophyofscience')",philosophy of biology,philosophy of science,4,0,phd
"('philosophyofbiology', 'philosophyofscience')",philosophy of biology,philosophy of science,4,1,phd
"('philosophyofbiology', 'philosophyofscience')",philosophy of biology,philosophy of science,4,3,expert
"('molecularbiology', 'philosophyofscienceandthesciences')",molecular biology,philosophy of science and the sciences,3,-1,phd
"('molecularbiology', 'philosophyofscienceandthesciences')",molecular biology,philosophy of science and the sciences,2,3,phd
"('molecularbiology', 'philosophyofscienceandthesciences')",molecular biology,philosophy of science and the sciences,3,0,phd
"('molecularbiology', 'philosophyofscienceandthesciences')",molecular biology,philosophy of science and the sciences,4,0,phd
"('molecularbiology', 'philosophyofscienceandthesciences')",molecular biology,philosophy of science and the sciences,-1,-1,expert
"('epistemology', 'induction')",induction,epistemology,3,3,phd
"('epistemology', 'induction')",induction,epistemology,4,0,expert
"('causeandeffect', 'metaphysics')",cause and effect,metaphysics,4,0,phd
"('causeandeffect', 'metaphysics')",cause and effect,metaphysics,3,3,expert
"('metaphysics', 'metaphysicsofmind')",metaphysics,metaphysics of mind,3,1,phd
"('metaphysics', 'metaphysicsofmind')",metaphysics,metaphysics of mind,4,2,phd
"('metaphysics', 'metaphysicsofmind')",metaphysics,metaphysics of mind,4,0,phd
"('metaphysics', 'metaphysicsofmind')",metaphysics,metaphysics of mind,4,0,expert
"('contextualism', 'epistemology')",contextualism,epistemology,4,-1,phd
"('contextualism', 'epistemology')",contextualism,epistemology,4,0,phd
"('contextualism', 'epistemology')",contextualism,epistemology,4,0,phd
"('contextualism', 'epistemology')",contextualism,epistemology,4,0,expert
"('18thcenturybritishaesthetics', 'philosophyofmind')",18th century british aesthetics,philosophy of mind,1,0,phd
"('18thcenturybritishaesthetics', 'philosophyofmind')",18th century british aesthetics,philosophy of mind,0,-1,phd
"('18thcenturybritishaesthetics', 'philosophyofmind')",18th century british aesthetics,philosophy of mind,1,-1,expert
"('18thcenturybritishaesthetics', 'philosophyofmind')",18th century british aesthetics,philosophy of mind,0,-1,expert
"('18thcenturybritishaesthetics', 'philosophyofmind')",18th century british aesthetics,philosophy of mind,0,-1,expert
"('18thcenturybritishaesthetics', 'philosophyofmind')",18th century british aesthetics,philosophy of mind,0,-1,expert
"('metaphysics', 'propernames')",proper names,metaphysics,4,0,phd
"('metaphysics', 'propernames')",proper names,metaphysics,1,0,expert
"('panpsychism', 'philosophyofmind')",panpsychism,philosophy of mind,3,0,phd
"('panpsychism', 'philosophyofmind')",panpsychism,philosophy of mind,4,0,phd
"('panpsychism', 'philosophyofmind')",panpsychism,philosophy of mind,4,0,phd
"('panpsychism', 'philosophyofmind')",panpsychism,philosophy of mind,3,-1,expert
"('panpsychism', 'philosophyofmind')",panpsychism,philosophy of mind,4,0,expert
"('panpsychism', 'philosophyofmind')",panpsychism,philosophy of mind,3,0,expert
"('panpsychism', 'philosophyofmind')",panpsychism,philosophy of mind,0,-1,expert
"('panpsychism', 'philosophyofmind')",panpsychism,philosophy of mind,4,0,expert
"('philosophyofreligion', 'religionandpolitics')",religion and politics,philosophy of religion,4,0,phd
"('philosophyofreligion', 'religionandpolitics')",religion and politics,philosophy of religion,4,0,phd
"('philosophyofreligion', 'religionandpolitics')",religion and politics,philosophy of religion,4,0,phd
"('philosophyofreligion', 'religionandpolitics')",religion and politics,philosophy of religion,4,0,expert
"('18thcenturygermanaesthetics', 'perception')",18th century german aesthetics,perception,0,-1,phd
"('18thcenturygermanaesthetics', 'perception')",18th century german aesthetics,perception,3,0,expert
"('knowledge', 'platoonknowledgeinthetheaetetus')",plato on knowledge in the theaetetus,knowledge,4,0,phd
"('knowledge', 'platoonknowledgeinthetheaetetus')",plato on knowledge in the theaetetus,knowledge,4,0,expert
"('appliedethics', 'bioethics')",bioethics,applied ethics,4,0,phd
"('appliedethics', 'bioethics')",bioethics,applied ethics,4,0,phd
"('appliedethics', 'bioethics')",bioethics,applied ethics,4,1,expert
"('gettierproblem', 'perception')",gettier problem,perception,0,-1,phd
"('gettierproblem', 'perception')",gettier problem,perception,2,3,expert
"('chinesephilosophy', 'mohism')",mohism,chinese philosophy,3,0,novice
"('chinesephilosophy', 'mohism')",mohism,chinese philosophy,4,0,phd
"('artificialintelligence', 'computationandrepresentation')",computation and representation,artificial intelligence,4,0,phd
"('artificialintelligence', 'computationandrepresentation')",computation and representation,artificial intelligence,4,-1,expert
"('artificialintelligence', 'computationandrepresentation')",computation and representation,artificial intelligence,4,0,expert
"('epistemologicalproblemsofmemory', 'epistemology')",epistemological problems of memory,epistemology,4,0,phd
"('epistemologicalproblemsofmemory', 'epistemology')",epistemological problems of memory,epistemology,4,0,expert
"('mentalcontent', 'teleologicaltheoriesofmentalcontent')",teleological theories of mental content,mental content,4,0,phd
"('mentalcontent', 'teleologicaltheoriesofmentalcontent')",teleological theories of mental content,mental content,1,-1,expert
"('confirmationandinduction', 'epistemology')",confirmation and induction,epistemology,3,-1,phd
"('confirmationandinduction', 'epistemology')",confirmation and induction,epistemology,4,0,expert
"('islamicphilosophy', 'philosophyofreligion')",islamic philosophy,philosophy of religion,4,2,phd
"('islamicphilosophy', 'philosophyofreligion')",islamic philosophy,philosophy of religion,4,0,phd
"('islamicphilosophy', 'philosophyofreligion')",islamic philosophy,philosophy of religion,3,0,expert
"('boltzmannsworkinstatisticalphysics', 'philosophyofscienceandthesciences')",boltzmann's work in statistical physics,philosophy of science and the sciences,2,-1,phd
"('boltzmannsworkinstatisticalphysics', 'philosophyofscienceandthesciences')",boltzmann's work in statistical physics,philosophy of science and the sciences,-1,-1,expert
"('formsofgovernment', 'philosophyofreligion')",forms of government,philosophy of religion,0,-1,phd
"('formsofgovernment', 'philosophyofreligion')",forms of government,philosophy of religion,2,0,phd
"('formsofgovernment', 'philosophyofreligion')",forms of government,philosophy of religion,2,2,expert
"('logicalform', 'philosophyoflanguage')",philosophy of language,logical form,4,1,phd
"('logicalform', 'philosophyoflanguage')",philosophy of language,logical form,4,1,phd
"('logicalform', 'philosophyoflanguage')",philosophy of language,logical form,4,0,phd
"('logicalform', 'philosophyoflanguage')",philosophy of language,logical form,4,0,expert
"('logicalform', 'philosophyoflanguage')",philosophy of language,logical form,-1,0,expert
"('philosophyofreligion', 'religiouslanguage')",religious language,philosophy of religion,4,0,phd
"('philosophyofreligion', 'religiouslanguage')",religious language,philosophy of religion,4,0,phd
"('philosophyofreligion', 'religiouslanguage')",religious language,philosophy of religion,4,0,phd
"('philosophyofreligion', 'religiouslanguage')",religious language,philosophy of religion,3,0,expert
"('perception', 'philosophyofmind')",perception,philosophy of mind,4,0,phd
"('perception', 'philosophyofmind')",perception,philosophy of mind,4,-1,expert
"('perception', 'philosophyofmind')",perception,philosophy of mind,4,3,expert
"('perception', 'philosophyofmind')",perception,philosophy of mind,4,0,expert
"('perception', 'philosophyofmind')",perception,philosophy of mind,4,0,expert
"('philosophyofmind', 'propositionalattitude')",propositional attitude,philosophy of mind,4,0,phd
"('philosophyofmind', 'propositionalattitude')",propositional attitude,philosophy of mind,4,0,phd
"('philosophyofmind', 'propositionalattitude')",propositional attitude,philosophy of mind,4,-1,expert
"('philosophyofmind', 'propositionalattitude')",propositional attitude,philosophy of mind,4,0,expert
"('philosophyofmind', 'propositionalattitude')",propositional attitude,philosophy of mind,4,0,expert
"('neuralcorrelates', 'perception')",neural correlates,perception,1,0,phd
"('neuralcorrelates', 'perception')",neural correlates,perception,3,0,expert
"('descartesandthepinealgland', 'perception')",descartes and the pineal gland,perception,0,-1,phd
"('descartesandthepinealgland', 'perception')",descartes and the pineal gland,perception,3,0,expert
"('literature', 'philosophyofscienceandthesciences')",literature,philosophy of science and the sciences,0,-1,phd
"('literature', 'philosophyofscienceandthesciences')",literature,philosophy of science and the sciences,0,-1,phd
"('literature', 'philosophyofscienceandthesciences')",literature,philosophy of science and the sciences,0,-1,expert
"('perception', 'surrealism')",surrealism,perception,0,-1,phd
"('perception', 'surrealism')",surrealism,perception,2,0,expert
"('philosophyofreligion', 'toleration')",toleration,philosophy of religion,2,0,phd
"('philosophyofreligion', 'toleration')",toleration,philosophy of religion,2,0,phd
"('philosophyofreligion', 'toleration')",toleration,philosophy of religion,3,0,phd
"('philosophyofreligion', 'toleration')",toleration,philosophy of religion,4,0,expert
"('metaphysics', 'philosophyofmind')",philosophy of mind,metaphysics,4,2,phd
"('metaphysics', 'philosophyofmind')",philosophy of mind,metaphysics,3,2,expert
"('metaphysics', 'philosophyofmind')",philosophy of mind,metaphysics,3,3,expert
"('aspectsofconsciousness', 'functionofconsciousness')",function of consciousness,aspects of consciousness,4,0,phd
"('aspectsofconsciousness', 'functionofconsciousness')",function of consciousness,aspects of consciousness,4,0,phd
"('aspectsofconsciousness', 'functionofconsciousness')",function of consciousness,aspects of consciousness,4,0,expert
"('earlyphilosophicalinterpretationsofgeneralrelativity', 'epistemology')",early philosophical interpretations of general relativity,epistemology,2,-1,phd
"('earlyphilosophicalinterpretationsofgeneralrelativity', 'epistemology')",early philosophical interpretations of general relativity,epistemology,0,-1,expert
"('medievaltheoriesofanalogy', 'metaphysics')",medieval theories of analogy,metaphysics,4,0,phd
"('medievaltheoriesofanalogy', 'metaphysics')",medieval theories of analogy,metaphysics,1,0,expert
"('metaphysics', 'platoonutopia')",plato on utopia,metaphysics,0,-1,phd
"('metaphysics', 'platoonutopia')",plato on utopia,metaphysics,0,-1,expert
"('continentalphilosophy', 'pragmatism')",continental philosophy,pragmatism,-1,-1,phd
"('continentalphilosophy', 'pragmatism')",continental philosophy,pragmatism,2,2,expert
"('artificialintelligence', 'symbolicprocessing')",symbolic processing,artificial intelligence,4,0,phd
"('artificialintelligence', 'symbolicprocessing')",symbolic processing,artificial intelligence,3,-1,phd
"('artificialintelligence', 'symbolicprocessing')",symbolic processing,artificial intelligence,4,0,expert
"('artificialintelligence', 'symbolicprocessing')",symbolic processing,artificial intelligence,4,-1,expert
"('aristotlesnaturalphilosophy', 'metaphysics')",aristotle's natural philosophy,metaphysics,4,0,phd
"('aristotlesnaturalphilosophy', 'metaphysics')",aristotle's natural philosophy,metaphysics,3,0,expert
"('consciousnessandintentionality', 'perception')",consciousness and intentionality,perception,4,2,phd
"('consciousnessandintentionality', 'perception')",consciousness and intentionality,perception,4,2,expert
"('metaphysics', 'philosophyofpsychology')",philosophy of psychology,metaphysics,1,0,phd
"('metaphysics', 'philosophyofpsychology')",philosophy of psychology,metaphysics,2,3,phd
"('metaphysics', 'philosophyofpsychology')",philosophy of psychology,metaphysics,2,3,expert
"('epistemology', 'philosophyofperception')",philosophy of perception,epistemology,3,2,phd
"('epistemology', 'philosophyofperception')",philosophy of perception,epistemology,4,2,expert
"('hinduism', 'philosophyofreligion')",hinduism,philosophy of religion,3,0,phd
"('hinduism', 'philosophyofreligion')",hinduism,philosophy of religion,4,0,phd
"('hinduism', 'philosophyofreligion')",hinduism,philosophy of religion,4,0,phd
"('hinduism', 'philosophyofreligion')",hinduism,philosophy of religion,4,0,expert
"('cognitivescience', 'psychiatry')",cognitive science,psychiatry,4,0,course_taker
"('cognitivescience', 'psychiatry')",cognitive science,psychiatry,3,-1,expert
"('cognitivescience', 'psychiatry')",cognitive science,psychiatry,3,2,expert
"('causaltheoriesofmentalcontent', 'cognitivescience')",causal theories of mental content,cognitive science,4,0,phd
"('causaltheoriesofmentalcontent', 'cognitivescience')",causal theories of mental content,cognitive science,3,-1,expert
"('philosophyofbiology', 'philosophyofchemistry')",philosophy of chemistry,philosophy of biology,3,2,phd
"('philosophyofbiology', 'philosophyofchemistry')",philosophy of chemistry,philosophy of biology,3,2,expert
"('perception', 'propositionalattitude')",propositional attitude,perception,3,2,phd
"('perception', 'propositionalattitude')",propositional attitude,perception,4,0,expert
"('philosophyofreligion', 'politicalauthority')",political authority,philosophy of religion,1,0,phd
"('philosophyofreligion', 'politicalauthority')",political authority,philosophy of religion,2,0,phd
"('philosophyofreligion', 'politicalauthority')",political authority,philosophy of religion,4,0,expert
"('influenceofislamicthoughtonmaimonides', 'philosophyofreligion')",influence of islamic thought on maimonides,philosophy of religion,4,0,phd
"('influenceofislamicthoughtonmaimonides', 'philosophyofreligion')",influence of islamic thought on maimonides,philosophy of religion,4,0,phd
"('influenceofislamicthoughtonmaimonides', 'philosophyofreligion')",influence of islamic thought on maimonides,philosophy of religion,2,0,phd
"('influenceofislamicthoughtonmaimonides', 'philosophyofreligion')",influence of islamic thought on maimonides,philosophy of religion,3,0,expert
"('influenceofislamicthoughtonmaimonides', 'philosophyofreligion')",influence of islamic thought on maimonides,philosophy of religion,4,0,expert
"('kantsviewofthemindandconsciousnessofself', 'perception')",kant's view of the mind and consciousness of self,perception,3,2,phd
"('kantsviewofthemindandconsciousnessofself', 'perception')",kant's view of the mind and consciousness of self,perception,3,0,expert
"('coherentism', 'epistemology')",coherentism,epistemology,4,-1,phd
"('coherentism', 'epistemology')",coherentism,epistemology,3,0,phd
"('coherentism', 'epistemology')",coherentism,epistemology,4,0,phd
"('coherentism', 'epistemology')",coherentism,epistemology,2,0,phd
"('coherentism', 'epistemology')",coherentism,epistemology,4,0,phd
"('coherentism', 'epistemology')",coherentism,epistemology,3,3,phd
"('coherentism', 'epistemology')",coherentism,epistemology,4,0,expert
"('coherentism', 'epistemology')",coherentism,epistemology,4,0,expert
"('coherentism', 'epistemology')",coherentism,epistemology,3,0,expert
"('internalistvsexternalistconceptionsofepistemicjustification', 'justification')",internalist vs. externalist conceptions of epistemic justification,justification,4,0,phd
"('internalistvsexternalistconceptionsofepistemicjustification', 'justification')",internalist vs. externalist conceptions of epistemic justification,justification,4,0,expert
"('externalismaboutmentalcontent', 'internalismandexternalism')",externalism about mental content,internalism and externalism,4,0,phd
"('externalismaboutmentalcontent', 'internalismandexternalism')",externalism about mental content,internalism and externalism,4,0,expert
"('philosophyofreligion', 'secularism')",secularism,philosophy of religion,3,0,phd
"('philosophyofreligion', 'secularism')",secularism,philosophy of religion,4,0,phd
"('philosophyofreligion', 'secularism')",secularism,philosophy of religion,4,0,phd
"('philosophyofreligion', 'secularism')",secularism,philosophy of religion,4,0,expert
"('mentalcontent', 'philosophyofmind')",mental content,philosophy of mind,4,0,phd
"('mentalcontent', 'philosophyofmind')",mental content,philosophy of mind,4,0,phd
"('mentalcontent', 'philosophyofmind')",mental content,philosophy of mind,4,-1,expert
"('mentalcontent', 'philosophyofmind')",mental content,philosophy of mind,4,0,expert
"('mentalcontent', 'philosophyofmind')",mental content,philosophy of mind,4,0,expert
"('animalcognition', 'philosophyofmind')",animal cognition,philosophy of mind,3,0,phd
"('animalcognition', 'philosophyofmind')",animal cognition,philosophy of mind,4,0,expert
"('animalcognition', 'philosophyofmind')",animal cognition,philosophy of mind,0,-1,expert
"('metaphysicsofmind', 'philosophyofmind')",metaphysics of mind,philosophy of mind,4,0,phd
"('metaphysicsofmind', 'philosophyofmind')",metaphysics of mind,philosophy of mind,4,2,phd
"('metaphysicsofmind', 'philosophyofmind')",metaphysics of mind,philosophy of mind,4,0,phd
"('metaphysicsofmind', 'philosophyofmind')",metaphysics of mind,philosophy of mind,4,-1,expert
"('metaphysicsofmind', 'philosophyofmind')",metaphysics of mind,philosophy of mind,4,0,expert
"('metaphysicsofmind', 'philosophyofmind')",metaphysics of mind,philosophy of mind,4,0,expert
"('metaphysicsofmind', 'philosophyofmind')",metaphysics of mind,philosophy of mind,0,0,expert
"('metaphysicsofmind', 'philosophyofmind')",metaphysics of mind,philosophy of mind,4,-1,expert
"('aspectsofmind', 'philosophyofmind')",aspects of mind,philosophy of mind,4,2,phd
"('aspectsofmind', 'philosophyofmind')",aspects of mind,philosophy of mind,4,-1,expert
"('aspectsofmind', 'philosophyofmind')",aspects of mind,philosophy of mind,4,0,expert
"('aspectsofmind', 'philosophyofmind')",aspects of mind,philosophy of mind,3,0,expert
"('aspectsofmind', 'philosophyofmind')",aspects of mind,philosophy of mind,3,3,expert
"('mentalcontent', 'nonconceptualcontent')",non-conceptual content,mental content,4,0,phd
"('mentalcontent', 'nonconceptualcontent')",non-conceptual content,mental content,4,0,expert
"('folkpsychology', 'folkpsychologyasmentalsimulation')",folk psychology as mental simulation,folk psychology,4,0,phd
"('folkpsychology', 'folkpsychologyasmentalsimulation')",folk psychology as mental simulation,folk psychology,4,0,expert
"('18thcenturybritishaesthetics', 'perception')",18th century british aesthetics,perception,0,-1,phd
"('18thcenturybritishaesthetics', 'perception')",18th century british aesthetics,perception,2,0,expert
"('bioethics', 'businessethics')",business ethics,bioethics,1,0,phd
"('bioethics', 'businessethics')",business ethics,bioethics,2,2,phd
"('bioethics', 'businessethics')",business ethics,bioethics,2,2,expert
"('18thcenturygermanaesthetics', 'aestheticsandphilosophyofart')",aesthetics and philosophy of art,18th century german aesthetics,4,0,course_taker
"('18thcenturygermanaesthetics', 'aestheticsandphilosophyofart')",aesthetics and philosophy of art,18th century german aesthetics,3,0,phd
"('18thcenturygermanaesthetics', 'aestheticsandphilosophyofart')",aesthetics and philosophy of art,18th century german aesthetics,3,0,phd
"('18thcenturygermanaesthetics', 'aestheticsandphilosophyofart')",aesthetics and philosophy of art,18th century german aesthetics,3,0,phd
"('ideas', 'philosophyofmind')",ideas,philosophy of mind,4,3,phd
"('ideas', 'philosophyofmind')",ideas,philosophy of mind,3,-1,expert
"('ideas', 'philosophyofmind')",ideas,philosophy of mind,3,0,expert
"('ideas', 'philosophyofmind')",ideas,philosophy of mind,4,1,expert
"('ideas', 'philosophyofmind')",ideas,philosophy of mind,4,0,expert
"('methodologicaldebatesincosmologythe1930sand1940s', 'philosophyofscienceandthesciences')",methodological debates in cosmology the 1930s and 1940s,philosophy of science and the sciences,4,-1,phd
"('methodologicaldebatesincosmologythe1930sand1940s', 'philosophyofscienceandthesciences')",methodological debates in cosmology the 1930s and 1940s,philosophy of science and the sciences,3,0,phd
"('methodologicaldebatesincosmologythe1930sand1940s', 'philosophyofscienceandthesciences')",methodological debates in cosmology the 1930s and 1940s,philosophy of science and the sciences,4,0,phd
"('methodologicaldebatesincosmologythe1930sand1940s', 'philosophyofscienceandthesciences')",methodological debates in cosmology the 1930s and 1940s,philosophy of science and the sciences,3,0,expert
"('compositionalityandlogicalform', 'metaphysics')",compositionality and logical form,metaphysics,3,0,phd
"('compositionalityandlogicalform', 'metaphysics')",compositionality and logical form,metaphysics,0,-1,expert
"('leibnizsinfluenceonkant', 'perception')",leibniz's influence on kant,perception,3,2,phd
"('leibnizsinfluenceonkant', 'perception')",leibniz's influence on kant,perception,3,3,expert
"('chinesephilosophy', 'mohistcanons')",mohist canons,chinese philosophy,3,0,novice
"('chinesephilosophy', 'mohistcanons')",mohist canons,chinese philosophy,4,0,phd
"('chinesephilosophy', 'mohistcanons')",mohist canons,chinese philosophy,4,0,phd
"('deweysaesthetics', 'perception')",dewey's aesthetics,perception,0,-1,phd
"('deweysaesthetics', 'perception')",dewey's aesthetics,perception,2,-1,expert
"('consciousness', 'perception')",consciousness,perception,4,1,phd
"('consciousness', 'perception')",consciousness,perception,4,2,expert
"('consciousness', 'perception')",consciousness,perception,4,2,expert
"('epistemology', 'philosophyofpsychology')",philosophy of psychology,epistemology,2,-1,phd
"('epistemology', 'philosophyofpsychology')",philosophy of psychology,epistemology,3,2,expert
"('epistemology', 'philosophyofpsychology')",philosophy of psychology,epistemology,3,0,expert
"('logos', 'metaphysics')",logos,metaphysics,4,0,phd
"('logos', 'metaphysics')",logos,metaphysics,3,0,expert
"('artificialintelligence', 'turingmachine')",turing machine,artificial intelligence,2,-1,phd
"('artificialintelligence', 'turingmachine')",turing machine,artificial intelligence,4,-1,expert
"('interpretation', 'philosophyoflanguage')",philosophy of language,interpretation,2,0,phd
"('interpretation', 'philosophyoflanguage')",philosophy of language,interpretation,-1,0,expert
"('cognitivescience', 'dynamicalsystem')",dynamical system,cognitive science,4,0,phd
"('cognitivescience', 'dynamicalsystem')",dynamical system,cognitive science,3,0,expert
"('cognitivescience', 'dynamicalsystem')",dynamical system,cognitive science,4,-1,expert
"('churchandstate', 'philosophyofreligion')",church and state,philosophy of religion,4,2,phd
"('churchandstate', 'philosophyofreligion')",church and state,philosophy of religion,4,0,phd
"('churchandstate', 'philosophyofreligion')",church and state,philosophy of religion,3,3,expert
"('churchandstate', 'philosophyofreligion')",church and state,philosophy of religion,4,0,expert
"('bohmianmechanics', 'quantummechanics')",bohmian mechanics,quantum mechanics,4,3,phd
"('bohmianmechanics', 'quantummechanics')",bohmian mechanics,quantum mechanics,4,0,phd
"('bohmianmechanics', 'quantummechanics')",bohmian mechanics,quantum mechanics,4,1,expert
"('philosophyofart', 'philosophyofmind')",philosophy of art,philosophy of mind,0,-1,phd
"('philosophyofart', 'philosophyofmind')",philosophy of art,philosophy of mind,1,-1,expert
"('philosophyofart', 'philosophyofmind')",philosophy of art,philosophy of mind,0,-1,expert
"('philosophyofart', 'philosophyofmind')",philosophy of art,philosophy of mind,1,2,expert
"('africansagephilosophy', 'afterlife')",african sage philosophy,afterlife,1,0,phd
"('africansagephilosophy', 'afterlife')",african sage philosophy,afterlife,2,3,expert
"('ethicsandart', 'philosophyofart')",philosophy of art,ethics and art,3,1,phd
"('ethicsandart', 'philosophyofart')",philosophy of art,ethics and art,4,1,expert
"('modernphilosophy', 'philosophyofreligion')",modern philosophy,philosophy of religion,1,2,phd
"('modernphilosophy', 'philosophyofreligion')",modern philosophy,philosophy of religion,0,-1,phd
"('modernphilosophy', 'philosophyofreligion')",modern philosophy,philosophy of religion,1,-1,phd
"('modernphilosophy', 'philosophyofreligion')",modern philosophy,philosophy of religion,3,3,expert
"('imagery', 'philosophyofmind')",imagery,philosophy of mind,4,0,phd
"('imagery', 'philosophyofmind')",imagery,philosophy of mind,3,-1,expert
"('imagery', 'philosophyofmind')",imagery,philosophy of mind,4,0,expert
"('imagery', 'philosophyofmind')",imagery,philosophy of mind,4,0,expert
"('philosophyofreligion', 'zenbuddhism')",zen buddhism,philosophy of religion,2,2,phd
"('philosophyofreligion', 'zenbuddhism')",zen buddhism,philosophy of religion,4,0,phd
"('philosophyofreligion', 'zenbuddhism')",zen buddhism,philosophy of religion,4,1,expert
"('kantsphilosophyofreligion', 'philosophyofreligion')",kant's philosophy of religion,philosophy of religion,4,0,phd
"('kantsphilosophyofreligion', 'philosophyofreligion')",kant's philosophy of religion,philosophy of religion,4,0,phd
"('kantsphilosophyofreligion', 'philosophyofreligion')",kant's philosophy of religion,philosophy of religion,4,0,phd
"('kantsphilosophyofreligion', 'philosophyofreligion')",kant's philosophy of religion,philosophy of religion,2,0,expert
"('kantsphilosophyofreligion', 'philosophyofreligion')",kant's philosophy of religion,philosophy of religion,4,0,expert
"('cognitivescience', 'networkmodel')",network model,cognitive science,4,0,phd
"('cognitivescience', 'networkmodel')",network model,cognitive science,4,0,expert
"('historyoflogic', 'squareofopposition')",square of opposition,history of logic,4,-1,novice
"('historyoflogic', 'squareofopposition')",square of opposition,history of logic,4,0,phd
"('epistemology', 'falsificationism')",falsificationism,epistemology,1,0,phd
"('epistemology', 'falsificationism')",falsificationism,epistemology,4,0,expert
"('dynamism', 'japanesephilosophy')",dynamism,japanese philosophy,1,1,novice
"('dynamism', 'japanesephilosophy')",dynamism,japanese philosophy,-1,-1,expert
"('cosmology', 'metaphysics')",cosmology,metaphysics,4,0,phd
"('cosmology', 'metaphysics')",cosmology,metaphysics,3,2,expert
"('autism', 'folkpsychology')",autism,folk psychology,3,0,phd
"('autism', 'folkpsychology')",autism,folk psychology,3,0,expert
"('kantsviewofthemindandconsciousnessofself', 'philosophyofmind')",kant's view of the mind and consciousness of self,philosophy of mind,4,0,phd
"('kantsviewofthemindandconsciousnessofself', 'philosophyofmind')",kant's view of the mind and consciousness of self,philosophy of mind,3,0,phd
"('kantsviewofthemindandconsciousnessofself', 'philosophyofmind')",kant's view of the mind and consciousness of self,philosophy of mind,4,0,phd
"('kantsviewofthemindandconsciousnessofself', 'philosophyofmind')",kant's view of the mind and consciousness of self,philosophy of mind,3,-1,expert
"('kantsviewofthemindandconsciousnessofself', 'philosophyofmind')",kant's view of the mind and consciousness of self,philosophy of mind,1,0,expert
"('kantsviewofthemindandconsciousnessofself', 'philosophyofmind')",kant's view of the mind and consciousness of self,philosophy of mind,4,0,expert
"('kantsviewofthemindandconsciousnessofself', 'philosophyofmind')",kant's view of the mind and consciousness of self,philosophy of mind,3,-1,expert
"('kantsviewofthemindandconsciousnessofself', 'philosophyofmind')",kant's view of the mind and consciousness of self,philosophy of mind,1,-1,expert
"('nonhumananimals', 'philosophyofmind')",nonhuman animals,philosophy of mind,3,0,phd
"('nonhumananimals', 'philosophyofmind')",nonhuman animals,philosophy of mind,3,-1,expert
"('nonhumananimals', 'philosophyofmind')",nonhuman animals,philosophy of mind,3,1,expert
"('nonhumananimals', 'philosophyofmind')",nonhuman animals,philosophy of mind,2,3,expert
"('languagelearning', 'philosophyoflanguage')",philosophy of language,language learning,4,1,phd
"('languagelearning', 'philosophyoflanguage')",philosophy of language,language learning,4,0,phd
"('languagelearning', 'philosophyoflanguage')",philosophy of language,language learning,3,0,expert
"('languagelearning', 'philosophyoflanguage')",philosophy of language,language learning,-1,0,expert
"('pakistaniphilosophy', 'perception')",pakistani philosophy,perception,0,-1,phd
"('pakistaniphilosophy', 'perception')",pakistani philosophy,perception,0,-1,expert
"('dualism', 'propertydualism')",property dualism,dualism,4,0,phd
"('dualism', 'propertydualism')",property dualism,dualism,4,0,expert
"('analysisofknowledge', 'knowledge')",analysis of knowledge,knowledge,4,0,phd
"('analysisofknowledge', 'knowledge')",analysis of knowledge,knowledge,4,0,expert
"('epistemology', 'platosmiddleperiodmetaphysicsandepistemology')",plato's middle period metaphysics and epistemology,epistemology,2,-1,phd
"('epistemology', 'platosmiddleperiodmetaphysicsandepistemology')",plato's middle period metaphysics and epistemology,epistemology,1,3,phd
"('epistemology', 'platosmiddleperiodmetaphysicsandepistemology')",plato's middle period metaphysics and epistemology,epistemology,0,-1,expert
"('causaldeterminism', 'freewill')",causal determinism,free will,4,3,phd
"('causaldeterminism', 'freewill')",causal determinism,free will,4,-1,expert
"('leibnizsinfluenceonkant', 'metaphysics')",leibniz's influence on kant,metaphysics,3,0,phd
"('leibnizsinfluenceonkant', 'metaphysics')",leibniz's influence on kant,metaphysics,2,3,expert
"('conservationbiology', 'philosophyofbiology')",conservation biology,philosophy of biology,4,0,phd
"('conservationbiology', 'philosophyofbiology')",conservation biology,philosophy of biology,4,0,expert
"('metaphysics', 'platonism')",platonism,metaphysics,2,0,phd
"('metaphysics', 'platonism')",platonism,metaphysics,4,0,expert
"('epistemology', 'metaphysicsofscience')",metaphysics of science,epistemology,1,0,phd
"('epistemology', 'metaphysicsofscience')",metaphysics of science,epistemology,1,2,expert
"('afterlife', 'philosophyofreligion')",afterlife,philosophy of religion,4,0,phd
"('afterlife', 'philosophyofreligion')",afterlife,philosophy of religion,4,0,phd
"('afterlife', 'philosophyofreligion')",afterlife,philosophy of religion,4,0,phd
"('afterlife', 'philosophyofreligion')",afterlife,philosophy of religion,3,3,expert
"('afterlife', 'philosophyofreligion')",afterlife,philosophy of religion,4,0,expert
"('epistemology', 'socialepistemology')",social epistemology,epistemology,4,0,phd
"('epistemology', 'socialepistemology')",social epistemology,epistemology,4,-1,phd
"('epistemology', 'socialepistemology')",social epistemology,epistemology,3,0,phd
"('epistemology', 'socialepistemology')",social epistemology,epistemology,4,0,phd
"('epistemology', 'socialepistemology')",social epistemology,epistemology,2,0,phd
"('epistemology', 'socialepistemology')",social epistemology,epistemology,2,0,phd
"('epistemology', 'socialepistemology')",social epistemology,epistemology,4,0,expert
"('epistemology', 'socialepistemology')",social epistemology,epistemology,4,0,expert
"('epistemology', 'socialepistemology')",social epistemology,epistemology,4,0,expert
"('epistemology', 'socialepistemology')",social epistemology,epistemology,4,0,expert
"('perception', 'reliabilism')",reliabilism,perception,2,2,phd
"('perception', 'reliabilism')",reliabilism,perception,3,0,expert
"('evolutionarypsychology', 'philosophyofmind')",evolutionary psychology,philosophy of mind,3,3,phd
"('evolutionarypsychology', 'philosophyofmind')",evolutionary psychology,philosophy of mind,4,0,expert
"('interactionism', 'philosophyofmind')",interactionism,philosophy of mind,3,0,phd
"('interactionism', 'philosophyofmind')",interactionism,philosophy of mind,4,-1,expert
"('interactionism', 'philosophyofmind')",interactionism,philosophy of mind,4,0,expert
"('cognitivescience', 'computationandrepresentation')",computation and representation,cognitive science,3,0,phd
"('cognitivescience', 'computationandrepresentation')",computation and representation,cognitive science,4,0,phd
"('cognitivescience', 'computationandrepresentation')",computation and representation,cognitive science,4,1,phd
"('cognitivescience', 'computationandrepresentation')",computation and representation,cognitive science,4,-1,expert
"('cognitivescience', 'computationandrepresentation')",computation and representation,cognitive science,4,0,expert
"('historyoflogic', 'hypotheticalsyllogism')",hypothetical syllogism,history of logic,4,-1,novice
"('historyoflogic', 'hypotheticalsyllogism')",hypothetical syllogism,history of logic,2,0,phd
"('currentphilosophy', 'perception')",current philosophy,perception,3,1,phd
"('currentphilosophy', 'perception')",current philosophy,perception,4,1,expert
"('hobbessmoralandpoliticalphilosophy', 'socialandpoliticalphilosophy')",hobbes's moral and political philosophy,social and political philosophy,3,3,phd
"('hobbessmoralandpoliticalphilosophy', 'socialandpoliticalphilosophy')",hobbes's moral and political philosophy,social and political philosophy,4,0,expert
"('magnetism', 'perception')",magnetism,perception,0,-1,phd
"('magnetism', 'perception')",magnetism,perception,0,-1,expert
"('mentalcausation', 'philosophyofmind')",mental causation,philosophy of mind,4,0,phd
"('mentalcausation', 'philosophyofmind')",mental causation,philosophy of mind,4,0,phd
"('mentalcausation', 'philosophyofmind')",mental causation,philosophy of mind,4,0,phd
"('mentalcausation', 'philosophyofmind')",mental causation,philosophy of mind,4,-1,expert
"('mentalcausation', 'philosophyofmind')",mental causation,philosophy of mind,4,0,expert
"('mentalcausation', 'philosophyofmind')",mental causation,philosophy of mind,4,0,expert
"('africanandafricanamericanphilosophy', 'ethnophilosophy')",ethnophilosophy,african and african-american philosophy,4,1,course_taker
"('africanandafricanamericanphilosophy', 'ethnophilosophy')",ethnophilosophy,african and african-american philosophy,3,1,phd
"('epistemology', 'generalrelativity')",general relativity,epistemology,0,-1,phd
"('epistemology', 'generalrelativity')",general relativity,epistemology,1,1,expert
"('induction', 'philosophyofmind')",induction,philosophy of mind,1,2,phd
"('induction', 'philosophyofmind')",induction,philosophy of mind,2,-1,expert
"('induction', 'philosophyofmind')",induction,philosophy of mind,2,0,expert
"('induction', 'philosophyofmind')",induction,philosophy of mind,0,3,expert
"('induction', 'philosophyofmind')",induction,philosophy of mind,3,1,expert
"('epistemologyofreligion', 'philosophyofreligion')",epistemology of religion,philosophy of religion,4,0,phd
"('epistemologyofreligion', 'philosophyofreligion')",epistemology of religion,philosophy of religion,4,0,phd
"('epistemologyofreligion', 'philosophyofreligion')",epistemology of religion,philosophy of religion,4,0,phd
"('epistemologyofreligion', 'philosophyofreligion')",epistemology of religion,philosophy of religion,4,0,expert
"('epistemologyofreligion', 'philosophyofreligion')",epistemology of religion,philosophy of religion,4,0,expert
"('mentalimagery', 'philosophyofmind')",mental imagery,philosophy of mind,3,0,phd
"('mentalimagery', 'philosophyofmind')",mental imagery,philosophy of mind,4,0,expert
"('baptism', 'epistemology')",baptism,epistemology,0,-1,phd
"('baptism', 'epistemology')",baptism,epistemology,0,-1,expert
"('causation', 'probabilisticcausation')",probabilistic causation,causation,4,0,phd
"('causation', 'probabilisticcausation')",probabilistic causation,causation,4,0,expert
"('causation', 'probabilisticcausation')",probabilistic causation,causation,4,0,expert
"('measurementinquantumtheory', 'perception')",measurement in quantum theory,perception,0,-1,phd
"('measurementinquantumtheory', 'perception')",measurement in quantum theory,perception,1,0,expert
"('interpretation', 'metaphysics')",interpretation,metaphysics,1,0,phd
"('interpretation', 'metaphysics')",interpretation,metaphysics,0,-1,expert
"('perception', 'scottishphilosophyinthe19thcentury')",scottish philosophy in the 19th century,perception,3,1,phd
"('perception', 'scottishphilosophyinthe19thcentury')",scottish philosophy in the 19th century,perception,2,0,expert
"('philosophyofchemistry', 'philosophyofscienceandthesciences')",philosophy of chemistry,philosophy of science and the sciences,4,-1,phd
"('philosophyofchemistry', 'philosophyofscienceandthesciences')",philosophy of chemistry,philosophy of science and the sciences,4,0,phd
"('philosophyofchemistry', 'philosophyofscienceandthesciences')",philosophy of chemistry,philosophy of science and the sciences,4,0,phd
"('philosophyofchemistry', 'philosophyofscienceandthesciences')",philosophy of chemistry,philosophy of science and the sciences,4,0,expert
"('goodness', 'metaphysics')",goodness,metaphysics,3,0,phd
"('goodness', 'metaphysics')",goodness,metaphysics,2,0,expert
"('goodness', 'metaphysics')",goodness,metaphysics,0,-1,expert
"('concepts', 'mentalcontent')",concepts,mental content,4,0,phd
"('concepts', 'mentalcontent')",concepts,mental content,4,2,expert
"('languageandsociety', 'philosophyoflanguage')",philosophy of language,language and society,4,1,phd
"('languageandsociety', 'philosophyoflanguage')",philosophy of language,language and society,-1,2,expert
"('epistemology', 'philosophyofsocialscience')",philosophy of social science,epistemology,1,2,phd
"('epistemology', 'philosophyofsocialscience')",philosophy of social science,epistemology,3,1,expert
"('perception', 'representationalism')",representationalism,perception,4,0,phd
"('perception', 'representationalism')",representationalism,perception,4,0,expert
"('philosophyofreligion', 'secularhumanism')",secular humanism,philosophy of religion,3,0,phd
"('philosophyofreligion', 'secularhumanism')",secular humanism,philosophy of religion,4,0,phd
"('philosophyofreligion', 'secularhumanism')",secular humanism,philosophy of religion,3,0,phd
"('philosophyofreligion', 'secularhumanism')",secular humanism,philosophy of religion,1,0,expert
"('philosophyofmind', 'philosophyofnature')",philosophy of nature,philosophy of mind,0,-1,phd
"('philosophyofmind', 'philosophyofnature')",philosophy of nature,philosophy of mind,2,-1,expert
"('philosophyofmind', 'philosophyofnature')",philosophy of nature,philosophy of mind,1,2,expert
"('metaphysics', 'philosophyofchemistry')",philosophy of chemistry,metaphysics,2,0,phd
"('metaphysics', 'philosophyofchemistry')",philosophy of chemistry,metaphysics,2,3,expert
"('africanandafricanamericanphilosophy', 'africanphilosophy')",african philosophy,african and african-american philosophy,4,0,course_taker
"('africanandafricanamericanphilosophy', 'africanphilosophy')",african philosophy,african and african-american philosophy,4,0,phd
"('africanandafricanamericanphilosophy', 'africanphilosophy')",african philosophy,african and african-american philosophy,4,0,phd
"('africanandafricanamericanphilosophy', 'africanphilosophy')",african philosophy,african and african-american philosophy,4,0,phd
"('japaneseaesthetics', 'japanesephilosophy')",japanese aesthetics,japanese philosophy,2,0,novice
"('japaneseaesthetics', 'japanesephilosophy')",japanese aesthetics,japanese philosophy,4,0,phd
"('japaneseaesthetics', 'japanesephilosophy')",japanese aesthetics,japanese philosophy,3,0,phd
"('ancientlogic', 'historyoflogic')",ancient logic,history of logic,4,-1,novice
"('ancientlogic', 'historyoflogic')",ancient logic,history of logic,3,0,phd
"('ancientlogic', 'historyoflogic')",ancient logic,history of logic,4,0,phd
"('philosophyofreligion', 'pietism')",pietism,philosophy of religion,2,2,phd
"('philosophyofreligion', 'pietism')",pietism,philosophy of religion,4,0,phd
"('philosophyofreligion', 'pietism')",pietism,philosophy of religion,3,0,phd
"('philosophyofreligion', 'pietism')",pietism,philosophy of religion,4,0,expert
"('philosophyofreligion', 'pietism')",pietism,philosophy of religion,4,1,expert
"('ontologicalargument', 'philosophyofreligion')",ontological argument,philosophy of religion,4,0,phd
"('ontologicalargument', 'philosophyofreligion')",ontological argument,philosophy of religion,4,0,phd
"('ontologicalargument', 'philosophyofreligion')",ontological argument,philosophy of religion,4,0,phd
"('ontologicalargument', 'philosophyofreligion')",ontological argument,philosophy of religion,4,0,expert
"('eliminativematerialism', 'folkpsychology')",eliminative materialism,folk psychology,4,2,phd
"('eliminativematerialism', 'folkpsychology')",eliminative materialism,folk psychology,4,1,expert
"('externalism', 'perception')",externalism,perception,2,3,phd
"('externalism', 'perception')",externalism,perception,3,3,expert
"('epistemology', 'experimentinphysics')",experiment in physics,epistemology,3,-1,phd
"('epistemology', 'experimentinphysics')",experiment in physics,epistemology,0,-1,phd
"('epistemology', 'experimentinphysics')",experiment in physics,epistemology,1,2,expert
"('existenceofgod', 'metaphysics')",existence of god,metaphysics,4,0,phd
"('existenceofgod', 'metaphysics')",existence of god,metaphysics,3,3,expert
"('philosophyofcomputerscience', 'philosophyofscienceandthesciences')",philosophy of computer science,philosophy of science and the sciences,4,-1,phd
"('philosophyofcomputerscience', 'philosophyofscienceandthesciences')",philosophy of computer science,philosophy of science and the sciences,4,0,phd
"('philosophyofcomputerscience', 'philosophyofscienceandthesciences')",philosophy of computer science,philosophy of science and the sciences,3,0,phd
"('philosophyofcomputerscience', 'philosophyofscienceandthesciences')",philosophy of computer science,philosophy of science and the sciences,2,0,phd
"('philosophyofcomputerscience', 'philosophyofscienceandthesciences')",philosophy of computer science,philosophy of science and the sciences,3,0,expert
"('ethics', 'utilitarianism')",ethics,utilitarianism,4,0,novice
"('ethics', 'utilitarianism')",ethics,utilitarianism,4,-1,phd
"('ethics', 'utilitarianism')",ethics,utilitarianism,4,0,phd
"('scientificmethodology', 'scientificrealism')",scientific realism,scientific methodology,3,-1,novice
"('scientificmethodology', 'scientificrealism')",scientific realism,scientific methodology,3,1,phd
"('metaphysics', 'philosophyofscience')",philosophy of science,metaphysics,3,2,phd
"('metaphysics', 'philosophyofscience')",philosophy of science,metaphysics,2,2,phd
"('metaphysics', 'philosophyofscience')",philosophy of science,metaphysics,3,3,expert
"('metaphysics', 'philosophyofscience')",philosophy of science,metaphysics,2,3,expert
"('epistemology', 'introspection')",introspection,epistemology,2,-1,phd
"('epistemology', 'introspection')",introspection,epistemology,4,3,phd
"('epistemology', 'introspection')",introspection,epistemology,4,0,expert
"('logicandlanguage', 'philosophyofcomputerscience')",philosophy of computer science,logic and language,3,0,course_taker
"('logicandlanguage', 'philosophyofcomputerscience')",philosophy of computer science,logic and language,3,3,phd
"('medievaltheoriesofthecategories', 'metaphysics')",medieval theories of the categories,metaphysics,4,0,phd
"('medievaltheoriesofthecategories', 'metaphysics')",medieval theories of the categories,metaphysics,4,0,phd
"('medievaltheoriesofthecategories', 'metaphysics')",medieval theories of the categories,metaphysics,3,0,expert
"('lockespoliticalphilosophy', 'philosophyofreligion')",locke's political philosophy,philosophy of religion,0,-1,phd
"('lockespoliticalphilosophy', 'philosophyofreligion')",locke's political philosophy,philosophy of religion,0,-1,phd
"('lockespoliticalphilosophy', 'philosophyofreligion')",locke's political philosophy,philosophy of religion,2,0,phd
"('lockespoliticalphilosophy', 'philosophyofreligion')",locke's political philosophy,philosophy of religion,1,-1,expert
"('lockespoliticalphilosophy', 'philosophyofreligion')",locke's political philosophy,philosophy of religion,2,2,expert
"('consciousness', 'kantsviewofthemindandconsciousnessofself')",kant's view of the mind and consciousness of self,consciousness,4,0,phd
"('consciousness', 'kantsviewofthemindandconsciousnessofself')",kant's view of the mind and consciousness of self,consciousness,4,-1,expert
"('metaphysics', 'philosophyofphysics')",philosophy of physics,metaphysics,4,0,phd
"('metaphysics', 'philosophyofphysics')",philosophy of physics,metaphysics,1,0,phd
"('metaphysics', 'philosophyofphysics')",philosophy of physics,metaphysics,2,3,expert
"('identitytheoryofmind', 'perception')",identity theory of mind,perception,2,1,phd
"('identitytheoryofmind', 'perception')",identity theory of mind,perception,3,2,expert
"('metaphysics', 'vitalism')",vitalism,metaphysics,3,0,phd
"('metaphysics', 'vitalism')",vitalism,metaphysics,2,0,expert
"('philosophyofmind', 'realism')",realism,philosophy of mind,3,3,phd
"('philosophyofmind', 'realism')",realism,philosophy of mind,3,-1,expert
"('philosophyofmind', 'realism')",realism,philosophy of mind,2,2,expert
"('philosophyofmind', 'realism')",realism,philosophy of mind,4,1,expert
"('imagery', 'perception')",imagery,perception,3,2,phd
"('imagery', 'perception')",imagery,perception,4,2,expert
"('imagery', 'perception')",imagery,perception,4,2,expert
"('aspectsofconsciousness', 'selfconsciousness')",self-consciousness,aspects of consciousness,4,0,phd
"('aspectsofconsciousness', 'selfconsciousness')",self-consciousness,aspects of consciousness,4,0,expert
"('aristotlespsychology', 'philosophyofmind')",aristotle's psychology,philosophy of mind,4,0,phd
"('aristotlespsychology', 'philosophyofmind')",aristotle's psychology,philosophy of mind,3,0,phd
"('aristotlespsychology', 'philosophyofmind')",aristotle's psychology,philosophy of mind,1,-1,expert
"('aristotlespsychology', 'philosophyofmind')",aristotle's psychology,philosophy of mind,1,0,expert
"('aristotlespsychology', 'philosophyofmind')",aristotle's psychology,philosophy of mind,2,0,expert
"('aristotlespsychology', 'philosophyofmind')",aristotle's psychology,philosophy of mind,0,-1,expert
"('folkpsychologyasatheory', 'philosophyofmind')",folk psychology as a theory,philosophy of mind,4,0,phd
"('folkpsychologyasatheory', 'philosophyofmind')",folk psychology as a theory,philosophy of mind,4,0,phd
"('folkpsychologyasatheory', 'philosophyofmind')",folk psychology as a theory,philosophy of mind,3,0,phd
"('folkpsychologyasatheory', 'philosophyofmind')",folk psychology as a theory,philosophy of mind,4,-1,expert
"('folkpsychologyasatheory', 'philosophyofmind')",folk psychology as a theory,philosophy of mind,4,0,expert
"('folkpsychologyasatheory', 'philosophyofmind')",folk psychology as a theory,philosophy of mind,4,0,expert
"('folkpsychologyasatheory', 'philosophyofmind')",folk psychology as a theory,philosophy of mind,4,-1,expert
"('modularityofmind', 'philosophyofmind')",modularity of mind,philosophy of mind,4,0,phd
"('modularityofmind', 'philosophyofmind')",modularity of mind,philosophy of mind,4,-1,expert
"('modularityofmind', 'philosophyofmind')",modularity of mind,philosophy of mind,4,0,expert
"('modularityofmind', 'philosophyofmind')",modularity of mind,philosophy of mind,3,0,expert
"('modularityofmind', 'philosophyofmind')",modularity of mind,philosophy of mind,4,0,expert
"('modularityofmind', 'philosophyofmind')",modularity of mind,philosophy of mind,4,0,expert
"('languageofthoughthypothesis', 'philosophyoflanguage')",language of thought hypothesis,philosophy of language,3,3,phd
"('languageofthoughthypothesis', 'philosophyoflanguage')",language of thought hypothesis,philosophy of language,3,3,expert
"('languageofthoughthypothesis', 'philosophyoflanguage')",language of thought hypothesis,philosophy of language,-1,0,expert
"('probabilityandstatistics', 'scientificmethodology')",probability and statistics,scientific methodology,2,-1,novice
"('probabilityandstatistics', 'scientificmethodology')",probability and statistics,scientific methodology,3,1,phd
"('externalismaboutmentalcontent', 'mentalcontent')",externalism about mental content,mental content,4,0,phd
"('externalismaboutmentalcontent', 'mentalcontent')",externalism about mental content,mental content,4,-1,expert
"('descartesepistemology', 'perception')",descartes' epistemology,perception,2,0,phd
"('descartesepistemology', 'perception')",descartes' epistemology,perception,4,0,expert
"('mereology', 'metaphysics')",mereology,metaphysics,4,0,phd
"('mereology', 'metaphysics')",mereology,metaphysics,4,0,expert
"('artificialintelligence', 'turingtest')",turing test,artificial intelligence,4,0,phd
"('artificialintelligence', 'turingtest')",turing test,artificial intelligence,3,-1,phd
"('artificialintelligence', 'turingtest')",turing test,artificial intelligence,4,0,expert
"('artificialintelligence', 'turingtest')",turing test,artificial intelligence,4,-1,expert
"('philosophyofmind', 'universals')",universals,philosophy of mind,2,0,phd
"('philosophyofmind', 'universals')",universals,philosophy of mind,2,3,phd
"('philosophyofmind', 'universals')",universals,philosophy of mind,3,-1,expert
"('philosophyofmind', 'universals')",universals,philosophy of mind,1,1,expert
"('consciousnessandcontent', 'philosophyofmind')",consciousness and content,philosophy of mind,4,2,phd
"('consciousnessandcontent', 'philosophyofmind')",consciousness and content,philosophy of mind,4,-1,expert
"('consciousnessandcontent', 'philosophyofmind')",consciousness and content,philosophy of mind,4,0,expert
"('philosophyofmathematics', 'zenosparadoxes')",zeno's paradoxes,philosophy of mathematics,3,0,course_taker
"('philosophyofmathematics', 'zenosparadoxes')",zeno's paradoxes,philosophy of mathematics,2,0,phd
"('chineseethics', 'chinesephilosophy')",chinese ethics,chinese philosophy,2,0,novice
"('chineseethics', 'chinesephilosophy')",chinese ethics,chinese philosophy,4,0,phd
"('chineseethics', 'chinesephilosophy')",chinese ethics,chinese philosophy,4,0,phd
"('matter', 'philosophyofmind')",matter,philosophy of mind,2,3,phd
"('matter', 'philosophyofmind')",matter,philosophy of mind,3,-1,expert
"('matter', 'philosophyofmind')",matter,philosophy of mind,2,1,expert
"('matter', 'philosophyofmind')",matter,philosophy of mind,2,1,expert
"('matter', 'philosophyofmind')",matter,philosophy of mind,0,-1,expert
"('matter', 'philosophyofmind')",matter,philosophy of mind,3,1,expert
"('epistemologicalproblemsofperception', 'epistemology')",epistemological problems of perception,epistemology,3,-1,phd
"('epistemologicalproblemsofperception', 'epistemology')",epistemological problems of perception,epistemology,4,0,phd
"('epistemologicalproblemsofperception', 'epistemology')",epistemological problems of perception,epistemology,4,0,phd
"('epistemologicalproblemsofperception', 'epistemology')",epistemological problems of perception,epistemology,4,0,expert
"('epistemology', 'knowledgebyacquaintanceandknowledgebydescription')",knowledge by acquaintance and knowledge by description,epistemology,4,3,phd
"('epistemology', 'knowledgebyacquaintanceandknowledgebydescription')",knowledge by acquaintance and knowledge by description,epistemology,4,0,expert
"('philosophyofscienceandthesciences', 'unityofscience')",unity of science,philosophy of science and the sciences,4,-1,phd
"('philosophyofscienceandthesciences', 'unityofscience')",unity of science,philosophy of science and the sciences,4,0,phd
"('philosophyofscienceandthesciences', 'unityofscience')",unity of science,philosophy of science and the sciences,4,0,phd
"('philosophyofscienceandthesciences', 'unityofscience')",unity of science,philosophy of science and the sciences,4,0,phd
"('philosophyofscienceandthesciences', 'unityofscience')",unity of science,philosophy of science and the sciences,4,0,expert
"('eternityoftheworld', 'metaphysics')",eternity of the world,metaphysics,4,0,phd
"('eternityoftheworld', 'metaphysics')",eternity of the world,metaphysics,3,0,expert
"('consciousnessandmentalcontent', 'mentalcontent')",consciousness and mental content,mental content,4,3,phd
"('consciousnessandmentalcontent', 'mentalcontent')",consciousness and mental content,mental content,4,-1,expert
"('consciousnessandmentalcontent', 'mentalcontent')",consciousness and mental content,mental content,4,0,expert
"('consciousnessandmentalcontent', 'mentalcontent')",consciousness and mental content,mental content,2,-1,expert
"('philosophyofreligion', 'taoism')",taoism,philosophy of religion,4,0,phd
"('philosophyofreligion', 'taoism')",taoism,philosophy of religion,4,0,phd
"('philosophyofreligion', 'taoism')",taoism,philosophy of religion,4,0,phd
"('philosophyofreligion', 'taoism')",taoism,philosophy of religion,4,0,expert
"('philosophyofreligion', 'taoism')",taoism,philosophy of religion,3,0,expert
"('bioethics', 'personalidentityandethics')",personal identity and ethics,bioethics,2,0,phd
"('bioethics', 'personalidentityandethics')",personal identity and ethics,bioethics,4,2,phd
"('bioethics', 'personalidentityandethics')",personal identity and ethics,bioethics,2,1,expert
"('ancienttheoriesofsoul', 'philosophyofmind')",ancient theories of soul,philosophy of mind,3,0,phd
"('ancienttheoriesofsoul', 'philosophyofmind')",ancient theories of soul,philosophy of mind,2,0,phd
"('ancienttheoriesofsoul', 'philosophyofmind')",ancient theories of soul,philosophy of mind,2,-1,expert
"('ancienttheoriesofsoul', 'philosophyofmind')",ancient theories of soul,philosophy of mind,2,3,expert
"('ancienttheoriesofsoul', 'philosophyofmind')",ancient theories of soul,philosophy of mind,1,0,expert
"('atheism', 'philosophyofreligion')",atheism,philosophy of religion,4,0,phd
"('atheism', 'philosophyofreligion')",atheism,philosophy of religion,4,0,phd
"('atheism', 'philosophyofreligion')",atheism,philosophy of religion,4,3,expert
"('atheism', 'philosophyofreligion')",atheism,philosophy of religion,4,0,expert
"('cartesiandualism', 'perception')",cartesian dualism,perception,0,-1,phd
"('cartesiandualism', 'perception')",cartesian dualism,perception,3,3,expert
"('aristotelianism', 'metaphysics')",aristotelianism,metaphysics,3,0,phd
"('aristotelianism', 'metaphysics')",aristotelianism,metaphysics,3,0,expert
"('ethics', 'religionandmorality')",religion and morality,ethics,2,3,phd
"('ethics', 'religionandmorality')",religion and morality,ethics,4,3,expert
"('philosophyofreligion', 'satanism')",satanism,philosophy of religion,1,0,phd
"('philosophyofreligion', 'satanism')",satanism,philosophy of religion,4,0,phd
"('philosophyofreligion', 'satanism')",satanism,philosophy of religion,4,0,phd
"('philosophyofreligion', 'satanism')",satanism,philosophy of religion,3,0,expert
"('perception', 'teleosemantics')",teleosemantics,perception,2,1,phd
"('perception', 'teleosemantics')",teleosemantics,perception,2,2,expert
"('internalismandexternalism', 'perception')",internalism and externalism,perception,1,1,phd
"('internalismandexternalism', 'perception')",internalism and externalism,perception,3,1,expert
"('hilbertsprogram', 'philosophyofscienceandthesciences')",hilbert's program,philosophy of science and the sciences,4,-1,phd
"('hilbertsprogram', 'philosophyofscienceandthesciences')",hilbert's program,philosophy of science and the sciences,3,0,phd
"('hilbertsprogram', 'philosophyofscienceandthesciences')",hilbert's program,philosophy of science and the sciences,1,0,expert
"('philosophyofreligion', 'pragmaticargumentsandbeliefingod')",pragmatic arguments and belief in god,philosophy of religion,4,0,phd
"('philosophyofreligion', 'pragmaticargumentsandbeliefingod')",pragmatic arguments and belief in god,philosophy of religion,4,0,phd
"('philosophyofreligion', 'pragmaticargumentsandbeliefingod')",pragmatic arguments and belief in god,philosophy of religion,4,0,phd
"('philosophyofreligion', 'pragmaticargumentsandbeliefingod')",pragmatic arguments and belief in god,philosophy of religion,3,0,expert
"('philosophyofreligion', 'pragmaticargumentsandbeliefingod')",pragmatic arguments and belief in god,philosophy of religion,4,0,expert
"('continentalfeminism', 'continentalphilosophy')",continental feminism,continental philosophy,4,0,phd
"('continentalfeminism', 'continentalphilosophy')",continental feminism,continental philosophy,3,1,expert
"('epistemology', 'logos')",logos,epistemology,2,3,phd
"('epistemology', 'logos')",logos,epistemology,0,-1,expert
"('artificialintelligence', 'computation')",artificial intelligence,computation,4,1,course_taker
"('artificialintelligence', 'computation')",artificial intelligence,computation,4,-1,expert
"('classicalphysics', 'philosophyofscienceandthesciences')",classical physics,philosophy of science and the sciences,4,-1,phd
"('classicalphysics', 'philosophyofscienceandthesciences')",classical physics,philosophy of science and the sciences,3,0,phd
"('classicalphysics', 'philosophyofscienceandthesciences')",classical physics,philosophy of science and the sciences,2,0,expert
"('feministmetaphysics', 'metaphysics')",feminist metaphysics,metaphysics,4,0,phd
"('feministmetaphysics', 'metaphysics')",feminist metaphysics,metaphysics,2,3,phd
"('feministmetaphysics', 'metaphysics')",feminist metaphysics,metaphysics,3,0,expert
"('japanesephilosophy', 'zenbuddhism')",zen buddhism,japanese philosophy,4,-1,phd
"('japanesephilosophy', 'zenbuddhism')",zen buddhism,japanese philosophy,-1,0,expert
"('socialandpoliticalphilosophy', 'socialphilosophy')",social philosophy,social and political philosophy,4,0,phd
"('socialandpoliticalphilosophy', 'socialphilosophy')",social philosophy,social and political philosophy,4,1,expert
"('philosophyoflanguage', 'privatelanguageargument')",private language argument,philosophy of language,4,0,phd
"('philosophyoflanguage', 'privatelanguageargument')",private language argument,philosophy of language,-1,0,expert
"('implicature', 'pragmatics')",implicature,pragmatics,4,0,phd
"('implicature', 'pragmatics')",implicature,pragmatics,4,0,phd
"('implicature', 'pragmatics')",implicature,pragmatics,4,0,expert
"('axiomatictheoriesoftruth', 'philosophyoflanguage')",axiomatic theories of truth,philosophy of language,4,0,phd
"('axiomatictheoriesoftruth', 'philosophyoflanguage')",axiomatic theories of truth,philosophy of language,-1,0,expert
"('naturallawtradition', 'philosophyofreligion')",natural law tradition,philosophy of religion,4,2,phd
"('naturallawtradition', 'philosophyofreligion')",natural law tradition,philosophy of religion,4,0,phd
"('naturallawtradition', 'philosophyofreligion')",natural law tradition,philosophy of religion,2,1,expert
"('bayesstheorem', 'philosophyofscienceandthesciences')",bayes's theorem,philosophy of science and the sciences,3,-1,phd
"('bayesstheorem', 'philosophyofscienceandthesciences')",bayes's theorem,philosophy of science and the sciences,4,0,phd
"('bayesstheorem', 'philosophyofscienceandthesciences')",bayes's theorem,philosophy of science and the sciences,3,0,phd
"('bayesstheorem', 'philosophyofscienceandthesciences')",bayes's theorem,philosophy of science and the sciences,1,0,phd
"('bayesstheorem', 'philosophyofscienceandthesciences')",bayes's theorem,philosophy of science and the sciences,3,0,expert
"('biologicalaltruism', 'philosophyofbiology')",biological altruism,philosophy of biology,4,0,phd
"('biologicalaltruism', 'philosophyofbiology')",biological altruism,philosophy of biology,4,0,expert
"('artificialintelligence', 'temporallogic')",temporal logic,artificial intelligence,1,-1,phd
"('artificialintelligence', 'temporallogic')",temporal logic,artificial intelligence,3,-1,expert
"('metaphysicsandlanguage', 'philosophyoflanguage')",metaphysics and language,philosophy of language,4,0,phd
"('metaphysicsandlanguage', 'philosophyoflanguage')",metaphysics and language,philosophy of language,-1,2,expert
"('ethics', 'medievaltheoriesofpracticalreason')",medieval theories of practical reason,ethics,2,0,phd
"('ethics', 'medievaltheoriesofpracticalreason')",medieval theories of practical reason,ethics,1,0,expert
"('indispensabilityargumentsinthephilosophyofmathematics', 'philosophyofscienceandthesciences')",indispensability arguments in the philosophy of mathematics,philosophy of science and the sciences,2,-1,phd
"('indispensabilityargumentsinthephilosophyofmathematics', 'philosophyofscienceandthesciences')",indispensability arguments in the philosophy of mathematics,philosophy of science and the sciences,3,0,phd
"('indispensabilityargumentsinthephilosophyofmathematics', 'philosophyofscienceandthesciences')",indispensability arguments in the philosophy of mathematics,philosophy of science and the sciences,4,0,expert
"('metaphysics', 'metaphysicsofcausation')",metaphysics of causation,metaphysics,4,0,phd
"('metaphysics', 'metaphysicsofcausation')",metaphysics of causation,metaphysics,4,0,expert
"('activationvalue', 'artificialintelligence')",activation value,artificial intelligence,1,0,phd
"('activationvalue', 'artificialintelligence')",activation value,artificial intelligence,3,-1,expert
"('developmentalbiology', 'trait')",trait,developmental biology,4,0,phd
"('developmentalbiology', 'trait')",trait,developmental biology,4,2,expert
"('bioethics', 'doctrineofdoubleeffect')",doctrine of double effect,bioethics,3,3,phd
"('bioethics', 'doctrineofdoubleeffect')",doctrine of double effect,bioethics,4,0,expert
"('philosophyofchemistry', 'philosophyofphysics')",philosophy of chemistry,philosophy of physics,3,2,phd
"('philosophyofchemistry', 'philosophyofphysics')",philosophy of chemistry,philosophy of physics,4,2,expert
"('metaphysics', 'platosmiddleperiodmetaphysicsandepistemology')",plato's middle period metaphysics and epistemology,metaphysics,2,0,phd
"('metaphysics', 'platosmiddleperiodmetaphysicsandepistemology')",plato's middle period metaphysics and epistemology,metaphysics,2,0,expert
"('statisticalmechanicsandthermodynamics', 'thermodynamicasymmetryintime')",thermodynamic asymmetry in time,statistical mechanics and thermodynamics,4,0,phd
"('statisticalmechanicsandthermodynamics', 'thermodynamicasymmetryintime')",thermodynamic asymmetry in time,statistical mechanics and thermodynamics,4,0,expert
"('interpretation', 'quantummechanics')",interpretation,quantum mechanics,0,-1,phd
"('interpretation', 'quantummechanics')",interpretation,quantum mechanics,1,3,expert
"('approachestofeministphilosophy', 'continentalphilosophy')",approaches to feminist philosophy,continental philosophy,2,0,phd
"('approachestofeministphilosophy', 'continentalphilosophy')",approaches to feminist philosophy,continental philosophy,3,3,expert
"('life', 'philosophyofreligion')",life,philosophy of religion,3,1,phd
"('life', 'philosophyofreligion')",life,philosophy of religion,3,0,phd
"('life', 'philosophyofreligion')",life,philosophy of religion,2,0,phd
"('life', 'philosophyofreligion')",life,philosophy of religion,4,1,expert
"('contentsofperception', 'mentalcontent')",contents of perception,mental content,4,0,phd
"('contentsofperception', 'mentalcontent')",contents of perception,mental content,4,0,expert
"('mentalrepresentation', 'perception')",mental representation,perception,3,1,phd
"('mentalrepresentation', 'perception')",mental representation,perception,4,0,expert
"('goodnessandvaluetheory', 'metaphysics')",goodness and value theory,metaphysics,2,2,phd
"('goodnessandvaluetheory', 'metaphysics')",goodness and value theory,metaphysics,1,2,expert
"('intentionality', 'philosophyofmind')",intentionality,philosophy of mind,4,0,phd
"('intentionality', 'philosophyofmind')",intentionality,philosophy of mind,4,0,phd
"('intentionality', 'philosophyofmind')",intentionality,philosophy of mind,4,-1,expert
"('intentionality', 'philosophyofmind')",intentionality,philosophy of mind,4,0,expert
"('intentionality', 'philosophyofmind')",intentionality,philosophy of mind,4,0,expert
"('hardproblem', 'perception')",hard problem,perception,3,2,phd
"('hardproblem', 'perception')",hard problem,perception,3,0,expert
"('concepts', 'perception')",concepts,perception,3,3,phd
"('concepts', 'perception')",concepts,perception,4,2,expert
"('philosophyofmind', 'propernames')",proper names,philosophy of mind,3,3,phd
"('philosophyofmind', 'propernames')",proper names,philosophy of mind,1,-1,expert
"('philosophyofmind', 'propernames')",proper names,philosophy of mind,2,3,expert
"('philosophyofmind', 'propernames')",proper names,philosophy of mind,1,3,expert
"('philosophyofmind', 'propernames')",proper names,philosophy of mind,3,0,expert
"('folkpsychology', 'philosophyofscienceandthesciences')",folk psychology,philosophy of science and the sciences,4,-1,phd
"('folkpsychology', 'philosophyofscienceandthesciences')",folk psychology,philosophy of science and the sciences,3,0,phd
"('folkpsychology', 'philosophyofscienceandthesciences')",folk psychology,philosophy of science and the sciences,3,0,phd
"('folkpsychology', 'philosophyofscienceandthesciences')",folk psychology,philosophy of science and the sciences,2,0,phd
"('folkpsychology', 'philosophyofscienceandthesciences')",folk psychology,philosophy of science and the sciences,1,0,expert
"('computationandrepresentation', 'philosophyofmind')",computation and representation,philosophy of mind,4,0,phd
"('computationandrepresentation', 'philosophyofmind')",computation and representation,philosophy of mind,4,-1,expert
"('computationandrepresentation', 'philosophyofmind')",computation and representation,philosophy of mind,4,0,expert
"('computationandrepresentation', 'philosophyofmind')",computation and representation,philosophy of mind,4,0,expert
"('mentalrepresentation', 'philosophyofmind')",mental representation,philosophy of mind,4,0,phd
"('mentalrepresentation', 'philosophyofmind')",mental representation,philosophy of mind,3,0,phd
"('mentalrepresentation', 'philosophyofmind')",mental representation,philosophy of mind,4,0,phd
"('mentalrepresentation', 'philosophyofmind')",mental representation,philosophy of mind,4,-1,expert
"('mentalrepresentation', 'philosophyofmind')",mental representation,philosophy of mind,4,0,expert
"('mentalrepresentation', 'philosophyofmind')",mental representation,philosophy of mind,4,0,expert
"('metaphysics', 'processphilosophy')",process philosophy,metaphysics,2,0,phd
"('metaphysics', 'processphilosophy')",process philosophy,metaphysics,2,0,expert
"('metaphysics', 'philosophyofmathematics')",philosophy of mathematics,metaphysics,3,2,phd
"('metaphysics', 'philosophyofmathematics')",philosophy of mathematics,metaphysics,3,2,phd
"('metaphysics', 'philosophyofmathematics')",philosophy of mathematics,metaphysics,2,3,expert
"('epistemology', 'epistemologyofreligion')",epistemology of religion,epistemology,4,-1,phd
"('epistemology', 'epistemologyofreligion')",epistemology of religion,epistemology,2,0,phd
"('epistemology', 'epistemologyofreligion')",epistemology of religion,epistemology,4,0,phd
"('epistemology', 'epistemologyofreligion')",epistemology of religion,epistemology,2,0,phd
"('epistemology', 'epistemologyofreligion')",epistemology of religion,epistemology,2,0,phd
"('epistemology', 'epistemologyofreligion')",epistemology of religion,epistemology,4,0,phd
"('epistemology', 'epistemologyofreligion')",epistemology of religion,epistemology,2,0,expert
"('epistemology', 'epistemologyofreligion')",epistemology of religion,epistemology,4,0,expert
"('epistemology', 'epistemologyofreligion')",epistemology of religion,epistemology,4,0,expert
"('ancientphilosophyaristotle', 'metaphysics')",ancient philosophy (aristotle),metaphysics,2,0,phd
"('ancientphilosophyaristotle', 'metaphysics')",ancient philosophy (aristotle),metaphysics,2,3,expert
"('philosophyofchemistry', 'philosophyofmind')",philosophy of chemistry,philosophy of mind,0,0,phd
"('philosophyofchemistry', 'philosophyofmind')",philosophy of chemistry,philosophy of mind,0,-1,phd
"('philosophyofchemistry', 'philosophyofmind')",philosophy of chemistry,philosophy of mind,0,-1,expert
"('philosophyofchemistry', 'philosophyofmind')",philosophy of chemistry,philosophy of mind,1,3,expert
"('philosophyofchemistry', 'philosophyofmind')",philosophy of chemistry,philosophy of mind,1,2,expert
"('abstractobject', 'philosophyofmind')",abstract object,philosophy of mind,0,0,phd
"('abstractobject', 'philosophyofmind')",abstract object,philosophy of mind,2,3,phd
"('abstractobject', 'philosophyofmind')",abstract object,philosophy of mind,2,-1,expert
"('abstractobject', 'philosophyofmind')",abstract object,philosophy of mind,1,3,expert
"('abstractobject', 'philosophyofmind')",abstract object,philosophy of mind,2,3,expert
"('abstractobject', 'philosophyofmind')",abstract object,philosophy of mind,1,1,expert
"('japanesephilosophy', 'japanesezenbuddhistphilosophy')",japanese zen buddhist philosophy,japanese philosophy,2,0,novice
"('japanesephilosophy', 'japanesezenbuddhistphilosophy')",japanese zen buddhist philosophy,japanese philosophy,4,0,phd
"('japanesephilosophy', 'japanesezenbuddhistphilosophy')",japanese zen buddhist philosophy,japanese philosophy,4,0,phd
"('perception', 'philosophyofpsychology')",philosophy of psychology,perception,2,1,phd
"('perception', 'philosophyofpsychology')",philosophy of psychology,perception,4,1,expert
"('epistemology', 'feministphilosophy')",feminist philosophy,epistemology,2,-1,phd
"('epistemology', 'feministphilosophy')",feminist philosophy,epistemology,2,2,phd
"('epistemology', 'feministphilosophy')",feminist philosophy,epistemology,1,1,phd
"('epistemology', 'feministphilosophy')",feminist philosophy,epistemology,2,1,expert
"('aristotleoncausality', 'metaphysics')",aristotle on causality,metaphysics,4,0,phd
"('aristotleoncausality', 'metaphysics')",aristotle on causality,metaphysics,4,0,phd
"('aristotleoncausality', 'metaphysics')",aristotle on causality,metaphysics,2,0,expert
"('historyoflogic', 'inductivelogic')",inductive logic,history of logic,3,-1,novice
"('historyoflogic', 'inductivelogic')",inductive logic,history of logic,2,0,phd
"('philosophyofmind', 'psychiatry')",psychiatry,philosophy of mind,3,2,phd
"('philosophyofmind', 'psychiatry')",psychiatry,philosophy of mind,4,-1,expert
"('philosophyofmind', 'psychiatry')",psychiatry,philosophy of mind,3,2,expert
"('philosophyofmind', 'psychiatry')",psychiatry,philosophy of mind,4,1,expert
"('epistemologicalproblemsofmemory', 'philosophyofmind')",epistemological problems of memory,philosophy of mind,3,0,phd
"('epistemologicalproblemsofmemory', 'philosophyofmind')",epistemological problems of memory,philosophy of mind,1,0,phd
"('epistemologicalproblemsofmemory', 'philosophyofmind')",epistemological problems of memory,philosophy of mind,4,3,phd
"('epistemologicalproblemsofmemory', 'philosophyofmind')",epistemological problems of memory,philosophy of mind,3,-1,expert
"('epistemologicalproblemsofmemory', 'philosophyofmind')",epistemological problems of memory,philosophy of mind,4,0,expert
"('epistemologicalproblemsofmemory', 'philosophyofmind')",epistemological problems of memory,philosophy of mind,3,0,expert
"('medievalpoliticalphilosophy', 'philosophyofreligion')",medieval political philosophy,philosophy of religion,1,0,phd
"('medievalpoliticalphilosophy', 'philosophyofreligion')",medieval political philosophy,philosophy of religion,2,0,phd
"('medievalpoliticalphilosophy', 'philosophyofreligion')",medieval political philosophy,philosophy of religion,3,0,phd
"('medievalpoliticalphilosophy', 'philosophyofreligion')",medieval political philosophy,philosophy of religion,2,2,expert
"('lawandlanguage', 'philosophyoflanguage')",law and language,philosophy of language,4,3,phd
"('lawandlanguage', 'philosophyoflanguage')",law and language,philosophy of language,-1,2,expert
"('perception', 'problemofperception')",problem of perception,perception,4,0,phd
"('perception', 'problemofperception')",problem of perception,perception,4,2,phd
"('perception', 'problemofperception')",problem of perception,perception,4,0,expert
"('philosophyofbiology', 'philosophyofmind')",philosophy of biology,philosophy of mind,2,2,phd
"('philosophyofbiology', 'philosophyofmind')",philosophy of biology,philosophy of mind,2,-1,expert
"('philosophyofbiology', 'philosophyofmind')",philosophy of biology,philosophy of mind,2,2,expert
"('philosophyofbiology', 'philosophyofmind')",philosophy of biology,philosophy of mind,3,2,expert
"('metaphysics', 'scottishphilosophyinthe19thcentury')",scottish philosophy in the 19th century,metaphysics,1,0,phd
"('metaphysics', 'scottishphilosophyinthe19thcentury')",scottish philosophy in the 19th century,metaphysics,0,-1,expert
"('metaphysics', 'socialandpoliticalphilosophy')",social and political philosophy,metaphysics,0,-1,phd
"('metaphysics', 'socialandpoliticalphilosophy')",social and political philosophy,metaphysics,0,-1,expert
"('continentalphilosophy', 'intersectionsbetweenpragmatistandcontinentalfeminism')",intersections between pragmatist and continental feminism,continental philosophy,3,0,phd
"('continentalphilosophy', 'intersectionsbetweenpragmatistandcontinentalfeminism')",intersections between pragmatist and continental feminism,continental philosophy,-1,-1,phd
"('continentalphilosophy', 'intersectionsbetweenpragmatistandcontinentalfeminism')",intersections between pragmatist and continental feminism,continental philosophy,4,1,expert
"('ethics', 'virtuesandvices')",ethics,virtues and vices,4,1,course_taker
"('ethics', 'virtuesandvices')",ethics,virtues and vices,3,3,phd
"('mathematicallogic', 'philosophyofmind')",mathematical logic,philosophy of mind,2,3,phd
"('mathematicallogic', 'philosophyofmind')",mathematical logic,philosophy of mind,2,-1,expert
"('mathematicallogic', 'philosophyofmind')",mathematical logic,philosophy of mind,1,3,expert
"('mathematicallogic', 'philosophyofmind')",mathematical logic,philosophy of mind,1,3,expert
"('mathematicallogic', 'philosophyofmind')",mathematical logic,philosophy of mind,1,3,expert
"('eternityinchristianthought', 'metaphysics')",Eternity in Christian Thought,metaphysics,4,0,phd
"('eternityinchristianthought', 'metaphysics')",Eternity in Christian Thought,metaphysics,3,0,expert
"('historyoflogic', 'logicandgames')",logic and games,history of logic,2,-1,novice
"('historyoflogic', 'logicandgames')",logic and games,history of logic,1,0,phd
"('philosophyofmind', 'realismandantirealism')",realism and anti-realism,philosophy of mind,2,3,phd
"('philosophyofmind', 'realismandantirealism')",realism and anti-realism,philosophy of mind,2,3,phd
"('philosophyofmind', 'realismandantirealism')",realism and anti-realism,philosophy of mind,2,-1,expert
"('philosophyofmind', 'realismandantirealism')",realism and anti-realism,philosophy of mind,2,-1,expert
"('philosophyofmind', 'realismandantirealism')",realism and anti-realism,philosophy of mind,2,2,expert
"('philosophyofmind', 'realismandantirealism')",realism and anti-realism,philosophy of mind,2,2,expert
"('philosophyofmind', 'realismandantirealism')",realism and anti-realism,philosophy of mind,2,1,expert
"('philosophyofmind', 'realismandantirealism')",realism and anti-realism,philosophy of mind,4,1,expert
"('falsificationism', 'scientificmethodology')",falsificationism,scientific methodology,4,0,novice
"('falsificationism', 'scientificmethodology')",falsificationism,scientific methodology,4,0,phd
"('perception', 'psychologicalrelation')",psychological relation,perception,2,1,phd
"('perception', 'psychologicalrelation')",psychological relation,perception,4,1,expert
"('philosophyofscienceandthesciences', 'probability')",probability,philosophy of science and the sciences,4,-1,phd
"('philosophyofscienceandthesciences', 'probability')",probability,philosophy of science and the sciences,3,0,phd
"('philosophyofscienceandthesciences', 'probability')",probability,philosophy of science and the sciences,3,3,phd
"('philosophyofscienceandthesciences', 'probability')",probability,philosophy of science and the sciences,3,0,phd
"('philosophyofscienceandthesciences', 'probability')",probability,philosophy of science and the sciences,2,1,expert
"('ethics', 'socialcontract')",social contract,ethics,3,0,phd
"('ethics', 'socialcontract')",social contract,ethics,4,1,expert
"('epistemology', 'philosophyofbiology')",philosophy of biology,epistemology,1,2,phd
"('epistemology', 'philosophyofbiology')",philosophy of biology,epistemology,3,2,expert
"('identityofindiscernibles', 'metaphysics')",identity of indiscernibles,metaphysics,4,0,phd
"('identityofindiscernibles', 'metaphysics')",identity of indiscernibles,metaphysics,4,0,expert
"('backwardcausation', 'causation')",backward causation,causation,4,0,phd
"('backwardcausation', 'causation')",backward causation,causation,4,0,expert
"('aestheticsandphilosophyofart', 'philosophyofcomposition')",aesthetics and philosophy of art,philosophy of composition,2,-1,course_taker
"('aestheticsandphilosophyofart', 'philosophyofcomposition')",aesthetics and philosophy of art,philosophy of composition,-1,-1,course_taker
"('aestheticsandphilosophyofart', 'philosophyofcomposition')",aesthetics and philosophy of art,philosophy of composition,3,0,phd
"('epistemology', 'scientificmethodology')",scientific methodology,epistemology,1,0,phd
"('epistemology', 'scientificmethodology')",scientific methodology,epistemology,3,0,expert
"('animalcognition', 'cognitivescience')",animal cognition,cognitive science,4,0,phd
"('animalcognition', 'cognitivescience')",animal cognition,cognitive science,3,0,phd
"('animalcognition', 'cognitivescience')",animal cognition,cognitive science,4,0,phd
"('animalcognition', 'cognitivescience')",animal cognition,cognitive science,4,0,expert
"('animalcognition', 'cognitivescience')",animal cognition,cognitive science,4,-1,expert
"('argumentsfortheexistenceofgod', 'philosophyofreligion')",arguments for the existence of god,philosophy of religion,4,0,phd
"('argumentsfortheexistenceofgod', 'philosophyofreligion')",arguments for the existence of god,philosophy of religion,4,0,phd
"('argumentsfortheexistenceofgod', 'philosophyofreligion')",arguments for the existence of god,philosophy of religion,4,0,phd
"('argumentsfortheexistenceofgod', 'philosophyofreligion')",arguments for the existence of god,philosophy of religion,4,0,expert
"('argumentsfortheexistenceofgod', 'philosophyofreligion')",arguments for the existence of god,philosophy of religion,4,0,expert
"('identityandindividualityinquantumtheory', 'metaphysics')",identity and individuality in quantum theory,metaphysics,4,0,phd
"('identityandindividualityinquantumtheory', 'metaphysics')",identity and individuality in quantum theory,metaphysics,3,0,expert
"('mentalstate', 'philosophyofmind')",mental state,philosophy of mind,4,3,phd
"('mentalstate', 'philosophyofmind')",mental state,philosophy of mind,4,-1,expert
"('mentalstate', 'philosophyofmind')",mental state,philosophy of mind,4,0,expert
"('mentalstate', 'philosophyofmind')",mental state,philosophy of mind,4,1,expert
"('philosophyofmathematics', 'philosophyofscience')",philosophy of mathematics,philosophy of science,4,0,phd
"('philosophyofmathematics', 'philosophyofscience')",philosophy of mathematics,philosophy of science,4,3,expert
"('monotheism', 'philosophyofreligion')",monotheism,philosophy of religion,4,0,phd
"('monotheism', 'philosophyofreligion')",monotheism,philosophy of religion,4,0,phd
"('monotheism', 'philosophyofreligion')",monotheism,philosophy of religion,4,0,expert
"('logicandlanguage', 'philosophyofmind')",logic and language,philosophy of mind,4,0,phd
"('logicandlanguage', 'philosophyofmind')",logic and language,philosophy of mind,1,3,expert
"('chineseroomargument', 'philosophyofmind')",chinese room argument,philosophy of mind,4,0,phd
"('chineseroomargument', 'philosophyofmind')",chinese room argument,philosophy of mind,4,0,phd
"('chineseroomargument', 'philosophyofmind')",chinese room argument,philosophy of mind,4,0,phd
"('chineseroomargument', 'philosophyofmind')",chinese room argument,philosophy of mind,3,-1,expert
"('chineseroomargument', 'philosophyofmind')",chinese room argument,philosophy of mind,4,0,expert
"('chineseroomargument', 'philosophyofmind')",chinese room argument,philosophy of mind,4,-1,expert
"('chineseroomargument', 'philosophyofmind')",chinese room argument,philosophy of mind,0,-1,expert
"('neutralmonism', 'philosophyofmind')",neutral monism,philosophy of mind,3,0,phd
"('neutralmonism', 'philosophyofmind')",neutral monism,philosophy of mind,3,0,phd
"('neutralmonism', 'philosophyofmind')",neutral monism,philosophy of mind,3,-1,expert
"('neutralmonism', 'philosophyofmind')",neutral monism,philosophy of mind,0,-1,expert
"('consciousness', 'phenomenologicalapproachestoselfconsciousness')",phenomenological approaches to self-consciousness,consciousness,4,0,phd
"('consciousness', 'phenomenologicalapproachestoselfconsciousness')",phenomenological approaches to self-consciousness,consciousness,4,-1,expert
"('omniscience', 'philosophyofreligion')",omniscience,philosophy of religion,4,0,phd
"('omniscience', 'philosophyofreligion')",omniscience,philosophy of religion,4,0,phd
"('omniscience', 'philosophyofreligion')",omniscience,philosophy of religion,4,0,expert
"('epistemeandtechne', 'metaphysics')",episteme and techne,metaphysics,2,0,phd
"('epistemeandtechne', 'metaphysics')",episteme and techne,metaphysics,2,0,expert
"('aristotleandmathematics', 'philosophyofmathematics')",aristotle and mathematics,philosophy of mathematics,4,0,course_taker
"('aristotleandmathematics', 'philosophyofmathematics')",aristotle and mathematics,philosophy of mathematics,4,3,phd
"('aristotleandmathematics', 'philosophyofmathematics')",aristotle and mathematics,philosophy of mathematics,3,0,phd
"('logic', 'philosophyofcomputerscience')",philosophy of computer science,logic,4,0,course_taker
"('logic', 'philosophyofcomputerscience')",philosophy of computer science,logic,4,3,phd
"('logic', 'philosophyofcomputerscience')",philosophy of computer science,logic,3,2,phd
"('logic', 'philosophyofcomputerscience')",philosophy of computer science,logic,3,0,phd
"('thinkingmachine', 'turingtest')",thinking machine,turing test,4,0,course_taker
"('thinkingmachine', 'turingtest')",thinking machine,turing test,4,3,phd
"('thinkingmachine', 'turingtest')",thinking machine,turing test,4,0,phd
"('mentalrepresentationinmedievalphilosophy', 'philosophyofmind')",mental representation in medieval philosophy,philosophy of mind,3,0,phd
"('mentalrepresentationinmedievalphilosophy', 'philosophyofmind')",mental representation in medieval philosophy,philosophy of mind,2,0,phd
"('mentalrepresentationinmedievalphilosophy', 'philosophyofmind')",mental representation in medieval philosophy,philosophy of mind,2,-1,expert
"('mentalrepresentationinmedievalphilosophy', 'philosophyofmind')",mental representation in medieval philosophy,philosophy of mind,3,0,expert
"('mentalrepresentationinmedievalphilosophy', 'philosophyofmind')",mental representation in medieval philosophy,philosophy of mind,2,0,expert
"('mentalrepresentationinmedievalphilosophy', 'philosophyofmind')",mental representation in medieval philosophy,philosophy of mind,0,-1,expert
"('mentalrepresentationinmedievalphilosophy', 'philosophyofmind')",mental representation in medieval philosophy,philosophy of mind,4,0,expert
"('epistemology', 'philosophyofnature')",philosophy of nature,epistemology,2,-1,phd
"('epistemology', 'philosophyofnature')",philosophy of nature,epistemology,1,1,expert
"('philosophyofreligion', 'religionandmorality')",religion and morality,philosophy of religion,4,0,phd
"('philosophyofreligion', 'religionandmorality')",religion and morality,philosophy of religion,4,0,phd
"('philosophyofreligion', 'religionandmorality')",religion and morality,philosophy of religion,4,0,phd
"('philosophyofreligion', 'religionandmorality')",religion and morality,philosophy of religion,4,0,expert
"('philosophyofreligion', 'religionandmorality')",religion and morality,philosophy of religion,4,0,expert
"('philosophyoflanguage', 'privatelanguage')",private language,philosophy of language,4,0,phd
"('philosophyoflanguage', 'privatelanguage')",private language,philosophy of language,-1,0,expert
"('philosophyoflanguage', 'privatelanguage')",private language,philosophy of language,4,1,expert
"('epistemology', 'indeterminism')",indeterminism,epistemology,0,0,phd
"('epistemology', 'indeterminism')",indeterminism,epistemology,3,2,expert
"('evolutionarypsychology', 'philosophyofreligion')",evolutionary psychology,philosophy of religion,3,2,phd
"('evolutionarypsychology', 'philosophyofreligion')",evolutionary psychology,philosophy of religion,3,0,phd
"('evolutionarypsychology', 'philosophyofreligion')",evolutionary psychology,philosophy of religion,2,3,expert
"('philosophyofmind', 'philosophyofperception')",philosophy of perception,philosophy of mind,4,0,phd
"('philosophyofmind', 'philosophyofperception')",philosophy of perception,philosophy of mind,4,0,phd
"('philosophyofmind', 'philosophyofperception')",philosophy of perception,philosophy of mind,4,-1,expert
"('philosophyofmind', 'philosophyofperception')",philosophy of perception,philosophy of mind,3,3,expert
"('philosophyofmind', 'philosophyofperception')",philosophy of perception,philosophy of mind,4,2,expert
"('algebra', 'philosophyofmathematics')",philosophy of mathematics,algebra,4,1,course_taker
"('algebra', 'philosophyofmathematics')",philosophy of mathematics,algebra,4,0,phd
"('metaphysics', 'philosophyofbiology')",philosophy of biology,metaphysics,2,0,phd
"('metaphysics', 'philosophyofbiology')",philosophy of biology,metaphysics,2,3,expert
"('afterlife', 'eternityoftheworld')",eternity of the world,afterlife,4,0,phd
"('afterlife', 'eternityoftheworld')",eternity of the world,afterlife,2,2,expert
"('artificialintelligence', 'modernhistoryofcomputing')",modern history of computing,artificial intelligence,2,3,phd
"('artificialintelligence', 'modernhistoryofcomputing')",modern history of computing,artificial intelligence,3,-1,expert
"('ambiguity', 'epistemology')",ambiguity,epistemology,1,3,phd
"('ambiguity', 'epistemology')",ambiguity,epistemology,0,-1,expert
"('artificialintelligence', 'frameproblem')",frame problem,artificial intelligence,4,0,phd
"('artificialintelligence', 'frameproblem')",frame problem,artificial intelligence,3,-1,phd
"('artificialintelligence', 'frameproblem')",frame problem,artificial intelligence,4,0,expert
"('artificialintelligence', 'frameproblem')",frame problem,artificial intelligence,4,-1,expert
"('consciousnessandcontent', 'perception')",consciousness and content,perception,3,2,phd
"('consciousnessandcontent', 'perception')",consciousness and content,perception,4,2,expert
"('epistemology', 'interpretation')",interpretation,epistemology,1,3,phd
"('epistemology', 'interpretation')",interpretation,epistemology,3,0,expert
"('epistemology', 'interpretation')",interpretation,epistemology,1,1,expert
"('dualism', 'philosophyofmind')",dualism,philosophy of mind,4,0,phd
"('dualism', 'philosophyofmind')",dualism,philosophy of mind,4,0,phd
"('dualism', 'philosophyofmind')",dualism,philosophy of mind,4,-1,expert
"('dualism', 'philosophyofmind')",dualism,philosophy of mind,4,0,expert
"('dualism', 'philosophyofmind')",dualism,philosophy of mind,4,1,expert
"('dualism', 'philosophyofmind')",dualism,philosophy of mind,4,0,expert
"('cognitivescience', 'philosophiesoftheparticularsciences')",cognitive science,philosophies of the particular sciences,1,1,phd
"('cognitivescience', 'philosophiesoftheparticularsciences')",cognitive science,philosophies of the particular sciences,4,0,expert
"('animalcognition', 'perception')",animal cognition,perception,2,1,phd
"('animalcognition', 'perception')",animal cognition,perception,3,1,expert
"('epistemology', 'virtueepistemology')",virtue epistemology,epistemology,4,0,phd
"('epistemology', 'virtueepistemology')",virtue epistemology,epistemology,4,-1,phd
"('epistemology', 'virtueepistemology')",virtue epistemology,epistemology,3,0,phd
"('epistemology', 'virtueepistemology')",virtue epistemology,epistemology,4,0,phd
"('epistemology', 'virtueepistemology')",virtue epistemology,epistemology,3,0,phd
"('epistemology', 'virtueepistemology')",virtue epistemology,epistemology,3,0,phd
"('epistemology', 'virtueepistemology')",virtue epistemology,epistemology,4,0,expert
"('epistemology', 'virtueepistemology')",virtue epistemology,epistemology,4,0,expert
"('epistemology', 'virtueepistemology')",virtue epistemology,epistemology,4,0,expert
"('mentalcontent', 'theoriesofmentalcontent')",theories of mental content,mental content,4,0,phd
"('mentalcontent', 'theoriesofmentalcontent')",theories of mental content,mental content,4,1,phd
"('mentalcontent', 'theoriesofmentalcontent')",theories of mental content,mental content,3,-1,expert
"('mentalcontent', 'theoriesofmentalcontent')",theories of mental content,mental content,4,0,expert
"('mentalcontent', 'mentalimagery')",mental imagery,mental content,4,3,phd
"('mentalcontent', 'mentalimagery')",mental imagery,mental content,4,2,expert
"('continentalphilosophy', 'feminism')",feminism,continental philosophy,4,2,phd
"('continentalphilosophy', 'feminism')",feminism,continental philosophy,3,1,expert
"('epistemology', 'psychiatry')",psychiatry,epistemology,2,-1,phd
"('epistemology', 'psychiatry')",psychiatry,epistemology,2,1,expert
"('epistemology', 'psychiatry')",psychiatry,epistemology,1,3,expert
"('africanandafricanamericanphilosophy', 'africansagephilosophy')",african sage philosophy,african and african-american philosophy,4,0,course_taker
"('africanandafricanamericanphilosophy', 'africansagephilosophy')",african sage philosophy,african and african-american philosophy,4,0,phd
"('africanandafricanamericanphilosophy', 'africansagephilosophy')",african sage philosophy,african and african-american philosophy,3,0,phd
"('molecularbiology', 'philosophyofbiology')",molecular biology,philosophy of biology,4,0,phd
"('molecularbiology', 'philosophyofbiology')",molecular biology,philosophy of biology,4,0,expert
"('molecularbiology', 'philosophyofbiology')",molecular biology,philosophy of biology,4,3,expert
"('churchturingthesis', 'function')",church-turing thesis,function,4,0,phd
"('churchturingthesis', 'function')",church-turing thesis,function,2,3,expert
"('analysis', 'metaphysics')",analysis,metaphysics,2,0,phd
"('analysis', 'metaphysics')",analysis,metaphysics,3,0,expert
"('philosophyoflanguage', 'syntax')",philosophy of language,syntax,4,1,phd
"('philosophyoflanguage', 'syntax')",philosophy of language,syntax,4,0,phd
"('philosophyoflanguage', 'syntax')",philosophy of language,syntax,-1,0,expert
"('africanandafricanamericanphilosophy', 'race')",race,african and african-american philosophy,4,0,course_taker
"('africanandafricanamericanphilosophy', 'race')",race,african and african-american philosophy,3,3,phd
"('cognitivescience', 'languagelearning')",language learning,cognitive science,4,0,phd
"('cognitivescience', 'languagelearning')",language learning,cognitive science,4,2,expert
"('cognitivescience', 'languagelearning')",language learning,cognitive science,4,-1,expert
"('aspectsofconsciousness', 'unityofconsciousness')",unity of consciousness,aspects of consciousness,4,0,phd
"('aspectsofconsciousness', 'unityofconsciousness')",unity of consciousness,aspects of consciousness,4,0,phd
"('aspectsofconsciousness', 'unityofconsciousness')",unity of consciousness,aspects of consciousness,4,0,expert
"('epistemology', 'transworldidentity')",transworld identity,epistemology,0,-1,phd
"('epistemology', 'transworldidentity')",transworld identity,epistemology,0,-1,expert
"('judaism', 'philosophyofreligion')",judaism,philosophy of religion,3,0,phd
"('judaism', 'philosophyofreligion')",judaism,philosophy of religion,4,0,phd
"('judaism', 'philosophyofreligion')",judaism,philosophy of religion,4,0,phd
"('judaism', 'philosophyofreligion')",judaism,philosophy of religion,4,0,expert
"('metaphysics', 'processtheism')",process theism,metaphysics,4,0,phd
"('metaphysics', 'processtheism')",process theism,metaphysics,2,0,phd
"('metaphysics', 'processtheism')",process theism,metaphysics,2,0,expert
"('metaphysics', 'philosophiesoftheparticularsciences')",philosophies of the particular sciences,metaphysics,3,0,phd
"('metaphysics', 'philosophiesoftheparticularsciences')",philosophies of the particular sciences,metaphysics,1,0,phd
"('metaphysics', 'philosophiesoftheparticularsciences')",philosophies of the particular sciences,metaphysics,3,3,expert
"('creationism', 'philosophyofreligion')",creationism,philosophy of religion,4,0,phd
"('creationism', 'philosophyofreligion')",creationism,philosophy of religion,4,0,phd
"('creationism', 'philosophyofreligion')",creationism,philosophy of religion,3,3,expert
"('epistemology', 'historyofscience')",history of science,epistemology,1,2,phd
"('epistemology', 'historyofscience')",history of science,epistemology,3,1,expert
"('causation', 'counterfactualtheoriesofcausation')",counterfactual theories of causation,causation,4,0,phd
"('causation', 'counterfactualtheoriesofcausation')",counterfactual theories of causation,causation,4,0,expert
"('consciousnessandintentionality', 'philosophyofmind')",consciousness and intentionality,philosophy of mind,4,0,phd
"('consciousnessandintentionality', 'philosophyofmind')",consciousness and intentionality,philosophy of mind,4,0,phd
"('consciousnessandintentionality', 'philosophyofmind')",consciousness and intentionality,philosophy of mind,4,0,phd
"('consciousnessandintentionality', 'philosophyofmind')",consciousness and intentionality,philosophy of mind,4,-1,expert
"('consciousnessandintentionality', 'philosophyofmind')",consciousness and intentionality,philosophy of mind,4,0,expert
"('consciousnessandintentionality', 'philosophyofmind')",consciousness and intentionality,philosophy of mind,4,-1,expert
"('consciousnessandintentionality', 'philosophyofmind')",consciousness and intentionality,philosophy of mind,4,-1,expert
"('descartesepistemology', 'philosophyofmind')",descartes' epistemology,philosophy of mind,1,3,phd
"('descartesepistemology', 'philosophyofmind')",descartes' epistemology,philosophy of mind,3,-1,expert
"('descartesepistemology', 'philosophyofmind')",descartes' epistemology,philosophy of mind,2,0,expert
"('descartesepistemology', 'philosophyofmind')",descartes' epistemology,philosophy of mind,1,0,expert
"('descartesepistemology', 'philosophyofmind')",descartes' epistemology,philosophy of mind,0,-1,expert
"('descartesmodalmetaphysics', 'philosophyofmind')",descartes' modal metaphysics,philosophy of mind,1,3,phd
"('descartesmodalmetaphysics', 'philosophyofmind')",descartes' modal metaphysics,philosophy of mind,3,-1,expert
"('descartesmodalmetaphysics', 'philosophyofmind')",descartes' modal metaphysics,philosophy of mind,4,0,expert
"('cognitivescience', 'explanation')",cognitive science,explanation,3,0,course_taker
"('cognitivescience', 'explanation')",cognitive science,explanation,4,3,expert
"('philosophyofmind', 'probability')",probability,philosophy of mind,0,-1,phd
"('philosophyofmind', 'probability')",probability,philosophy of mind,0,-1,expert
"('philosophyofmind', 'probability')",probability,philosophy of mind,2,1,expert
"('dadaism', 'perception')",dadaism,perception,0,-1,phd
"('dadaism', 'perception')",dadaism,perception,0,-1,expert
"('cognitivescience', 'computationaltheoryofmind')",computational theory of mind,cognitive science,3,0,phd
"('cognitivescience', 'computationaltheoryofmind')",computational theory of mind,cognitive science,4,0,expert
"('cognitivescience', 'computationaltheoryofmind')",computational theory of mind,cognitive science,4,-1,expert
"('artificialintelligence', 'chineseroomargument')",chinese room argument,artificial intelligence,4,0,phd
"('artificialintelligence', 'chineseroomargument')",chinese room argument,artificial intelligence,4,0,expert
"('artificialintelligence', 'chineseroomargument')",chinese room argument,artificial intelligence,4,-1,expert
"('daoism', 'philosophyofreligion')",daoism,philosophy of religion,3,0,phd
"('daoism', 'philosophyofreligion')",daoism,philosophy of religion,4,0,phd
"('daoism', 'philosophyofreligion')",daoism,philosophy of religion,4,0,phd
"('daoism', 'philosophyofreligion')",daoism,philosophy of religion,4,0,expert
"('epistemology', 'evolutionaryepistemology')",evolutionary epistemology,epistemology,4,0,phd
"('epistemology', 'evolutionaryepistemology')",evolutionary epistemology,epistemology,4,-1,phd
"('epistemology', 'evolutionaryepistemology')",evolutionary epistemology,epistemology,3,0,phd
"('epistemology', 'evolutionaryepistemology')",evolutionary epistemology,epistemology,4,0,phd
"('epistemology', 'evolutionaryepistemology')",evolutionary epistemology,epistemology,2,0,phd
"('epistemology', 'evolutionaryepistemology')",evolutionary epistemology,epistemology,1,3,phd
"('epistemology', 'evolutionaryepistemology')",evolutionary epistemology,epistemology,2,0,expert
"('epistemology', 'evolutionaryepistemology')",evolutionary epistemology,epistemology,4,0,expert
"('epistemology', 'evolutionaryepistemology')",evolutionary epistemology,epistemology,4,0,expert
"('causationinthelaw', 'philosophyoflaw')",causation in the law,philosophy of law,4,0,novice
"('causationinthelaw', 'philosophyoflaw')",causation in the law,philosophy of law,4,0,phd
"('philosophyofmind', 'problemofperception')",problem of perception,philosophy of mind,4,0,phd
"('philosophyofmind', 'problemofperception')",problem of perception,philosophy of mind,4,-1,expert
"('philosophyofmind', 'problemofperception')",problem of perception,philosophy of mind,3,0,expert
"('philosophyofmind', 'problemofperception')",problem of perception,philosophy of mind,4,1,expert
"('consciousnessandpsychology', 'philosophyofmind')",consciousness and psychology,philosophy of mind,4,2,phd
"('consciousnessandpsychology', 'philosophyofmind')",consciousness and psychology,philosophy of mind,4,-1,expert
"('consciousnessandpsychology', 'philosophyofmind')",consciousness and psychology,philosophy of mind,4,0,expert
"('consciousnessandpsychology', 'philosophyofmind')",consciousness and psychology,philosophy of mind,4,0,expert
"('body', 'perception')",body,perception,2,1,phd
"('body', 'perception')",body,perception,3,2,expert
"('metaphysics', 'singularpropositions')",singular propositions,metaphysics,4,0,phd
"('metaphysics', 'singularpropositions')",singular propositions,metaphysics,2,0,expert
"('philosophyofmind', 'philosophyofphysics')",philosophy of physics,philosophy of mind,0,0,phd
"('philosophyofmind', 'philosophyofphysics')",philosophy of physics,philosophy of mind,1,2,phd
"('philosophyofmind', 'philosophyofphysics')",philosophy of physics,philosophy of mind,3,-1,expert
"('philosophyofmind', 'philosophyofphysics')",philosophy of physics,philosophy of mind,1,-1,expert
"('philosophyofmind', 'philosophyofphysics')",philosophy of physics,philosophy of mind,2,3,expert
"('aposterioriknowledge', 'perception')",a posteriori knowledge,perception,2,0,phd
"('aposterioriknowledge', 'perception')",a posteriori knowledge,perception,4,2,expert
"('emotionsinthechristiantradition', 'philosophyofreligion')",emotions in the christian tradition,philosophy of religion,4,0,phd
"('emotionsinthechristiantradition', 'philosophyofreligion')",emotions in the christian tradition,philosophy of religion,3,0,phd
"('emotionsinthechristiantradition', 'philosophyofreligion')",emotions in the christian tradition,philosophy of religion,4,0,phd
"('emotionsinthechristiantradition', 'philosophyofreligion')",emotions in the christian tradition,philosophy of religion,4,0,expert
"('consciousnessandintentionality', 'intentionality')",consciousness and intentionality,intentionality,4,0,phd
"('consciousnessandintentionality', 'intentionality')",consciousness and intentionality,intentionality,4,0,expert
"('perception', 'phenomenologicalapproachestoselfconsciousness')",phenomenological approaches to self-consciousness,perception,3,0,phd
"('perception', 'phenomenologicalapproachestoselfconsciousness')",phenomenological approaches to self-consciousness,perception,2,2,expert
"('antirealism', 'epistemology')",anti-realism,epistemology,1,3,phd
"('antirealism', 'epistemology')",anti-realism,epistemology,4,0,expert
"('experienceandperceptionoftime', 'perception')",experience and perception of time,perception,3,0,phd
"('experienceandperceptionoftime', 'perception')",experience and perception of time,perception,2,0,expert
"('scientificmethodology', 'thescientificmethod')",the scientific method,scientific methodology,4,-1,novice
"('scientificmethodology', 'thescientificmethod')",the scientific method,scientific methodology,4,2,phd
"('mentalcontent', 'nonconceptualmentalcontent')",nonconceptual mental content,mental content,4,0,phd
"('mentalcontent', 'nonconceptualmentalcontent')",nonconceptual mental content,mental content,4,0,expert
"('epistemology', 'philosophyofphysics')",philosophy of physics,epistemology,3,-1,phd
"('epistemology', 'philosophyofphysics')",philosophy of physics,epistemology,2,2,phd
"('epistemology', 'philosophyofphysics')",philosophy of physics,epistemology,1,1,expert
"('metaphysics', 'peripatetic')",peripatetic,metaphysics,2,0,phd
"('metaphysics', 'peripatetic')",peripatetic,metaphysics,2,0,expert
"('expressionism', 'perception')",expressionism,perception,0,-1,phd
"('expressionism', 'perception')",expressionism,perception,0,-1,expert
"('philosophiesoftheparticularsciences', 'philosophyofmind')",philosophies of the particular sciences,philosophy of mind,2,2,phd
"('philosophiesoftheparticularsciences', 'philosophyofmind')",philosophies of the particular sciences,philosophy of mind,3,-1,expert
"('philosophiesoftheparticularsciences', 'philosophyofmind')",philosophies of the particular sciences,philosophy of mind,0,-1,expert
"('philosophiesoftheparticularsciences', 'philosophyofmind')",philosophies of the particular sciences,philosophy of mind,3,0,expert
"('africanamericanphilosophy', 'africanandafricanamericanphilosophy')",african american philosophy,african and african-american philosophy,4,0,course_taker
"('africanamericanphilosophy', 'africanandafricanamericanphilosophy')",african american philosophy,african and african-american philosophy,4,0,phd
"('philosophyofmind', 'scottishphilosophyinthe19thcentury')",scottish philosophy in the 19th century,philosophy of mind,2,0,phd
"('philosophyofmind', 'scottishphilosophyinthe19thcentury')",scottish philosophy in the 19th century,philosophy of mind,2,3,phd
"('philosophyofmind', 'scottishphilosophyinthe19thcentury')",scottish philosophy in the 19th century,philosophy of mind,2,-1,expert
"('philosophyofmind', 'scottishphilosophyinthe19thcentury')",scottish philosophy in the 19th century,philosophy of mind,0,-1,expert
"('aristotleandmathematics', 'metaphysics')",aristotle and mathematics,metaphysics,3,0,phd
"('aristotleandmathematics', 'metaphysics')",aristotle and mathematics,metaphysics,3,0,phd
"('aristotleandmathematics', 'metaphysics')",aristotle and mathematics,metaphysics,3,2,expert
"('epistemology', 'logicandlanguage')",logic and language,epistemology,3,2,phd
"('epistemology', 'logicandlanguage')",logic and language,epistemology,2,1,expert
"('idealism', 'modernism')",modernism,idealism,3,2,course_taker
"('idealism', 'modernism')",modernism,idealism,-1,-1,expert
"('epistemology', 'philosophyofchemistry')",philosophy of chemistry,epistemology,1,2,phd
"('epistemology', 'philosophyofchemistry')",philosophy of chemistry,epistemology,1,1,expert
"('africanandafricanamericanphilosophy', 'humanrights')",human rights,african and african-american philosophy,4,0,course_taker
"('africanandafricanamericanphilosophy', 'humanrights')",human rights,african and african-american philosophy,3,0,phd
"('logic', 'modallogic')",logic,modal logic,4,0,course_taker
"('logic', 'modallogic')",logic,modal logic,4,0,phd
"('logic', 'modallogic')",logic,modal logic,4,0,phd
"('logic', 'modallogic')",logic,modal logic,4,0,phd
"('epistemology', 'platoonutopia')",plato on utopia,epistemology,0,0,phd
"('epistemology', 'platoonutopia')",plato on utopia,epistemology,0,-1,expert
"('introspection', 'perception')",introspection,perception,3,2,phd
"('introspection', 'perception')",introspection,perception,4,2,expert
"('philosophyofreligion', 'transcendentalism')",transcendentalism,philosophy of religion,4,0,phd
"('philosophyofreligion', 'transcendentalism')",transcendentalism,philosophy of religion,4,0,phd
"('philosophyofreligion', 'transcendentalism')",transcendentalism,philosophy of religion,3,-1,phd
"('philosophyofreligion', 'transcendentalism')",transcendentalism,philosophy of religion,4,0,expert
"('connectionistmodel', 'perception')",connectionist model,perception,0,-1,phd
"('connectionistmodel', 'perception')",connectionist model,perception,2,0,expert
"('philosophyofcomputerscience', 'philosophyoflanguage')",philosophy of computer science,philosophy of language,3,2,course_taker
"('philosophyofcomputerscience', 'philosophyoflanguage')",philosophy of computer science,philosophy of language,-1,2,expert
"('atonement', 'philosophyofreligion')",atonement,philosophy of religion,4,0,phd
"('atonement', 'philosophyofreligion')",atonement,philosophy of religion,4,0,phd
"('atonement', 'philosophyofreligion')",atonement,philosophy of religion,2,0,expert
"('cosmologicalargument', 'philosophyofreligion')",cosmological argument,philosophy of religion,4,0,phd
"('cosmologicalargument', 'philosophyofreligion')",cosmological argument,philosophy of religion,4,0,phd
"('cosmologicalargument', 'philosophyofreligion')",cosmological argument,philosophy of religion,4,0,expert
"('epistemology', 'internalismandexternalism')",internalism and externalism,epistemology,4,0,phd
"('epistemology', 'internalismandexternalism')",internalism and externalism,epistemology,4,0,expert
"('historyoflogic', 'informallogic')",informal logic,history of logic,4,-1,novice
"('historyoflogic', 'informallogic')",informal logic,history of logic,2,0,phd
"('metaphysics', 'socialphilosophyandpoliticalphilosophy')",social philosophy and political philosophy,metaphysics,0,-1,phd
"('metaphysics', 'socialphilosophyandpoliticalphilosophy')",social philosophy and political philosophy,metaphysics,0,-1,expert
"('medievalpoliticalphilosophy', 'socialandpoliticalphilosophy')",medieval political philosophy,social and political philosophy,4,0,phd
"('medievalpoliticalphilosophy', 'socialandpoliticalphilosophy')",medieval political philosophy,social and political philosophy,4,0,expert
"('determinatesvsdeterminables', 'historyoflogic')",determinates vs. determinables,history of logic,-1,-1,novice
"('determinatesvsdeterminables', 'historyoflogic')",determinates vs. determinables,history of logic,2,0,phd
"('epistemology', 'optimism')",optimism,epistemology,0,-1,phd
"('epistemology', 'optimism')",optimism,epistemology,0,-1,expert
"('phenomenologyofreligion', 'philosophyofreligion')",phenomenology of religion,philosophy of religion,4,0,phd
"('phenomenologyofreligion', 'philosophyofreligion')",phenomenology of religion,philosophy of religion,4,0,phd
"('phenomenologyofreligion', 'philosophyofreligion')",phenomenology of religion,philosophy of religion,4,0,phd
"('phenomenologyofreligion', 'philosophyofreligion')",phenomenology of religion,philosophy of religion,4,0,expert
"('metaphysics', 'philosophyofspaceandtime')",philosophy of space and time,metaphysics,4,0,phd
"('metaphysics', 'philosophyofspaceandtime')",philosophy of space and time,metaphysics,3,0,phd
"('metaphysics', 'philosophyofspaceandtime')",philosophy of space and time,metaphysics,3,3,expert
"('epistemology', 'philosophyoflogic')",philosophy of logic,epistemology,1,2,phd
"('epistemology', 'philosophyoflogic')",philosophy of logic,epistemology,4,1,expert
"('existence', 'perception')",existence,perception,0,-1,phd
"('existence', 'perception')",existence,perception,2,2,expert
"('computationandrepresentation', 'perception')",computation and representation,perception,3,1,phd
"('computationandrepresentation', 'perception')",computation and representation,perception,2,2,expert
"('ancientphilosophyaristotle', 'philosophyofmind')",ancient philosophy (aristotle),philosophy of mind,2,2,phd
"('ancientphilosophyaristotle', 'philosophyofmind')",ancient philosophy (aristotle),philosophy of mind,1,-1,expert
"('ancientphilosophyaristotle', 'philosophyofmind')",ancient philosophy (aristotle),philosophy of mind,0,-1,expert
"('ancientphilosophyaristotle', 'philosophyofmind')",ancient philosophy (aristotle),philosophy of mind,1,1,expert
"('philosophyofmind', 'virtuesandvices')",virtues and vices,philosophy of mind,0,-1,phd
"('philosophyofmind', 'virtuesandvices')",virtues and vices,philosophy of mind,2,-1,expert
"('philosophyofmind', 'virtuesandvices')",virtues and vices,philosophy of mind,0,-1,expert
"('philosophyofmind', 'virtuesandvices')",virtues and vices,philosophy of mind,1,2,expert
"('epistemology', 'ideas')",ideas,epistemology,3,3,phd
"('epistemology', 'ideas')",ideas,epistemology,4,0,expert
"('identitytheoryoftruth', 'metaphysics')",identity theory of truth,metaphysics,4,0,phd
"('identitytheoryoftruth', 'metaphysics')",identity theory of truth,metaphysics,2,0,expert
"('abstractobject', 'metaphysics')",abstract object,metaphysics,4,0,phd
"('abstractobject', 'metaphysics')",abstract object,metaphysics,4,3,expert
"('internalism', 'philosophyofmind')",internalism,philosophy of mind,3,3,phd
"('internalism', 'philosophyofmind')",internalism,philosophy of mind,4,-1,expert
"('internalism', 'philosophyofmind')",internalism,philosophy of mind,4,0,expert
"('internalism', 'philosophyofmind')",internalism,philosophy of mind,4,1,expert
"('artificialintelligence', 'distributedrepresentation')",distributed representation,artificial intelligence,3,0,phd
"('artificialintelligence', 'distributedrepresentation')",distributed representation,artificial intelligence,3,-1,phd
"('artificialintelligence', 'distributedrepresentation')",distributed representation,artificial intelligence,4,0,expert
"('artificialintelligence', 'distributedrepresentation')",distributed representation,artificial intelligence,4,-1,expert
"('consciousness', 'philosophyofmind')",consciousness,philosophy of mind,4,0,phd
"('consciousness', 'philosophyofmind')",consciousness,philosophy of mind,4,0,phd
"('consciousness', 'philosophyofmind')",consciousness,philosophy of mind,4,0,phd
"('consciousness', 'philosophyofmind')",consciousness,philosophy of mind,4,-1,expert
"('consciousness', 'philosophyofmind')",consciousness,philosophy of mind,4,0,expert
"('consciousness', 'philosophyofmind')",consciousness,philosophy of mind,4,0,expert
"('consciousness', 'philosophyofmind')",consciousness,philosophy of mind,4,0,expert
"('epistemology', 'inductivelogicanddecisiontheory')",inductive logic and decision theory,epistemology,2,2,phd
"('epistemology', 'inductivelogicanddecisiontheory')",inductive logic and decision theory,epistemology,4,0,expert
"('epistemology', 'inductivelogicanddecisiontheory')",inductive logic and decision theory,epistemology,4,0,expert
"('folkpsychology', 'inputunit')",input unit,folk psychology,0,-1,phd
"('folkpsychology', 'inputunit')",input unit,folk psychology,1,3,expert
"('dualismandmetaphysicsofmind', 'philosophyofmind')",dualism and metaphysics of mind,philosophy of mind,4,0,phd
"('dualismandmetaphysicsofmind', 'philosophyofmind')",dualism and metaphysics of mind,philosophy of mind,4,0,phd
"('dualismandmetaphysicsofmind', 'philosophyofmind')",dualism and metaphysics of mind,philosophy of mind,4,0,expert
"('philosophyofphysics', 'philosophyofscienceandthesciences')",philosophy of physics,philosophy of science and the sciences,4,-1,phd
"('philosophyofphysics', 'philosophyofscienceandthesciences')",philosophy of physics,philosophy of science and the sciences,4,0,phd
"('philosophyofphysics', 'philosophyofscienceandthesciences')",philosophy of physics,philosophy of science and the sciences,4,0,phd
"('philosophyofphysics', 'philosophyofscienceandthesciences')",philosophy of physics,philosophy of science and the sciences,4,0,phd
"('philosophyofphysics', 'philosophyofscienceandthesciences')",philosophy of physics,philosophy of science and the sciences,3,0,expert
"('mentalimagery', 'perception')",mental imagery,perception,3,0,phd
"('mentalimagery', 'perception')",mental imagery,perception,3,2,expert
"('afterlife', 'heavenandhell')",heaven and hell,afterlife,4,0,phd
"('afterlife', 'heavenandhell')",heaven and hell,afterlife,4,0,expert
"('divinerevelation', 'philosophyofreligion')",divine revelation,philosophy of religion,4,0,phd
"('divinerevelation', 'philosophyofreligion')",divine revelation,philosophy of religion,4,0,phd
"('divinerevelation', 'philosophyofreligion')",divine revelation,philosophy of religion,4,0,expert
"('mind', 'philosophyofmind')",mind,philosophy of mind,4,2,phd
"('mind', 'philosophyofmind')",mind,philosophy of mind,4,-1,expert
"('mind', 'philosophyofmind')",mind,philosophy of mind,4,1,expert
"('mind', 'philosophyofmind')",mind,philosophy of mind,4,-1,expert
"('mind', 'philosophyofmind')",mind,philosophy of mind,4,-1,expert
"('mind', 'philosophyofmind')",mind,philosophy of mind,4,2,expert
"('folkpsychology', 'simulationtheory')",simulation theory,folk psychology,4,0,phd
"('folkpsychology', 'simulationtheory')",simulation theory,folk psychology,4,0,phd
"('folkpsychology', 'simulationtheory')",simulation theory,folk psychology,4,0,expert
"('existence', 'existentialism')",existentialism,existence,4,1,course_taker
"('existence', 'existentialism')",existentialism,existence,0,-1,phd
"('interpretationsofprobability', 'philosophyofscienceandthesciences')",interpretations of probability,philosophy of science and the sciences,2,-1,phd
"('interpretationsofprobability', 'philosophyofscienceandthesciences')",interpretations of probability,philosophy of science and the sciences,4,0,phd
"('interpretationsofprobability', 'philosophyofscienceandthesciences')",interpretations of probability,philosophy of science and the sciences,1,3,phd
"('interpretationsofprobability', 'philosophyofscienceandthesciences')",interpretations of probability,philosophy of science and the sciences,3,0,phd
"('interpretationsofprobability', 'philosophyofscienceandthesciences')",interpretations of probability,philosophy of science and the sciences,2,0,expert
"('deontology', 'ethics')",ethics,deontology,4,1,novice
"('deontology', 'ethics')",ethics,deontology,4,0,phd
"('logic', 'logicandlanguage')",logic,logic and language,3,0,course_taker
"('logic', 'logicandlanguage')",logic,logic and language,4,0,phd
"('logic', 'logicandlanguage')",logic,logic and language,4,1,phd
"('logic', 'logicandlanguage')",logic,logic and language,3,2,phd
"('constructivemathematics', 'philosophyofscienceandthesciences')",constructive mathematics,philosophy of science and the sciences,2,-1,phd
"('constructivemathematics', 'philosophyofscienceandthesciences')",constructive mathematics,philosophy of science and the sciences,0,-1,expert
"('philosophyofmind', 'unityofconsciousness')",unity of consciousness,philosophy of mind,4,0,phd
"('philosophyofmind', 'unityofconsciousness')",unity of consciousness,philosophy of mind,3,-1,expert
"('philosophyofmind', 'unityofconsciousness')",unity of consciousness,philosophy of mind,4,0,expert
"('philosophyofmind', 'unityofconsciousness')",unity of consciousness,philosophy of mind,4,0,expert
"('otherminds', 'philosophyofmind')",other minds,philosophy of mind,4,3,phd
"('otherminds', 'philosophyofmind')",other minds,philosophy of mind,4,0,phd
"('otherminds', 'philosophyofmind')",other minds,philosophy of mind,4,3,expert
"('otherminds', 'philosophyofmind')",other minds,philosophy of mind,4,-1,expert
"('otherminds', 'philosophyofmind')",other minds,philosophy of mind,3,0,expert
"('otherminds', 'philosophyofmind')",other minds,philosophy of mind,4,-1,expert
"('otherminds', 'philosophyofmind')",other minds,philosophy of mind,4,-1,expert
"('perception', 'psychologicaltheory')",psychological theory,perception,2,1,phd
"('perception', 'psychologicaltheory')",psychological theory,perception,4,1,expert
"('knowledgeargument', 'physicalism')",knowledge argument,physicalism,4,0,phd
"('knowledgeargument', 'physicalism')",knowledge argument,physicalism,4,0,expert
"('epistemology', 'moralepistemology')",moral epistemology,epistemology,4,-1,phd
"('epistemology', 'moralepistemology')",moral epistemology,epistemology,3,0,phd
"('epistemology', 'moralepistemology')",moral epistemology,epistemology,4,0,phd
"('epistemology', 'moralepistemology')",moral epistemology,epistemology,2,0,phd
"('epistemology', 'moralepistemology')",moral epistemology,epistemology,1,3,phd
"('epistemology', 'moralepistemology')",moral epistemology,epistemology,4,0,phd
"('epistemology', 'moralepistemology')",moral epistemology,epistemology,2,0,expert
"('epistemology', 'moralepistemology')",moral epistemology,epistemology,4,0,expert
"('epistemology', 'moralepistemology')",moral epistemology,epistemology,4,0,expert
"('epistemology', 'externalism')",externalism,epistemology,4,0,phd
"('epistemology', 'externalism')",externalism,epistemology,4,0,expert
"('epistemology', 'realismandantirealism')",realism and anti-realism,epistemology,2,-1,phd
"('epistemology', 'realismandantirealism')",realism and anti-realism,epistemology,1,3,phd
"('epistemology', 'realismandantirealism')",realism and anti-realism,epistemology,3,2,expert
"('object', 'perception')",object,perception,2,3,phd
"('object', 'perception')",object,perception,4,2,expert
"('artificialintelligence', 'logicandlanguage')",logic and language,artificial intelligence,1,-1,phd
"('artificialintelligence', 'logicandlanguage')",logic and language,artificial intelligence,4,1,phd
"('artificialintelligence', 'logicandlanguage')",logic and language,artificial intelligence,4,-1,expert
"('animalcognition', 'folkpsychology')",animal cognition,folk psychology,0,-1,phd
"('animalcognition', 'folkpsychology')",animal cognition,folk psychology,4,0,expert
"('metaphysics', 'sophists')",sophists,metaphysics,1,0,phd
"('metaphysics', 'sophists')",sophists,metaphysics,2,0,expert
"('fideism', 'philosophyofreligion')",fideism,philosophy of religion,4,0,phd
"('fideism', 'philosophyofreligion')",fideism,philosophy of religion,4,0,phd
"('fideism', 'philosophyofreligion')",fideism,philosophy of religion,4,0,phd
"('fideism', 'philosophyofreligion')",fideism,philosophy of religion,4,0,expert
"('logicandlanguage', 'philosophyoflanguage')",logic and language,philosophy of language,4,3,phd
"('logicandlanguage', 'philosophyoflanguage')",logic and language,philosophy of language,4,1,phd
"('logicandlanguage', 'philosophyoflanguage')",logic and language,philosophy of language,4,3,expert
"('logicandlanguage', 'philosophyoflanguage')",logic and language,philosophy of language,-1,0,expert
"('determinism', 'freewill')",determinism,free will,4,3,phd
"('determinism', 'freewill')",determinism,free will,4,-1,expert
"('kantsphilosophyofreligion', 'metaphysics')",kant's philosophy of religion,metaphysics,1,0,phd
"('kantsphilosophyofreligion', 'metaphysics')",kant's philosophy of religion,metaphysics,2,0,phd
"('kantsphilosophyofreligion', 'metaphysics')",kant's philosophy of religion,metaphysics,3,0,expert
"('causaltheoriesofmentalcontent', 'mentalcontent')",causal theories of mental content,mental content,4,0,phd
"('causaltheoriesofmentalcontent', 'mentalcontent')",causal theories of mental content,mental content,0,-1,expert
"('bioethics', 'culturalrelativism')",cultural relativism,bioethics,3,3,phd
"('bioethics', 'culturalrelativism')",cultural relativism,bioethics,1,1,expert
"('judaicphilosophy', 'judaism')",judaic philosophy,judaism,4,-1,course_taker
"('judaicphilosophy', 'judaism')",judaic philosophy,judaism,4,0,phd
"('epistemologicalproblemsofperception', 'philosophyofmind')",epistemological problems of perception,philosophy of mind,2,0,phd
"('epistemologicalproblemsofperception', 'philosophyofmind')",epistemological problems of perception,philosophy of mind,4,-1,expert
"('epistemologicalproblemsofperception', 'philosophyofmind')",epistemological problems of perception,philosophy of mind,3,0,expert
"('epistemologicalproblemsofperception', 'philosophyofmind')",epistemological problems of perception,philosophy of mind,4,0,expert
"('epistemologicalproblemsofperception', 'perception')",epistemological problems of perception,perception,4,0,phd
"('epistemologicalproblemsofperception', 'perception')",epistemological problems of perception,perception,4,0,expert
"('kantsphilosophicaldevelopment', 'metaphysics')",kant's philosophical development,metaphysics,1,0,phd
"('kantsphilosophicaldevelopment', 'metaphysics')",kant's philosophical development,metaphysics,0,-1,phd
"('kantsphilosophicaldevelopment', 'metaphysics')",kant's philosophical development,metaphysics,1,0,expert
"('abstractexpressionism', 'perception')",abstract expressionism,perception,0,-1,phd
"('abstractexpressionism', 'perception')",abstract expressionism,perception,0,-1,expert
"('mentalcontent', 'narrowmentalcontent')",narrow mental content,mental content,4,0,phd
"('mentalcontent', 'narrowmentalcontent')",narrow mental content,mental content,3,-1,expert
"('mentalcontent', 'narrowmentalcontent')",narrow mental content,mental content,4,0,expert
"('epistemology', 'perception')",perception,epistemology,4,3,phd
"('epistemology', 'perception')",perception,epistemology,4,1,expert
"('causaltheoriesofmentalcontent', 'theoriesofmentalcontent')",theories of mental content,causal theories of mental content,3,0,course_taker
"('causaltheoriesofmentalcontent', 'theoriesofmentalcontent')",theories of mental content,causal theories of mental content,4,0,phd
"('philosophyofmind', 'sensedata')",sense-data,philosophy of mind,3,0,phd
"('philosophyofmind', 'sensedata')",sense-data,philosophy of mind,4,0,phd
"('philosophyofmind', 'sensedata')",sense-data,philosophy of mind,4,-1,expert
"('philosophyofmind', 'sensedata')",sense-data,philosophy of mind,4,-1,expert
"('philosophyofmind', 'sensedata')",sense-data,philosophy of mind,4,3,expert
"('philosophyofmind', 'sensedata')",sense-data,philosophy of mind,4,2,expert
"('philosophyofmind', 'sensedata')",sense-data,philosophy of mind,3,1,expert
"('philosophyofmind', 'sensedata')",sense-data,philosophy of mind,4,1,expert
"('belief', 'epistemology')",belief,epistemology,4,-1,phd
"('belief', 'epistemology')",belief,epistemology,4,0,phd
"('belief', 'epistemology')",belief,epistemology,3,3,phd
"('belief', 'epistemology')",belief,epistemology,4,0,expert
"('feministphilosophyoflanguage', 'philosophyoflanguage')",feminist philosophy of language,philosophy of language,4,3,phd
"('feministphilosophyoflanguage', 'philosophyoflanguage')",feminist philosophy of language,philosophy of language,-1,0,expert
"('divinelaw', 'philosophyofreligion')",divine law,philosophy of religion,4,0,phd
"('divinelaw', 'philosophyofreligion')",divine law,philosophy of religion,4,0,phd
"('divinelaw', 'philosophyofreligion')",divine law,philosophy of religion,3,3,expert
"('existence', 'philosophyofmind')",existence,philosophy of mind,2,3,phd
"('existence', 'philosophyofmind')",existence,philosophy of mind,1,-1,expert
"('existence', 'philosophyofmind')",existence,philosophy of mind,0,-1,expert
"('existence', 'philosophyofmind')",existence,philosophy of mind,4,1,expert
"('existence', 'philosophyofmind')",existence,philosophy of mind,2,1,expert
"('epistemology', 'philosophyofscience')",philosophy of science,epistemology,2,-1,phd
"('epistemology', 'philosophyofscience')",philosophy of science,epistemology,2,2,phd
"('epistemology', 'philosophyofscience')",philosophy of science,epistemology,3,1,expert
"('epistemology', 'philosophyofscience')",philosophy of science,epistemology,3,2,expert
"('lawsofnature', 'metaphysics')",laws of nature,metaphysics,4,0,phd
"('lawsofnature', 'metaphysics')",laws of nature,metaphysics,3,3,expert
"('ideas', 'perception')",ideas,perception,3,3,phd
"('ideas', 'perception')",ideas,perception,4,2,expert
