key,ideaA,ideaB,relatedness,generality,persona,system_prompt,user_prompt,metadata
"('chinesephilosophy', 'taoism')",taoism,chinese philosophy,4,0,novice,v1,v1,"{""model"": ""llama-3.3-70b-versatile"", ""temperature"": 0, ""date"": ""2025-10-21T05:53:52.008651+00:00"", ""prompt_version"": ""v1"", ""persona"": ""novice""}"
"('chinesephilosophy', 'taoism')",taoism,chinese philosophy,4,0,course_taker,v1,v1,"{""model"": ""llama-3.3-70b-versatile"", ""temperature"": 0, ""date"": ""2025-10-21T05:53:52.193021+00:00"", ""prompt_version"": ""v1"", ""persona"": ""course_taker""}"
"('chinesephilosophy', 'taoism')",taoism,chinese philosophy,4,0,expert,v1,v1,"{""model"": ""llama-3.3-70b-versatile"", ""temperature"": 0, ""date"": ""2025-10-21T05:53:52.345932+00:00"", ""prompt_version"": ""v1"", ""persona"": ""expert""}"
"('chinesephilosophy', 'taoism')",taoism,chinese philosophy,4,0,phd,v1,v1,"{""model"": ""llama-3.3-70b-versatile"", ""temperature"": 0, ""date"": ""2025-10-21T05:53:52.543492+00:00"", ""prompt_version"": ""v1"", ""persona"": ""phd""}"
"('chinesephilosophy', 'taoism')",taoism,chinese philosophy,4,0,null,v1,v1,"{""model"": ""llama-3.3-70b-versatile"", ""temperature"": 0, ""date"": ""2025-10-21T05:53:52.721359+00:00"", ""prompt_version"": ""v1"", ""persona"": ""null""}"
"('meaning', 'philosophyoflanguage')",philosophy of language,meaning,4,1,novice,v1,v1,"{""model"": ""llama-3.3-70b-versatile"", ""temperature"": 0, ""date"": ""2025-10-21T05:53:52.894174+00:00"", ""prompt_version"": ""v1"", ""persona"": ""novice""}"
"('meaning', 'philosophyoflanguage')",philosophy of language,meaning,4,1,course_taker,v1,v1,"{""model"": ""llama-3.3-70b-versatile"", ""temperature"": 0, ""date"": ""2025-10-21T05:53:53.073335+00:00"", ""prompt_version"": ""v1"", ""persona"": ""course_taker""}"
"('meaning', 'philosophyoflanguage')",philosophy of language,meaning,4,1,expert,v1,v1,"{""model"": ""llama-3.3-70b-versatile"", ""temperature"": 0, ""date"": ""2025-10-21T05:53:53.261961+00:00"", ""prompt_version"": ""v1"", ""persona"": ""expert""}"
"('meaning', 'philosophyoflanguage')",philosophy of language,meaning,4,1,phd,v1,v1,"{""model"": ""llama-3.3-70b-versatile"", ""temperature"": 0, ""date"": ""2025-10-21T05:53:53.494277+00:00"", ""prompt_version"": ""v1"", ""persona"": ""phd""}"
"('meaning', 'philosophyoflanguage')",philosophy of language,meaning,4,1,null,v1,v1,"{""model"": ""llama-3.3-70b-versatile"", ""temperature"": 0, ""date"": ""2025-10-21T05:53:53.653250+00:00"", ""prompt_version"": ""v1"", ""persona"": ""null""}"
"('philosophyofscience', 'philosophyofscienceandthesciences')",philosophy of science and the sciences,philosophy of science,4,0,novice,v1,v1,"{""model"": ""llama-3.3-70b-versatile"", ""temperature"": 0, ""date"": ""2025-10-21T05:53:53.801793+00:00"", ""prompt_version"": ""v1"", ""persona"": ""novice""}"
"('philosophyofscience', 'philosophyofscienceandthesciences')",philosophy of science and the sciences,philosophy of science,4,0,expert,v1,v1,"{""model"": ""llama-3.3-70b-versatile"", ""temperature"": 0, ""date"": ""2025-10-21T05:53:54.006285+00:00"", ""prompt_version"": ""v1"", ""persona"": ""expert""}"
"('philosophyofscience', 'philosophyofscienceandthesciences')",philosophy of science and the sciences,philosophy of science,4,0,phd,v1,v1,"{""model"": ""llama-3.3-70b-versatile"", ""temperature"": 0, ""date"": ""2025-10-21T05:53:54.187968+00:00"", ""prompt_version"": ""v1"", ""persona"": ""phd""}"
"('philosophyofscience', 'philosophyofscienceandthesciences')",philosophy of science and the sciences,philosophy of science,4,0,null,v1,v1,"{""model"": ""llama-3.3-70b-versatile"", ""temperature"": 0, ""date"": ""2025-10-21T05:53:54.381337+00:00"", ""prompt_version"": ""v1"", ""persona"": ""null""}"
"('epistemology', 'epistemologyofscience')",epistemology,epistemology of science,4,1,course_taker,v1,v1,"{""model"": ""llama-3.3-70b-versatile"", ""temperature"": 0, ""date"": ""2025-10-21T05:53:54.601620+00:00"", ""prompt_version"": ""v1"", ""persona"": ""course_taker""}"
"('epistemology', 'epistemologyofscience')",epistemology,epistemology of science,4,1,expert,v1,v1,"{""model"": ""llama-3.3-70b-versatile"", ""temperature"": 0, ""date"": ""2025-10-21T05:53:54.780252+00:00"", ""prompt_version"": ""v1"", ""persona"": ""expert""}"
"('epistemology', 'epistemologyofscience')",epistemology,epistemology of science,4,1,phd,v1,v1,"{""model"": ""llama-3.3-70b-versatile"", ""temperature"": 0, ""date"": ""2025-10-21T05:53:54.925210+00:00"", ""prompt_version"": ""v1"", ""persona"": ""phd""}"
"('epistemology', 'epistemologyofscience')",epistemology,epistemology of science,4,1,null,v1,v1,"{""model"": ""llama-3.3-70b-versatile"", ""temperature"": 0, ""date"": ""2025-10-21T05:53:55.079569+00:00"", ""prompt_version"": ""v1"", ""persona"": ""null""}"
"('metaphysics', 'substance')",metaphysics,substance,4,1,course_taker,v1,v1,"{""model"": ""llama-3.3-70b-versatile"", ""temperature"": 0, ""date"": ""2025-10-21T05:53:55.271150+00:00"", ""prompt_version"": ""v1"", ""persona"": ""course_taker""}"
"('metaphysics', 'substance')",metaphysics,substance,3,1,expert,v1,v1,"{""model"": ""llama-3.3-70b-versatile"", ""temperature"": 0, ""date"": ""2025-10-21T05:53:55.420471+00:00"", ""prompt_version"": ""v1"", ""persona"": ""expert""}"
"('metaphysics', 'substance')",metaphysics,substance,4,1,phd,v1,v1,"{""model"": ""llama-3.3-70b-versatile"", ""temperature"": 0, ""date"": ""2025-10-21T05:53:55.574671+00:00"", ""prompt_version"": ""v1"", ""persona"": ""phd""}"
"('metaphysics', 'substance')",metaphysics,substance,4,1,null,v1,v1,"{""model"": ""llama-3.3-70b-versatile"", ""temperature"": 0, ""date"": ""2025-10-21T05:53:55.746948+00:00"", ""prompt_version"": ""v1"", ""persona"": ""null""}"
"('philosophyofbiology', 'philosophyofscienceandthesciences')",philosophy of science and the sciences,philosophy of biology,3,1,novice,v1,v1,"{""model"": ""llama-3.3-70b-versatile"", ""temperature"": 0, ""date"": ""2025-10-21T05:53:55.898332+00:00"", ""prompt_version"": ""v1"", ""persona"": ""novice""}"
"('philosophyofbiology', 'philosophyofscienceandthesciences')",philosophy of science and the sciences,philosophy of biology,4,1,expert,v1,v1,"{""model"": ""llama-3.3-70b-versatile"", ""temperature"": 0, ""date"": ""2025-10-21T05:53:56.079580+00:00"", ""prompt_version"": ""v1"", ""persona"": ""expert""}"
"('philosophyofbiology', 'philosophyofscienceandthesciences')",philosophy of science and the sciences,philosophy of biology,4,1,phd,v1,v1,"{""model"": ""llama-3.3-70b-versatile"", ""temperature"": 0, ""date"": ""2025-10-21T05:53:56.230699+00:00"", ""prompt_version"": ""v1"", ""persona"": ""phd""}"
"('philosophyofbiology', 'philosophyofscienceandthesciences')",philosophy of science and the sciences,philosophy of biology,3,1,null,v1,v1,"{""model"": ""llama-3.3-70b-versatile"", ""temperature"": 0, ""date"": ""2025-10-21T05:53:56.377015+00:00"", ""prompt_version"": ""v1"", ""persona"": ""null""}"
"('artificialintelligence', 'neuralnetwork')",artificial intelligence,neural network,4,1,course_taker,v1,v1,"{""model"": ""llama-3.3-70b-versatile"", ""temperature"": 0, ""date"": ""2025-10-21T05:53:56.558054+00:00"", ""prompt_version"": ""v1"", ""persona"": ""course_taker""}"
"('artificialintelligence', 'neuralnetwork')",artificial intelligence,neural network,4,1,expert,v1,v1,"{""model"": ""llama-3.3-70b-versatile"", ""temperature"": 0, ""date"": ""2025-10-21T05:53:56.714004+00:00"", ""prompt_version"": ""v1"", ""persona"": ""expert""}"
"('artificialintelligence', 'neuralnetwork')",artificial intelligence,neural network,4,1,phd,v1,v1,"{""model"": ""llama-3.3-70b-versatile"", ""temperature"": 0, ""date"": ""2025-10-21T05:53:56.853366+00:00"", ""prompt_version"": ""v1"", ""persona"": ""phd""}"
"('artificialintelligence', 'neuralnetwork')",artificial intelligence,neural network,4,1,null,v1,v1,"{""model"": ""llama-3.3-70b-versatile"", ""temperature"": 0, ""date"": ""2025-10-21T05:53:57.023856+00:00"", ""prompt_version"": ""v1"", ""persona"": ""null""}"
"('epistemology', 'moralepistemologyandmoralreasoning')",epistemology,moral epistemology and moral reasoning,4,1,novice,v1,v1,"{""model"": ""llama-3.3-70b-versatile"", ""temperature"": 0, ""date"": ""2025-10-21T05:53:57.182340+00:00"", ""prompt_version"": ""v1"", ""persona"": ""novice""}"
"('epistemology', 'moralepistemologyandmoralreasoning')",epistemology,moral epistemology and moral reasoning,4,1,expert,v1,v1,"{""model"": ""llama-3.3-70b-versatile"", ""temperature"": 0, ""date"": ""2025-10-21T05:53:57.364496+00:00"", ""prompt_version"": ""v1"", ""persona"": ""expert""}"
"('epistemology', 'moralepistemologyandmoralreasoning')",epistemology,moral epistemology and moral reasoning,4,1,phd,v1,v1,"{""model"": ""llama-3.3-70b-versatile"", ""temperature"": 0, ""date"": ""2025-10-21T05:53:57.524394+00:00"", ""prompt_version"": ""v1"", ""persona"": ""phd""}"
"('epistemology', 'moralepistemologyandmoralreasoning')",epistemology,moral epistemology and moral reasoning,4,1,null,v1,v1,"{""model"": ""llama-3.3-70b-versatile"", ""temperature"": 0, ""date"": ""2025-10-21T05:53:57.680267+00:00"", ""prompt_version"": ""v1"", ""persona"": ""null""}"
"('revisiontheoryoftruth', 'truth')",revision theory of truth,truth,4,0,course_taker,v1,v1,"{""model"": ""llama-3.3-70b-versatile"", ""temperature"": 0, ""date"": ""2025-10-21T05:53:57.858623+00:00"", ""prompt_version"": ""v1"", ""persona"": ""course_taker""}"
"('revisiontheoryoftruth', 'truth')",revision theory of truth,truth,4,0,expert,v1,v1,"{""model"": ""llama-3.3-70b-versatile"", ""temperature"": 0, ""date"": ""2025-10-21T05:53:58.048353+00:00"", ""prompt_version"": ""v1"", ""persona"": ""expert""}"
"('revisiontheoryoftruth', 'truth')",revision theory of truth,truth,4,0,phd,v1,v1,"{""model"": ""llama-3.3-70b-versatile"", ""temperature"": 0, ""date"": ""2025-10-21T05:53:58.225327+00:00"", ""prompt_version"": ""v1"", ""persona"": ""phd""}"
"('revisiontheoryoftruth', 'truth')",revision theory of truth,truth,4,0,null,v1,v1,"{""model"": ""llama-3.3-70b-versatile"", ""temperature"": 0, ""date"": ""2025-10-21T05:53:58.407307+00:00"", ""prompt_version"": ""v1"", ""persona"": ""null""}"
"('philosophyofreligion', 'religion')",philosophy of religion,religion,4,0,course_taker,v1,v1,"{""model"": ""llama-3.3-70b-versatile"", ""temperature"": 0, ""date"": ""2025-10-21T05:53:58.554753+00:00"", ""prompt_version"": ""v1"", ""persona"": ""course_taker""}"
"('philosophyofreligion', 'religion')",philosophy of religion,religion,4,0,expert,v1,v1,"{""model"": ""llama-3.3-70b-versatile"", ""temperature"": 0, ""date"": ""2025-10-21T05:53:58.719801+00:00"", ""prompt_version"": ""v1"", ""persona"": ""expert""}"
"('philosophyofreligion', 'religion')",philosophy of religion,religion,4,0,phd,v1,v1,"{""model"": ""llama-3.3-70b-versatile"", ""temperature"": 0, ""date"": ""2025-10-21T05:53:58.869001+00:00"", ""prompt_version"": ""v1"", ""persona"": ""phd""}"
"('philosophyofreligion', 'religion')",philosophy of religion,religion,4,0,null,v1,v1,"{""model"": ""llama-3.3-70b-versatile"", ""temperature"": 0, ""date"": ""2025-10-21T05:53:59.077159+00:00"", ""prompt_version"": ""v1"", ""persona"": ""null""}"
"('artificialintelligence', 'thinkingmachine')",thinking machine,artificial intelligence,4,0,course_taker,v1,v1,"{""model"": ""llama-3.3-70b-versatile"", ""temperature"": 0, ""date"": ""2025-10-21T05:53:59.271109+00:00"", ""prompt_version"": ""v1"", ""persona"": ""course_taker""}"
"('artificialintelligence', 'thinkingmachine')",thinking machine,artificial intelligence,4,0,expert,v1,v1,"{""model"": ""llama-3.3-70b-versatile"", ""temperature"": 0, ""date"": ""2025-10-21T05:53:59.460870+00:00"", ""prompt_version"": ""v1"", ""persona"": ""expert""}"
"('artificialintelligence', 'thinkingmachine')",thinking machine,artificial intelligence,4,0,phd,v1,v1,"{""model"": ""llama-3.3-70b-versatile"", ""temperature"": 0, ""date"": ""2025-10-21T05:53:59.609273+00:00"", ""prompt_version"": ""v1"", ""persona"": ""phd""}"
"('artificialintelligence', 'thinkingmachine')",thinking machine,artificial intelligence,4,0,null,v1,v1,"{""model"": ""llama-3.3-70b-versatile"", ""temperature"": 0, ""date"": ""2025-10-21T05:53:59.758969+00:00"", ""prompt_version"": ""v1"", ""persona"": ""null""}"
"('belief', 'philosophyofreligion')",philosophy of religion,belief,4,0,course_taker,v1,v1,"{""model"": ""llama-3.3-70b-versatile"", ""temperature"": 0, ""date"": ""2025-10-21T05:53:59.949461+00:00"", ""prompt_version"": ""v1"", ""persona"": ""course_taker""}"
"('belief', 'philosophyofreligion')",philosophy of religion,belief,4,0,expert,v1,v1,"{""model"": ""llama-3.3-70b-versatile"", ""temperature"": 0, ""date"": ""2025-10-21T05:54:00.144497+00:00"", ""prompt_version"": ""v1"", ""persona"": ""expert""}"
"('belief', 'philosophyofreligion')",philosophy of religion,belief,4,0,phd,v1,v1,"{""model"": ""llama-3.3-70b-versatile"", ""temperature"": 0, ""date"": ""2025-10-21T05:54:00.324752+00:00"", ""prompt_version"": ""v1"", ""persona"": ""phd""}"
"('belief', 'philosophyofreligion')",philosophy of religion,belief,4,0,null,v1,v1,"{""model"": ""llama-3.3-70b-versatile"", ""temperature"": 0, ""date"": ""2025-10-21T05:54:00.517743+00:00"", ""prompt_version"": ""v1"", ""persona"": ""null""}"
"('chinesephilosophy', 'daoism')",chinese philosophy,daoism,4,1,course_taker,v1,v1,"{""model"": ""llama-3.3-70b-versatile"", ""temperature"": 0, ""date"": ""2025-10-21T05:54:00.693861+00:00"", ""prompt_version"": ""v1"", ""persona"": ""course_taker""}"
"('chinesephilosophy', 'daoism')",chinese philosophy,daoism,4,1,expert,v1,v1,"{""model"": ""llama-3.3-70b-versatile"", ""temperature"": 0, ""date"": ""2025-10-21T05:54:00.869756+00:00"", ""prompt_version"": ""v1"", ""persona"": ""expert""}"
"('chinesephilosophy', 'daoism')",chinese philosophy,daoism,4,1,phd,v1,v1,"{""model"": ""llama-3.3-70b-versatile"", ""temperature"": 0, ""date"": ""2025-10-21T05:54:01.052593+00:00"", ""prompt_version"": ""v1"", ""persona"": ""phd""}"
"('chinesephilosophy', 'daoism')",chinese philosophy,daoism,4,1,null,v1,v1,"{""model"": ""llama-3.3-70b-versatile"", ""temperature"": 0, ""date"": ""2025-10-21T05:54:01.234289+00:00"", ""prompt_version"": ""v1"", ""persona"": ""null""}"
"('artificialintelligence', 'philosophyofcomputerscience')",artificial intelligence,philosophy of computer science,4,0,course_taker,v1,v1,"{""model"": ""llama-3.3-70b-versatile"", ""temperature"": 0, ""date"": ""2025-10-21T05:54:01.413428+00:00"", ""prompt_version"": ""v1"", ""persona"": ""course_taker""}"
"('artificialintelligence', 'philosophyofcomputerscience')",artificial intelligence,philosophy of computer science,4,0,expert,v1,v1,"{""model"": ""llama-3.3-70b-versatile"", ""temperature"": 0, ""date"": ""2025-10-21T05:54:01.597781+00:00"", ""prompt_version"": ""v1"", ""persona"": ""expert""}"
"('artificialintelligence', 'philosophyofcomputerscience')",artificial intelligence,philosophy of computer science,4,0,phd,v1,v1,"{""model"": ""llama-3.3-70b-versatile"", ""temperature"": 0, ""date"": ""2025-10-21T05:54:01.755436+00:00"", ""prompt_version"": ""v1"", ""persona"": ""phd""}"
"('artificialintelligence', 'philosophyofcomputerscience')",artificial intelligence,philosophy of computer science,2,0,null,v1,v1,"{""model"": ""llama-3.3-70b-versatile"", ""temperature"": 0, ""date"": ""2025-10-21T05:54:01.951736+00:00"", ""prompt_version"": ""v1"", ""persona"": ""null""}"
"('cognitivescience', 'philosophyofscience')",cognitive science,philosophy of science,3,0,course_taker,v1,v1,"{""model"": ""llama-3.3-70b-versatile"", ""temperature"": 0, ""date"": ""2025-10-21T05:54:02.168630+00:00"", ""prompt_version"": ""v1"", ""persona"": ""course_taker""}"
"('cognitivescience', 'philosophyofscience')",cognitive science,philosophy of science,3,0,expert,v1,v1,"{""model"": ""llama-3.3-70b-versatile"", ""temperature"": 0, ""date"": ""2025-10-21T05:54:02.360073+00:00"", ""prompt_version"": ""v1"", ""persona"": ""expert""}"
"('cognitivescience', 'philosophyofscience')",cognitive science,philosophy of science,3,0,phd,v1,v1,"{""model"": ""llama-3.3-70b-versatile"", ""temperature"": 0, ""date"": ""2025-10-21T05:54:02.540671+00:00"", ""prompt_version"": ""v1"", ""persona"": ""phd""}"
"('cognitivescience', 'philosophyofscience')",cognitive science,philosophy of science,2,0,null,v1,v1,"{""model"": ""llama-3.3-70b-versatile"", ""temperature"": 0, ""date"": ""2025-10-21T05:54:02.752225+00:00"", ""prompt_version"": ""v1"", ""persona"": ""null""}"
"('philosophyofreligion', 'religiousdiversity')",philosophy of religion,religious diversity,3,1,course_taker,v1,v1,"{""model"": ""llama-3.3-70b-versatile"", ""temperature"": 0, ""date"": ""2025-10-21T05:54:02.924308+00:00"", ""prompt_version"": ""v1"", ""persona"": ""course_taker""}"
"('philosophyofreligion', 'religiousdiversity')",philosophy of religion,religious diversity,4,1,expert,v1,v1,"{""model"": ""llama-3.3-70b-versatile"", ""temperature"": 0, ""date"": ""2025-10-21T05:54:03.061162+00:00"", ""prompt_version"": ""v1"", ""persona"": ""expert""}"
"('philosophyofreligion', 'religiousdiversity')",philosophy of religion,religious diversity,3,1,phd,v1,v1,"{""model"": ""llama-3.3-70b-versatile"", ""temperature"": 0, ""date"": ""2025-10-21T05:54:03.238249+00:00"", ""prompt_version"": ""v1"", ""persona"": ""phd""}"
"('philosophyofreligion', 'religiousdiversity')",philosophy of religion,religious diversity,3,1,null,v1,v1,"{""model"": ""llama-3.3-70b-versatile"", ""temperature"": 0, ""date"": ""2025-10-21T05:54:03.407120+00:00"", ""prompt_version"": ""v1"", ""persona"": ""null""}"
"('cognitivescience', 'mind')",cognitive science,mind,4,0,course_taker,v1,v1,"{""model"": ""llama-3.3-70b-versatile"", ""temperature"": 0, ""date"": ""2025-10-21T05:54:03.604789+00:00"", ""prompt_version"": ""v1"", ""persona"": ""course_taker""}"
"('cognitivescience', 'mind')",cognitive science,mind,4,0,expert,v1,v1,"{""model"": ""llama-3.3-70b-versatile"", ""temperature"": 0, ""date"": ""2025-10-21T05:54:03.805073+00:00"", ""prompt_version"": ""v1"", ""persona"": ""expert""}"
"('cognitivescience', 'mind')",cognitive science,mind,4,0,phd,v1,v1,"{""model"": ""llama-3.3-70b-versatile"", ""temperature"": 0, ""date"": ""2025-10-21T05:54:04.003850+00:00"", ""prompt_version"": ""v1"", ""persona"": ""phd""}"
"('cognitivescience', 'mind')",cognitive science,mind,4,0,null,v1,v1,"{""model"": ""llama-3.3-70b-versatile"", ""temperature"": 0, ""date"": ""2025-10-21T05:54:04.189990+00:00"", ""prompt_version"": ""v1"", ""persona"": ""null""}"
"('japaneseconfucianphilosophy', 'japanesephilosophy')",japanese confucian philosophy,japanese philosophy,4,0,novice,v1,v1,"{""model"": ""llama-3.3-70b-versatile"", ""temperature"": 0, ""date"": ""2025-10-21T05:54:04.338923+00:00"", ""prompt_version"": ""v1"", ""persona"": ""novice""}"
"('japaneseconfucianphilosophy', 'japanesephilosophy')",japanese confucian philosophy,japanese philosophy,4,0,expert,v1,v1,"{""model"": ""llama-3.3-70b-versatile"", ""temperature"": 0, ""date"": ""2025-10-21T05:54:04.483994+00:00"", ""prompt_version"": ""v1"", ""persona"": ""expert""}"
"('japaneseconfucianphilosophy', 'japanesephilosophy')",japanese confucian philosophy,japanese philosophy,4,0,phd,v1,v1,"{""model"": ""llama-3.3-70b-versatile"", ""temperature"": 0, ""date"": ""2025-10-21T05:54:04.668289+00:00"", ""prompt_version"": ""v1"", ""persona"": ""phd""}"
"('japaneseconfucianphilosophy', 'japanesephilosophy')",japanese confucian philosophy,japanese philosophy,4,0,null,v1,v1,"{""model"": ""llama-3.3-70b-versatile"", ""temperature"": 0, ""date"": ""2025-10-21T05:54:04.848974+00:00"", ""prompt_version"": ""v1"", ""persona"": ""null""}"
"('artificialintelligence', 'logicandartificialintelligence')",artificial intelligence,logic and artificial intelligence,4,0,course_taker,v1,v1,"{""model"": ""llama-3.3-70b-versatile"", ""temperature"": 0, ""date"": ""2025-10-21T05:54:05.031054+00:00"", ""prompt_version"": ""v1"", ""persona"": ""course_taker""}"
"('artificialintelligence', 'logicandartificialintelligence')",artificial intelligence,logic and artificial intelligence,4,0,expert,v1,v1,"{""model"": ""llama-3.3-70b-versatile"", ""temperature"": 0, ""date"": ""2025-10-21T05:54:05.176040+00:00"", ""prompt_version"": ""v1"", ""persona"": ""expert""}"
"('artificialintelligence', 'logicandartificialintelligence')",artificial intelligence,logic and artificial intelligence,4,0,phd,v1,v1,"{""model"": ""llama-3.3-70b-versatile"", ""temperature"": 0, ""date"": ""2025-10-21T05:54:05.363321+00:00"", ""prompt_version"": ""v1"", ""persona"": ""phd""}"
"('artificialintelligence', 'logicandartificialintelligence')",artificial intelligence,logic and artificial intelligence,4,0,null,v1,v1,"{""model"": ""llama-3.3-70b-versatile"", ""temperature"": 0, ""date"": ""2025-10-21T05:54:05.566101+00:00"", ""prompt_version"": ""v1"", ""persona"": ""null""}"
"('cognitivescience', 'philosophyofmind')",cognitive science,philosophy of mind,4,0,course_taker,v1,v1,"{""model"": ""llama-3.3-70b-versatile"", ""temperature"": 0, ""date"": ""2025-10-21T05:54:05.768780+00:00"", ""prompt_version"": ""v1"", ""persona"": ""course_taker""}"
"('cognitivescience', 'philosophyofmind')",cognitive science,philosophy of mind,4,0,expert,v1,v1,"{""model"": ""llama-3.3-70b-versatile"", ""temperature"": 0, ""date"": ""2025-10-21T05:54:05.955424+00:00"", ""prompt_version"": ""v1"", ""persona"": ""expert""}"
"('cognitivescience', 'philosophyofmind')",cognitive science,philosophy of mind,4,1,phd,v1,v1,"{""model"": ""llama-3.3-70b-versatile"", ""temperature"": 0, ""date"": ""2025-10-21T05:54:06.135811+00:00"", ""prompt_version"": ""v1"", ""persona"": ""phd""}"
"('cognitivescience', 'philosophyofmind')",cognitive science,philosophy of mind,4,1,null,v1,v1,"{""model"": ""llama-3.3-70b-versatile"", ""temperature"": 0, ""date"": ""2025-10-21T05:54:06.304943+00:00"", ""prompt_version"": ""v1"", ""persona"": ""null""}"
"('philosophyofmathematics', 'philosophyofscienceandthesciences')",philosophy of science and the sciences,philosophy of mathematics,2,1,course_taker,v1,v1,"{""model"": ""llama-3.3-70b-versatile"", ""temperature"": 0, ""date"": ""2025-10-21T05:54:06.461980+00:00"", ""prompt_version"": ""v1"", ""persona"": ""course_taker""}"
"('philosophyofmathematics', 'philosophyofscienceandthesciences')",philosophy of science and the sciences,philosophy of mathematics,3,1,expert,v1,v1,"{""model"": ""llama-3.3-70b-versatile"", ""temperature"": 0, ""date"": ""2025-10-21T05:54:06.611339+00:00"", ""prompt_version"": ""v1"", ""persona"": ""expert""}"
"('philosophyofmathematics', 'philosophyofscienceandthesciences')",philosophy of science and the sciences,philosophy of mathematics,3,1,phd,v1,v1,"{""model"": ""llama-3.3-70b-versatile"", ""temperature"": 0, ""date"": ""2025-10-21T05:54:06.757332+00:00"", ""prompt_version"": ""v1"", ""persona"": ""phd""}"
"('philosophyofmathematics', 'philosophyofscienceandthesciences')",philosophy of science and the sciences,philosophy of mathematics,3,1,null,v1,v1,"{""model"": ""llama-3.3-70b-versatile"", ""temperature"": 0, ""date"": ""2025-10-21T05:54:06.911718+00:00"", ""prompt_version"": ""v1"", ""persona"": ""null""}"
"('cognitivescience', 'connectionism')",connectionism,cognitive science,3,0,course_taker,v1,v1,"{""model"": ""llama-3.3-70b-versatile"", ""temperature"": 0, ""date"": ""2025-10-21T05:54:07.097376+00:00"", ""prompt_version"": ""v1"", ""persona"": ""course_taker""}"
"('cognitivescience', 'connectionism')",connectionism,cognitive science,4,0,expert,v1,v1,"{""model"": ""llama-3.3-70b-versatile"", ""temperature"": 0, ""date"": ""2025-10-21T05:54:07.245314+00:00"", ""prompt_version"": ""v1"", ""persona"": ""expert""}"
"('cognitivescience', 'connectionism')",connectionism,cognitive science,4,0,phd,v1,v1,"{""model"": ""llama-3.3-70b-versatile"", ""temperature"": 0, ""date"": ""2025-10-21T05:54:07.439112+00:00"", ""prompt_version"": ""v1"", ""persona"": ""phd""}"
"('cognitivescience', 'connectionism')",connectionism,cognitive science,3,0,null,v1,v1,"{""model"": ""llama-3.3-70b-versatile"", ""temperature"": 0, ""date"": ""2025-10-21T05:54:07.624976+00:00"", ""prompt_version"": ""v1"", ""persona"": ""null""}"
"('feministphilosophyofreligion', 'philosophyofreligion')",philosophy of religion,feminist philosophy of religion,4,1,course_taker,v1,v1,"{""model"": ""llama-3.3-70b-versatile"", ""temperature"": 0, ""date"": ""2025-10-21T05:54:07.812383+00:00"", ""prompt_version"": ""v1"", ""persona"": ""course_taker""}"
"('feministphilosophyofreligion', 'philosophyofreligion')",philosophy of religion,feminist philosophy of religion,4,1,expert,v1,v1,"{""model"": ""llama-3.3-70b-versatile"", ""temperature"": 0, ""date"": ""2025-10-21T05:54:08.004172+00:00"", ""prompt_version"": ""v1"", ""persona"": ""expert""}"
"('feministphilosophyofreligion', 'philosophyofreligion')",philosophy of religion,feminist philosophy of religion,4,1,phd,v1,v1,"{""model"": ""llama-3.3-70b-versatile"", ""temperature"": 0, ""date"": ""2025-10-21T05:54:08.159871+00:00"", ""prompt_version"": ""v1"", ""persona"": ""phd""}"
"('feministphilosophyofreligion', 'philosophyofreligion')",philosophy of religion,feminist philosophy of religion,4,1,null,v1,v1,"{""model"": ""llama-3.3-70b-versatile"", ""temperature"": 0, ""date"": ""2025-10-21T05:54:08.303744+00:00"", ""prompt_version"": ""v1"", ""persona"": ""null""}"
"('philosophyofreligion', 'religionandscience')",philosophy of religion,religion and science,3,0,course_taker,v1,v1,"{""model"": ""llama-3.3-70b-versatile"", ""temperature"": 0, ""date"": ""2025-10-21T05:54:08.451082+00:00"", ""prompt_version"": ""v1"", ""persona"": ""course_taker""}"
"('philosophyofreligion', 'religionandscience')",philosophy of religion,religion and science,3,0,expert,v1,v1,"{""model"": ""llama-3.3-70b-versatile"", ""temperature"": 0, ""date"": ""2025-10-21T05:54:08.660377+00:00"", ""prompt_version"": ""v1"", ""persona"": ""expert""}"
"('philosophyofreligion', 'religionandscience')",philosophy of religion,religion and science,3,1,phd,v1,v1,"{""model"": ""llama-3.3-70b-versatile"", ""temperature"": 0, ""date"": ""2025-10-21T05:54:08.838838+00:00"", ""prompt_version"": ""v1"", ""persona"": ""phd""}"
"('philosophyofreligion', 'religionandscience')",philosophy of religion,religion and science,3,0,null,v1,v1,"{""model"": ""llama-3.3-70b-versatile"", ""temperature"": 0, ""date"": ""2025-10-21T05:54:09.025678+00:00"", ""prompt_version"": ""v1"", ""persona"": ""null""}"
"('chinesebuddhism', 'chinesephilosophy')",chinese buddhism,chinese philosophy,4,0,novice,v1,v1,"{""model"": ""llama-3.3-70b-versatile"", ""temperature"": 0, ""date"": ""2025-10-21T05:54:09.207667+00:00"", ""prompt_version"": ""v1"", ""persona"": ""novice""}"
"('chinesebuddhism', 'chinesephilosophy')",chinese buddhism,chinese philosophy,4,0,expert,v1,v1,"{""model"": ""llama-3.3-70b-versatile"", ""temperature"": 0, ""date"": ""2025-10-21T05:54:09.388052+00:00"", ""prompt_version"": ""v1"", ""persona"": ""expert""}"
"('chinesebuddhism', 'chinesephilosophy')",chinese buddhism,chinese philosophy,4,0,phd,v1,v1,"{""model"": ""llama-3.3-70b-versatile"", ""temperature"": 0, ""date"": ""2025-10-21T05:54:09.563854+00:00"", ""prompt_version"": ""v1"", ""persona"": ""phd""}"
"('chinesebuddhism', 'chinesephilosophy')",chinese buddhism,chinese philosophy,3,0,null,v1,v1,"{""model"": ""llama-3.3-70b-versatile"", ""temperature"": 0, ""date"": ""2025-10-21T05:54:09.710547+00:00"", ""prompt_version"": ""v1"", ""persona"": ""null""}"
"('cognitivescience', 'philosophyofpsychology')",cognitive science,philosophy of psychology,4,1,course_taker,v1,v1,"{""model"": ""llama-3.3-70b-versatile"", ""temperature"": 0, ""date"": ""2025-10-21T05:54:09.867211+00:00"", ""prompt_version"": ""v1"", ""persona"": ""course_taker""}"
"('cognitivescience', 'philosophyofpsychology')",cognitive science,philosophy of psychology,4,1,expert,v1,v1,"{""model"": ""llama-3.3-70b-versatile"", ""temperature"": 0, ""date"": ""2025-10-21T05:54:10.045516+00:00"", ""prompt_version"": ""v1"", ""persona"": ""expert""}"
"('cognitivescience', 'philosophyofpsychology')",cognitive science,philosophy of psychology,4,1,phd,v1,v1,"{""model"": ""llama-3.3-70b-versatile"", ""temperature"": 0, ""date"": ""2025-10-21T05:54:10.209792+00:00"", ""prompt_version"": ""v1"", ""persona"": ""phd""}"
"('cognitivescience', 'philosophyofpsychology')",cognitive science,philosophy of psychology,3,1,null,v1,v1,"{""model"": ""llama-3.3-70b-versatile"", ""temperature"": 0, ""date"": ""2025-10-21T05:54:10.346479+00:00"", ""prompt_version"": ""v1"", ""persona"": ""null""}"
"('cognitivescience', 'representation')",cognitive science,representation,4,1,course_taker,v1,v1,"{""model"": ""llama-3.3-70b-versatile"", ""temperature"": 0, ""date"": ""2025-10-21T05:54:10.532126+00:00"", ""prompt_version"": ""v1"", ""persona"": ""course_taker""}"
"('cognitivescience', 'representation')",cognitive science,representation,4,1,expert,v1,v1,"{""model"": ""llama-3.3-70b-versatile"", ""temperature"": 0, ""date"": ""2025-10-21T05:54:10.692062+00:00"", ""prompt_version"": ""v1"", ""persona"": ""expert""}"
"('cognitivescience', 'representation')",cognitive science,representation,4,1,phd,v1,v1,"{""model"": ""llama-3.3-70b-versatile"", ""temperature"": 0, ""date"": ""2025-10-21T05:54:10.846293+00:00"", ""prompt_version"": ""v1"", ""persona"": ""phd""}"
"('cognitivescience', 'representation')",cognitive science,representation,4,1,null,v1,v1,"{""model"": ""llama-3.3-70b-versatile"", ""temperature"": 0, ""date"": ""2025-10-21T05:54:11.009542+00:00"", ""prompt_version"": ""v1"", ""persona"": ""null""}"
"('philosophyofscienceandthesciences', 'probabilityandstatistics')",philosophy of science and the sciences,probability and statistics,3,1,novice,v1,v1,"{""model"": ""llama-3.3-70b-versatile"", ""temperature"": 0, ""date"": ""2025-10-21T05:54:11.423408+00:00"", ""prompt_version"": ""v1"", ""persona"": ""novice""}"
"('philosophyofscienceandthesciences', 'probabilityandstatistics')",philosophy of science and the sciences,probability and statistics,3,1,expert,v1,v1,"{""model"": ""llama-3.3-70b-versatile"", ""temperature"": 0, ""date"": ""2025-10-21T05:54:11.607774+00:00"", ""prompt_version"": ""v1"", ""persona"": ""expert""}"
"('philosophyofscienceandthesciences', 'probabilityandstatistics')",philosophy of science and the sciences,probability and statistics,3,1,phd,v1,v1,"{""model"": ""llama-3.3-70b-versatile"", ""temperature"": 0, ""date"": ""2025-10-21T05:54:11.762895+00:00"", ""prompt_version"": ""v1"", ""persona"": ""phd""}"
"('philosophyofscienceandthesciences', 'probabilityandstatistics')",philosophy of science and the sciences,probability and statistics,2,1,null,v1,v1,"{""model"": ""llama-3.3-70b-versatile"", ""temperature"": 0, ""date"": ""2025-10-21T05:54:11.953012+00:00"", ""prompt_version"": ""v1"", ""persona"": ""null""}"
"('artificialintelligence', 'logic')",artificial intelligence,logic,2,0,course_taker,v1,v1,"{""model"": ""llama-3.3-70b-versatile"", ""temperature"": 0, ""date"": ""2025-10-21T05:54:12.162358+00:00"", ""prompt_version"": ""v1"", ""persona"": ""course_taker""}"
"('artificialintelligence', 'logic')",artificial intelligence,logic,4,0,expert,v1,v1,"{""model"": ""llama-3.3-70b-versatile"", ""temperature"": 0, ""date"": ""2025-10-21T05:54:12.341591+00:00"", ""prompt_version"": ""v1"", ""persona"": ""expert""}"
"('artificialintelligence', 'logic')",artificial intelligence,logic,2,0,phd,v1,v1,"{""model"": ""llama-3.3-70b-versatile"", ""temperature"": 0, ""date"": ""2025-10-21T05:54:12.528823+00:00"", ""prompt_version"": ""v1"", ""persona"": ""phd""}"
"('artificialintelligence', 'logic')",artificial intelligence,logic,2,0,null,v1,v1,"{""model"": ""llama-3.3-70b-versatile"", ""temperature"": 0, ""date"": ""2025-10-21T05:54:12.726278+00:00"", ""prompt_version"": ""v1"", ""persona"": ""null""}"
"('bioethics', 'biomedicalethics')",biomedical ethics,bioethics,4,2,expert,v1,v1,"{""model"": ""llama-3.3-70b-versatile"", ""temperature"": 0, ""date"": ""2025-10-21T05:54:12.879554+00:00"", ""prompt_version"": ""v1"", ""persona"": ""expert""}"
"('bioethics', 'biomedicalethics')",biomedical ethics,bioethics,4,2,phd,v1,v1,"{""model"": ""llama-3.3-70b-versatile"", ""temperature"": 0, ""date"": ""2025-10-21T05:54:13.033161+00:00"", ""prompt_version"": ""v1"", ""persona"": ""phd""}"
"('bioethics', 'biomedicalethics')",biomedical ethics,bioethics,4,2,null,v1,v1,"{""model"": ""llama-3.3-70b-versatile"", ""temperature"": 0, ""date"": ""2025-10-21T05:54:13.192265+00:00"", ""prompt_version"": ""v1"", ""persona"": ""null""}"
"('mentalcontent', 'representation')",representation,mental content,4,0,expert,v1,v1,"{""model"": ""llama-3.3-70b-versatile"", ""temperature"": 0, ""date"": ""2025-10-21T05:54:13.339176+00:00"", ""prompt_version"": ""v1"", ""persona"": ""expert""}"
"('mentalcontent', 'representation')",representation,mental content,4,0,phd,v1,v1,"{""model"": ""llama-3.3-70b-versatile"", ""temperature"": 0, ""date"": ""2025-10-21T05:54:13.496148+00:00"", ""prompt_version"": ""v1"", ""persona"": ""phd""}"
"('mentalcontent', 'representation')",representation,mental content,4,0,null,v1,v1,"{""model"": ""llama-3.3-70b-versatile"", ""temperature"": 0, ""date"": ""2025-10-21T05:54:13.650762+00:00"", ""prompt_version"": ""v1"", ""persona"": ""null""}"
"('cognitivescience', 'folkpsychology')",folk psychology,cognitive science,4,0,expert,v1,v1,"{""model"": ""llama-3.3-70b-versatile"", ""temperature"": 0, ""date"": ""2025-10-21T05:54:13.845792+00:00"", ""prompt_version"": ""v1"", ""persona"": ""expert""}"
"('cognitivescience', 'folkpsychology')",folk psychology,cognitive science,4,0,phd,v1,v1,"{""model"": ""llama-3.3-70b-versatile"", ""temperature"": 0, ""date"": ""2025-10-21T05:54:14.021441+00:00"", ""prompt_version"": ""v1"", ""persona"": ""phd""}"
"('cognitivescience', 'folkpsychology')",folk psychology,cognitive science,3,0,null,v1,v1,"{""model"": ""llama-3.3-70b-versatile"", ""temperature"": 0, ""date"": ""2025-10-21T05:54:14.223936+00:00"", ""prompt_version"": ""v1"", ""persona"": ""null""}"
"('aristotleonnoncontradiction', 'perception')",aristotle on non-contradiction,perception,2,0,expert,v1,v1,"{""model"": ""llama-3.3-70b-versatile"", ""temperature"": 0, ""date"": ""2025-10-21T05:54:14.407562+00:00"", ""prompt_version"": ""v1"", ""persona"": ""expert""}"
"('aristotleonnoncontradiction', 'perception')",aristotle on non-contradiction,perception,2,0,phd,v1,v1,"{""model"": ""llama-3.3-70b-versatile"", ""temperature"": 0, ""date"": ""2025-10-21T05:54:14.567831+00:00"", ""prompt_version"": ""v1"", ""persona"": ""phd""}"
"('aristotleonnoncontradiction', 'perception')",aristotle on non-contradiction,perception,2,0,null,v1,v1,"{""model"": ""llama-3.3-70b-versatile"", ""temperature"": 0, ""date"": ""2025-10-21T05:54:14.774852+00:00"", ""prompt_version"": ""v1"", ""persona"": ""null""}"
"('epistemology', 'socialphilosophyandpoliticalphilosophy')",social philosophy and political philosophy,epistemology,1,0,expert,v1,v1,"{""model"": ""llama-3.3-70b-versatile"", ""temperature"": 0, ""date"": ""2025-10-21T05:54:14.929780+00:00"", ""prompt_version"": ""v1"", ""persona"": ""expert""}"
"('epistemology', 'socialphilosophyandpoliticalphilosophy')",social philosophy and political philosophy,epistemology,1,1,phd,v1,v1,"{""model"": ""llama-3.3-70b-versatile"", ""temperature"": 0, ""date"": ""2025-10-21T05:54:15.080654+00:00"", ""prompt_version"": ""v1"", ""persona"": ""phd""}"
"('epistemology', 'socialphilosophyandpoliticalphilosophy')",social philosophy and political philosophy,epistemology,1,0,null,v1,v1,"{""model"": ""llama-3.3-70b-versatile"", ""temperature"": 0, ""date"": ""2025-10-21T05:54:15.233420+00:00"", ""prompt_version"": ""v1"", ""persona"": ""null""}"
"('epistemology', 'realism')",realism,epistemology,3,0,expert,v1,v1,"{""model"": ""llama-3.3-70b-versatile"", ""temperature"": 0, ""date"": ""2025-10-21T05:54:15.399496+00:00"", ""prompt_version"": ""v1"", ""persona"": ""expert""}"
"('epistemology', 'realism')",realism,epistemology,3,0,phd,v1,v1,"{""model"": ""llama-3.3-70b-versatile"", ""temperature"": 0, ""date"": ""2025-10-21T05:54:15.580521+00:00"", ""prompt_version"": ""v1"", ""persona"": ""phd""}"
"('epistemology', 'realism')",realism,epistemology,2,0,null,v1,v1,"{""model"": ""llama-3.3-70b-versatile"", ""temperature"": 0, ""date"": ""2025-10-21T05:54:15.778031+00:00"", ""prompt_version"": ""v1"", ""persona"": ""null""}"
"('epistemology', 'philosophiesoftheparticularsciences')",philosophies of the particular sciences,epistemology,3,0,expert,v1,v1,"{""model"": ""llama-3.3-70b-versatile"", ""temperature"": 0, ""date"": ""2025-10-21T05:54:15.961592+00:00"", ""prompt_version"": ""v1"", ""persona"": ""expert""}"
"('epistemology', 'philosophiesoftheparticularsciences')",philosophies of the particular sciences,epistemology,3,0,phd,v1,v1,"{""model"": ""llama-3.3-70b-versatile"", ""temperature"": 0, ""date"": ""2025-10-21T05:54:16.184516+00:00"", ""prompt_version"": ""v1"", ""persona"": ""phd""}"
"('epistemology', 'philosophiesoftheparticularsciences')",philosophies of the particular sciences,epistemology,3,0,null,v1,v1,"{""model"": ""llama-3.3-70b-versatile"", ""temperature"": 0, ""date"": ""2025-10-21T05:54:16.372520+00:00"", ""prompt_version"": ""v1"", ""persona"": ""null""}"
"('metaphysics', 'realismandantirealism')",realism and anti-realism,metaphysics,4,0,expert,v1,v1,"{""model"": ""llama-3.3-70b-versatile"", ""temperature"": 0, ""date"": ""2025-10-21T05:54:16.524876+00:00"", ""prompt_version"": ""v1"", ""persona"": ""expert""}"
"('metaphysics', 'realismandantirealism')",realism and anti-realism,metaphysics,4,0,phd,v1,v1,"{""model"": ""llama-3.3-70b-versatile"", ""temperature"": 0, ""date"": ""2025-10-21T05:54:16.678035+00:00"", ""prompt_version"": ""v1"", ""persona"": ""phd""}"
"('metaphysics', 'realismandantirealism')",realism and anti-realism,metaphysics,4,0,null,v1,v1,"{""model"": ""llama-3.3-70b-versatile"", ""temperature"": 0, ""date"": ""2025-10-21T05:54:16.834958+00:00"", ""prompt_version"": ""v1"", ""persona"": ""null""}"
"('einsteinsphilosophyofscience', 'philosophyofscienceandthesciences')",einstein's philosophy of science,philosophy of science and the sciences,4,0,expert,v1,v1,"{""model"": ""llama-3.3-70b-versatile"", ""temperature"": 0, ""date"": ""2025-10-21T05:54:16.992396+00:00"", ""prompt_version"": ""v1"", ""persona"": ""expert""}"
"('einsteinsphilosophyofscience', 'philosophyofscienceandthesciences')",einstein's philosophy of science,philosophy of science and the sciences,4,0,phd,v1,v1,"{""model"": ""llama-3.3-70b-versatile"", ""temperature"": 0, ""date"": ""2025-10-21T05:54:17.179289+00:00"", ""prompt_version"": ""v1"", ""persona"": ""phd""}"
"('einsteinsphilosophyofscience', 'philosophyofscienceandthesciences')",einstein's philosophy of science,philosophy of science and the sciences,4,0,null,v1,v1,"{""model"": ""llama-3.3-70b-versatile"", ""temperature"": 0, ""date"": ""2025-10-21T05:54:17.356453+00:00"", ""prompt_version"": ""v1"", ""persona"": ""null""}"
"('medievaltheoriesofrelations', 'metaphysics')",medieval theories of relations,metaphysics,4,0,expert,v1,v1,"{""model"": ""llama-3.3-70b-versatile"", ""temperature"": 0, ""date"": ""2025-10-21T05:54:17.512117+00:00"", ""prompt_version"": ""v1"", ""persona"": ""expert""}"
"('medievaltheoriesofrelations', 'metaphysics')",medieval theories of relations,metaphysics,4,0,phd,v1,v1,"{""model"": ""llama-3.3-70b-versatile"", ""temperature"": 0, ""date"": ""2025-10-21T05:54:17.690947+00:00"", ""prompt_version"": ""v1"", ""persona"": ""phd""}"
"('medievaltheoriesofrelations', 'metaphysics')",medieval theories of relations,metaphysics,3,0,null,v1,v1,"{""model"": ""llama-3.3-70b-versatile"", ""temperature"": 0, ""date"": ""2025-10-21T05:54:17.875303+00:00"", ""prompt_version"": ""v1"", ""persona"": ""null""}"
"('epistemology', 'probability')",probability,epistemology,2,0,expert,v1,v1,"{""model"": ""llama-3.3-70b-versatile"", ""temperature"": 0, ""date"": ""2025-10-21T05:54:18.065636+00:00"", ""prompt_version"": ""v1"", ""persona"": ""expert""}"
"('epistemology', 'probability')",probability,epistemology,2,0,phd,v1,v1,"{""model"": ""llama-3.3-70b-versatile"", ""temperature"": 0, ""date"": ""2025-10-21T05:54:18.229958+00:00"", ""prompt_version"": ""v1"", ""persona"": ""phd""}"
"('epistemology', 'probability')",probability,epistemology,2,0,null,v1,v1,"{""model"": ""llama-3.3-70b-versatile"", ""temperature"": 0, ""date"": ""2025-10-21T05:54:18.393283+00:00"", ""prompt_version"": ""v1"", ""persona"": ""null""}"
"('epistemologicalproblemsoftestimony', 'epistemology')",epistemological problems of testimony,epistemology,4,0,expert,v1,v1,"{""model"": ""llama-3.3-70b-versatile"", ""temperature"": 0, ""date"": ""2025-10-21T05:54:18.568054+00:00"", ""prompt_version"": ""v1"", ""persona"": ""expert""}"
"('epistemologicalproblemsoftestimony', 'epistemology')",epistemological problems of testimony,epistemology,4,0,phd,v1,v1,"{""model"": ""llama-3.3-70b-versatile"", ""temperature"": 0, ""date"": ""2025-10-21T05:54:18.726591+00:00"", ""prompt_version"": ""v1"", ""persona"": ""phd""}"
"('epistemologicalproblemsoftestimony', 'epistemology')",epistemological problems of testimony,epistemology,4,0,null,v1,v1,"{""model"": ""llama-3.3-70b-versatile"", ""temperature"": 0, ""date"": ""2025-10-21T05:54:18.913440+00:00"", ""prompt_version"": ""v1"", ""persona"": ""null""}"
"('epistemology', 'reliabilism')",reliabilism,epistemology,4,0,expert,v1,v1,"{""model"": ""llama-3.3-70b-versatile"", ""temperature"": 0, ""date"": ""2025-10-21T05:54:19.057549+00:00"", ""prompt_version"": ""v1"", ""persona"": ""expert""}"
"('epistemology', 'reliabilism')",reliabilism,epistemology,4,0,phd,v1,v1,"{""model"": ""llama-3.3-70b-versatile"", ""temperature"": 0, ""date"": ""2025-10-21T05:54:19.243778+00:00"", ""prompt_version"": ""v1"", ""persona"": ""phd""}"
"('epistemology', 'reliabilism')",reliabilism,epistemology,4,0,null,v1,v1,"{""model"": ""llama-3.3-70b-versatile"", ""temperature"": 0, ""date"": ""2025-10-21T05:54:19.418601+00:00"", ""prompt_version"": ""v1"", ""persona"": ""null""}"
"('connectionism', 'connectionistmodel')",connectionism,connectionist model,4,1,course_taker,v1,v1,"{""model"": ""llama-3.3-70b-versatile"", ""temperature"": 0, ""date"": ""2025-10-21T05:54:19.598293+00:00"", ""prompt_version"": ""v1"", ""persona"": ""course_taker""}"
"('connectionism', 'connectionistmodel')",connectionism,connectionist model,4,1,phd,v1,v1,"{""model"": ""llama-3.3-70b-versatile"", ""temperature"": 0, ""date"": ""2025-10-21T05:54:19.784220+00:00"", ""prompt_version"": ""v1"", ""persona"": ""phd""}"
"('connectionism', 'connectionistmodel')",connectionism,connectionist model,4,1,null,v1,v1,"{""model"": ""llama-3.3-70b-versatile"", ""temperature"": 0, ""date"": ""2025-10-21T05:54:19.959553+00:00"", ""prompt_version"": ""v1"", ""persona"": ""null""}"
"('japanesezenbuddhistphilosophy', 'philosophyofmind')",japanese zen buddhist philosophy,philosophy of mind,3,0,expert,v1,v1,"{""model"": ""llama-3.3-70b-versatile"", ""temperature"": 0, ""date"": ""2025-10-21T05:54:20.135967+00:00"", ""prompt_version"": ""v1"", ""persona"": ""expert""}"
"('japanesezenbuddhistphilosophy', 'philosophyofmind')",japanese zen buddhist philosophy,philosophy of mind,2,0,phd,v1,v1,"{""model"": ""llama-3.3-70b-versatile"", ""temperature"": 0, ""date"": ""2025-10-21T05:54:20.297338+00:00"", ""prompt_version"": ""v1"", ""persona"": ""phd""}"
"('japanesezenbuddhistphilosophy', 'philosophyofmind')",japanese zen buddhist philosophy,philosophy of mind,2,0,null,v1,v1,"{""model"": ""llama-3.3-70b-versatile"", ""temperature"": 0, ""date"": ""2025-10-21T05:54:20.476090+00:00"", ""prompt_version"": ""v1"", ""persona"": ""null""}"
"('autism', 'perception')",autism,perception,3,0,expert,v1,v1,"{""model"": ""llama-3.3-70b-versatile"", ""temperature"": 0, ""date"": ""2025-10-21T05:54:20.672169+00:00"", ""prompt_version"": ""v1"", ""persona"": ""expert""}"
"('autism', 'perception')",autism,perception,3,0,phd,v1,v1,"{""model"": ""llama-3.3-70b-versatile"", ""temperature"": 0, ""date"": ""2025-10-21T05:54:20.861189+00:00"", ""prompt_version"": ""v1"", ""persona"": ""phd""}"
"('autism', 'perception')",autism,perception,3,0,null,v1,v1,"{""model"": ""llama-3.3-70b-versatile"", ""temperature"": 0, ""date"": ""2025-10-21T05:54:21.046951+00:00"", ""prompt_version"": ""v1"", ""persona"": ""null""}"
"('internalismandexternalism', 'philosophyofmind')",internalism and externalism,philosophy of mind,4,0,expert,v1,v1,"{""model"": ""llama-3.3-70b-versatile"", ""temperature"": 0, ""date"": ""2025-10-21T05:54:21.264596+00:00"", ""prompt_version"": ""v1"", ""persona"": ""expert""}"
"('internalismandexternalism', 'philosophyofmind')",internalism and externalism,philosophy of mind,4,0,phd,v1,v1,"{""model"": ""llama-3.3-70b-versatile"", ""temperature"": 0, ""date"": ""2025-10-21T05:54:21.454128+00:00"", ""prompt_version"": ""v1"", ""persona"": ""phd""}"
"('internalismandexternalism', 'philosophyofmind')",internalism and externalism,philosophy of mind,4,0,null,v1,v1,"{""model"": ""llama-3.3-70b-versatile"", ""temperature"": 0, ""date"": ""2025-10-21T05:54:21.606202+00:00"", ""prompt_version"": ""v1"", ""persona"": ""null""}"
"('knowledge', 'rationalismvsempiricism')",rationalism vs. empiricism,knowledge,4,0,expert,v1,v1,"{""model"": ""llama-3.3-70b-versatile"", ""temperature"": 0, ""date"": ""2025-10-21T05:54:21.782038+00:00"", ""prompt_version"": ""v1"", ""persona"": ""expert""}"
"('knowledge', 'rationalismvsempiricism')",rationalism vs. empiricism,knowledge,4,0,phd,v1,v1,"{""model"": ""llama-3.3-70b-versatile"", ""temperature"": 0, ""date"": ""2025-10-21T05:54:21.970857+00:00"", ""prompt_version"": ""v1"", ""persona"": ""phd""}"
"('knowledge', 'rationalismvsempiricism')",rationalism vs. empiricism,knowledge,4,0,null,v1,v1,"{""model"": ""llama-3.3-70b-versatile"", ""temperature"": 0, ""date"": ""2025-10-21T05:54:22.146503+00:00"", ""prompt_version"": ""v1"", ""persona"": ""null""}"
"('higherordertheoriesofconsciousness', 'perception')",higher-order theories of consciousness,perception,4,0,expert,v1,v1,"{""model"": ""llama-3.3-70b-versatile"", ""temperature"": 0, ""date"": ""2025-10-21T05:54:22.323280+00:00"", ""prompt_version"": ""v1"", ""persona"": ""expert""}"
"('higherordertheoriesofconsciousness', 'perception')",higher-order theories of consciousness,perception,3,0,phd,v1,v1,"{""model"": ""llama-3.3-70b-versatile"", ""temperature"": 0, ""date"": ""2025-10-21T05:54:22.520191+00:00"", ""prompt_version"": ""v1"", ""persona"": ""phd""}"
"('higherordertheoriesofconsciousness', 'perception')",higher-order theories of consciousness,perception,2,0,null,v1,v1,"{""model"": ""llama-3.3-70b-versatile"", ""temperature"": 0, ""date"": ""2025-10-21T05:54:22.723439+00:00"", ""prompt_version"": ""v1"", ""persona"": ""null""}"
"('artisticrepresentation', 'perception')",artistic representation,perception,2,0,expert,v1,v1,"{""model"": ""llama-3.3-70b-versatile"", ""temperature"": 0, ""date"": ""2025-10-21T05:54:22.889241+00:00"", ""prompt_version"": ""v1"", ""persona"": ""expert""}"
"('artisticrepresentation', 'perception')",artistic representation,perception,3,0,phd,v1,v1,"{""model"": ""llama-3.3-70b-versatile"", ""temperature"": 0, ""date"": ""2025-10-21T05:54:23.049686+00:00"", ""prompt_version"": ""v1"", ""persona"": ""phd""}"
"('artisticrepresentation', 'perception')",artistic representation,perception,2,0,null,v1,v1,"{""model"": ""llama-3.3-70b-versatile"", ""temperature"": 0, ""date"": ""2025-10-21T05:54:23.207867+00:00"", ""prompt_version"": ""v1"", ""persona"": ""null""}"
"('chineseandwestern', 'chinesephilosophy')",chinese and western,chinese philosophy,2,1,novice,v1,v1,"{""model"": ""llama-3.3-70b-versatile"", ""temperature"": 0, ""date"": ""2025-10-21T05:54:23.358189+00:00"", ""prompt_version"": ""v1"", ""persona"": ""novice""}"
"('chineseandwestern', 'chinesephilosophy')",chinese and western,chinese philosophy,2,1,expert,v1,v1,"{""model"": ""llama-3.3-70b-versatile"", ""temperature"": 0, ""date"": ""2025-10-21T05:54:23.552233+00:00"", ""prompt_version"": ""v1"", ""persona"": ""expert""}"
"('chineseandwestern', 'chinesephilosophy')",chinese and western,chinese philosophy,2,1,null,v1,v1,"{""model"": ""llama-3.3-70b-versatile"", ""temperature"": 0, ""date"": ""2025-10-21T05:54:23.734064+00:00"", ""prompt_version"": ""v1"", ""persona"": ""null""}"
"('philosophyofcomputerscience', 'philosophyofmathematics')",philosophy of computer science,philosophy of mathematics,4,0,course_taker,v1,v1,"{""model"": ""llama-3.3-70b-versatile"", ""temperature"": 0, ""date"": ""2025-10-21T05:54:23.927410+00:00"", ""prompt_version"": ""v1"", ""persona"": ""course_taker""}"
"('philosophyofcomputerscience', 'philosophyofmathematics')",philosophy of computer science,philosophy of mathematics,4,0,phd,v1,v1,"{""model"": ""llama-3.3-70b-versatile"", ""temperature"": 0, ""date"": ""2025-10-21T05:54:24.073780+00:00"", ""prompt_version"": ""v1"", ""persona"": ""phd""}"
"('philosophyofcomputerscience', 'philosophyofmathematics')",philosophy of computer science,philosophy of mathematics,3,0,null,v1,v1,"{""model"": ""llama-3.3-70b-versatile"", ""temperature"": 0, ""date"": ""2025-10-21T05:54:24.258815+00:00"", ""prompt_version"": ""v1"", ""persona"": ""null""}"
"('epistemologicalproblemsoftestimony', 'perception')",epistemological problems of testimony,perception,2,0,expert,v1,v1,"{""model"": ""llama-3.3-70b-versatile"", ""temperature"": 0, ""date"": ""2025-10-21T05:54:24.497700+00:00"", ""prompt_version"": ""v1"", ""persona"": ""expert""}"
"('epistemologicalproblemsoftestimony', 'perception')",epistemological problems of testimony,perception,2,0,phd,v1,v1,"{""model"": ""llama-3.3-70b-versatile"", ""temperature"": 0, ""date"": ""2025-10-21T05:54:24.693255+00:00"", ""prompt_version"": ""v1"", ""persona"": ""phd""}"
"('epistemologicalproblemsoftestimony', 'perception')",epistemological problems of testimony,perception,2,0,null,v1,v1,"{""model"": ""llama-3.3-70b-versatile"", ""temperature"": 0, ""date"": ""2025-10-21T05:54:24.858325+00:00"", ""prompt_version"": ""v1"", ""persona"": ""null""}"
"('everettsrelativestateformulationofquantummechanics', 'philosophyofmind')",everett's relative-state formulation of quantum mechanics,philosophy of mind,2,0,expert,v1,v1,"{""model"": ""llama-3.3-70b-versatile"", ""temperature"": 0, ""date"": ""2025-10-21T05:54:25.021484+00:00"", ""prompt_version"": ""v1"", ""persona"": ""expert""}"
"('everettsrelativestateformulationofquantummechanics', 'philosophyofmind')",everett's relative-state formulation of quantum mechanics,philosophy of mind,2,0,phd,v1,v1,"{""model"": ""llama-3.3-70b-versatile"", ""temperature"": 0, ""date"": ""2025-10-21T05:54:25.217240+00:00"", ""prompt_version"": ""v1"", ""persona"": ""phd""}"
"('everettsrelativestateformulationofquantummechanics', 'philosophyofmind')",everett's relative-state formulation of quantum mechanics,philosophy of mind,2,0,null,v1,v1,"{""model"": ""llama-3.3-70b-versatile"", ""temperature"": 0, ""date"": ""2025-10-21T05:54:25.379103+00:00"", ""prompt_version"": ""v1"", ""persona"": ""null""}"
"('consciousness', 'unityofconsciousness')",unity of consciousness,consciousness,4,0,expert,v1,v1,"{""model"": ""llama-3.3-70b-versatile"", ""temperature"": 0, ""date"": ""2025-10-21T05:54:25.549348+00:00"", ""prompt_version"": ""v1"", ""persona"": ""expert""}"
"('consciousness', 'unityofconsciousness')",unity of consciousness,consciousness,4,0,phd,v1,v1,"{""model"": ""llama-3.3-70b-versatile"", ""temperature"": 0, ""date"": ""2025-10-21T05:54:25.722735+00:00"", ""prompt_version"": ""v1"", ""persona"": ""phd""}"
"('consciousness', 'unityofconsciousness')",unity of consciousness,consciousness,4,0,null,v1,v1,"{""model"": ""llama-3.3-70b-versatile"", ""temperature"": 0, ""date"": ""2025-10-21T05:54:25.913169+00:00"", ""prompt_version"": ""v1"", ""persona"": ""null""}"
"('foreknowledgeandfreewill', 'freewill')",foreknowledge and free will,free will,4,0,expert,v1,v1,"{""model"": ""llama-3.3-70b-versatile"", ""temperature"": 0, ""date"": ""2025-10-21T05:54:26.086534+00:00"", ""prompt_version"": ""v1"", ""persona"": ""expert""}"
"('foreknowledgeandfreewill', 'freewill')",foreknowledge and free will,free will,4,0,phd,v1,v1,"{""model"": ""llama-3.3-70b-versatile"", ""temperature"": 0, ""date"": ""2025-10-21T05:54:26.245030+00:00"", ""prompt_version"": ""v1"", ""persona"": ""phd""}"
"('foreknowledgeandfreewill', 'freewill')",foreknowledge and free will,free will,4,0,null,v1,v1,"{""model"": ""llama-3.3-70b-versatile"", ""temperature"": 0, ""date"": ""2025-10-21T05:54:26.407789+00:00"", ""prompt_version"": ""v1"", ""persona"": ""null""}"
"('aristotleslogic', 'metaphysics')",aristotle's logic,metaphysics,3,0,expert,v1,v1,"{""model"": ""llama-3.3-70b-versatile"", ""temperature"": 0, ""date"": ""2025-10-21T05:54:26.606559+00:00"", ""prompt_version"": ""v1"", ""persona"": ""expert""}"
"('aristotleslogic', 'metaphysics')",aristotle's logic,metaphysics,3,0,phd,v1,v1,"{""model"": ""llama-3.3-70b-versatile"", ""temperature"": 0, ""date"": ""2025-10-21T05:54:26.799726+00:00"", ""prompt_version"": ""v1"", ""persona"": ""phd""}"
"('aristotleslogic', 'metaphysics')",aristotle's logic,metaphysics,2,0,null,v1,v1,"{""model"": ""llama-3.3-70b-versatile"", ""temperature"": 0, ""date"": ""2025-10-21T05:54:26.998027+00:00"", ""prompt_version"": ""v1"", ""persona"": ""null""}"
"('intentionality', 'perception')",intentionality,perception,4,0,expert,v1,v1,"{""model"": ""llama-3.3-70b-versatile"", ""temperature"": 0, ""date"": ""2025-10-21T05:54:27.187891+00:00"", ""prompt_version"": ""v1"", ""persona"": ""expert""}"
"('intentionality', 'perception')",intentionality,perception,3,1,phd,v1,v1,"{""model"": ""llama-3.3-70b-versatile"", ""temperature"": 0, ""date"": ""2025-10-21T05:54:27.353295+00:00"", ""prompt_version"": ""v1"", ""persona"": ""phd""}"
"('intentionality', 'perception')",intentionality,perception,2,0,null,v1,v1,"{""model"": ""llama-3.3-70b-versatile"", ""temperature"": 0, ""date"": ""2025-10-21T05:54:27.531170+00:00"", ""prompt_version"": ""v1"", ""persona"": ""null""}"
"('philosophyandchristiantheology', 'philosophyofreligion')",philosophy and christian theology,philosophy of religion,4,0,expert,v1,v1,"{""model"": ""llama-3.3-70b-versatile"", ""temperature"": 0, ""date"": ""2025-10-21T05:54:27.718776+00:00"", ""prompt_version"": ""v1"", ""persona"": ""expert""}"
"('philosophyandchristiantheology', 'philosophyofreligion')",philosophy and christian theology,philosophy of religion,4,0,phd,v1,v1,"{""model"": ""llama-3.3-70b-versatile"", ""temperature"": 0, ""date"": ""2025-10-21T05:54:27.925680+00:00"", ""prompt_version"": ""v1"", ""persona"": ""phd""}"
"('philosophyandchristiantheology', 'philosophyofreligion')",philosophy and christian theology,philosophy of religion,4,0,null,v1,v1,"{""model"": ""llama-3.3-70b-versatile"", ""temperature"": 0, ""date"": ""2025-10-21T05:54:28.108875+00:00"", ""prompt_version"": ""v1"", ""persona"": ""null""}"
"('computationallinguistics', 'perception')",computational linguistics,perception,2,0,expert,v1,v1,"{""model"": ""llama-3.3-70b-versatile"", ""temperature"": 0, ""date"": ""2025-10-21T05:54:28.297695+00:00"", ""prompt_version"": ""v1"", ""persona"": ""expert""}"
"('computationallinguistics', 'perception')",computational linguistics,perception,2,0,phd,v1,v1,"{""model"": ""llama-3.3-70b-versatile"", ""temperature"": 0, ""date"": ""2025-10-21T05:54:28.457737+00:00"", ""prompt_version"": ""v1"", ""persona"": ""phd""}"
"('computationallinguistics', 'perception')",computational linguistics,perception,1,0,null,v1,v1,"{""model"": ""llama-3.3-70b-versatile"", ""temperature"": 0, ""date"": ""2025-10-21T05:54:28.649010+00:00"", ""prompt_version"": ""v1"", ""persona"": ""null""}"
"('metaphysics', 'naturaltheology')",natural theology,metaphysics,3,0,expert,v1,v1,"{""model"": ""llama-3.3-70b-versatile"", ""temperature"": 0, ""date"": ""2025-10-21T05:54:28.799159+00:00"", ""prompt_version"": ""v1"", ""persona"": ""expert""}"
"('metaphysics', 'naturaltheology')",natural theology,metaphysics,3,0,phd,v1,v1,"{""model"": ""llama-3.3-70b-versatile"", ""temperature"": 0, ""date"": ""2025-10-21T05:54:28.949636+00:00"", ""prompt_version"": ""v1"", ""persona"": ""phd""}"
"('metaphysics', 'naturaltheology')",natural theology,metaphysics,3,0,null,v1,v1,"{""model"": ""llama-3.3-70b-versatile"", ""temperature"": 0, ""date"": ""2025-10-21T05:54:29.119113+00:00"", ""prompt_version"": ""v1"", ""persona"": ""null""}"
"('artificialintelligence', 'outputunit')",output unit,artificial intelligence,2,0,expert,v1,v1,"{""model"": ""llama-3.3-70b-versatile"", ""temperature"": 0, ""date"": ""2025-10-21T05:54:29.312274+00:00"", ""prompt_version"": ""v1"", ""persona"": ""expert""}"
"('artificialintelligence', 'outputunit')",output unit,artificial intelligence,2,0,phd,v1,v1,"{""model"": ""llama-3.3-70b-versatile"", ""temperature"": 0, ""date"": ""2025-10-21T05:54:29.519911+00:00"", ""prompt_version"": ""v1"", ""persona"": ""phd""}"
"('artificialintelligence', 'outputunit')",output unit,artificial intelligence,2,0,null,v1,v1,"{""model"": ""llama-3.3-70b-versatile"", ""temperature"": 0, ""date"": ""2025-10-21T05:54:29.723165+00:00"", ""prompt_version"": ""v1"", ""persona"": ""null""}"
"('externalism', 'philosophyofmind')",externalism,philosophy of mind,4,0,expert,v1,v1,"{""model"": ""llama-3.3-70b-versatile"", ""temperature"": 0, ""date"": ""2025-10-21T05:54:29.869222+00:00"", ""prompt_version"": ""v1"", ""persona"": ""expert""}"
"('externalism', 'philosophyofmind')",externalism,philosophy of mind,4,0,phd,v1,v1,"{""model"": ""llama-3.3-70b-versatile"", ""temperature"": 0, ""date"": ""2025-10-21T05:54:30.027191+00:00"", ""prompt_version"": ""v1"", ""persona"": ""phd""}"
"('externalism', 'philosophyofmind')",externalism,philosophy of mind,4,0,null,v1,v1,"{""model"": ""llama-3.3-70b-versatile"", ""temperature"": 0, ""date"": ""2025-10-21T05:54:30.212451+00:00"", ""prompt_version"": ""v1"", ""persona"": ""null""}"
"('philosophyoflanguage', 'sentence')",sentence,philosophy of language,4,0,expert,v1,v1,"{""model"": ""llama-3.3-70b-versatile"", ""temperature"": 0, ""date"": ""2025-10-21T05:54:30.386481+00:00"", ""prompt_version"": ""v1"", ""persona"": ""expert""}"
"('philosophyoflanguage', 'sentence')",sentence,philosophy of language,4,0,phd,v1,v1,"{""model"": ""llama-3.3-70b-versatile"", ""temperature"": 0, ""date"": ""2025-10-21T05:54:30.563587+00:00"", ""prompt_version"": ""v1"", ""persona"": ""phd""}"
"('philosophyoflanguage', 'sentence')",sentence,philosophy of language,2,0,null,v1,v1,"{""model"": ""llama-3.3-70b-versatile"", ""temperature"": 0, ""date"": ""2025-10-21T05:54:30.746586+00:00"", ""prompt_version"": ""v1"", ""persona"": ""null""}"
"('perception', 'selfknowledge')",self-knowledge,perception,3,0,expert,v1,v1,"{""model"": ""llama-3.3-70b-versatile"", ""temperature"": 0, ""date"": ""2025-10-21T05:54:30.950007+00:00"", ""prompt_version"": ""v1"", ""persona"": ""expert""}"
"('perception', 'selfknowledge')",self-knowledge,perception,2,0,phd,v1,v1,"{""model"": ""llama-3.3-70b-versatile"", ""temperature"": 0, ""date"": ""2025-10-21T05:54:31.117816+00:00"", ""prompt_version"": ""v1"", ""persona"": ""phd""}"
"('perception', 'selfknowledge')",self-knowledge,perception,2,0,null,v1,v1,"{""model"": ""llama-3.3-70b-versatile"", ""temperature"": 0, ""date"": ""2025-10-21T05:54:31.282435+00:00"", ""prompt_version"": ""v1"", ""persona"": ""null""}"
"('continuant', 'metaphysics')",continuant,metaphysics,4,0,expert,v1,v1,"{""model"": ""llama-3.3-70b-versatile"", ""temperature"": 0, ""date"": ""2025-10-21T05:54:31.441047+00:00"", ""prompt_version"": ""v1"", ""persona"": ""expert""}"
"('continuant', 'metaphysics')",continuant,metaphysics,4,0,phd,v1,v1,"{""model"": ""llama-3.3-70b-versatile"", ""temperature"": 0, ""date"": ""2025-10-21T05:54:31.638900+00:00"", ""prompt_version"": ""v1"", ""persona"": ""phd""}"
"('continuant', 'metaphysics')",continuant,metaphysics,3,0,null,v1,v1,"{""model"": ""llama-3.3-70b-versatile"", ""temperature"": 0, ""date"": ""2025-10-21T05:54:31.787958+00:00"", ""prompt_version"": ""v1"", ""persona"": ""null""}"
"('matter', 'philosophyofreligion')",matter,philosophy of religion,0,-1,expert,v1,v1,"{""model"": ""llama-3.3-70b-versatile"", ""temperature"": 0, ""date"": ""2025-10-21T05:54:31.957104+00:00"", ""prompt_version"": ""v1"", ""persona"": ""expert""}"
"('matter', 'philosophyofreligion')",matter,philosophy of religion,0,-1,phd,v1,v1,"{""model"": ""llama-3.3-70b-versatile"", ""temperature"": 0, ""date"": ""2025-10-21T05:54:32.133586+00:00"", ""prompt_version"": ""v1"", ""persona"": ""phd""}"
"('matter', 'philosophyofreligion')",matter,philosophy of religion,0,-1,null,v1,v1,"{""model"": ""llama-3.3-70b-versatile"", ""temperature"": 0, ""date"": ""2025-10-21T05:54:32.303597+00:00"", ""prompt_version"": ""v1"", ""persona"": ""null""}"
"('metaphysics', 'philosophyofart')",philosophy of art,metaphysics,2,0,expert,v1,v1,"{""model"": ""llama-3.3-70b-versatile"", ""temperature"": 0, ""date"": ""2025-10-21T05:54:32.489518+00:00"", ""prompt_version"": ""v1"", ""persona"": ""expert""}"
"('metaphysics', 'philosophyofart')",philosophy of art,metaphysics,2,0,phd,v1,v1,"{""model"": ""llama-3.3-70b-versatile"", ""temperature"": 0, ""date"": ""2025-10-21T05:54:32.682611+00:00"", ""prompt_version"": ""v1"", ""persona"": ""phd""}"
"('metaphysics', 'philosophyofart')",philosophy of art,metaphysics,2,0,null,v1,v1,"{""model"": ""llama-3.3-70b-versatile"", ""temperature"": 0, ""date"": ""2025-10-21T05:54:32.917799+00:00"", ""prompt_version"": ""v1"", ""persona"": ""null""}"
"('philosophyofscience', 'philosophyofsocialscience')",philosophy of social science,philosophy of science,4,0,expert,v1,v1,"{""model"": ""llama-3.3-70b-versatile"", ""temperature"": 0, ""date"": ""2025-10-21T05:54:33.112712+00:00"", ""prompt_version"": ""v1"", ""persona"": ""expert""}"
"('philosophyofscience', 'philosophyofsocialscience')",philosophy of social science,philosophy of science,4,0,phd,v1,v1,"{""model"": ""llama-3.3-70b-versatile"", ""temperature"": 0, ""date"": ""2025-10-21T05:54:33.317237+00:00"", ""prompt_version"": ""v1"", ""persona"": ""phd""}"
"('philosophyofscience', 'philosophyofsocialscience')",philosophy of social science,philosophy of science,4,0,null,v1,v1,"{""model"": ""llama-3.3-70b-versatile"", ""temperature"": 0, ""date"": ""2025-10-21T05:54:33.495267+00:00"", ""prompt_version"": ""v1"", ""persona"": ""null""}"
"('aesthetics', 'aestheticsandphilosophyofart')",aesthetics,aesthetics and philosophy of art,4,0,expert,v1,v1,"{""model"": ""llama-3.3-70b-versatile"", ""temperature"": 0, ""date"": ""2025-10-21T05:54:33.642474+00:00"", ""prompt_version"": ""v1"", ""persona"": ""expert""}"
"('aesthetics', 'aestheticsandphilosophyofart')",aesthetics,aesthetics and philosophy of art,4,0,phd,v1,v1,"{""model"": ""llama-3.3-70b-versatile"", ""temperature"": 0, ""date"": ""2025-10-21T05:54:33.789171+00:00"", ""prompt_version"": ""v1"", ""persona"": ""phd""}"
"('aesthetics', 'aestheticsandphilosophyofart')",aesthetics,aesthetics and philosophy of art,4,0,null,v1,v1,"{""model"": ""llama-3.3-70b-versatile"", ""temperature"": 0, ""date"": ""2025-10-21T05:54:33.979327+00:00"", ""prompt_version"": ""v1"", ""persona"": ""null""}"
"('epistemology', 'probabilityandstatistics')",probability and statistics,epistemology,2,0,expert,v1,v1,"{""model"": ""llama-3.3-70b-versatile"", ""temperature"": 0, ""date"": ""2025-10-21T05:54:34.148480+00:00"", ""prompt_version"": ""v1"", ""persona"": ""expert""}"
"('epistemology', 'probabilityandstatistics')",probability and statistics,epistemology,2,0,phd,v1,v1,"{""model"": ""llama-3.3-70b-versatile"", ""temperature"": 0, ""date"": ""2025-10-21T05:54:34.341292+00:00"", ""prompt_version"": ""v1"", ""persona"": ""phd""}"
"('epistemology', 'probabilityandstatistics')",probability and statistics,epistemology,2,0,null,v1,v1,"{""model"": ""llama-3.3-70b-versatile"", ""temperature"": 0, ""date"": ""2025-10-21T05:54:34.528170+00:00"", ""prompt_version"": ""v1"", ""persona"": ""null""}"
"('essenceandexistence', 'existence')",essence and existence,existence,4,0,expert,v1,v1,"{""model"": ""llama-3.3-70b-versatile"", ""temperature"": 0, ""date"": ""2025-10-21T05:54:34.713031+00:00"", ""prompt_version"": ""v1"", ""persona"": ""expert""}"
"('essenceandexistence', 'existence')",essence and existence,existence,4,0,phd,v1,v1,"{""model"": ""llama-3.3-70b-versatile"", ""temperature"": 0, ""date"": ""2025-10-21T05:54:34.859039+00:00"", ""prompt_version"": ""v1"", ""persona"": ""phd""}"
"('essenceandexistence', 'existence')",essence and existence,existence,4,0,null,v1,v1,"{""model"": ""llama-3.3-70b-versatile"", ""temperature"": 0, ""date"": ""2025-10-21T05:54:35.012244+00:00"", ""prompt_version"": ""v1"", ""persona"": ""null""}"
"('epistemology', 'foundationalism')",foundationalism,epistemology,4,0,expert,v1,v1,"{""model"": ""llama-3.3-70b-versatile"", ""temperature"": 0, ""date"": ""2025-10-21T05:54:35.207116+00:00"", ""prompt_version"": ""v1"", ""persona"": ""expert""}"
"('epistemology', 'foundationalism')",foundationalism,epistemology,4,0,phd,v1,v1,"{""model"": ""llama-3.3-70b-versatile"", ""temperature"": 0, ""date"": ""2025-10-21T05:54:35.411529+00:00"", ""prompt_version"": ""v1"", ""persona"": ""phd""}"
"('epistemology', 'foundationalism')",foundationalism,epistemology,4,0,null,v1,v1,"{""model"": ""llama-3.3-70b-versatile"", ""temperature"": 0, ""date"": ""2025-10-21T05:54:35.587130+00:00"", ""prompt_version"": ""v1"", ""persona"": ""null""}"
"('body', 'philosophyofmind')",body,philosophy of mind,3,0,expert,v1,v1,"{""model"": ""llama-3.3-70b-versatile"", ""temperature"": 0, ""date"": ""2025-10-21T05:54:35.790063+00:00"", ""prompt_version"": ""v1"", ""persona"": ""expert""}"
"('body', 'philosophyofmind')",body,philosophy of mind,4,0,phd,v1,v1,"{""model"": ""llama-3.3-70b-versatile"", ""temperature"": 0, ""date"": ""2025-10-21T05:54:35.938905+00:00"", ""prompt_version"": ""v1"", ""persona"": ""phd""}"
"('body', 'philosophyofmind')",body,philosophy of mind,2,0,null,v1,v1,"{""model"": ""llama-3.3-70b-versatile"", ""temperature"": 0, ""date"": ""2025-10-21T05:54:36.145639+00:00"", ""prompt_version"": ""v1"", ""persona"": ""null""}"
"('philosophyofcomputerscience', 'philosophyofscience')",philosophy of computer science,philosophy of science,4,0,course_taker,v1,v1,"{""model"": ""llama-3.3-70b-versatile"", ""temperature"": 0, ""date"": ""2025-10-21T05:54:36.303449+00:00"", ""prompt_version"": ""v1"", ""persona"": ""course_taker""}"
"('philosophyofcomputerscience', 'philosophyofscience')",philosophy of computer science,philosophy of science,4,0,phd,v1,v1,"{""model"": ""llama-3.3-70b-versatile"", ""temperature"": 0, ""date"": ""2025-10-21T05:54:36.483401+00:00"", ""prompt_version"": ""v1"", ""persona"": ""phd""}"
"('philosophyofcomputerscience', 'philosophyofscience')",philosophy of computer science,philosophy of science,4,0,null,v1,v1,"{""model"": ""llama-3.3-70b-versatile"", ""temperature"": 0, ""date"": ""2025-10-21T05:54:36.640850+00:00"", ""prompt_version"": ""v1"", ""persona"": ""null""}"
"('causalprocesses', 'causation')",causal processes,causation,4,0,expert,v1,v1,"{""model"": ""llama-3.3-70b-versatile"", ""temperature"": 0, ""date"": ""2025-10-21T05:54:36.798400+00:00"", ""prompt_version"": ""v1"", ""persona"": ""expert""}"
"('causalprocesses', 'causation')",causal processes,causation,4,0,phd,v1,v1,"{""model"": ""llama-3.3-70b-versatile"", ""temperature"": 0, ""date"": ""2025-10-21T05:54:36.944548+00:00"", ""prompt_version"": ""v1"", ""persona"": ""phd""}"
"('causalprocesses', 'causation')",causal processes,causation,4,0,null,v1,v1,"{""model"": ""llama-3.3-70b-versatile"", ""temperature"": 0, ""date"": ""2025-10-21T05:54:37.105926+00:00"", ""prompt_version"": ""v1"", ""persona"": ""null""}"
"('ethics', 'gametheoryinethics')",game theory in ethics,ethics,4,0,expert,v1,v1,"{""model"": ""llama-3.3-70b-versatile"", ""temperature"": 0, ""date"": ""2025-10-21T05:54:37.291863+00:00"", ""prompt_version"": ""v1"", ""persona"": ""expert""}"
"('ethics', 'gametheoryinethics')",game theory in ethics,ethics,4,0,phd,v1,v1,"{""model"": ""llama-3.3-70b-versatile"", ""temperature"": 0, ""date"": ""2025-10-21T05:54:37.482918+00:00"", ""prompt_version"": ""v1"", ""persona"": ""phd""}"
"('ethics', 'gametheoryinethics')",game theory in ethics,ethics,4,0,null,v1,v1,"{""model"": ""llama-3.3-70b-versatile"", ""temperature"": 0, ""date"": ""2025-10-21T05:54:37.639064+00:00"", ""prompt_version"": ""v1"", ""persona"": ""null""}"
"('cognitivescience', 'kantsviewofthemindandconsciousnessofself')",kant's view of the mind and consciousness of self,cognitive science,2,0,expert,v1,v1,"{""model"": ""llama-3.3-70b-versatile"", ""temperature"": 0, ""date"": ""2025-10-21T05:54:37.791846+00:00"", ""prompt_version"": ""v1"", ""persona"": ""expert""}"
"('cognitivescience', 'kantsviewofthemindandconsciousnessofself')",kant's view of the mind and consciousness of self,cognitive science,3,0,phd,v1,v1,"{""model"": ""llama-3.3-70b-versatile"", ""temperature"": 0, ""date"": ""2025-10-21T05:54:37.941361+00:00"", ""prompt_version"": ""v1"", ""persona"": ""phd""}"
"('cognitivescience', 'kantsviewofthemindandconsciousnessofself')",kant's view of the mind and consciousness of self,cognitive science,2,0,null,v1,v1,"{""model"": ""llama-3.3-70b-versatile"", ""temperature"": 0, ""date"": ""2025-10-21T05:54:38.102431+00:00"", ""prompt_version"": ""v1"", ""persona"": ""null""}"
"('metaphysics', 'realism')",realism,metaphysics,4,0,expert,v1,v1,"{""model"": ""llama-3.3-70b-versatile"", ""temperature"": 0, ""date"": ""2025-10-21T05:54:38.260048+00:00"", ""prompt_version"": ""v1"", ""persona"": ""expert""}"
"('metaphysics', 'realism')",realism,metaphysics,4,0,phd,v1,v1,"{""model"": ""llama-3.3-70b-versatile"", ""temperature"": 0, ""date"": ""2025-10-21T05:54:38.429481+00:00"", ""prompt_version"": ""v1"", ""persona"": ""phd""}"
"('metaphysics', 'realism')",realism,metaphysics,2,0,null,v1,v1,"{""model"": ""llama-3.3-70b-versatile"", ""temperature"": 0, ""date"": ""2025-10-21T05:54:38.592459+00:00"", ""prompt_version"": ""v1"", ""persona"": ""null""}"
"('perception', 'sensedata')",sense-data,perception,4,0,expert,v1,v1,"{""model"": ""llama-3.3-70b-versatile"", ""temperature"": 0, ""date"": ""2025-10-21T05:54:38.781476+00:00"", ""prompt_version"": ""v1"", ""persona"": ""expert""}"
"('perception', 'sensedata')",sense-data,perception,4,0,phd,v1,v1,"{""model"": ""llama-3.3-70b-versatile"", ""temperature"": 0, ""date"": ""2025-10-21T05:54:38.958467+00:00"", ""prompt_version"": ""v1"", ""persona"": ""phd""}"
"('perception', 'sensedata')",sense-data,perception,4,0,null,v1,v1,"{""model"": ""llama-3.3-70b-versatile"", ""temperature"": 0, ""date"": ""2025-10-21T05:54:39.138434+00:00"", ""prompt_version"": ""v1"", ""persona"": ""null""}"
"('continentalphilosophy', 'philosophyofhistory')",philosophy of history,continental philosophy,3,0,expert,v1,v1,"{""model"": ""llama-3.3-70b-versatile"", ""temperature"": 0, ""date"": ""2025-10-21T05:54:39.294929+00:00"", ""prompt_version"": ""v1"", ""persona"": ""expert""}"
"('continentalphilosophy', 'philosophyofhistory')",philosophy of history,continental philosophy,3,0,phd,v1,v1,"{""model"": ""llama-3.3-70b-versatile"", ""temperature"": 0, ""date"": ""2025-10-21T05:54:39.455296+00:00"", ""prompt_version"": ""v1"", ""persona"": ""phd""}"
"('continentalphilosophy', 'philosophyofhistory')",philosophy of history,continental philosophy,3,0,null,v1,v1,"{""model"": ""llama-3.3-70b-versatile"", ""temperature"": 0, ""date"": ""2025-10-21T05:54:39.609058+00:00"", ""prompt_version"": ""v1"", ""persona"": ""null""}"
"('cognitivescience', 'mentalimagery')",mental imagery,cognitive science,4,0,expert,v1,v1,"{""model"": ""llama-3.3-70b-versatile"", ""temperature"": 0, ""date"": ""2025-10-21T05:54:39.766519+00:00"", ""prompt_version"": ""v1"", ""persona"": ""expert""}"
"('cognitivescience', 'mentalimagery')",mental imagery,cognitive science,4,0,phd,v1,v1,"{""model"": ""llama-3.3-70b-versatile"", ""temperature"": 0, ""date"": ""2025-10-21T05:54:39.917009+00:00"", ""prompt_version"": ""v1"", ""persona"": ""phd""}"
"('cognitivescience', 'mentalimagery')",mental imagery,cognitive science,4,0,null,v1,v1,"{""model"": ""llama-3.3-70b-versatile"", ""temperature"": 0, ""date"": ""2025-10-21T05:54:40.088252+00:00"", ""prompt_version"": ""v1"", ""persona"": ""null""}"
"('humeonreligion', 'philosophyofreligion')",hume on religion,philosophy of religion,4,0,expert,v1,v1,"{""model"": ""llama-3.3-70b-versatile"", ""temperature"": 0, ""date"": ""2025-10-21T05:54:40.236454+00:00"", ""prompt_version"": ""v1"", ""persona"": ""expert""}"
"('humeonreligion', 'philosophyofreligion')",hume on religion,philosophy of religion,4,0,phd,v1,v1,"{""model"": ""llama-3.3-70b-versatile"", ""temperature"": 0, ""date"": ""2025-10-21T05:54:40.387198+00:00"", ""prompt_version"": ""v1"", ""persona"": ""phd""}"
"('humeonreligion', 'philosophyofreligion')",hume on religion,philosophy of religion,4,0,null,v1,v1,"{""model"": ""llama-3.3-70b-versatile"", ""temperature"": 0, ""date"": ""2025-10-21T05:54:40.550238+00:00"", ""prompt_version"": ""v1"", ""persona"": ""null""}"
"('epistemology', 'justifiedtruebelief')",justified true belief,epistemology,4,0,expert,v1,v1,"{""model"": ""llama-3.3-70b-versatile"", ""temperature"": 0, ""date"": ""2025-10-21T05:54:40.705522+00:00"", ""prompt_version"": ""v1"", ""persona"": ""expert""}"
"('epistemology', 'justifiedtruebelief')",justified true belief,epistemology,4,0,phd,v1,v1,"{""model"": ""llama-3.3-70b-versatile"", ""temperature"": 0, ""date"": ""2025-10-21T05:54:40.860269+00:00"", ""prompt_version"": ""v1"", ""persona"": ""phd""}"
"('epistemology', 'justifiedtruebelief')",justified true belief,epistemology,4,0,null,v1,v1,"{""model"": ""llama-3.3-70b-versatile"", ""temperature"": 0, ""date"": ""2025-10-21T05:54:41.031790+00:00"", ""prompt_version"": ""v1"", ""persona"": ""null""}"
"('bioethics', 'cloning')",cloning,bioethics,4,0,expert,v1,v1,"{""model"": ""llama-3.3-70b-versatile"", ""temperature"": 0, ""date"": ""2025-10-21T05:54:41.238456+00:00"", ""prompt_version"": ""v1"", ""persona"": ""expert""}"
"('bioethics', 'cloning')",cloning,bioethics,4,0,phd,v1,v1,"{""model"": ""llama-3.3-70b-versatile"", ""temperature"": 0, ""date"": ""2025-10-21T05:54:41.426583+00:00"", ""prompt_version"": ""v1"", ""persona"": ""phd""}"
"('bioethics', 'cloning')",cloning,bioethics,3,0,null,v1,v1,"{""model"": ""llama-3.3-70b-versatile"", ""temperature"": 0, ""date"": ""2025-10-21T05:54:41.659386+00:00"", ""prompt_version"": ""v1"", ""persona"": ""null""}"
"('epistemology', 'knowledge')",knowledge,epistemology,4,0,expert,v1,v1,"{""model"": ""llama-3.3-70b-versatile"", ""temperature"": 0, ""date"": ""2025-10-21T05:54:41.831603+00:00"", ""prompt_version"": ""v1"", ""persona"": ""expert""}"
"('epistemology', 'knowledge')",knowledge,epistemology,4,0,phd,v1,v1,"{""model"": ""llama-3.3-70b-versatile"", ""temperature"": 0, ""date"": ""2025-10-21T05:54:42.016366+00:00"", ""prompt_version"": ""v1"", ""persona"": ""phd""}"
"('epistemology', 'knowledge')",knowledge,epistemology,4,1,null,v1,v1,"{""model"": ""llama-3.3-70b-versatile"", ""temperature"": 0, ""date"": ""2025-10-21T05:54:42.159003+00:00"", ""prompt_version"": ""v1"", ""persona"": ""null""}"
"('civildisobedience', 'philosophyoflaw')",philosophy of law,civil disobedience,3,1,novice,v1,v1,"{""model"": ""llama-3.3-70b-versatile"", ""temperature"": 0, ""date"": ""2025-10-21T05:54:42.298340+00:00"", ""prompt_version"": ""v1"", ""persona"": ""novice""}"
"('civildisobedience', 'philosophyoflaw')",philosophy of law,civil disobedience,3,1,phd,v1,v1,"{""model"": ""llama-3.3-70b-versatile"", ""temperature"": 0, ""date"": ""2025-10-21T05:54:42.438585+00:00"", ""prompt_version"": ""v1"", ""persona"": ""phd""}"
"('civildisobedience', 'philosophyoflaw')",philosophy of law,civil disobedience,3,1,null,v1,v1,"{""model"": ""llama-3.3-70b-versatile"", ""temperature"": 0, ""date"": ""2025-10-21T05:54:42.593241+00:00"", ""prompt_version"": ""v1"", ""persona"": ""null""}"
"('emergence', 'panpsychism')",panpsychism,emergence,2,0,expert,v1,v1,"{""model"": ""llama-3.3-70b-versatile"", ""temperature"": 0, ""date"": ""2025-10-21T05:54:42.786815+00:00"", ""prompt_version"": ""v1"", ""persona"": ""expert""}"
"('emergence', 'panpsychism')",panpsychism,emergence,2,0,phd,v1,v1,"{""model"": ""llama-3.3-70b-versatile"", ""temperature"": 0, ""date"": ""2025-10-21T05:54:42.948976+00:00"", ""prompt_version"": ""v1"", ""persona"": ""phd""}"
"('emergence', 'panpsychism')",panpsychism,emergence,2,3,null,v1,v1,"{""model"": ""llama-3.3-70b-versatile"", ""temperature"": 0, ""date"": ""2025-10-21T05:54:43.116514+00:00"", ""prompt_version"": ""v1"", ""persona"": ""null""}"
"('kantsphilosophyofscience', 'metaphysics')",kant's philosophy of science,metaphysics,3,0,expert,v1,v1,"{""model"": ""llama-3.3-70b-versatile"", ""temperature"": 0, ""date"": ""2025-10-21T05:54:43.263893+00:00"", ""prompt_version"": ""v1"", ""persona"": ""expert""}"
"('kantsphilosophyofscience', 'metaphysics')",kant's philosophy of science,metaphysics,4,0,phd,v1,v1,"{""model"": ""llama-3.3-70b-versatile"", ""temperature"": 0, ""date"": ""2025-10-21T05:54:43.438901+00:00"", ""prompt_version"": ""v1"", ""persona"": ""phd""}"
"('kantsphilosophyofscience', 'metaphysics')",kant's philosophy of science,metaphysics,3,0,null,v1,v1,"{""model"": ""llama-3.3-70b-versatile"", ""temperature"": 0, ""date"": ""2025-10-21T05:54:43.590998+00:00"", ""prompt_version"": ""v1"", ""persona"": ""null""}"
"('historyoflogic', 'medievallogic')",medieval logic,history of logic,4,0,novice,v1,v1,"{""model"": ""llama-3.3-70b-versatile"", ""temperature"": 0, ""date"": ""2025-10-21T05:54:43.783220+00:00"", ""prompt_version"": ""v1"", ""persona"": ""novice""}"
"('historyoflogic', 'medievallogic')",medieval logic,history of logic,4,0,phd,v1,v1,"{""model"": ""llama-3.3-70b-versatile"", ""temperature"": 0, ""date"": ""2025-10-21T05:54:43.939368+00:00"", ""prompt_version"": ""v1"", ""persona"": ""phd""}"
"('historyoflogic', 'medievallogic')",medieval logic,history of logic,4,0,null,v1,v1,"{""model"": ""llama-3.3-70b-versatile"", ""temperature"": 0, ""date"": ""2025-10-21T05:54:44.090674+00:00"", ""prompt_version"": ""v1"", ""persona"": ""null""}"
"('idiolects', 'philosophyoflanguage')",idiolects,philosophy of language,4,0,expert,v1,v1,"{""model"": ""llama-3.3-70b-versatile"", ""temperature"": 0, ""date"": ""2025-10-21T05:54:44.239043+00:00"", ""prompt_version"": ""v1"", ""persona"": ""expert""}"
"('idiolects', 'philosophyoflanguage')",idiolects,philosophy of language,4,0,phd,v1,v1,"{""model"": ""llama-3.3-70b-versatile"", ""temperature"": 0, ""date"": ""2025-10-21T05:54:44.388247+00:00"", ""prompt_version"": ""v1"", ""persona"": ""phd""}"
"('idiolects', 'philosophyoflanguage')",idiolects,philosophy of language,3,0,null,v1,v1,"{""model"": ""llama-3.3-70b-versatile"", ""temperature"": 0, ""date"": ""2025-10-21T05:54:44.552896+00:00"", ""prompt_version"": ""v1"", ""persona"": ""null""}"
"('divineillumination', 'philosophyofmind')",divine illumination,philosophy of mind,2,0,expert,v1,v1,"{""model"": ""llama-3.3-70b-versatile"", ""temperature"": 0, ""date"": ""2025-10-21T05:54:44.716248+00:00"", ""prompt_version"": ""v1"", ""persona"": ""expert""}"
"('divineillumination', 'philosophyofmind')",divine illumination,philosophy of mind,2,0,phd,v1,v1,"{""model"": ""llama-3.3-70b-versatile"", ""temperature"": 0, ""date"": ""2025-10-21T05:54:44.880692+00:00"", ""prompt_version"": ""v1"", ""persona"": ""phd""}"
"('divineillumination', 'philosophyofmind')",divine illumination,philosophy of mind,2,0,null,v1,v1,"{""model"": ""llama-3.3-70b-versatile"", ""temperature"": 0, ""date"": ""2025-10-21T05:54:45.077055+00:00"", ""prompt_version"": ""v1"", ""persona"": ""null""}"
"('consciousness', 'consciousnessandintentionality')",consciousness and intentionality,consciousness,4,0,expert,v1,v1,"{""model"": ""llama-3.3-70b-versatile"", ""temperature"": 0, ""date"": ""2025-10-21T05:54:45.271589+00:00"", ""prompt_version"": ""v1"", ""persona"": ""expert""}"
"('consciousness', 'consciousnessandintentionality')",consciousness and intentionality,consciousness,4,0,phd,v1,v1,"{""model"": ""llama-3.3-70b-versatile"", ""temperature"": 0, ""date"": ""2025-10-21T05:54:45.469196+00:00"", ""prompt_version"": ""v1"", ""persona"": ""phd""}"
"('consciousness', 'consciousnessandintentionality')",consciousness and intentionality,consciousness,4,0,null,v1,v1,"{""model"": ""llama-3.3-70b-versatile"", ""temperature"": 0, ""date"": ""2025-10-21T05:54:45.631559+00:00"", ""prompt_version"": ""v1"", ""persona"": ""null""}"
"('ethnocentrism', 'philosophyofreligion')",ethnocentrism,philosophy of religion,2,0,expert,v1,v1,"{""model"": ""llama-3.3-70b-versatile"", ""temperature"": 0, ""date"": ""2025-10-21T05:54:45.790012+00:00"", ""prompt_version"": ""v1"", ""persona"": ""expert""}"
"('ethnocentrism', 'philosophyofreligion')",ethnocentrism,philosophy of religion,2,0,phd,v1,v1,"{""model"": ""llama-3.3-70b-versatile"", ""temperature"": 0, ""date"": ""2025-10-21T05:54:45.951656+00:00"", ""prompt_version"": ""v1"", ""persona"": ""phd""}"
"('ethnocentrism', 'philosophyofreligion')",ethnocentrism,philosophy of religion,2,0,null,v1,v1,"{""model"": ""llama-3.3-70b-versatile"", ""temperature"": 0, ""date"": ""2025-10-21T05:54:46.099342+00:00"", ""prompt_version"": ""v1"", ""persona"": ""null""}"
"('foundationalism', 'skepticism')",foundationalism,skepticism,3,0,expert,v1,v1,"{""model"": ""llama-3.3-70b-versatile"", ""temperature"": 0, ""date"": ""2025-10-21T05:54:46.253846+00:00"", ""prompt_version"": ""v1"", ""persona"": ""expert""}"
"('foundationalism', 'skepticism')",foundationalism,skepticism,3,3,phd,v1,v1,"{""model"": ""llama-3.3-70b-versatile"", ""temperature"": 0, ""date"": ""2025-10-21T05:54:46.420056+00:00"", ""prompt_version"": ""v1"", ""persona"": ""phd""}"
"('foundationalism', 'skepticism')",foundationalism,skepticism,2,3,null,v1,v1,"{""model"": ""llama-3.3-70b-versatile"", ""temperature"": 0, ""date"": ""2025-10-21T05:54:46.609041+00:00"", ""prompt_version"": ""v1"", ""persona"": ""null""}"
"('folkpsychology', 'philosophyofmind')",folk psychology,philosophy of mind,4,0,expert,v1,v1,"{""model"": ""llama-3.3-70b-versatile"", ""temperature"": 0, ""date"": ""2025-10-21T05:54:46.758098+00:00"", ""prompt_version"": ""v1"", ""persona"": ""expert""}"
"('folkpsychology', 'philosophyofmind')",folk psychology,philosophy of mind,4,0,phd,v1,v1,"{""model"": ""llama-3.3-70b-versatile"", ""temperature"": 0, ""date"": ""2025-10-21T05:54:46.909863+00:00"", ""prompt_version"": ""v1"", ""persona"": ""phd""}"
"('folkpsychology', 'philosophyofmind')",folk psychology,philosophy of mind,4,0,null,v1,v1,"{""model"": ""llama-3.3-70b-versatile"", ""temperature"": 0, ""date"": ""2025-10-21T05:54:47.099618+00:00"", ""prompt_version"": ""v1"", ""persona"": ""null""}"
"('perception', 'qualia')",qualia,perception,4,0,expert,v1,v1,"{""model"": ""llama-3.3-70b-versatile"", ""temperature"": 0, ""date"": ""2025-10-21T05:54:47.249996+00:00"", ""prompt_version"": ""v1"", ""persona"": ""expert""}"
"('perception', 'qualia')",qualia,perception,4,0,phd,v1,v1,"{""model"": ""llama-3.3-70b-versatile"", ""temperature"": 0, ""date"": ""2025-10-21T05:54:47.438654+00:00"", ""prompt_version"": ""v1"", ""persona"": ""phd""}"
"('perception', 'qualia')",qualia,perception,4,0,null,v1,v1,"{""model"": ""llama-3.3-70b-versatile"", ""temperature"": 0, ""date"": ""2025-10-21T05:54:47.619496+00:00"", ""prompt_version"": ""v1"", ""persona"": ""null""}"
"('metaphysics', 'motionandtime')",motion and time,metaphysics,4,0,expert,v1,v1,"{""model"": ""llama-3.3-70b-versatile"", ""temperature"": 0, ""date"": ""2025-10-21T05:54:47.771007+00:00"", ""prompt_version"": ""v1"", ""persona"": ""expert""}"
"('metaphysics', 'motionandtime')",motion and time,metaphysics,4,0,phd,v1,v1,"{""model"": ""llama-3.3-70b-versatile"", ""temperature"": 0, ""date"": ""2025-10-21T05:54:47.923344+00:00"", ""prompt_version"": ""v1"", ""persona"": ""phd""}"
"('metaphysics', 'motionandtime')",motion and time,metaphysics,2,0,null,v1,v1,"{""model"": ""llama-3.3-70b-versatile"", ""temperature"": 0, ""date"": ""2025-10-21T05:54:48.120296+00:00"", ""prompt_version"": ""v1"", ""persona"": ""null""}"
"('metaphysics', 'naturalphilosophy')",natural philosophy,metaphysics,4,0,expert,v1,v1,"{""model"": ""llama-3.3-70b-versatile"", ""temperature"": 0, ""date"": ""2025-10-21T05:54:48.270629+00:00"", ""prompt_version"": ""v1"", ""persona"": ""expert""}"
"('metaphysics', 'naturalphilosophy')",natural philosophy,metaphysics,4,0,phd,v1,v1,"{""model"": ""llama-3.3-70b-versatile"", ""temperature"": 0, ""date"": ""2025-10-21T05:54:48.428136+00:00"", ""prompt_version"": ""v1"", ""persona"": ""phd""}"
"('metaphysics', 'naturalphilosophy')",natural philosophy,metaphysics,4,1,null,v1,v1,"{""model"": ""llama-3.3-70b-versatile"", ""temperature"": 0, ""date"": ""2025-10-21T05:54:48.583088+00:00"", ""prompt_version"": ""v1"", ""persona"": ""null""}"
"('pantheism', 'philosophyofreligion')",pantheism,philosophy of religion,4,0,expert,v1,v1,"{""model"": ""llama-3.3-70b-versatile"", ""temperature"": 0, ""date"": ""2025-10-21T05:54:48.788885+00:00"", ""prompt_version"": ""v1"", ""persona"": ""expert""}"
"('pantheism', 'philosophyofreligion')",pantheism,philosophy of religion,4,0,phd,v1,v1,"{""model"": ""llama-3.3-70b-versatile"", ""temperature"": 0, ""date"": ""2025-10-21T05:54:48.970014+00:00"", ""prompt_version"": ""v1"", ""persona"": ""phd""}"
"('pantheism', 'philosophyofreligion')",pantheism,philosophy of religion,4,0,null,v1,v1,"{""model"": ""llama-3.3-70b-versatile"", ""temperature"": 0, ""date"": ""2025-10-21T05:54:49.129443+00:00"", ""prompt_version"": ""v1"", ""persona"": ""null""}"
"('epistemology', 'naturalizedepistemology')",naturalized epistemology,epistemology,4,0,expert,v1,v1,"{""model"": ""llama-3.3-70b-versatile"", ""temperature"": 0, ""date"": ""2025-10-21T05:54:49.325408+00:00"", ""prompt_version"": ""v1"", ""persona"": ""expert""}"
"('epistemology', 'naturalizedepistemology')",naturalized epistemology,epistemology,4,0,phd,v1,v1,"{""model"": ""llama-3.3-70b-versatile"", ""temperature"": 0, ""date"": ""2025-10-21T05:54:49.482814+00:00"", ""prompt_version"": ""v1"", ""persona"": ""phd""}"
"('epistemology', 'naturalizedepistemology')",naturalized epistemology,epistemology,4,0,null,v1,v1,"{""model"": ""llama-3.3-70b-versatile"", ""temperature"": 0, ""date"": ""2025-10-21T05:54:49.688909+00:00"", ""prompt_version"": ""v1"", ""persona"": ""null""}"
"('logos', 'perception')",logos,perception,2,0,expert,v1,v1,"{""model"": ""llama-3.3-70b-versatile"", ""temperature"": 0, ""date"": ""2025-10-21T05:54:49.883718+00:00"", ""prompt_version"": ""v1"", ""persona"": ""expert""}"
"('logos', 'perception')",logos,perception,2,1,phd,v1,v1,"{""model"": ""llama-3.3-70b-versatile"", ""temperature"": 0, ""date"": ""2025-10-21T05:54:50.073232+00:00"", ""prompt_version"": ""v1"", ""persona"": ""phd""}"
"('logos', 'perception')",logos,perception,2,0,null,v1,v1,"{""model"": ""llama-3.3-70b-versatile"", ""temperature"": 0, ""date"": ""2025-10-21T05:54:50.275353+00:00"", ""prompt_version"": ""v1"", ""persona"": ""null""}"
"('analyticfeminism', 'metaphysics')",analytic feminism,metaphysics,2,0,expert,v1,v1,"{""model"": ""llama-3.3-70b-versatile"", ""temperature"": 0, ""date"": ""2025-10-21T05:54:50.438526+00:00"", ""prompt_version"": ""v1"", ""persona"": ""expert""}"
"('analyticfeminism', 'metaphysics')",analytic feminism,metaphysics,2,0,phd,v1,v1,"{""model"": ""llama-3.3-70b-versatile"", ""temperature"": 0, ""date"": ""2025-10-21T05:54:50.596884+00:00"", ""prompt_version"": ""v1"", ""persona"": ""phd""}"
"('analyticfeminism', 'metaphysics')",analytic feminism,metaphysics,2,0,null,v1,v1,"{""model"": ""llama-3.3-70b-versatile"", ""temperature"": 0, ""date"": ""2025-10-21T05:54:50.766936+00:00"", ""prompt_version"": ""v1"", ""persona"": ""null""}"
"('chinesephilosophy', 'chinesewesterncomparativephilosophy')",chinese-western comparative philosophy,chinese philosophy,4,0,expert,v1,v1,"{""model"": ""llama-3.3-70b-versatile"", ""temperature"": 0, ""date"": ""2025-10-21T05:54:50.945646+00:00"", ""prompt_version"": ""v1"", ""persona"": ""expert""}"
"('chinesephilosophy', 'chinesewesterncomparativephilosophy')",chinese-western comparative philosophy,chinese philosophy,4,0,phd,v1,v1,"{""model"": ""llama-3.3-70b-versatile"", ""temperature"": 0, ""date"": ""2025-10-21T05:54:51.115394+00:00"", ""prompt_version"": ""v1"", ""persona"": ""phd""}"
"('chinesephilosophy', 'chinesewesterncomparativephilosophy')",chinese-western comparative philosophy,chinese philosophy,4,0,null,v1,v1,"{""model"": ""llama-3.3-70b-versatile"", ""temperature"": 0, ""date"": ""2025-10-21T05:54:51.288220+00:00"", ""prompt_version"": ""v1"", ""persona"": ""null""}"
"('koreanphilosophy', 'perception')",korean philosophy,perception,2,0,expert,v1,v1,"{""model"": ""llama-3.3-70b-versatile"", ""temperature"": 0, ""date"": ""2025-10-21T05:54:51.474671+00:00"", ""prompt_version"": ""v1"", ""persona"": ""expert""}"
"('koreanphilosophy', 'perception')",korean philosophy,perception,2,0,phd,v1,v1,"{""model"": ""llama-3.3-70b-versatile"", ""temperature"": 0, ""date"": ""2025-10-21T05:54:51.642975+00:00"", ""prompt_version"": ""v1"", ""persona"": ""phd""}"
"('koreanphilosophy', 'perception')",korean philosophy,perception,2,0,null,v1,v1,"{""model"": ""llama-3.3-70b-versatile"", ""temperature"": 0, ""date"": ""2025-10-21T05:54:51.807194+00:00"", ""prompt_version"": ""v1"", ""persona"": ""null""}"
"('originofaesthetic', 'philosophyofmind')",origin of aesthetic,philosophy of mind,2,0,expert,v1,v1,"{""model"": ""llama-3.3-70b-versatile"", ""temperature"": 0, ""date"": ""2025-10-21T05:54:51.950001+00:00"", ""prompt_version"": ""v1"", ""persona"": ""expert""}"
"('originofaesthetic', 'philosophyofmind')",origin of aesthetic,philosophy of mind,2,0,phd,v1,v1,"{""model"": ""llama-3.3-70b-versatile"", ""temperature"": 0, ""date"": ""2025-10-21T05:54:52.133699+00:00"", ""prompt_version"": ""v1"", ""persona"": ""phd""}"
"('originofaesthetic', 'philosophyofmind')",origin of aesthetic,philosophy of mind,2,0,null,v1,v1,"{""model"": ""llama-3.3-70b-versatile"", ""temperature"": 0, ""date"": ""2025-10-21T05:54:52.323386+00:00"", ""prompt_version"": ""v1"", ""persona"": ""null""}"
"('connectionism', 'trainingset')",connectionism,training set,3,1,course_taker,v1,v1,"{""model"": ""llama-3.3-70b-versatile"", ""temperature"": 0, ""date"": ""2025-10-21T05:54:52.496345+00:00"", ""prompt_version"": ""v1"", ""persona"": ""course_taker""}"
"('connectionism', 'trainingset')",connectionism,training set,3,1,phd,v1,v1,"{""model"": ""llama-3.3-70b-versatile"", ""temperature"": 0, ""date"": ""2025-10-21T05:54:52.644105+00:00"", ""prompt_version"": ""v1"", ""persona"": ""phd""}"
"('connectionism', 'trainingset')",connectionism,training set,2,1,null,v1,v1,"{""model"": ""llama-3.3-70b-versatile"", ""temperature"": 0, ""date"": ""2025-10-21T05:54:52.813296+00:00"", ""prompt_version"": ""v1"", ""persona"": ""null""}"
"('evolution', 'unitsandlevelsofselection')",units and levels of selection,evolution,4,0,expert,v1,v1,"{""model"": ""llama-3.3-70b-versatile"", ""temperature"": 0, ""date"": ""2025-10-21T05:54:52.993406+00:00"", ""prompt_version"": ""v1"", ""persona"": ""expert""}"
"('evolution', 'unitsandlevelsofselection')",units and levels of selection,evolution,4,0,phd,v1,v1,"{""model"": ""llama-3.3-70b-versatile"", ""temperature"": 0, ""date"": ""2025-10-21T05:54:53.148129+00:00"", ""prompt_version"": ""v1"", ""persona"": ""phd""}"
"('evolution', 'unitsandlevelsofselection')",units and levels of selection,evolution,4,0,null,v1,v1,"{""model"": ""llama-3.3-70b-versatile"", ""temperature"": 0, ""date"": ""2025-10-21T05:54:53.297807+00:00"", ""prompt_version"": ""v1"", ""persona"": ""null""}"
"('consciousness', 'consciousnessandcontent')",consciousness and content,consciousness,4,0,expert,v1,v1,"{""model"": ""llama-3.3-70b-versatile"", ""temperature"": 0, ""date"": ""2025-10-21T05:54:53.479979+00:00"", ""prompt_version"": ""v1"", ""persona"": ""expert""}"
"('consciousness', 'consciousnessandcontent')",consciousness and content,consciousness,4,0,phd,v1,v1,"{""model"": ""llama-3.3-70b-versatile"", ""temperature"": 0, ""date"": ""2025-10-21T05:54:53.662315+00:00"", ""prompt_version"": ""v1"", ""persona"": ""phd""}"
"('consciousness', 'consciousnessandcontent')",consciousness and content,consciousness,4,0,null,v1,v1,"{""model"": ""llama-3.3-70b-versatile"", ""temperature"": 0, ""date"": ""2025-10-21T05:54:53.850523+00:00"", ""prompt_version"": ""v1"", ""persona"": ""null""}"
"('perception', 'philosophyofphysics')",philosophy of physics,perception,2,0,expert,v1,v1,"{""model"": ""llama-3.3-70b-versatile"", ""temperature"": 0, ""date"": ""2025-10-21T05:54:54.051869+00:00"", ""prompt_version"": ""v1"", ""persona"": ""expert""}"
"('perception', 'philosophyofphysics')",philosophy of physics,perception,2,0,phd,v1,v1,"{""model"": ""llama-3.3-70b-versatile"", ""temperature"": 0, ""date"": ""2025-10-21T05:54:54.262127+00:00"", ""prompt_version"": ""v1"", ""persona"": ""phd""}"
"('perception', 'philosophyofphysics')",philosophy of physics,perception,2,0,null,v1,v1,"{""model"": ""llama-3.3-70b-versatile"", ""temperature"": 0, ""date"": ""2025-10-21T05:54:54.453004+00:00"", ""prompt_version"": ""v1"", ""persona"": ""null""}"
"('dynamicalsystem', 'supertasks')",supertasks,dynamical system,2,0,expert,v1,v1,"{""model"": ""llama-3.3-70b-versatile"", ""temperature"": 0, ""date"": ""2025-10-21T05:54:54.673795+00:00"", ""prompt_version"": ""v1"", ""persona"": ""expert""}"
"('dynamicalsystem', 'supertasks')",supertasks,dynamical system,2,0,phd,v1,v1,"{""model"": ""llama-3.3-70b-versatile"", ""temperature"": 0, ""date"": ""2025-10-21T05:54:54.875332+00:00"", ""prompt_version"": ""v1"", ""persona"": ""phd""}"
"('dynamicalsystem', 'supertasks')",supertasks,dynamical system,2,0,null,v1,v1,"{""model"": ""llama-3.3-70b-versatile"", ""temperature"": 0, ""date"": ""2025-10-21T05:54:55.068891+00:00"", ""prompt_version"": ""v1"", ""persona"": ""null""}"
"('modularity', 'philosophyofmind')",modularity,philosophy of mind,2,0,expert,v1,v1,"{""model"": ""llama-3.3-70b-versatile"", ""temperature"": 0, ""date"": ""2025-10-21T05:54:55.272025+00:00"", ""prompt_version"": ""v1"", ""persona"": ""expert""}"
"('modularity', 'philosophyofmind')",modularity,philosophy of mind,4,0,phd,v1,v1,"{""model"": ""llama-3.3-70b-versatile"", ""temperature"": 0, ""date"": ""2025-10-21T05:54:55.426720+00:00"", ""prompt_version"": ""v1"", ""persona"": ""phd""}"
"('modularity', 'philosophyofmind')",modularity,philosophy of mind,2,0,null,v1,v1,"{""model"": ""llama-3.3-70b-versatile"", ""temperature"": 0, ""date"": ""2025-10-21T05:54:55.574730+00:00"", ""prompt_version"": ""v1"", ""persona"": ""null""}"
"('logic', 'philosophyofmathematics')",logic,philosophy of mathematics,3,1,course_taker,v1,v1,"{""model"": ""llama-3.3-70b-versatile"", ""temperature"": 0, ""date"": ""2025-10-21T05:54:55.723768+00:00"", ""prompt_version"": ""v1"", ""persona"": ""course_taker""}"
"('logic', 'philosophyofmathematics')",logic,philosophy of mathematics,4,1,phd,v1,v1,"{""model"": ""llama-3.3-70b-versatile"", ""temperature"": 0, ""date"": ""2025-10-21T05:54:55.902044+00:00"", ""prompt_version"": ""v1"", ""persona"": ""phd""}"
"('logic', 'philosophyofmathematics')",logic,philosophy of mathematics,3,1,null,v1,v1,"{""model"": ""llama-3.3-70b-versatile"", ""temperature"": 0, ""date"": ""2025-10-21T05:54:56.050010+00:00"", ""prompt_version"": ""v1"", ""persona"": ""null""}"
"('defeasiblereasoning', 'epistemology')",defeasible reasoning,epistemology,4,0,expert,v1,v1,"{""model"": ""llama-3.3-70b-versatile"", ""temperature"": 0, ""date"": ""2025-10-21T05:54:56.193723+00:00"", ""prompt_version"": ""v1"", ""persona"": ""expert""}"
"('defeasiblereasoning', 'epistemology')",defeasible reasoning,epistemology,4,0,phd,v1,v1,"{""model"": ""llama-3.3-70b-versatile"", ""temperature"": 0, ""date"": ""2025-10-21T05:54:56.387052+00:00"", ""prompt_version"": ""v1"", ""persona"": ""phd""}"
"('defeasiblereasoning', 'epistemology')",defeasible reasoning,epistemology,3,0,null,v1,v1,"{""model"": ""llama-3.3-70b-versatile"", ""temperature"": 0, ""date"": ""2025-10-21T05:54:56.532766+00:00"", ""prompt_version"": ""v1"", ""persona"": ""null""}"
"('descartesontologicalargument', 'perception')",descartes' ontological argument,perception,2,0,expert,v1,v1,"{""model"": ""llama-3.3-70b-versatile"", ""temperature"": 0, ""date"": ""2025-10-21T05:54:56.701998+00:00"", ""prompt_version"": ""v1"", ""persona"": ""expert""}"
"('descartesontologicalargument', 'perception')",descartes' ontological argument,perception,2,0,phd,v1,v1,"{""model"": ""llama-3.3-70b-versatile"", ""temperature"": 0, ""date"": ""2025-10-21T05:54:56.858044+00:00"", ""prompt_version"": ""v1"", ""persona"": ""phd""}"
"('descartesontologicalargument', 'perception')",descartes' ontological argument,perception,2,0,null,v1,v1,"{""model"": ""llama-3.3-70b-versatile"", ""temperature"": 0, ""date"": ""2025-10-21T05:54:57.020096+00:00"", ""prompt_version"": ""v1"", ""persona"": ""null""}"
"('bioethics', 'feministbioethics')",feminist bioethics,bioethics,4,0,expert,v1,v1,"{""model"": ""llama-3.3-70b-versatile"", ""temperature"": 0, ""date"": ""2025-10-21T05:54:57.176841+00:00"", ""prompt_version"": ""v1"", ""persona"": ""expert""}"
"('bioethics', 'feministbioethics')",feminist bioethics,bioethics,4,0,phd,v1,v1,"{""model"": ""llama-3.3-70b-versatile"", ""temperature"": 0, ""date"": ""2025-10-21T05:54:57.331012+00:00"", ""prompt_version"": ""v1"", ""persona"": ""phd""}"
"('bioethics', 'feministbioethics')",feminist bioethics,bioethics,4,0,null,v1,v1,"{""model"": ""llama-3.3-70b-versatile"", ""temperature"": 0, ""date"": ""2025-10-21T05:54:57.527970+00:00"", ""prompt_version"": ""v1"", ""persona"": ""null""}"
"('justifiedtruebelief', 'perception')",justified true belief,perception,2,0,expert,v1,v1,"{""model"": ""llama-3.3-70b-versatile"", ""temperature"": 0, ""date"": ""2025-10-21T05:54:57.691808+00:00"", ""prompt_version"": ""v1"", ""persona"": ""expert""}"
"('justifiedtruebelief', 'perception')",justified true belief,perception,2,0,phd,v1,v1,"{""model"": ""llama-3.3-70b-versatile"", ""temperature"": 0, ""date"": ""2025-10-21T05:54:57.859306+00:00"", ""prompt_version"": ""v1"", ""persona"": ""phd""}"
"('justifiedtruebelief', 'perception')",justified true belief,perception,2,0,null,v1,v1,"{""model"": ""llama-3.3-70b-versatile"", ""temperature"": 0, ""date"": ""2025-10-21T05:54:58.020390+00:00"", ""prompt_version"": ""v1"", ""persona"": ""null""}"
"('philosophyofreligion', 'polytheism')",polytheism,philosophy of religion,3,0,expert,v1,v1,"{""model"": ""llama-3.3-70b-versatile"", ""temperature"": 0, ""date"": ""2025-10-21T05:54:58.169286+00:00"", ""prompt_version"": ""v1"", ""persona"": ""expert""}"
"('philosophyofreligion', 'polytheism')",polytheism,philosophy of religion,3,0,phd,v1,v1,"{""model"": ""llama-3.3-70b-versatile"", ""temperature"": 0, ""date"": ""2025-10-21T05:54:58.350563+00:00"", ""prompt_version"": ""v1"", ""persona"": ""phd""}"
"('philosophyofreligion', 'polytheism')",polytheism,philosophy of religion,3,0,null,v1,v1,"{""model"": ""llama-3.3-70b-versatile"", ""temperature"": 0, ""date"": ""2025-10-21T05:54:58.505904+00:00"", ""prompt_version"": ""v1"", ""persona"": ""null""}"
"('philosophyofmind', 'philosophyofpsychology')",philosophy of psychology,philosophy of mind,4,0,expert,v1,v1,"{""model"": ""llama-3.3-70b-versatile"", ""temperature"": 0, ""date"": ""2025-10-21T05:54:58.689574+00:00"", ""prompt_version"": ""v1"", ""persona"": ""expert""}"
"('philosophyofmind', 'philosophyofpsychology')",philosophy of psychology,philosophy of mind,4,0,phd,v1,v1,"{""model"": ""llama-3.3-70b-versatile"", ""temperature"": 0, ""date"": ""2025-10-21T05:54:58.852302+00:00"", ""prompt_version"": ""v1"", ""persona"": ""phd""}"
"('philosophyofmind', 'philosophyofpsychology')",philosophy of psychology,philosophy of mind,4,0,null,v1,v1,"{""model"": ""llama-3.3-70b-versatile"", ""temperature"": 0, ""date"": ""2025-10-21T05:54:59.036748+00:00"", ""prompt_version"": ""v1"", ""persona"": ""null""}"
"('metaphysics', 'philosophyofscienceandthesciences')",philosophy of science and the sciences,metaphysics,3,0,expert,v1,v1,"{""model"": ""llama-3.3-70b-versatile"", ""temperature"": 0, ""date"": ""2025-10-21T05:54:59.198072+00:00"", ""prompt_version"": ""v1"", ""persona"": ""expert""}"
"('metaphysics', 'philosophyofscienceandthesciences')",philosophy of science and the sciences,metaphysics,3,0,phd,v1,v1,"{""model"": ""llama-3.3-70b-versatile"", ""temperature"": 0, ""date"": ""2025-10-21T05:54:59.352921+00:00"", ""prompt_version"": ""v1"", ""persona"": ""phd""}"
"('metaphysics', 'philosophyofscienceandthesciences')",philosophy of science and the sciences,metaphysics,3,0,null,v1,v1,"{""model"": ""llama-3.3-70b-versatile"", ""temperature"": 0, ""date"": ""2025-10-21T05:54:59.512726+00:00"", ""prompt_version"": ""v1"", ""persona"": ""null""}"
"('consciousness', 'phenomenalconsciousness')",phenomenal consciousness,consciousness,4,0,expert,v1,v1,"{""model"": ""llama-3.3-70b-versatile"", ""temperature"": 0, ""date"": ""2025-10-21T05:54:59.687618+00:00"", ""prompt_version"": ""v1"", ""persona"": ""expert""}"
"('consciousness', 'phenomenalconsciousness')",phenomenal consciousness,consciousness,4,0,phd,v1,v1,"{""model"": ""llama-3.3-70b-versatile"", ""temperature"": 0, ""date"": ""2025-10-21T05:54:59.851002+00:00"", ""prompt_version"": ""v1"", ""persona"": ""phd""}"
"('consciousness', 'phenomenalconsciousness')",phenomenal consciousness,consciousness,4,0,null,v1,v1,"{""model"": ""llama-3.3-70b-versatile"", ""temperature"": 0, ""date"": ""2025-10-21T05:55:00.018968+00:00"", ""prompt_version"": ""v1"", ""persona"": ""null""}"
"('artificialintelligence', 'logicandcomputation')",logic and computation,artificial intelligence,4,0,expert,v1,v1,"{""model"": ""llama-3.3-70b-versatile"", ""temperature"": 0, ""date"": ""2025-10-21T05:55:00.214917+00:00"", ""prompt_version"": ""v1"", ""persona"": ""expert""}"
"('artificialintelligence', 'logicandcomputation')",logic and computation,artificial intelligence,4,0,phd,v1,v1,"{""model"": ""llama-3.3-70b-versatile"", ""temperature"": 0, ""date"": ""2025-10-21T05:55:00.443109+00:00"", ""prompt_version"": ""v1"", ""persona"": ""phd""}"
"('artificialintelligence', 'logicandcomputation')",logic and computation,artificial intelligence,4,0,null,v1,v1,"{""model"": ""llama-3.3-70b-versatile"", ""temperature"": 0, ""date"": ""2025-10-21T05:55:00.597811+00:00"", ""prompt_version"": ""v1"", ""persona"": ""null""}"
"('analysis', 'philosophyofmathematics')",analysis,philosophy of mathematics,2,1,expert,v1,v1,"{""model"": ""llama-3.3-70b-versatile"", ""temperature"": 0, ""date"": ""2025-10-21T05:55:00.774921+00:00"", ""prompt_version"": ""v1"", ""persona"": ""expert""}"
"('analysis', 'philosophyofmathematics')",analysis,philosophy of mathematics,4,1,phd,v1,v1,"{""model"": ""llama-3.3-70b-versatile"", ""temperature"": 0, ""date"": ""2025-10-21T05:55:00.934241+00:00"", ""prompt_version"": ""v1"", ""persona"": ""phd""}"
"('analysis', 'philosophyofmathematics')",analysis,philosophy of mathematics,2,1,null,v1,v1,"{""model"": ""llama-3.3-70b-versatile"", ""temperature"": 0, ""date"": ""2025-10-21T05:55:01.086390+00:00"", ""prompt_version"": ""v1"", ""persona"": ""null""}"
"('metaphysics', 'principleofsufficientreason')",principle of sufficient reason,metaphysics,4,0,expert,v1,v1,"{""model"": ""llama-3.3-70b-versatile"", ""temperature"": 0, ""date"": ""2025-10-21T05:55:01.246451+00:00"", ""prompt_version"": ""v1"", ""persona"": ""expert""}"
"('metaphysics', 'principleofsufficientreason')",principle of sufficient reason,metaphysics,4,0,phd,v1,v1,"{""model"": ""llama-3.3-70b-versatile"", ""temperature"": 0, ""date"": ""2025-10-21T05:55:01.407306+00:00"", ""prompt_version"": ""v1"", ""persona"": ""phd""}"
"('metaphysics', 'principleofsufficientreason')",principle of sufficient reason,metaphysics,4,0,null,v1,v1,"{""model"": ""llama-3.3-70b-versatile"", ""temperature"": 0, ""date"": ""2025-10-21T05:55:01.571554+00:00"", ""prompt_version"": ""v1"", ""persona"": ""null""}"
"('perception', 'unityofconsciousness')",unity of consciousness,perception,4,0,expert,v1,v1,"{""model"": ""llama-3.3-70b-versatile"", ""temperature"": 0, ""date"": ""2025-10-21T05:55:01.746722+00:00"", ""prompt_version"": ""v1"", ""persona"": ""expert""}"
"('perception', 'unityofconsciousness')",unity of consciousness,perception,3,0,phd,v1,v1,"{""model"": ""llama-3.3-70b-versatile"", ""temperature"": 0, ""date"": ""2025-10-21T05:55:01.904023+00:00"", ""prompt_version"": ""v1"", ""persona"": ""phd""}"
"('perception', 'unityofconsciousness')",unity of consciousness,perception,3,0,null,v1,v1,"{""model"": ""llama-3.3-70b-versatile"", ""temperature"": 0, ""date"": ""2025-10-21T05:55:02.088798+00:00"", ""prompt_version"": ""v1"", ""persona"": ""null""}"
"('meaning', 'metaphysics')",meaning,metaphysics,3,0,expert,v1,v1,"{""model"": ""llama-3.3-70b-versatile"", ""temperature"": 0, ""date"": ""2025-10-21T05:55:02.293825+00:00"", ""prompt_version"": ""v1"", ""persona"": ""expert""}"
"('meaning', 'metaphysics')",meaning,metaphysics,2,0,phd,v1,v1,"{""model"": ""llama-3.3-70b-versatile"", ""temperature"": 0, ""date"": ""2025-10-21T05:55:02.499972+00:00"", ""prompt_version"": ""v1"", ""persona"": ""phd""}"
"('meaning', 'metaphysics')",meaning,metaphysics,2,0,null,v1,v1,"{""model"": ""llama-3.3-70b-versatile"", ""temperature"": 0, ""date"": ""2025-10-21T05:55:02.680760+00:00"", ""prompt_version"": ""v1"", ""persona"": ""null""}"
"('philosophiesoftheparticularsciences', 'philosophyofscienceandthesciences')",philosophies of the particular sciences,philosophy of science and the sciences,4,0,expert,v1,v1,"{""model"": ""llama-3.3-70b-versatile"", ""temperature"": 0, ""date"": ""2025-10-21T05:55:02.875157+00:00"", ""prompt_version"": ""v1"", ""persona"": ""expert""}"
"('philosophiesoftheparticularsciences', 'philosophyofscienceandthesciences')",philosophies of the particular sciences,philosophy of science and the sciences,4,0,phd,v1,v1,"{""model"": ""llama-3.3-70b-versatile"", ""temperature"": 0, ""date"": ""2025-10-21T05:55:03.019871+00:00"", ""prompt_version"": ""v1"", ""persona"": ""phd""}"
"('philosophiesoftheparticularsciences', 'philosophyofscienceandthesciences')",philosophies of the particular sciences,philosophy of science and the sciences,4,2,null,v1,v1,"{""model"": ""llama-3.3-70b-versatile"", ""temperature"": 0, ""date"": ""2025-10-21T05:55:03.189563+00:00"", ""prompt_version"": ""v1"", ""persona"": ""null""}"
"('metaphysics', 'mind')",mind,metaphysics,4,0,expert,v1,v1,"{""model"": ""llama-3.3-70b-versatile"", ""temperature"": 0, ""date"": ""2025-10-21T05:55:03.351332+00:00"", ""prompt_version"": ""v1"", ""persona"": ""expert""}"
"('metaphysics', 'mind')",mind,metaphysics,4,0,phd,v1,v1,"{""model"": ""llama-3.3-70b-versatile"", ""temperature"": 0, ""date"": ""2025-10-21T05:55:03.539381+00:00"", ""prompt_version"": ""v1"", ""persona"": ""phd""}"
"('metaphysics', 'mind')",mind,metaphysics,2,0,null,v1,v1,"{""model"": ""llama-3.3-70b-versatile"", ""temperature"": 0, ""date"": ""2025-10-21T05:55:03.706818+00:00"", ""prompt_version"": ""v1"", ""persona"": ""null""}"
"('epistemology', 'propernames')",proper names,epistemology,2,0,expert,v1,v1,"{""model"": ""llama-3.3-70b-versatile"", ""temperature"": 0, ""date"": ""2025-10-21T05:55:03.887333+00:00"", ""prompt_version"": ""v1"", ""persona"": ""expert""}"
"('epistemology', 'propernames')",proper names,epistemology,2,0,phd,v1,v1,"{""model"": ""llama-3.3-70b-versatile"", ""temperature"": 0, ""date"": ""2025-10-21T05:55:04.074432+00:00"", ""prompt_version"": ""v1"", ""persona"": ""phd""}"
"('epistemology', 'propernames')",proper names,epistemology,1,0,null,v1,v1,"{""model"": ""llama-3.3-70b-versatile"", ""temperature"": 0, ""date"": ""2025-10-21T05:55:04.280171+00:00"", ""prompt_version"": ""v1"", ""persona"": ""null""}"
"('metaphysics', 'simultaneity')",simultaneity,metaphysics,4,0,expert,v1,v1,"{""model"": ""llama-3.3-70b-versatile"", ""temperature"": 0, ""date"": ""2025-10-21T05:55:04.490230+00:00"", ""prompt_version"": ""v1"", ""persona"": ""expert""}"
"('metaphysics', 'simultaneity')",simultaneity,metaphysics,3,0,phd,v1,v1,"{""model"": ""llama-3.3-70b-versatile"", ""temperature"": 0, ""date"": ""2025-10-21T05:55:04.673479+00:00"", ""prompt_version"": ""v1"", ""persona"": ""phd""}"
"('metaphysics', 'simultaneity')",simultaneity,metaphysics,3,0,null,v1,v1,"{""model"": ""llama-3.3-70b-versatile"", ""temperature"": 0, ""date"": ""2025-10-21T05:55:04.851060+00:00"", ""prompt_version"": ""v1"", ""persona"": ""null""}"
"('philosophyofmathematics', 'settheory')",philosophy of mathematics,set theory,4,1,expert,v1,v1,"{""model"": ""llama-3.3-70b-versatile"", ""temperature"": 0, ""date"": ""2025-10-21T05:55:05.037761+00:00"", ""prompt_version"": ""v1"", ""persona"": ""expert""}"
"('philosophyofmathematics', 'settheory')",philosophy of mathematics,set theory,4,1,phd,v1,v1,"{""model"": ""llama-3.3-70b-versatile"", ""temperature"": 0, ""date"": ""2025-10-21T05:55:05.215341+00:00"", ""prompt_version"": ""v1"", ""persona"": ""phd""}"
"('philosophyofmathematics', 'settheory')",philosophy of mathematics,set theory,3,1,null,v1,v1,"{""model"": ""llama-3.3-70b-versatile"", ""temperature"": 0, ""date"": ""2025-10-21T05:55:05.360636+00:00"", ""prompt_version"": ""v1"", ""persona"": ""null""}"
"('historyoflogic', 'medievaltheoriesofthesyllogism')",medieval theories of the syllogism,history of logic,4,0,novice,v1,v1,"{""model"": ""llama-3.3-70b-versatile"", ""temperature"": 0, ""date"": ""2025-10-21T05:55:05.516205+00:00"", ""prompt_version"": ""v1"", ""persona"": ""novice""}"
"('historyoflogic', 'medievaltheoriesofthesyllogism')",medieval theories of the syllogism,history of logic,4,0,phd,v1,v1,"{""model"": ""llama-3.3-70b-versatile"", ""temperature"": 0, ""date"": ""2025-10-21T05:55:05.697795+00:00"", ""prompt_version"": ""v1"", ""persona"": ""phd""}"
"('historyoflogic', 'medievaltheoriesofthesyllogism')",medieval theories of the syllogism,history of logic,4,0,null,v1,v1,"{""model"": ""llama-3.3-70b-versatile"", ""temperature"": 0, ""date"": ""2025-10-21T05:55:05.886709+00:00"", ""prompt_version"": ""v1"", ""persona"": ""null""}"
"('metaphysicsofmind', 'panpsychism')",panpsychism,metaphysics of mind,4,0,expert,v1,v1,"{""model"": ""llama-3.3-70b-versatile"", ""temperature"": 0, ""date"": ""2025-10-21T05:55:06.078452+00:00"", ""prompt_version"": ""v1"", ""persona"": ""expert""}"
"('metaphysicsofmind', 'panpsychism')",panpsychism,metaphysics of mind,4,0,phd,v1,v1,"{""model"": ""llama-3.3-70b-versatile"", ""temperature"": 0, ""date"": ""2025-10-21T05:55:06.233443+00:00"", ""prompt_version"": ""v1"", ""persona"": ""phd""}"
"('metaphysicsofmind', 'panpsychism')",panpsychism,metaphysics of mind,4,0,null,v1,v1,"{""model"": ""llama-3.3-70b-versatile"", ""temperature"": 0, ""date"": ""2025-10-21T05:55:06.426684+00:00"", ""prompt_version"": ""v1"", ""persona"": ""null""}"
"('philosophyofmind', 'symbolicprocessing')",symbolic processing,philosophy of mind,3,0,expert,v1,v1,"{""model"": ""llama-3.3-70b-versatile"", ""temperature"": 0, ""date"": ""2025-10-21T05:55:06.582773+00:00"", ""prompt_version"": ""v1"", ""persona"": ""expert""}"
"('philosophyofmind', 'symbolicprocessing')",symbolic processing,philosophy of mind,4,0,phd,v1,v1,"{""model"": ""llama-3.3-70b-versatile"", ""temperature"": 0, ""date"": ""2025-10-21T05:55:06.750006+00:00"", ""prompt_version"": ""v1"", ""persona"": ""phd""}"
"('philosophyofmind', 'symbolicprocessing')",symbolic processing,philosophy of mind,2,0,null,v1,v1,"{""model"": ""llama-3.3-70b-versatile"", ""temperature"": 0, ""date"": ""2025-10-21T05:55:06.926017+00:00"", ""prompt_version"": ""v1"", ""persona"": ""null""}"
"('modernphilosophy', 'philosophyofmind')",modern philosophy,philosophy of mind,3,1,expert,v1,v1,"{""model"": ""llama-3.3-70b-versatile"", ""temperature"": 0, ""date"": ""2025-10-21T05:55:07.107516+00:00"", ""prompt_version"": ""v1"", ""persona"": ""expert""}"
"('modernphilosophy', 'philosophyofmind')",modern philosophy,philosophy of mind,3,1,phd,v1,v1,"{""model"": ""llama-3.3-70b-versatile"", ""temperature"": 0, ""date"": ""2025-10-21T05:55:07.289329+00:00"", ""prompt_version"": ""v1"", ""persona"": ""phd""}"
"('modernphilosophy', 'philosophyofmind')",modern philosophy,philosophy of mind,3,1,null,v1,v1,"{""model"": ""llama-3.3-70b-versatile"", ""temperature"": 0, ""date"": ""2025-10-21T05:55:07.476445+00:00"", ""prompt_version"": ""v1"", ""persona"": ""null""}"
"('chineseroomargument', 'cognitivescience')",chinese room argument,cognitive science,4,0,expert,v1,v1,"{""model"": ""llama-3.3-70b-versatile"", ""temperature"": 0, ""date"": ""2025-10-21T05:55:07.672437+00:00"", ""prompt_version"": ""v1"", ""persona"": ""expert""}"
"('chineseroomargument', 'cognitivescience')",chinese room argument,cognitive science,4,0,phd,v1,v1,"{""model"": ""llama-3.3-70b-versatile"", ""temperature"": 0, ""date"": ""2025-10-21T05:55:07.858315+00:00"", ""prompt_version"": ""v1"", ""persona"": ""phd""}"
"('chineseroomargument', 'cognitivescience')",chinese room argument,cognitive science,4,0,null,v1,v1,"{""model"": ""llama-3.3-70b-versatile"", ""temperature"": 0, ""date"": ""2025-10-21T05:55:08.043881+00:00"", ""prompt_version"": ""v1"", ""persona"": ""null""}"
"('arabicphilosophyandislamicphilosophy', 'metaphysics')",arabic philosophy and islamic philosophy,metaphysics,4,0,expert,v1,v1,"{""model"": ""llama-3.3-70b-versatile"", ""temperature"": 0, ""date"": ""2025-10-21T05:55:08.237168+00:00"", ""prompt_version"": ""v1"", ""persona"": ""expert""}"
"('arabicphilosophyandislamicphilosophy', 'metaphysics')",arabic philosophy and islamic philosophy,metaphysics,4,0,phd,v1,v1,"{""model"": ""llama-3.3-70b-versatile"", ""temperature"": 0, ""date"": ""2025-10-21T05:55:08.461132+00:00"", ""prompt_version"": ""v1"", ""persona"": ""phd""}"
"('arabicphilosophyandislamicphilosophy', 'metaphysics')",arabic philosophy and islamic philosophy,metaphysics,3,0,null,v1,v1,"{""model"": ""llama-3.3-70b-versatile"", ""temperature"": 0, ""date"": ""2025-10-21T05:55:08.643650+00:00"", ""prompt_version"": ""v1"", ""persona"": ""null""}"
"('consciousness', 'higherordertheoriesofconsciousness')",higher-order theories of consciousness,consciousness,4,0,expert,v1,v1,"{""model"": ""llama-3.3-70b-versatile"", ""temperature"": 0, ""date"": ""2025-10-21T05:55:08.816243+00:00"", ""prompt_version"": ""v1"", ""persona"": ""expert""}"
"('consciousness', 'higherordertheoriesofconsciousness')",higher-order theories of consciousness,consciousness,4,0,phd,v1,v1,"{""model"": ""llama-3.3-70b-versatile"", ""temperature"": 0, ""date"": ""2025-10-21T05:55:08.970183+00:00"", ""prompt_version"": ""v1"", ""persona"": ""phd""}"
"('consciousness', 'higherordertheoriesofconsciousness')",higher-order theories of consciousness,consciousness,4,0,null,v1,v1,"{""model"": ""llama-3.3-70b-versatile"", ""temperature"": 0, ""date"": ""2025-10-21T05:55:09.122518+00:00"", ""prompt_version"": ""v1"", ""persona"": ""null""}"
"('afterlife', 'meaningoflife')",meaning of life,afterlife,2,1,expert,v1,v1,"{""model"": ""llama-3.3-70b-versatile"", ""temperature"": 0, ""date"": ""2025-10-21T05:55:09.293585+00:00"", ""prompt_version"": ""v1"", ""persona"": ""expert""}"
"('afterlife', 'meaningoflife')",meaning of life,afterlife,2,1,phd,v1,v1,"{""model"": ""llama-3.3-70b-versatile"", ""temperature"": 0, ""date"": ""2025-10-21T05:55:09.490515+00:00"", ""prompt_version"": ""v1"", ""persona"": ""phd""}"
"('afterlife', 'meaningoflife')",meaning of life,afterlife,3,1,null,v1,v1,"{""model"": ""llama-3.3-70b-versatile"", ""temperature"": 0, ""date"": ""2025-10-21T05:55:09.675791+00:00"", ""prompt_version"": ""v1"", ""persona"": ""null""}"
"('philosophyofmind', 'syntacticanalysis')",syntactic analysis,philosophy of mind,2,0,expert,v1,v1,"{""model"": ""llama-3.3-70b-versatile"", ""temperature"": 0, ""date"": ""2025-10-21T05:55:09.851097+00:00"", ""prompt_version"": ""v1"", ""persona"": ""expert""}"
"('philosophyofmind', 'syntacticanalysis')",syntactic analysis,philosophy of mind,2,0,phd,v1,v1,"{""model"": ""llama-3.3-70b-versatile"", ""temperature"": 0, ""date"": ""2025-10-21T05:55:10.037279+00:00"", ""prompt_version"": ""v1"", ""persona"": ""phd""}"
"('philosophyofmind', 'syntacticanalysis')",syntactic analysis,philosophy of mind,1,3,null,v1,v1,"{""model"": ""llama-3.3-70b-versatile"", ""temperature"": 0, ""date"": ""2025-10-21T05:55:10.205612+00:00"", ""prompt_version"": ""v1"", ""persona"": ""null""}"
"('metaphysics', 'universals')",universals,metaphysics,4,0,expert,v1,v1,"{""model"": ""llama-3.3-70b-versatile"", ""temperature"": 0, ""date"": ""2025-10-21T05:55:10.381835+00:00"", ""prompt_version"": ""v1"", ""persona"": ""expert""}"
"('metaphysics', 'universals')",universals,metaphysics,4,0,phd,v1,v1,"{""model"": ""llama-3.3-70b-versatile"", ""temperature"": 0, ""date"": ""2025-10-21T05:55:10.556660+00:00"", ""prompt_version"": ""v1"", ""persona"": ""phd""}"
"('metaphysics', 'universals')",universals,metaphysics,4,0,null,v1,v1,"{""model"": ""llama-3.3-70b-versatile"", ""temperature"": 0, ""date"": ""2025-10-21T05:55:10.703391+00:00"", ""prompt_version"": ""v1"", ""persona"": ""null""}"
"('epistemology', 'matter')",matter,epistemology,1,3,expert,v1,v1,"{""model"": ""llama-3.3-70b-versatile"", ""temperature"": 0, ""date"": ""2025-10-21T05:55:10.873596+00:00"", ""prompt_version"": ""v1"", ""persona"": ""expert""}"
"('epistemology', 'matter')",matter,epistemology,1,3,phd,v1,v1,"{""model"": ""llama-3.3-70b-versatile"", ""temperature"": 0, ""date"": ""2025-10-21T05:55:11.048890+00:00"", ""prompt_version"": ""v1"", ""persona"": ""phd""}"
"('epistemology', 'matter')",matter,epistemology,0,-1,null,v1,v1,"{""model"": ""llama-3.3-70b-versatile"", ""temperature"": 0, ""date"": ""2025-10-21T05:55:11.217296+00:00"", ""prompt_version"": ""v1"", ""persona"": ""null""}"
"('philosophyofreligion', 'religiousexperience')",philosophy of religion,religious experience,4,1,course_taker,v1,v1,"{""model"": ""llama-3.3-70b-versatile"", ""temperature"": 0, ""date"": ""2025-10-21T05:55:11.406176+00:00"", ""prompt_version"": ""v1"", ""persona"": ""course_taker""}"
"('philosophyofreligion', 'religiousexperience')",philosophy of religion,religious experience,4,1,expert,v1,v1,"{""model"": ""llama-3.3-70b-versatile"", ""temperature"": 0, ""date"": ""2025-10-21T05:55:11.553625+00:00"", ""prompt_version"": ""v1"", ""persona"": ""expert""}"
"('philosophyofreligion', 'religiousexperience')",philosophy of religion,religious experience,4,1,null,v1,v1,"{""model"": ""llama-3.3-70b-versatile"", ""temperature"": 0, ""date"": ""2025-10-21T05:55:11.699399+00:00"", ""prompt_version"": ""v1"", ""persona"": ""null""}"
"('interpretation', 'judaicphilosophy')",judaic philosophy,interpretation,2,0,course_taker,v1,v1,"{""model"": ""llama-3.3-70b-versatile"", ""temperature"": 0, ""date"": ""2025-10-21T05:55:11.913835+00:00"", ""prompt_version"": ""v1"", ""persona"": ""course_taker""}"
"('interpretation', 'judaicphilosophy')",judaic philosophy,interpretation,3,0,expert,v1,v1,"{""model"": ""llama-3.3-70b-versatile"", ""temperature"": 0, ""date"": ""2025-10-21T05:55:12.075201+00:00"", ""prompt_version"": ""v1"", ""persona"": ""expert""}"
"('interpretation', 'judaicphilosophy')",judaic philosophy,interpretation,3,0,null,v1,v1,"{""model"": ""llama-3.3-70b-versatile"", ""temperature"": 0, ""date"": ""2025-10-21T05:55:12.265651+00:00"", ""prompt_version"": ""v1"", ""persona"": ""null""}"
"('epistemology', 'philosophyofscienceandthesciences')",philosophy of science and the sciences,epistemology,4,0,expert,v1,v1,"{""model"": ""llama-3.3-70b-versatile"", ""temperature"": 0, ""date"": ""2025-10-21T05:55:12.453715+00:00"", ""prompt_version"": ""v1"", ""persona"": ""expert""}"
"('epistemology', 'philosophyofscienceandthesciences')",philosophy of science and the sciences,epistemology,3,0,phd,v1,v1,"{""model"": ""llama-3.3-70b-versatile"", ""temperature"": 0, ""date"": ""2025-10-21T05:55:12.644173+00:00"", ""prompt_version"": ""v1"", ""persona"": ""phd""}"
"('epistemology', 'philosophyofscienceandthesciences')",philosophy of science and the sciences,epistemology,4,0,null,v1,v1,"{""model"": ""llama-3.3-70b-versatile"", ""temperature"": 0, ""date"": ""2025-10-21T05:55:12.822116+00:00"", ""prompt_version"": ""v1"", ""persona"": ""null""}"
"('causeandeffect', 'perception')",cause and effect,perception,2,1,expert,v1,v1,"{""model"": ""llama-3.3-70b-versatile"", ""temperature"": 0, ""date"": ""2025-10-21T05:55:12.967034+00:00"", ""prompt_version"": ""v1"", ""persona"": ""expert""}"
"('causeandeffect', 'perception')",cause and effect,perception,2,1,phd,v1,v1,"{""model"": ""llama-3.3-70b-versatile"", ""temperature"": 0, ""date"": ""2025-10-21T05:55:13.118815+00:00"", ""prompt_version"": ""v1"", ""persona"": ""phd""}"
"('causeandeffect', 'perception')",cause and effect,perception,2,1,null,v1,v1,"{""model"": ""llama-3.3-70b-versatile"", ""temperature"": 0, ""date"": ""2025-10-21T05:55:13.274478+00:00"", ""prompt_version"": ""v1"", ""persona"": ""null""}"
"('chinesephilosophy', 'westernphilosophy')",western philosophy,chinese philosophy,2,3,expert,v1,v1,"{""model"": ""llama-3.3-70b-versatile"", ""temperature"": 0, ""date"": ""2025-10-21T05:55:13.429084+00:00"", ""prompt_version"": ""v1"", ""persona"": ""expert""}"
"('chinesephilosophy', 'westernphilosophy')",western philosophy,chinese philosophy,2,3,phd,v1,v1,"{""model"": ""llama-3.3-70b-versatile"", ""temperature"": 0, ""date"": ""2025-10-21T05:55:13.614672+00:00"", ""prompt_version"": ""v1"", ""persona"": ""phd""}"
"('chinesephilosophy', 'westernphilosophy')",western philosophy,chinese philosophy,3,3,null,v1,v1,"{""model"": ""llama-3.3-70b-versatile"", ""temperature"": 0, ""date"": ""2025-10-21T05:55:13.767535+00:00"", ""prompt_version"": ""v1"", ""persona"": ""null""}"
"('naturallaw', 'philosophyoflaw')",natural law,philosophy of law,4,0,expert,v1,v1,"{""model"": ""llama-3.3-70b-versatile"", ""temperature"": 0, ""date"": ""2025-10-21T05:55:13.946821+00:00"", ""prompt_version"": ""v1"", ""persona"": ""expert""}"
"('naturallaw', 'philosophyoflaw')",natural law,philosophy of law,4,0,phd,v1,v1,"{""model"": ""llama-3.3-70b-versatile"", ""temperature"": 0, ""date"": ""2025-10-21T05:55:14.104771+00:00"", ""prompt_version"": ""v1"", ""persona"": ""phd""}"
"('naturallaw', 'philosophyoflaw')",natural law,philosophy of law,4,0,null,v1,v1,"{""model"": ""llama-3.3-70b-versatile"", ""temperature"": 0, ""date"": ""2025-10-21T05:55:14.298848+00:00"", ""prompt_version"": ""v1"", ""persona"": ""null""}"
"('chinesephilosophy', 'zenbuddhism')",zen buddhism,chinese philosophy,3,0,expert,v1,v1,"{""model"": ""llama-3.3-70b-versatile"", ""temperature"": 0, ""date"": ""2025-10-21T05:55:14.475781+00:00"", ""prompt_version"": ""v1"", ""persona"": ""expert""}"
"('chinesephilosophy', 'zenbuddhism')",zen buddhism,chinese philosophy,3,0,phd,v1,v1,"{""model"": ""llama-3.3-70b-versatile"", ""temperature"": 0, ""date"": ""2025-10-21T05:55:14.641883+00:00"", ""prompt_version"": ""v1"", ""persona"": ""phd""}"
"('chinesephilosophy', 'zenbuddhism')",zen buddhism,chinese philosophy,2,0,null,v1,v1,"{""model"": ""llama-3.3-70b-versatile"", ""temperature"": 0, ""date"": ""2025-10-21T05:55:14.824036+00:00"", ""prompt_version"": ""v1"", ""persona"": ""null""}"
"('metaphysics', 'metaphysicsofscience')",metaphysics of science,metaphysics,4,0,expert,v1,v1,"{""model"": ""llama-3.3-70b-versatile"", ""temperature"": 0, ""date"": ""2025-10-21T05:55:14.984522+00:00"", ""prompt_version"": ""v1"", ""persona"": ""expert""}"
"('metaphysics', 'metaphysicsofscience')",metaphysics of science,metaphysics,4,0,phd,v1,v1,"{""model"": ""llama-3.3-70b-versatile"", ""temperature"": 0, ""date"": ""2025-10-21T05:55:15.141957+00:00"", ""prompt_version"": ""v1"", ""persona"": ""phd""}"
"('metaphysics', 'metaphysicsofscience')",metaphysics of science,metaphysics,4,0,null,v1,v1,"{""model"": ""llama-3.3-70b-versatile"", ""temperature"": 0, ""date"": ""2025-10-21T05:55:15.302947+00:00"", ""prompt_version"": ""v1"", ""persona"": ""null""}"
"('cognitivescience', 'philosophyofscienceandthesciences')",cognitive science,philosophy of science and the sciences,4,0,expert,v1,v1,"{""model"": ""llama-3.3-70b-versatile"", ""temperature"": 0, ""date"": ""2025-10-21T05:55:15.454265+00:00"", ""prompt_version"": ""v1"", ""persona"": ""expert""}"
"('cognitivescience', 'philosophyofscienceandthesciences')",cognitive science,philosophy of science and the sciences,4,0,phd,v1,v1,"{""model"": ""llama-3.3-70b-versatile"", ""temperature"": 0, ""date"": ""2025-10-21T05:55:15.606304+00:00"", ""prompt_version"": ""v1"", ""persona"": ""phd""}"
"('cognitivescience', 'philosophyofscienceandthesciences')",cognitive science,philosophy of science and the sciences,3,0,null,v1,v1,"{""model"": ""llama-3.3-70b-versatile"", ""temperature"": 0, ""date"": ""2025-10-21T05:55:15.774300+00:00"", ""prompt_version"": ""v1"", ""persona"": ""null""}"
"('metaphysics', 'modernphilosophy')",modern philosophy,metaphysics,3,1,expert,v1,v1,"{""model"": ""llama-3.3-70b-versatile"", ""temperature"": 0, ""date"": ""2025-10-21T05:55:15.926197+00:00"", ""prompt_version"": ""v1"", ""persona"": ""expert""}"
"('metaphysics', 'modernphilosophy')",modern philosophy,metaphysics,3,1,phd,v1,v1,"{""model"": ""llama-3.3-70b-versatile"", ""temperature"": 0, ""date"": ""2025-10-21T05:55:16.122174+00:00"", ""prompt_version"": ""v1"", ""persona"": ""phd""}"
"('metaphysics', 'modernphilosophy')",modern philosophy,metaphysics,4,1,null,v1,v1,"{""model"": ""llama-3.3-70b-versatile"", ""temperature"": 0, ""date"": ""2025-10-21T05:55:16.305264+00:00"", ""prompt_version"": ""v1"", ""persona"": ""null""}"
"('metaphysics', 'personalidentityandethics')",personal identity and ethics,metaphysics,2,0,expert,v1,v1,"{""model"": ""llama-3.3-70b-versatile"", ""temperature"": 0, ""date"": ""2025-10-21T05:55:16.476920+00:00"", ""prompt_version"": ""v1"", ""persona"": ""expert""}"
"('metaphysics', 'personalidentityandethics')",personal identity and ethics,metaphysics,3,0,phd,v1,v1,"{""model"": ""llama-3.3-70b-versatile"", ""temperature"": 0, ""date"": ""2025-10-21T05:55:16.631003+00:00"", ""prompt_version"": ""v1"", ""persona"": ""phd""}"
"('metaphysics', 'personalidentityandethics')",personal identity and ethics,metaphysics,2,0,null,v1,v1,"{""model"": ""llama-3.3-70b-versatile"", ""temperature"": 0, ""date"": ""2025-10-21T05:55:16.819135+00:00"", ""prompt_version"": ""v1"", ""persona"": ""null""}"
"('perception', 'unitarianism')",unitarianism,perception,0,-1,expert,v1,v1,"{""model"": ""llama-3.3-70b-versatile"", ""temperature"": 0, ""date"": ""2025-10-21T05:55:17.014904+00:00"", ""prompt_version"": ""v1"", ""persona"": ""expert""}"
"('perception', 'unitarianism')",unitarianism,perception,1,3,phd,v1,v1,"{""model"": ""llama-3.3-70b-versatile"", ""temperature"": 0, ""date"": ""2025-10-21T05:55:17.223665+00:00"", ""prompt_version"": ""v1"", ""persona"": ""phd""}"
"('perception', 'unitarianism')",unitarianism,perception,0,-1,null,v1,v1,"{""model"": ""llama-3.3-70b-versatile"", ""temperature"": 0, ""date"": ""2025-10-21T05:55:17.371589+00:00"", ""prompt_version"": ""v1"", ""persona"": ""null""}"
"('epistemology', 'feministepistemologyandphilosophyofscience')",feminist epistemology and philosophy of science,epistemology,4,0,expert,v1,v1,"{""model"": ""llama-3.3-70b-versatile"", ""temperature"": 0, ""date"": ""2025-10-21T05:55:17.520813+00:00"", ""prompt_version"": ""v1"", ""persona"": ""expert""}"
"('epistemology', 'feministepistemologyandphilosophyofscience')",feminist epistemology and philosophy of science,epistemology,4,0,phd,v1,v1,"{""model"": ""llama-3.3-70b-versatile"", ""temperature"": 0, ""date"": ""2025-10-21T05:55:17.728974+00:00"", ""prompt_version"": ""v1"", ""persona"": ""phd""}"
"('epistemology', 'feministepistemologyandphilosophyofscience')",feminist epistemology and philosophy of science,epistemology,4,0,null,v1,v1,"{""model"": ""llama-3.3-70b-versatile"", ""temperature"": 0, ""date"": ""2025-10-21T05:55:17.880317+00:00"", ""prompt_version"": ""v1"", ""persona"": ""null""}"
"('18thcenturygermanaesthetics', 'metaphysics')",18th century german aesthetics,metaphysics,2,0,expert,v1,v1,"{""model"": ""llama-3.3-70b-versatile"", ""temperature"": 0, ""date"": ""2025-10-21T05:55:18.036842+00:00"", ""prompt_version"": ""v1"", ""persona"": ""expert""}"
"('18thcenturygermanaesthetics', 'metaphysics')",18th century german aesthetics,metaphysics,2,0,phd,v1,v1,"{""model"": ""llama-3.3-70b-versatile"", ""temperature"": 0, ""date"": ""2025-10-21T05:55:18.211673+00:00"", ""prompt_version"": ""v1"", ""persona"": ""phd""}"
"('18thcenturygermanaesthetics', 'metaphysics')",18th century german aesthetics,metaphysics,2,0,null,v1,v1,"{""model"": ""llama-3.3-70b-versatile"", ""temperature"": 0, ""date"": ""2025-10-21T05:55:18.397790+00:00"", ""prompt_version"": ""v1"", ""persona"": ""null""}"
"('activationvalue', 'folkpsychology')",activation value,folk psychology,1,0,expert,v1,v1,"{""model"": ""llama-3.3-70b-versatile"", ""temperature"": 0, ""date"": ""2025-10-21T05:55:18.564286+00:00"", ""prompt_version"": ""v1"", ""persona"": ""expert""}"
"('activationvalue', 'folkpsychology')",activation value,folk psychology,2,0,phd,v1,v1,"{""model"": ""llama-3.3-70b-versatile"", ""temperature"": 0, ""date"": ""2025-10-21T05:55:18.717074+00:00"", ""prompt_version"": ""v1"", ""persona"": ""phd""}"
"('activationvalue', 'folkpsychology')",activation value,folk psychology,1,3,null,v1,v1,"{""model"": ""llama-3.3-70b-versatile"", ""temperature"": 0, ""date"": ""2025-10-21T05:55:18.928021+00:00"", ""prompt_version"": ""v1"", ""persona"": ""null""}"
"('hilbertsprogram', 'philosophyofmathematics')",hilbert's program,philosophy of mathematics,4,0,course_taker,v1,v1,"{""model"": ""llama-3.3-70b-versatile"", ""temperature"": 0, ""date"": ""2025-10-21T05:55:19.118935+00:00"", ""prompt_version"": ""v1"", ""persona"": ""course_taker""}"
"('hilbertsprogram', 'philosophyofmathematics')",hilbert's program,philosophy of mathematics,4,0,phd,v1,v1,"{""model"": ""llama-3.3-70b-versatile"", ""temperature"": 0, ""date"": ""2025-10-21T05:55:19.313279+00:00"", ""prompt_version"": ""v1"", ""persona"": ""phd""}"
"('hilbertsprogram', 'philosophyofmathematics')",hilbert's program,philosophy of mathematics,4,0,null,v1,v1,"{""model"": ""llama-3.3-70b-versatile"", ""temperature"": 0, ""date"": ""2025-10-21T05:55:19.499665+00:00"", ""prompt_version"": ""v1"", ""persona"": ""null""}"
"('eliminativematerialism', 'philosophyofmind')",eliminative materialism,philosophy of mind,4,0,expert,v1,v1,"{""model"": ""llama-3.3-70b-versatile"", ""temperature"": 0, ""date"": ""2025-10-21T05:55:19.693069+00:00"", ""prompt_version"": ""v1"", ""persona"": ""expert""}"
"('eliminativematerialism', 'philosophyofmind')",eliminative materialism,philosophy of mind,4,0,phd,v1,v1,"{""model"": ""llama-3.3-70b-versatile"", ""temperature"": 0, ""date"": ""2025-10-21T05:55:19.926732+00:00"", ""prompt_version"": ""v1"", ""persona"": ""phd""}"
"('eliminativematerialism', 'philosophyofmind')",eliminative materialism,philosophy of mind,4,0,null,v1,v1,"{""model"": ""llama-3.3-70b-versatile"", ""temperature"": 0, ""date"": ""2025-10-21T05:55:20.114242+00:00"", ""prompt_version"": ""v1"", ""persona"": ""null""}"
"('historyoflogic', 'intuitionisticlogic')",intuitionistic logic,history of logic,4,0,novice,v1,v1,"{""model"": ""llama-3.3-70b-versatile"", ""temperature"": 0, ""date"": ""2025-10-21T05:55:20.304307+00:00"", ""prompt_version"": ""v1"", ""persona"": ""novice""}"
"('historyoflogic', 'intuitionisticlogic')",intuitionistic logic,history of logic,2,0,phd,v1,v1,"{""model"": ""llama-3.3-70b-versatile"", ""temperature"": 0, ""date"": ""2025-10-21T05:55:20.494239+00:00"", ""prompt_version"": ""v1"", ""persona"": ""phd""}"
"('historyoflogic', 'intuitionisticlogic')",intuitionistic logic,history of logic,3,0,null,v1,v1,"{""model"": ""llama-3.3-70b-versatile"", ""temperature"": 0, ""date"": ""2025-10-21T05:55:20.686315+00:00"", ""prompt_version"": ""v1"", ""persona"": ""null""}"
"('blindsight', 'perception')",blindsight,perception,4,0,expert,v1,v1,"{""model"": ""llama-3.3-70b-versatile"", ""temperature"": 0, ""date"": ""2025-10-21T05:55:20.848230+00:00"", ""prompt_version"": ""v1"", ""persona"": ""expert""}"
"('blindsight', 'perception')",blindsight,perception,4,0,phd,v1,v1,"{""model"": ""llama-3.3-70b-versatile"", ""temperature"": 0, ""date"": ""2025-10-21T05:55:21.018250+00:00"", ""prompt_version"": ""v1"", ""persona"": ""phd""}"
"('blindsight', 'perception')",blindsight,perception,4,0,null,v1,v1,"{""model"": ""llama-3.3-70b-versatile"", ""temperature"": 0, ""date"": ""2025-10-21T05:55:21.210525+00:00"", ""prompt_version"": ""v1"", ""persona"": ""null""}"
"('scientificmethodology', 'unityofscience')",unity of science,scientific methodology,3,0,novice,v1,v1,"{""model"": ""llama-3.3-70b-versatile"", ""temperature"": 0, ""date"": ""2025-10-21T05:55:21.361208+00:00"", ""prompt_version"": ""v1"", ""persona"": ""novice""}"
"('scientificmethodology', 'unityofscience')",unity of science,scientific methodology,3,0,phd,v1,v1,"{""model"": ""llama-3.3-70b-versatile"", ""temperature"": 0, ""date"": ""2025-10-21T05:55:21.582871+00:00"", ""prompt_version"": ""v1"", ""persona"": ""phd""}"
"('scientificmethodology', 'unityofscience')",unity of science,scientific methodology,3,0,null,v1,v1,"{""model"": ""llama-3.3-70b-versatile"", ""temperature"": 0, ""date"": ""2025-10-21T05:55:21.732055+00:00"", ""prompt_version"": ""v1"", ""persona"": ""null""}"
"('cognitivescience', 'neuralnetwork')",neural network,cognitive science,4,0,expert,v1,v1,"{""model"": ""llama-3.3-70b-versatile"", ""temperature"": 0, ""date"": ""2025-10-21T05:55:21.922611+00:00"", ""prompt_version"": ""v1"", ""persona"": ""expert""}"
"('cognitivescience', 'neuralnetwork')",neural network,cognitive science,3,0,phd,v1,v1,"{""model"": ""llama-3.3-70b-versatile"", ""temperature"": 0, ""date"": ""2025-10-21T05:55:22.071178+00:00"", ""prompt_version"": ""v1"", ""persona"": ""phd""}"
"('cognitivescience', 'neuralnetwork')",neural network,cognitive science,3,0,null,v1,v1,"{""model"": ""llama-3.3-70b-versatile"", ""temperature"": 0, ""date"": ""2025-10-21T05:55:22.229683+00:00"", ""prompt_version"": ""v1"", ""persona"": ""null""}"
"('metaphysics', 'time')",time,metaphysics,4,0,expert,v1,v1,"{""model"": ""llama-3.3-70b-versatile"", ""temperature"": 0, ""date"": ""2025-10-21T05:55:22.427962+00:00"", ""prompt_version"": ""v1"", ""persona"": ""expert""}"
"('metaphysics', 'time')",time,metaphysics,4,0,phd,v1,v1,"{""model"": ""llama-3.3-70b-versatile"", ""temperature"": 0, ""date"": ""2025-10-21T05:55:22.610234+00:00"", ""prompt_version"": ""v1"", ""persona"": ""phd""}"
"('metaphysics', 'time')",time,metaphysics,2,0,null,v1,v1,"{""model"": ""llama-3.3-70b-versatile"", ""temperature"": 0, ""date"": ""2025-10-21T05:55:22.792658+00:00"", ""prompt_version"": ""v1"", ""persona"": ""null""}"
"('functionalism', 'philosophyofmind')",functionalism,philosophy of mind,4,0,expert,v1,v1,"{""model"": ""llama-3.3-70b-versatile"", ""temperature"": 0, ""date"": ""2025-10-21T05:55:22.982049+00:00"", ""prompt_version"": ""v1"", ""persona"": ""expert""}"
"('functionalism', 'philosophyofmind')",functionalism,philosophy of mind,4,0,phd,v1,v1,"{""model"": ""llama-3.3-70b-versatile"", ""temperature"": 0, ""date"": ""2025-10-21T05:55:23.142214+00:00"", ""prompt_version"": ""v1"", ""persona"": ""phd""}"
"('functionalism', 'philosophyofmind')",functionalism,philosophy of mind,4,0,null,v1,v1,"{""model"": ""llama-3.3-70b-versatile"", ""temperature"": 0, ""date"": ""2025-10-21T05:55:23.321020+00:00"", ""prompt_version"": ""v1"", ""persona"": ""null""}"
"('foundationalism', 'foundationalisttheoriesofepistemicjustification')",foundationalist theories of epistemic justification,foundationalism,4,0,expert,v1,v1,"{""model"": ""llama-3.3-70b-versatile"", ""temperature"": 0, ""date"": ""2025-10-21T05:55:23.467587+00:00"", ""prompt_version"": ""v1"", ""persona"": ""expert""}"
"('foundationalism', 'foundationalisttheoriesofepistemicjustification')",foundationalist theories of epistemic justification,foundationalism,4,0,phd,v1,v1,"{""model"": ""llama-3.3-70b-versatile"", ""temperature"": 0, ""date"": ""2025-10-21T05:55:23.678614+00:00"", ""prompt_version"": ""v1"", ""persona"": ""phd""}"
"('foundationalism', 'foundationalisttheoriesofepistemicjustification')",foundationalist theories of epistemic justification,foundationalism,4,0,null,v1,v1,"{""model"": ""llama-3.3-70b-versatile"", ""temperature"": 0, ""date"": ""2025-10-21T05:55:23.821763+00:00"", ""prompt_version"": ""v1"", ""persona"": ""null""}"
"('intuitionisticlogic', 'logic')",logic,intuitionistic logic,4,1,course_taker,v1,v1,"{""model"": ""llama-3.3-70b-versatile"", ""temperature"": 0, ""date"": ""2025-10-21T05:55:24.009587+00:00"", ""prompt_version"": ""v1"", ""persona"": ""course_taker""}"
"('intuitionisticlogic', 'logic')",logic,intuitionistic logic,4,1,phd,v1,v1,"{""model"": ""llama-3.3-70b-versatile"", ""temperature"": 0, ""date"": ""2025-10-21T05:55:24.168104+00:00"", ""prompt_version"": ""v1"", ""persona"": ""phd""}"
"('intuitionisticlogic', 'logic')",logic,intuitionistic logic,4,1,null,v1,v1,"{""model"": ""llama-3.3-70b-versatile"", ""temperature"": 0, ""date"": ""2025-10-21T05:55:24.317378+00:00"", ""prompt_version"": ""v1"", ""persona"": ""null""}"
"('connectionism', 'neuralnetwork')",connectionism,neural network,4,0,course_taker,v1,v1,"{""model"": ""llama-3.3-70b-versatile"", ""temperature"": 0, ""date"": ""2025-10-21T05:55:24.474851+00:00"", ""prompt_version"": ""v1"", ""persona"": ""course_taker""}"
"('connectionism', 'neuralnetwork')",connectionism,neural network,4,1,phd,v1,v1,"{""model"": ""llama-3.3-70b-versatile"", ""temperature"": 0, ""date"": ""2025-10-21T05:55:24.657301+00:00"", ""prompt_version"": ""v1"", ""persona"": ""phd""}"
"('connectionism', 'neuralnetwork')",connectionism,neural network,4,1,null,v1,v1,"{""model"": ""llama-3.3-70b-versatile"", ""temperature"": 0, ""date"": ""2025-10-21T05:55:24.842921+00:00"", ""prompt_version"": ""v1"", ""persona"": ""null""}"
"('causaltheoriesofmentalcontent', 'perception')",causal theories of mental content,perception,4,0,expert,v1,v1,"{""model"": ""llama-3.3-70b-versatile"", ""temperature"": 0, ""date"": ""2025-10-21T05:55:25.017756+00:00"", ""prompt_version"": ""v1"", ""persona"": ""expert""}"
"('causaltheoriesofmentalcontent', 'perception')",causal theories of mental content,perception,3,0,phd,v1,v1,"{""model"": ""llama-3.3-70b-versatile"", ""temperature"": 0, ""date"": ""2025-10-21T05:55:25.173746+00:00"", ""prompt_version"": ""v1"", ""persona"": ""phd""}"
"('causaltheoriesofmentalcontent', 'perception')",causal theories of mental content,perception,3,0,null,v1,v1,"{""model"": ""llama-3.3-70b-versatile"", ""temperature"": 0, ""date"": ""2025-10-21T05:55:25.374405+00:00"", ""prompt_version"": ""v1"", ""persona"": ""null""}"
"('metaphysics', 'mindbodyproblem')",mind-body problem,metaphysics,4,0,expert,v1,v1,"{""model"": ""llama-3.3-70b-versatile"", ""temperature"": 0, ""date"": ""2025-10-21T05:55:25.532501+00:00"", ""prompt_version"": ""v1"", ""persona"": ""expert""}"
"('metaphysics', 'mindbodyproblem')",mind-body problem,metaphysics,4,0,phd,v1,v1,"{""model"": ""llama-3.3-70b-versatile"", ""temperature"": 0, ""date"": ""2025-10-21T05:55:25.721639+00:00"", ""prompt_version"": ""v1"", ""persona"": ""phd""}"
"('metaphysics', 'mindbodyproblem')",mind-body problem,metaphysics,4,0,null,v1,v1,"{""model"": ""llama-3.3-70b-versatile"", ""temperature"": 0, ""date"": ""2025-10-21T05:55:25.939058+00:00"", ""prompt_version"": ""v1"", ""persona"": ""null""}"
"('greatapes', 'philosophyofmind')",great apes,philosophy of mind,1,3,expert,v1,v1,"{""model"": ""llama-3.3-70b-versatile"", ""temperature"": 0, ""date"": ""2025-10-21T05:55:26.129678+00:00"", ""prompt_version"": ""v1"", ""persona"": ""expert""}"
"('greatapes', 'philosophyofmind')",great apes,philosophy of mind,1,3,phd,v1,v1,"{""model"": ""llama-3.3-70b-versatile"", ""temperature"": 0, ""date"": ""2025-10-21T05:55:26.310447+00:00"", ""prompt_version"": ""v1"", ""persona"": ""phd""}"
"('greatapes', 'philosophyofmind')",great apes,philosophy of mind,0,-1,null,v1,v1,"{""model"": ""llama-3.3-70b-versatile"", ""temperature"": 0, ""date"": ""2025-10-21T05:55:26.490400+00:00"", ""prompt_version"": ""v1"", ""persona"": ""null""}"
"('philosophyofreligion', 'problemofevil')",problem of evil,philosophy of religion,4,0,expert,v1,v1,"{""model"": ""llama-3.3-70b-versatile"", ""temperature"": 0, ""date"": ""2025-10-21T05:55:26.687140+00:00"", ""prompt_version"": ""v1"", ""persona"": ""expert""}"
"('philosophyofreligion', 'problemofevil')",problem of evil,philosophy of religion,4,0,phd,v1,v1,"{""model"": ""llama-3.3-70b-versatile"", ""temperature"": 0, ""date"": ""2025-10-21T05:55:26.845274+00:00"", ""prompt_version"": ""v1"", ""persona"": ""phd""}"
"('philosophyofreligion', 'problemofevil')",problem of evil,philosophy of religion,4,0,null,v1,v1,"{""model"": ""llama-3.3-70b-versatile"", ""temperature"": 0, ""date"": ""2025-10-21T05:55:27.030560+00:00"", ""prompt_version"": ""v1"", ""persona"": ""null""}"
"('epistemology', 'gettierproblem')",gettier problem,epistemology,4,0,expert,v1,v1,"{""model"": ""llama-3.3-70b-versatile"", ""temperature"": 0, ""date"": ""2025-10-21T05:55:27.228750+00:00"", ""prompt_version"": ""v1"", ""persona"": ""expert""}"
"('epistemology', 'gettierproblem')",gettier problem,epistemology,4,0,phd,v1,v1,"{""model"": ""llama-3.3-70b-versatile"", ""temperature"": 0, ""date"": ""2025-10-21T05:55:27.432593+00:00"", ""prompt_version"": ""v1"", ""persona"": ""phd""}"
"('epistemology', 'gettierproblem')",gettier problem,epistemology,4,0,null,v1,v1,"{""model"": ""llama-3.3-70b-versatile"", ""temperature"": 0, ""date"": ""2025-10-21T05:55:27.617579+00:00"", ""prompt_version"": ""v1"", ""persona"": ""null""}"
"('epistemology', 'internalism')",internalism,epistemology,4,0,expert,v1,v1,"{""model"": ""llama-3.3-70b-versatile"", ""temperature"": 0, ""date"": ""2025-10-21T05:55:27.818766+00:00"", ""prompt_version"": ""v1"", ""persona"": ""expert""}"
"('epistemology', 'internalism')",internalism,epistemology,4,0,phd,v1,v1,"{""model"": ""llama-3.3-70b-versatile"", ""temperature"": 0, ""date"": ""2025-10-21T05:55:27.978133+00:00"", ""prompt_version"": ""v1"", ""persona"": ""phd""}"
"('epistemology', 'internalism')",internalism,epistemology,4,0,null,v1,v1,"{""model"": ""llama-3.3-70b-versatile"", ""temperature"": 0, ""date"": ""2025-10-21T05:55:28.141046+00:00"", ""prompt_version"": ""v1"", ""persona"": ""null""}"
"('eternityinchristianthought', 'philosophyofreligion')",Eternity in Christian Thought,philosophy of religion,4,0,expert,v1,v1,"{""model"": ""llama-3.3-70b-versatile"", ""temperature"": 0, ""date"": ""2025-10-21T05:55:28.335494+00:00"", ""prompt_version"": ""v1"", ""persona"": ""expert""}"
"('eternityinchristianthought', 'philosophyofreligion')",Eternity in Christian Thought,philosophy of religion,4,0,phd,v1,v1,"{""model"": ""llama-3.3-70b-versatile"", ""temperature"": 0, ""date"": ""2025-10-21T05:55:28.510297+00:00"", ""prompt_version"": ""v1"", ""persona"": ""phd""}"
"('eternityinchristianthought', 'philosophyofreligion')",Eternity in Christian Thought,philosophy of religion,4,0,null,v1,v1,"{""model"": ""llama-3.3-70b-versatile"", ""temperature"": 0, ""date"": ""2025-10-21T05:55:28.691731+00:00"", ""prompt_version"": ""v1"", ""persona"": ""null""}"
"('miracles', 'philosophyofreligion')",miracles,philosophy of religion,4,0,expert,v1,v1,"{""model"": ""llama-3.3-70b-versatile"", ""temperature"": 0, ""date"": ""2025-10-21T05:55:28.872910+00:00"", ""prompt_version"": ""v1"", ""persona"": ""expert""}"
"('miracles', 'philosophyofreligion')",miracles,philosophy of religion,4,0,phd,v1,v1,"{""model"": ""llama-3.3-70b-versatile"", ""temperature"": 0, ""date"": ""2025-10-21T05:55:29.028328+00:00"", ""prompt_version"": ""v1"", ""persona"": ""phd""}"
"('miracles', 'philosophyofreligion')",miracles,philosophy of religion,4,0,null,v1,v1,"{""model"": ""llama-3.3-70b-versatile"", ""temperature"": 0, ""date"": ""2025-10-21T05:55:29.223104+00:00"", ""prompt_version"": ""v1"", ""persona"": ""null""}"
"('existence', 'metaphysics')",existence,metaphysics,4,0,expert,v1,v1,"{""model"": ""llama-3.3-70b-versatile"", ""temperature"": 0, ""date"": ""2025-10-21T05:55:29.378269+00:00"", ""prompt_version"": ""v1"", ""persona"": ""expert""}"
"('existence', 'metaphysics')",existence,metaphysics,4,0,phd,v1,v1,"{""model"": ""llama-3.3-70b-versatile"", ""temperature"": 0, ""date"": ""2025-10-21T05:55:29.523224+00:00"", ""prompt_version"": ""v1"", ""persona"": ""phd""}"
"('existence', 'metaphysics')",existence,metaphysics,4,0,null,v1,v1,"{""model"": ""llama-3.3-70b-versatile"", ""temperature"": 0, ""date"": ""2025-10-21T05:55:29.695553+00:00"", ""prompt_version"": ""v1"", ""persona"": ""null""}"
"('philosophyofreligion', 'sovereignty')",sovereignty,philosophy of religion,2,3,expert,v1,v1,"{""model"": ""llama-3.3-70b-versatile"", ""temperature"": 0, ""date"": ""2025-10-21T05:55:29.891077+00:00"", ""prompt_version"": ""v1"", ""persona"": ""expert""}"
"('philosophyofreligion', 'sovereignty')",sovereignty,philosophy of religion,2,0,phd,v1,v1,"{""model"": ""llama-3.3-70b-versatile"", ""temperature"": 0, ""date"": ""2025-10-21T05:55:30.081457+00:00"", ""prompt_version"": ""v1"", ""persona"": ""phd""}"
"('philosophyofreligion', 'sovereignty')",sovereignty,philosophy of religion,1,3,null,v1,v1,"{""model"": ""llama-3.3-70b-versatile"", ""temperature"": 0, ""date"": ""2025-10-21T05:55:30.272079+00:00"", ""prompt_version"": ""v1"", ""persona"": ""null""}"
"('philosophyofpsychology', 'philosophyofscienceandthesciences')",philosophy of psychology,philosophy of science and the sciences,4,0,expert,v1,v1,"{""model"": ""llama-3.3-70b-versatile"", ""temperature"": 0, ""date"": ""2025-10-21T05:55:30.447798+00:00"", ""prompt_version"": ""v1"", ""persona"": ""expert""}"
"('philosophyofpsychology', 'philosophyofscienceandthesciences')",philosophy of psychology,philosophy of science and the sciences,3,0,phd,v1,v1,"{""model"": ""llama-3.3-70b-versatile"", ""temperature"": 0, ""date"": ""2025-10-21T05:55:30.628836+00:00"", ""prompt_version"": ""v1"", ""persona"": ""phd""}"
"('philosophyofpsychology', 'philosophyofscienceandthesciences')",philosophy of psychology,philosophy of science and the sciences,4,0,null,v1,v1,"{""model"": ""llama-3.3-70b-versatile"", ""temperature"": 0, ""date"": ""2025-10-21T05:55:30.787057+00:00"", ""prompt_version"": ""v1"", ""persona"": ""null""}"
"('epistemology', 'naturalisminlegalphilosophy')",naturalism in legal philosophy,epistemology,2,0,expert,v1,v1,"{""model"": ""llama-3.3-70b-versatile"", ""temperature"": 0, ""date"": ""2025-10-21T05:55:30.988443+00:00"", ""prompt_version"": ""v1"", ""persona"": ""expert""}"
"('epistemology', 'naturalisminlegalphilosophy')",naturalism in legal philosophy,epistemology,2,0,phd,v1,v1,"{""model"": ""llama-3.3-70b-versatile"", ""temperature"": 0, ""date"": ""2025-10-21T05:55:31.147545+00:00"", ""prompt_version"": ""v1"", ""persona"": ""phd""}"
"('epistemology', 'naturalisminlegalphilosophy')",naturalism in legal philosophy,epistemology,2,0,null,v1,v1,"{""model"": ""llama-3.3-70b-versatile"", ""temperature"": 0, ""date"": ""2025-10-21T05:55:31.301217+00:00"", ""prompt_version"": ""v1"", ""persona"": ""null""}"
"('perception', 'philosophyofperception')",philosophy of perception,perception,4,0,expert,v1,v1,"{""model"": ""llama-3.3-70b-versatile"", ""temperature"": 0, ""date"": ""2025-10-21T05:55:31.472821+00:00"", ""prompt_version"": ""v1"", ""persona"": ""expert""}"
"('perception', 'philosophyofperception')",philosophy of perception,perception,4,0,phd,v1,v1,"{""model"": ""llama-3.3-70b-versatile"", ""temperature"": 0, ""date"": ""2025-10-21T05:55:31.681570+00:00"", ""prompt_version"": ""v1"", ""persona"": ""phd""}"
"('perception', 'philosophyofperception')",philosophy of perception,perception,4,0,null,v1,v1,"{""model"": ""llama-3.3-70b-versatile"", ""temperature"": 0, ""date"": ""2025-10-21T05:55:31.872254+00:00"", ""prompt_version"": ""v1"", ""persona"": ""null""}"
"('epistemology', 'platonicrealism')",platonic realism,epistemology,2,0,expert,v1,v1,"{""model"": ""llama-3.3-70b-versatile"", ""temperature"": 0, ""date"": ""2025-10-21T05:55:32.072756+00:00"", ""prompt_version"": ""v1"", ""persona"": ""expert""}"
"('epistemology', 'platonicrealism')",platonic realism,epistemology,2,0,phd,v1,v1,"{""model"": ""llama-3.3-70b-versatile"", ""temperature"": 0, ""date"": ""2025-10-21T05:55:32.267100+00:00"", ""prompt_version"": ""v1"", ""persona"": ""phd""}"
"('epistemology', 'platonicrealism')",platonic realism,epistemology,3,0,null,v1,v1,"{""model"": ""llama-3.3-70b-versatile"", ""temperature"": 0, ""date"": ""2025-10-21T05:55:32.428423+00:00"", ""prompt_version"": ""v1"", ""persona"": ""null""}"
"('computationaltheoryofmind', 'philosophyofmind')",computational theory of mind,philosophy of mind,4,0,expert,v1,v1,"{""model"": ""llama-3.3-70b-versatile"", ""temperature"": 0, ""date"": ""2025-10-21T05:55:32.576781+00:00"", ""prompt_version"": ""v1"", ""persona"": ""expert""}"
"('computationaltheoryofmind', 'philosophyofmind')",computational theory of mind,philosophy of mind,4,0,phd,v1,v1,"{""model"": ""llama-3.3-70b-versatile"", ""temperature"": 0, ""date"": ""2025-10-21T05:55:32.737840+00:00"", ""prompt_version"": ""v1"", ""persona"": ""phd""}"
"('computationaltheoryofmind', 'philosophyofmind')",computational theory of mind,philosophy of mind,4,0,null,v1,v1,"{""model"": ""llama-3.3-70b-versatile"", ""temperature"": 0, ""date"": ""2025-10-21T05:55:32.891028+00:00"", ""prompt_version"": ""v1"", ""persona"": ""null""}"
"('civilrights', 'racism')",racism,civil rights,4,0,course_taker,v1,v1,"{""model"": ""llama-3.3-70b-versatile"", ""temperature"": 0, ""date"": ""2025-10-21T05:55:33.068114+00:00"", ""prompt_version"": ""v1"", ""persona"": ""course_taker""}"
"('civilrights', 'racism')",racism,civil rights,4,0,phd,v1,v1,"{""model"": ""llama-3.3-70b-versatile"", ""temperature"": 0, ""date"": ""2025-10-21T05:55:33.247685+00:00"", ""prompt_version"": ""v1"", ""persona"": ""phd""}"
"('civilrights', 'racism')",racism,civil rights,4,0,null,v1,v1,"{""model"": ""llama-3.3-70b-versatile"", ""temperature"": 0, ""date"": ""2025-10-21T05:55:33.430902+00:00"", ""prompt_version"": ""v1"", ""persona"": ""null""}"
"('epistemology', 'feministsocialepistemology')",feminist social epistemology,epistemology,4,0,expert,v1,v1,"{""model"": ""llama-3.3-70b-versatile"", ""temperature"": 0, ""date"": ""2025-10-21T05:55:33.635245+00:00"", ""prompt_version"": ""v1"", ""persona"": ""expert""}"
"('epistemology', 'feministsocialepistemology')",feminist social epistemology,epistemology,4,0,phd,v1,v1,"{""model"": ""llama-3.3-70b-versatile"", ""temperature"": 0, ""date"": ""2025-10-21T05:55:33.785166+00:00"", ""prompt_version"": ""v1"", ""persona"": ""phd""}"
"('epistemology', 'feministsocialepistemology')",feminist social epistemology,epistemology,4,0,null,v1,v1,"{""model"": ""llama-3.3-70b-versatile"", ""temperature"": 0, ""date"": ""2025-10-21T05:55:33.989509+00:00"", ""prompt_version"": ""v1"", ""persona"": ""null""}"
"('leibnizoncausation', 'perception')",leibniz on causation,perception,2,0,expert,v1,v1,"{""model"": ""llama-3.3-70b-versatile"", ""temperature"": 0, ""date"": ""2025-10-21T05:55:34.174573+00:00"", ""prompt_version"": ""v1"", ""persona"": ""expert""}"
"('leibnizoncausation', 'perception')",leibniz on causation,perception,2,0,phd,v1,v1,"{""model"": ""llama-3.3-70b-versatile"", ""temperature"": 0, ""date"": ""2025-10-21T05:55:34.373346+00:00"", ""prompt_version"": ""v1"", ""persona"": ""phd""}"
"('leibnizoncausation', 'perception')",leibniz on causation,perception,2,0,null,v1,v1,"{""model"": ""llama-3.3-70b-versatile"", ""temperature"": 0, ""date"": ""2025-10-21T05:55:34.531054+00:00"", ""prompt_version"": ""v1"", ""persona"": ""null""}"
"('philosophyofscienceandthesciences', 'scientificprogress')",scientific progress,philosophy of science and the sciences,4,0,expert,v1,v1,"{""model"": ""llama-3.3-70b-versatile"", ""temperature"": 0, ""date"": ""2025-10-21T05:55:34.716084+00:00"", ""prompt_version"": ""v1"", ""persona"": ""expert""}"
"('philosophyofscienceandthesciences', 'scientificprogress')",scientific progress,philosophy of science and the sciences,4,0,phd,v1,v1,"{""model"": ""llama-3.3-70b-versatile"", ""temperature"": 0, ""date"": ""2025-10-21T05:55:34.899024+00:00"", ""prompt_version"": ""v1"", ""persona"": ""phd""}"
"('philosophyofscienceandthesciences', 'scientificprogress')",scientific progress,philosophy of science and the sciences,4,0,null,v1,v1,"{""model"": ""llama-3.3-70b-versatile"", ""temperature"": 0, ""date"": ""2025-10-21T05:55:35.051137+00:00"", ""prompt_version"": ""v1"", ""persona"": ""null""}"
"('epistemology', 'sensedata')",sense data,epistemology,4,0,expert,v1,v1,"{""model"": ""llama-3.3-70b-versatile"", ""temperature"": 0, ""date"": ""2025-10-21T05:55:35.213685+00:00"", ""prompt_version"": ""v1"", ""persona"": ""expert""}"
"('epistemology', 'sensedata')",sense data,epistemology,4,0,phd,v1,v1,"{""model"": ""llama-3.3-70b-versatile"", ""temperature"": 0, ""date"": ""2025-10-21T05:55:35.408356+00:00"", ""prompt_version"": ""v1"", ""persona"": ""phd""}"
"('epistemology', 'sensedata')",sense data,epistemology,4,0,null,v1,v1,"{""model"": ""llama-3.3-70b-versatile"", ""temperature"": 0, ""date"": ""2025-10-21T05:55:35.611235+00:00"", ""prompt_version"": ""v1"", ""persona"": ""null""}"
"('epistemology', 'testimony')",testimony,epistemology,4,0,expert,v1,v1,"{""model"": ""llama-3.3-70b-versatile"", ""temperature"": 0, ""date"": ""2025-10-21T05:55:35.774271+00:00"", ""prompt_version"": ""v1"", ""persona"": ""expert""}"
"('epistemology', 'testimony')",testimony,epistemology,4,0,phd,v1,v1,"{""model"": ""llama-3.3-70b-versatile"", ""temperature"": 0, ""date"": ""2025-10-21T05:55:35.930508+00:00"", ""prompt_version"": ""v1"", ""persona"": ""phd""}"
"('epistemology', 'testimony')",testimony,epistemology,3,0,null,v1,v1,"{""model"": ""llama-3.3-70b-versatile"", ""temperature"": 0, ""date"": ""2025-10-21T05:55:36.080787+00:00"", ""prompt_version"": ""v1"", ""persona"": ""null""}"
"('epistemology', 'scientifictheory')",scientific theory,epistemology,2,0,expert,v1,v1,"{""model"": ""llama-3.3-70b-versatile"", ""temperature"": 0, ""date"": ""2025-10-21T05:55:36.234372+00:00"", ""prompt_version"": ""v1"", ""persona"": ""expert""}"
"('epistemology', 'scientifictheory')",scientific theory,epistemology,2,0,phd,v1,v1,"{""model"": ""llama-3.3-70b-versatile"", ""temperature"": 0, ""date"": ""2025-10-21T05:55:36.434843+00:00"", ""prompt_version"": ""v1"", ""persona"": ""phd""}"
"('epistemology', 'scientifictheory')",scientific theory,epistemology,2,0,null,v1,v1,"{""model"": ""llama-3.3-70b-versatile"", ""temperature"": 0, ""date"": ""2025-10-21T05:55:36.655446+00:00"", ""prompt_version"": ""v1"", ""persona"": ""null""}"
"('medievaltheoriesofcausality', 'metaphysics')",medieval theories of causality,metaphysics,4,0,expert,v1,v1,"{""model"": ""llama-3.3-70b-versatile"", ""temperature"": 0, ""date"": ""2025-10-21T05:55:36.828921+00:00"", ""prompt_version"": ""v1"", ""persona"": ""expert""}"
"('medievaltheoriesofcausality', 'metaphysics')",medieval theories of causality,metaphysics,4,0,phd,v1,v1,"{""model"": ""llama-3.3-70b-versatile"", ""temperature"": 0, ""date"": ""2025-10-21T05:55:36.979513+00:00"", ""prompt_version"": ""v1"", ""persona"": ""phd""}"
"('medievaltheoriesofcausality', 'metaphysics')",medieval theories of causality,metaphysics,4,0,null,v1,v1,"{""model"": ""llama-3.3-70b-versatile"", ""temperature"": 0, ""date"": ""2025-10-21T05:55:37.142373+00:00"", ""prompt_version"": ""v1"", ""persona"": ""null""}"
"('artificialintelligence', 'connectionistmodel')",connectionist model,artificial intelligence,4,0,expert,v1,v1,"{""model"": ""llama-3.3-70b-versatile"", ""temperature"": 0, ""date"": ""2025-10-21T05:55:37.326250+00:00"", ""prompt_version"": ""v1"", ""persona"": ""expert""}"
"('artificialintelligence', 'connectionistmodel')",connectionist model,artificial intelligence,4,0,phd,v1,v1,"{""model"": ""llama-3.3-70b-versatile"", ""temperature"": 0, ""date"": ""2025-10-21T05:55:37.490649+00:00"", ""prompt_version"": ""v1"", ""persona"": ""phd""}"
"('artificialintelligence', 'connectionistmodel')",connectionist model,artificial intelligence,4,0,null,v1,v1,"{""model"": ""llama-3.3-70b-versatile"", ""temperature"": 0, ""date"": ""2025-10-21T05:55:37.646254+00:00"", ""prompt_version"": ""v1"", ""persona"": ""null""}"
"('classicallogic', 'logic')",logic,classical logic,4,1,course_taker,v1,v1,"{""model"": ""llama-3.3-70b-versatile"", ""temperature"": 0, ""date"": ""2025-10-21T05:55:37.836526+00:00"", ""prompt_version"": ""v1"", ""persona"": ""course_taker""}"
"('classicallogic', 'logic')",logic,classical logic,4,1,phd,v1,v1,"{""model"": ""llama-3.3-70b-versatile"", ""temperature"": 0, ""date"": ""2025-10-21T05:55:37.980115+00:00"", ""prompt_version"": ""v1"", ""persona"": ""phd""}"
"('classicallogic', 'logic')",logic,classical logic,4,1,null,v1,v1,"{""model"": ""llama-3.3-70b-versatile"", ""temperature"": 0, ""date"": ""2025-10-21T05:55:38.166058+00:00"", ""prompt_version"": ""v1"", ""persona"": ""null""}"
"('epistemology', 'modernphilosophy')",modern philosophy,epistemology,3,1,expert,v1,v1,"{""model"": ""llama-3.3-70b-versatile"", ""temperature"": 0, ""date"": ""2025-10-21T05:55:38.368450+00:00"", ""prompt_version"": ""v1"", ""persona"": ""expert""}"
"('epistemology', 'modernphilosophy')",modern philosophy,epistemology,3,1,phd,v1,v1,"{""model"": ""llama-3.3-70b-versatile"", ""temperature"": 0, ""date"": ""2025-10-21T05:55:38.531180+00:00"", ""prompt_version"": ""v1"", ""persona"": ""phd""}"
"('epistemology', 'modernphilosophy')",modern philosophy,epistemology,3,1,null,v1,v1,"{""model"": ""llama-3.3-70b-versatile"", ""temperature"": 0, ""date"": ""2025-10-21T05:55:38.671866+00:00"", ""prompt_version"": ""v1"", ""persona"": ""null""}"
"('philosophyofreligion', 'scienceandreligion')",science and religion,philosophy of religion,4,1,expert,v1,v1,"{""model"": ""llama-3.3-70b-versatile"", ""temperature"": 0, ""date"": ""2025-10-21T05:55:38.842920+00:00"", ""prompt_version"": ""v1"", ""persona"": ""expert""}"
"('philosophyofreligion', 'scienceandreligion')",science and religion,philosophy of religion,3,1,phd,v1,v1,"{""model"": ""llama-3.3-70b-versatile"", ""temperature"": 0, ""date"": ""2025-10-21T05:55:39.025775+00:00"", ""prompt_version"": ""v1"", ""persona"": ""phd""}"
"('philosophyofreligion', 'scienceandreligion')",science and religion,philosophy of religion,3,1,null,v1,v1,"{""model"": ""llama-3.3-70b-versatile"", ""temperature"": 0, ""date"": ""2025-10-21T05:55:39.206453+00:00"", ""prompt_version"": ""v1"", ""persona"": ""null""}"
"('philosophyofmind', 'spinozaspsychologicaltheory')",spinoza's psychological theory,philosophy of mind,4,0,expert,v1,v1,"{""model"": ""llama-3.3-70b-versatile"", ""temperature"": 0, ""date"": ""2025-10-21T05:55:39.382018+00:00"", ""prompt_version"": ""v1"", ""persona"": ""expert""}"
"('philosophyofmind', 'spinozaspsychologicaltheory')",spinoza's psychological theory,philosophy of mind,4,0,phd,v1,v1,"{""model"": ""llama-3.3-70b-versatile"", ""temperature"": 0, ""date"": ""2025-10-21T05:55:39.533697+00:00"", ""prompt_version"": ""v1"", ""persona"": ""phd""}"
"('philosophyofmind', 'spinozaspsychologicaltheory')",spinoza's psychological theory,philosophy of mind,4,0,null,v1,v1,"{""model"": ""llama-3.3-70b-versatile"", ""temperature"": 0, ""date"": ""2025-10-21T05:55:39.679910+00:00"", ""prompt_version"": ""v1"", ""persona"": ""null""}"
"('intellectualism', 'philosophyofreligion')",intellectualism,philosophy of religion,2,1,novice,v1,v1,"{""model"": ""llama-3.3-70b-versatile"", ""temperature"": 0, ""date"": ""2025-10-21T05:55:39.866095+00:00"", ""prompt_version"": ""v1"", ""persona"": ""novice""}"
"('intellectualism', 'philosophyofreligion')",intellectualism,philosophy of religion,2,0,phd,v1,v1,"{""model"": ""llama-3.3-70b-versatile"", ""temperature"": 0, ""date"": ""2025-10-21T05:55:40.064306+00:00"", ""prompt_version"": ""v1"", ""persona"": ""phd""}"
"('intellectualism', 'philosophyofreligion')",intellectualism,philosophy of religion,2,1,null,v1,v1,"{""model"": ""llama-3.3-70b-versatile"", ""temperature"": 0, ""date"": ""2025-10-21T05:55:40.260417+00:00"", ""prompt_version"": ""v1"", ""persona"": ""null""}"
"('existence', 'existenceofgod')",existence of god,existence,3,0,expert,v1,v1,"{""model"": ""llama-3.3-70b-versatile"", ""temperature"": 0, ""date"": ""2025-10-21T05:55:40.449303+00:00"", ""prompt_version"": ""v1"", ""persona"": ""expert""}"
"('existence', 'existenceofgod')",existence of god,existence,4,0,phd,v1,v1,"{""model"": ""llama-3.3-70b-versatile"", ""temperature"": 0, ""date"": ""2025-10-21T05:55:40.618534+00:00"", ""prompt_version"": ""v1"", ""persona"": ""phd""}"
"('existence', 'existenceofgod')",existence of god,existence,4,0,null,v1,v1,"{""model"": ""llama-3.3-70b-versatile"", ""temperature"": 0, ""date"": ""2025-10-21T05:55:40.813631+00:00"", ""prompt_version"": ""v1"", ""persona"": ""null""}"
"('philosophyofmind', 'philosophyofscienceandthesciences')",philosophy of science and the sciences,philosophy of mind,2,1,expert,v1,v1,"{""model"": ""llama-3.3-70b-versatile"", ""temperature"": 0, ""date"": ""2025-10-21T05:55:40.981866+00:00"", ""prompt_version"": ""v1"", ""persona"": ""expert""}"
"('philosophyofmind', 'philosophyofscienceandthesciences')",philosophy of science and the sciences,philosophy of mind,2,1,phd,v1,v1,"{""model"": ""llama-3.3-70b-versatile"", ""temperature"": 0, ""date"": ""2025-10-21T05:55:41.137456+00:00"", ""prompt_version"": ""v1"", ""persona"": ""phd""}"
"('philosophyofmind', 'philosophyofscienceandthesciences')",philosophy of science and the sciences,philosophy of mind,2,1,null,v1,v1,"{""model"": ""llama-3.3-70b-versatile"", ""temperature"": 0, ""date"": ""2025-10-21T05:55:41.307562+00:00"", ""prompt_version"": ""v1"", ""persona"": ""null""}"
"('introspection', 'philosophyofmind')",introspection,philosophy of mind,4,0,expert,v1,v1,"{""model"": ""llama-3.3-70b-versatile"", ""temperature"": 0, ""date"": ""2025-10-21T05:55:41.642585+00:00"", ""prompt_version"": ""v1"", ""persona"": ""expert""}"
"('introspection', 'philosophyofmind')",introspection,philosophy of mind,4,0,phd,v1,v1,"{""model"": ""llama-3.3-70b-versatile"", ""temperature"": 0, ""date"": ""2025-10-21T05:55:41.837580+00:00"", ""prompt_version"": ""v1"", ""persona"": ""phd""}"
"('introspection', 'philosophyofmind')",introspection,philosophy of mind,4,0,null,v1,v1,"{""model"": ""llama-3.3-70b-versatile"", ""temperature"": 0, ""date"": ""2025-10-21T05:55:42.061956+00:00"", ""prompt_version"": ""v1"", ""persona"": ""null""}"
"('physicalism', 'zombies')",zombies,physicalism,2,0,expert,v1,v1,"{""model"": ""llama-3.3-70b-versatile"", ""temperature"": 0, ""date"": ""2025-10-21T05:55:42.247417+00:00"", ""prompt_version"": ""v1"", ""persona"": ""expert""}"
"('physicalism', 'zombies')",zombies,physicalism,4,0,phd,v1,v1,"{""model"": ""llama-3.3-70b-versatile"", ""temperature"": 0, ""date"": ""2025-10-21T05:55:42.398584+00:00"", ""prompt_version"": ""v1"", ""persona"": ""phd""}"
"('physicalism', 'zombies')",zombies,physicalism,1,3,null,v1,v1,"{""model"": ""llama-3.3-70b-versatile"", ""temperature"": 0, ""date"": ""2025-10-21T05:55:42.542228+00:00"", ""prompt_version"": ""v1"", ""persona"": ""null""}"
"('metaphysics', 'theoryoftruth')",theory of truth,metaphysics,3,0,expert,v1,v1,"{""model"": ""llama-3.3-70b-versatile"", ""temperature"": 0, ""date"": ""2025-10-21T05:55:42.705486+00:00"", ""prompt_version"": ""v1"", ""persona"": ""expert""}"
"('metaphysics', 'theoryoftruth')",theory of truth,metaphysics,3,0,phd,v1,v1,"{""model"": ""llama-3.3-70b-versatile"", ""temperature"": 0, ""date"": ""2025-10-21T05:55:42.868303+00:00"", ""prompt_version"": ""v1"", ""persona"": ""phd""}"
"('metaphysics', 'theoryoftruth')",theory of truth,metaphysics,3,0,null,v1,v1,"{""model"": ""llama-3.3-70b-versatile"", ""temperature"": 0, ""date"": ""2025-10-21T05:55:43.057509+00:00"", ""prompt_version"": ""v1"", ""persona"": ""null""}"
"('cartesiandualism', 'philosophyofmind')",cartesian dualism,philosophy of mind,4,0,expert,v1,v1,"{""model"": ""llama-3.3-70b-versatile"", ""temperature"": 0, ""date"": ""2025-10-21T05:55:43.212881+00:00"", ""prompt_version"": ""v1"", ""persona"": ""expert""}"
"('cartesiandualism', 'philosophyofmind')",cartesian dualism,philosophy of mind,4,0,phd,v1,v1,"{""model"": ""llama-3.3-70b-versatile"", ""temperature"": 0, ""date"": ""2025-10-21T05:55:43.399155+00:00"", ""prompt_version"": ""v1"", ""persona"": ""phd""}"
"('cartesiandualism', 'philosophyofmind')",cartesian dualism,philosophy of mind,4,0,null,v1,v1,"{""model"": ""llama-3.3-70b-versatile"", ""temperature"": 0, ""date"": ""2025-10-21T05:55:43.556928+00:00"", ""prompt_version"": ""v1"", ""persona"": ""null""}"
"('metaphysics', 'theoryofforms')",theory of forms,metaphysics,4,0,expert,v1,v1,"{""model"": ""llama-3.3-70b-versatile"", ""temperature"": 0, ""date"": ""2025-10-21T05:55:43.711358+00:00"", ""prompt_version"": ""v1"", ""persona"": ""expert""}"
"('metaphysics', 'theoryofforms')",theory of forms,metaphysics,4,0,phd,v1,v1,"{""model"": ""llama-3.3-70b-versatile"", ""temperature"": 0, ""date"": ""2025-10-21T05:55:43.898512+00:00"", ""prompt_version"": ""v1"", ""persona"": ""phd""}"
"('metaphysics', 'theoryofforms')",theory of forms,metaphysics,4,0,null,v1,v1,"{""model"": ""llama-3.3-70b-versatile"", ""temperature"": 0, ""date"": ""2025-10-21T05:55:44.079985+00:00"", ""prompt_version"": ""v1"", ""persona"": ""null""}"
"('epistemology', 'historyoffeminism')",history of feminism,epistemology,1,0,expert,v1,v1,"{""model"": ""llama-3.3-70b-versatile"", ""temperature"": 0, ""date"": ""2025-10-21T05:55:44.272793+00:00"", ""prompt_version"": ""v1"", ""persona"": ""expert""}"
"('epistemology', 'historyoffeminism')",history of feminism,epistemology,1,0,phd,v1,v1,"{""model"": ""llama-3.3-70b-versatile"", ""temperature"": 0, ""date"": ""2025-10-21T05:55:44.450215+00:00"", ""prompt_version"": ""v1"", ""persona"": ""phd""}"
"('epistemology', 'historyoffeminism')",history of feminism,epistemology,1,0,null,v1,v1,"{""model"": ""llama-3.3-70b-versatile"", ""temperature"": 0, ""date"": ""2025-10-21T05:55:44.613808+00:00"", ""prompt_version"": ""v1"", ""persona"": ""null""}"
"('causation', 'metaphysicsofcausation')",metaphysics of causation,causation,4,0,expert,v1,v1,"{""model"": ""llama-3.3-70b-versatile"", ""temperature"": 0, ""date"": ""2025-10-21T05:55:44.765750+00:00"", ""prompt_version"": ""v1"", ""persona"": ""expert""}"
"('causation', 'metaphysicsofcausation')",metaphysics of causation,causation,4,0,phd,v1,v1,"{""model"": ""llama-3.3-70b-versatile"", ""temperature"": 0, ""date"": ""2025-10-21T05:55:44.948910+00:00"", ""prompt_version"": ""v1"", ""persona"": ""phd""}"
"('causation', 'metaphysicsofcausation')",metaphysics of causation,causation,4,0,null,v1,v1,"{""model"": ""llama-3.3-70b-versatile"", ""temperature"": 0, ""date"": ""2025-10-21T05:55:45.131273+00:00"", ""prompt_version"": ""v1"", ""persona"": ""null""}"
"('folkpsychology', 'perception')",folk psychology,perception,2,0,expert,v1,v1,"{""model"": ""llama-3.3-70b-versatile"", ""temperature"": 0, ""date"": ""2025-10-21T05:55:45.326560+00:00"", ""prompt_version"": ""v1"", ""persona"": ""expert""}"
"('folkpsychology', 'perception')",folk psychology,perception,2,0,phd,v1,v1,"{""model"": ""llama-3.3-70b-versatile"", ""temperature"": 0, ""date"": ""2025-10-21T05:55:45.500004+00:00"", ""prompt_version"": ""v1"", ""persona"": ""phd""}"
"('folkpsychology', 'perception')",folk psychology,perception,2,1,null,v1,v1,"{""model"": ""llama-3.3-70b-versatile"", ""temperature"": 0, ""date"": ""2025-10-21T05:55:45.663810+00:00"", ""prompt_version"": ""v1"", ""persona"": ""null""}"
"('computerethics', 'ethics')",computer ethics,ethics,4,0,expert,v1,v1,"{""model"": ""llama-3.3-70b-versatile"", ""temperature"": 0, ""date"": ""2025-10-21T05:55:45.852151+00:00"", ""prompt_version"": ""v1"", ""persona"": ""expert""}"
"('computerethics', 'ethics')",computer ethics,ethics,4,0,phd,v1,v1,"{""model"": ""llama-3.3-70b-versatile"", ""temperature"": 0, ""date"": ""2025-10-21T05:55:46.047845+00:00"", ""prompt_version"": ""v1"", ""persona"": ""phd""}"
"('computerethics', 'ethics')",computer ethics,ethics,4,0,null,v1,v1,"{""model"": ""llama-3.3-70b-versatile"", ""temperature"": 0, ""date"": ""2025-10-21T05:55:46.193759+00:00"", ""prompt_version"": ""v1"", ""persona"": ""null""}"
"('essentialversusaccidentalproperties', 'propertyandownership')",essential versus accidental properties,property and ownership,0,-1,expert,v1,v1,"{""model"": ""llama-3.3-70b-versatile"", ""temperature"": 0, ""date"": ""2025-10-21T05:55:46.383419+00:00"", ""prompt_version"": ""v1"", ""persona"": ""expert""}"
"('essentialversusaccidentalproperties', 'propertyandownership')",essential versus accidental properties,property and ownership,1,3,phd,v1,v1,"{""model"": ""llama-3.3-70b-versatile"", ""temperature"": 0, ""date"": ""2025-10-21T05:55:46.546024+00:00"", ""prompt_version"": ""v1"", ""persona"": ""phd""}"
"('essentialversusaccidentalproperties', 'propertyandownership')",essential versus accidental properties,property and ownership,1,3,null,v1,v1,"{""model"": ""llama-3.3-70b-versatile"", ""temperature"": 0, ""date"": ""2025-10-21T05:55:46.700548+00:00"", ""prompt_version"": ""v1"", ""persona"": ""null""}"
"('philosophyofreligion', 'publicreason')",public reason,philosophy of religion,2,0,expert,v1,v1,"{""model"": ""llama-3.3-70b-versatile"", ""temperature"": 0, ""date"": ""2025-10-21T05:55:46.889449+00:00"", ""prompt_version"": ""v1"", ""persona"": ""expert""}"
"('philosophyofreligion', 'publicreason')",public reason,philosophy of religion,2,0,phd,v1,v1,"{""model"": ""llama-3.3-70b-versatile"", ""temperature"": 0, ""date"": ""2025-10-21T05:55:47.047166+00:00"", ""prompt_version"": ""v1"", ""persona"": ""phd""}"
"('philosophyofreligion', 'publicreason')",public reason,philosophy of religion,2,0,null,v1,v1,"{""model"": ""llama-3.3-70b-versatile"", ""temperature"": 0, ""date"": ""2025-10-21T05:55:47.201846+00:00"", ""prompt_version"": ""v1"", ""persona"": ""null""}"
"('agnosticism', 'philosophyofreligion')",agnosticism,philosophy of religion,4,0,expert,v1,v1,"{""model"": ""llama-3.3-70b-versatile"", ""temperature"": 0, ""date"": ""2025-10-21T05:55:47.357058+00:00"", ""prompt_version"": ""v1"", ""persona"": ""expert""}"
"('agnosticism', 'philosophyofreligion')",agnosticism,philosophy of religion,4,0,phd,v1,v1,"{""model"": ""llama-3.3-70b-versatile"", ""temperature"": 0, ""date"": ""2025-10-21T05:55:47.515447+00:00"", ""prompt_version"": ""v1"", ""persona"": ""phd""}"
"('agnosticism', 'philosophyofreligion')",agnosticism,philosophy of religion,4,0,null,v1,v1,"{""model"": ""llama-3.3-70b-versatile"", ""temperature"": 0, ""date"": ""2025-10-21T05:55:47.676586+00:00"", ""prompt_version"": ""v1"", ""persona"": ""null""}"
"('chinesephilosophy', 'confucianism')",chinese philosophy,confucianism,4,1,course_taker,v1,v1,"{""model"": ""llama-3.3-70b-versatile"", ""temperature"": 0, ""date"": ""2025-10-21T05:55:47.841060+00:00"", ""prompt_version"": ""v1"", ""persona"": ""course_taker""}"
"('chinesephilosophy', 'confucianism')",chinese philosophy,confucianism,4,1,expert,v1,v1,"{""model"": ""llama-3.3-70b-versatile"", ""temperature"": 0, ""date"": ""2025-10-21T05:55:48.039612+00:00"", ""prompt_version"": ""v1"", ""persona"": ""expert""}"
"('chinesephilosophy', 'confucianism')",chinese philosophy,confucianism,4,1,null,v1,v1,"{""model"": ""llama-3.3-70b-versatile"", ""temperature"": 0, ""date"": ""2025-10-21T05:55:48.192991+00:00"", ""prompt_version"": ""v1"", ""persona"": ""null""}"
"('symmetryandinvariance', 'symmetryandsymmetrybreaking')",symmetry and symmetry breaking,symmetry and invariance,4,0,expert,v1,v1,"{""model"": ""llama-3.3-70b-versatile"", ""temperature"": 0, ""date"": ""2025-10-21T05:55:48.345480+00:00"", ""prompt_version"": ""v1"", ""persona"": ""expert""}"
"('symmetryandinvariance', 'symmetryandsymmetrybreaking')",symmetry and symmetry breaking,symmetry and invariance,4,0,phd,v1,v1,"{""model"": ""llama-3.3-70b-versatile"", ""temperature"": 0, ""date"": ""2025-10-21T05:55:48.501710+00:00"", ""prompt_version"": ""v1"", ""persona"": ""phd""}"
"('symmetryandinvariance', 'symmetryandsymmetrybreaking')",symmetry and symmetry breaking,symmetry and invariance,4,0,null,v1,v1,"{""model"": ""llama-3.3-70b-versatile"", ""temperature"": 0, ""date"": ""2025-10-21T05:55:48.649079+00:00"", ""prompt_version"": ""v1"", ""persona"": ""null""}"
"('epistemology', 'socialandpoliticalphilosophy')",social and political philosophy,epistemology,2,1,expert,v1,v1,"{""model"": ""llama-3.3-70b-versatile"", ""temperature"": 0, ""date"": ""2025-10-21T05:55:48.798346+00:00"", ""prompt_version"": ""v1"", ""persona"": ""expert""}"
"('epistemology', 'socialandpoliticalphilosophy')",social and political philosophy,epistemology,2,1,phd,v1,v1,"{""model"": ""llama-3.3-70b-versatile"", ""temperature"": 0, ""date"": ""2025-10-21T05:55:48.942914+00:00"", ""prompt_version"": ""v1"", ""persona"": ""phd""}"
"('epistemology', 'socialandpoliticalphilosophy')",social and political philosophy,epistemology,2,1,null,v1,v1,"{""model"": ""llama-3.3-70b-versatile"", ""temperature"": 0, ""date"": ""2025-10-21T05:55:49.112427+00:00"", ""prompt_version"": ""v1"", ""persona"": ""null""}"
"('ideas', 'metaphysics')",ideas,metaphysics,2,0,expert,v1,v1,"{""model"": ""llama-3.3-70b-versatile"", ""temperature"": 0, ""date"": ""2025-10-21T05:55:49.272331+00:00"", ""prompt_version"": ""v1"", ""persona"": ""expert""}"
"('ideas', 'metaphysics')",ideas,metaphysics,2,0,phd,v1,v1,"{""model"": ""llama-3.3-70b-versatile"", ""temperature"": 0, ""date"": ""2025-10-21T05:55:49.433711+00:00"", ""prompt_version"": ""v1"", ""persona"": ""phd""}"
"('ideas', 'metaphysics')",ideas,metaphysics,2,1,null,v1,v1,"{""model"": ""llama-3.3-70b-versatile"", ""temperature"": 0, ""date"": ""2025-10-21T05:55:49.586355+00:00"", ""prompt_version"": ""v1"", ""persona"": ""null""}"
"('matter', 'perception')",matter,perception,2,3,expert,v1,v1,"{""model"": ""llama-3.3-70b-versatile"", ""temperature"": 0, ""date"": ""2025-10-21T05:55:49.771214+00:00"", ""prompt_version"": ""v1"", ""persona"": ""expert""}"
"('matter', 'perception')",matter,perception,2,1,phd,v1,v1,"{""model"": ""llama-3.3-70b-versatile"", ""temperature"": 0, ""date"": ""2025-10-21T05:55:49.922883+00:00"", ""prompt_version"": ""v1"", ""persona"": ""phd""}"
"('matter', 'perception')",matter,perception,2,3,null,v1,v1,"{""model"": ""llama-3.3-70b-versatile"", ""temperature"": 0, ""date"": ""2025-10-21T05:55:50.122297+00:00"", ""prompt_version"": ""v1"", ""persona"": ""null""}"
"('20thcenturycontinentalphilosophy', 'philosophyofmind')",20th century continental philosophy,philosophy of mind,2,1,expert,v1,v1,"{""model"": ""llama-3.3-70b-versatile"", ""temperature"": 0, ""date"": ""2025-10-21T05:55:50.307790+00:00"", ""prompt_version"": ""v1"", ""persona"": ""expert""}"
"('20thcenturycontinentalphilosophy', 'philosophyofmind')",20th century continental philosophy,philosophy of mind,2,1,phd,v1,v1,"{""model"": ""llama-3.3-70b-versatile"", ""temperature"": 0, ""date"": ""2025-10-21T05:55:50.490498+00:00"", ""prompt_version"": ""v1"", ""persona"": ""phd""}"
"('20thcenturycontinentalphilosophy', 'philosophyofmind')",20th century continental philosophy,philosophy of mind,2,1,null,v1,v1,"{""model"": ""llama-3.3-70b-versatile"", ""temperature"": 0, ""date"": ""2025-10-21T05:55:50.683645+00:00"", ""prompt_version"": ""v1"", ""persona"": ""null""}"
"('epistemology', 'philosophyofmathematics')",philosophy of mathematics,epistemology,4,0,expert,v1,v1,"{""model"": ""llama-3.3-70b-versatile"", ""temperature"": 0, ""date"": ""2025-10-21T05:55:50.840939+00:00"", ""prompt_version"": ""v1"", ""persona"": ""expert""}"
"('epistemology', 'philosophyofmathematics')",philosophy of mathematics,epistemology,3,0,phd,v1,v1,"{""model"": ""llama-3.3-70b-versatile"", ""temperature"": 0, ""date"": ""2025-10-21T05:55:50.992777+00:00"", ""prompt_version"": ""v1"", ""persona"": ""phd""}"
"('epistemology', 'philosophyofmathematics')",philosophy of mathematics,epistemology,3,0,null,v1,v1,"{""model"": ""llama-3.3-70b-versatile"", ""temperature"": 0, ""date"": ""2025-10-21T05:55:51.137901+00:00"", ""prompt_version"": ""v1"", ""persona"": ""null""}"
"('churchturingthesis', 'turingmachine')",church-turing thesis,turing machine,4,0,expert,v1,v1,"{""model"": ""llama-3.3-70b-versatile"", ""temperature"": 0, ""date"": ""2025-10-21T05:55:51.307579+00:00"", ""prompt_version"": ""v1"", ""persona"": ""expert""}"
"('churchturingthesis', 'turingmachine')",church-turing thesis,turing machine,4,0,phd,v1,v1,"{""model"": ""llama-3.3-70b-versatile"", ""temperature"": 0, ""date"": ""2025-10-21T05:55:51.462763+00:00"", ""prompt_version"": ""v1"", ""persona"": ""phd""}"
"('churchturingthesis', 'turingmachine')",church-turing thesis,turing machine,4,1,null,v1,v1,"{""model"": ""llama-3.3-70b-versatile"", ""temperature"": 0, ""date"": ""2025-10-21T05:55:51.598909+00:00"", ""prompt_version"": ""v1"", ""persona"": ""null""}"
"('cognitivevalueofart', 'perception')",cognitive value of art,perception,3,0,expert,v1,v1,"{""model"": ""llama-3.3-70b-versatile"", ""temperature"": 0, ""date"": ""2025-10-21T05:55:51.757436+00:00"", ""prompt_version"": ""v1"", ""persona"": ""expert""}"
"('cognitivevalueofart', 'perception')",cognitive value of art,perception,3,0,phd,v1,v1,"{""model"": ""llama-3.3-70b-versatile"", ""temperature"": 0, ""date"": ""2025-10-21T05:55:51.913801+00:00"", ""prompt_version"": ""v1"", ""persona"": ""phd""}"
"('cognitivevalueofart', 'perception')",cognitive value of art,perception,2,0,null,v1,v1,"{""model"": ""llama-3.3-70b-versatile"", ""temperature"": 0, ""date"": ""2025-10-21T05:55:52.129827+00:00"", ""prompt_version"": ""v1"", ""persona"": ""null""}"
"('kantscritiqueofmetaphysics', 'metaphysics')",kant's critique of metaphysics,metaphysics,4,0,expert,v1,v1,"{""model"": ""llama-3.3-70b-versatile"", ""temperature"": 0, ""date"": ""2025-10-21T05:55:52.448176+00:00"", ""prompt_version"": ""v1"", ""persona"": ""expert""}"
"('kantscritiqueofmetaphysics', 'metaphysics')",kant's critique of metaphysics,metaphysics,4,0,phd,v1,v1,"{""model"": ""llama-3.3-70b-versatile"", ""temperature"": 0, ""date"": ""2025-10-21T05:55:52.784728+00:00"", ""prompt_version"": ""v1"", ""persona"": ""phd""}"
"('kantscritiqueofmetaphysics', 'metaphysics')",kant's critique of metaphysics,metaphysics,4,0,null,v1,v1,"{""model"": ""llama-3.3-70b-versatile"", ""temperature"": 0, ""date"": ""2025-10-21T05:55:53.123056+00:00"", ""prompt_version"": ""v1"", ""persona"": ""null""}"
"('koreanphilosophy', 'philosophyofmind')",korean philosophy,philosophy of mind,2,0,expert,v1,v1,"{""model"": ""llama-3.3-70b-versatile"", ""temperature"": 0, ""date"": ""2025-10-21T05:55:53.471710+00:00"", ""prompt_version"": ""v1"", ""persona"": ""expert""}"
"('koreanphilosophy', 'philosophyofmind')",korean philosophy,philosophy of mind,2,0,phd,v1,v1,"{""model"": ""llama-3.3-70b-versatile"", ""temperature"": 0, ""date"": ""2025-10-21T05:55:53.826460+00:00"", ""prompt_version"": ""v1"", ""persona"": ""phd""}"
"('koreanphilosophy', 'philosophyofmind')",korean philosophy,philosophy of mind,2,0,null,v1,v1,"{""model"": ""llama-3.3-70b-versatile"", ""temperature"": 0, ""date"": ""2025-10-21T05:55:54.076894+00:00"", ""prompt_version"": ""v1"", ""persona"": ""null""}"
"('artificialintelligence', 'churchturingthesis')",church-turing thesis,artificial intelligence,3,0,expert,v1,v1,"{""model"": ""llama-3.3-70b-versatile"", ""temperature"": 0, ""date"": ""2025-10-21T05:55:54.382303+00:00"", ""prompt_version"": ""v1"", ""persona"": ""expert""}"
"('artificialintelligence', 'churchturingthesis')",church-turing thesis,artificial intelligence,2,0,phd,v1,v1,"{""model"": ""llama-3.3-70b-versatile"", ""temperature"": 0, ""date"": ""2025-10-21T05:55:54.781168+00:00"", ""prompt_version"": ""v1"", ""persona"": ""phd""}"
"('artificialintelligence', 'churchturingthesis')",church-turing thesis,artificial intelligence,2,0,null,v1,v1,"{""model"": ""llama-3.3-70b-versatile"", ""temperature"": 0, ""date"": ""2025-10-21T05:55:55.173307+00:00"", ""prompt_version"": ""v1"", ""persona"": ""null""}"
"('nonconceptualmentalcontent', 'perception')",nonconceptual mental content,perception,4,0,expert,v1,v1,"{""model"": ""llama-3.3-70b-versatile"", ""temperature"": 0, ""date"": ""2025-10-21T05:55:55.603760+00:00"", ""prompt_version"": ""v1"", ""persona"": ""expert""}"
"('nonconceptualmentalcontent', 'perception')",nonconceptual mental content,perception,4,0,phd,v1,v1,"{""model"": ""llama-3.3-70b-versatile"", ""temperature"": 0, ""date"": ""2025-10-21T05:55:55.817152+00:00"", ""prompt_version"": ""v1"", ""persona"": ""phd""}"
"('nonconceptualmentalcontent', 'perception')",nonconceptual mental content,perception,4,0,null,v1,v1,"{""model"": ""llama-3.3-70b-versatile"", ""temperature"": 0, ""date"": ""2025-10-21T05:55:56.153494+00:00"", ""prompt_version"": ""v1"", ""persona"": ""null""}"
"('cognitivescience', 'eliminativematerialism')",eliminative materialism,cognitive science,4,0,expert,v1,v1,"{""model"": ""llama-3.3-70b-versatile"", ""temperature"": 0, ""date"": ""2025-10-21T05:55:56.391424+00:00"", ""prompt_version"": ""v1"", ""persona"": ""expert""}"
"('cognitivescience', 'eliminativematerialism')",eliminative materialism,cognitive science,2,0,phd,v1,v1,"{""model"": ""llama-3.3-70b-versatile"", ""temperature"": 0, ""date"": ""2025-10-21T05:55:56.647915+00:00"", ""prompt_version"": ""v1"", ""persona"": ""phd""}"
"('cognitivescience', 'eliminativematerialism')",eliminative materialism,cognitive science,3,0,null,v1,v1,"{""model"": ""llama-3.3-70b-versatile"", ""temperature"": 0, ""date"": ""2025-10-21T05:55:56.860342+00:00"", ""prompt_version"": ""v1"", ""persona"": ""null""}"
"('epistemologyofscience', 'metaphysics')",epistemology of science,metaphysics,2,0,expert,v1,v1,"{""model"": ""llama-3.3-70b-versatile"", ""temperature"": 0, ""date"": ""2025-10-21T05:55:57.027266+00:00"", ""prompt_version"": ""v1"", ""persona"": ""expert""}"
"('epistemologyofscience', 'metaphysics')",epistemology of science,metaphysics,2,0,phd,v1,v1,"{""model"": ""llama-3.3-70b-versatile"", ""temperature"": 0, ""date"": ""2025-10-21T05:55:57.213428+00:00"", ""prompt_version"": ""v1"", ""persona"": ""phd""}"
"('epistemologyofscience', 'metaphysics')",epistemology of science,metaphysics,2,0,null,v1,v1,"{""model"": ""llama-3.3-70b-versatile"", ""temperature"": 0, ""date"": ""2025-10-21T05:55:57.393427+00:00"", ""prompt_version"": ""v1"", ""persona"": ""null""}"
"('medievalproblemofuniversals', 'philosophyofmind')",medieval problem of universals,philosophy of mind,2,0,expert,v1,v1,"{""model"": ""llama-3.3-70b-versatile"", ""temperature"": 0, ""date"": ""2025-10-21T05:55:57.570456+00:00"", ""prompt_version"": ""v1"", ""persona"": ""expert""}"
"('medievalproblemofuniversals', 'philosophyofmind')",medieval problem of universals,philosophy of mind,2,0,phd,v1,v1,"{""model"": ""llama-3.3-70b-versatile"", ""temperature"": 0, ""date"": ""2025-10-21T05:55:57.759852+00:00"", ""prompt_version"": ""v1"", ""persona"": ""phd""}"
"('medievalproblemofuniversals', 'philosophyofmind')",medieval problem of universals,philosophy of mind,2,0,null,v1,v1,"{""model"": ""llama-3.3-70b-versatile"", ""temperature"": 0, ""date"": ""2025-10-21T05:55:57.951489+00:00"", ""prompt_version"": ""v1"", ""persona"": ""null""}"
"('bellstheorem', 'quantummechanics')",bell's theorem,quantum mechanics,4,0,expert,v1,v1,"{""model"": ""llama-3.3-70b-versatile"", ""temperature"": 0, ""date"": ""2025-10-21T05:55:58.113839+00:00"", ""prompt_version"": ""v1"", ""persona"": ""expert""}"
"('bellstheorem', 'quantummechanics')",bell's theorem,quantum mechanics,4,0,phd,v1,v1,"{""model"": ""llama-3.3-70b-versatile"", ""temperature"": 0, ""date"": ""2025-10-21T05:55:58.271153+00:00"", ""prompt_version"": ""v1"", ""persona"": ""phd""}"
"('bellstheorem', 'quantummechanics')",bell's theorem,quantum mechanics,4,0,null,v1,v1,"{""model"": ""llama-3.3-70b-versatile"", ""temperature"": 0, ""date"": ""2025-10-21T05:55:58.457234+00:00"", ""prompt_version"": ""v1"", ""persona"": ""null""}"
"('africanandafricanamericanphilosophy', 'akanphilosophyoftheperson')",akan philosophy of the person,african and african-american philosophy,3,0,course_taker,v1,v1,"{""model"": ""llama-3.3-70b-versatile"", ""temperature"": 0, ""date"": ""2025-10-21T05:55:58.647842+00:00"", ""prompt_version"": ""v1"", ""persona"": ""course_taker""}"
"('africanandafricanamericanphilosophy', 'akanphilosophyoftheperson')",akan philosophy of the person,african and african-american philosophy,3,0,phd,v1,v1,"{""model"": ""llama-3.3-70b-versatile"", ""temperature"": 0, ""date"": ""2025-10-21T05:55:58.809614+00:00"", ""prompt_version"": ""v1"", ""persona"": ""phd""}"
"('africanandafricanamericanphilosophy', 'akanphilosophyoftheperson')",akan philosophy of the person,african and african-american philosophy,3,0,null,v1,v1,"{""model"": ""llama-3.3-70b-versatile"", ""temperature"": 0, ""date"": ""2025-10-21T05:55:58.984564+00:00"", ""prompt_version"": ""v1"", ""persona"": ""null""}"
"('epistemology', 'theoryofforms')",theory of forms,epistemology,4,0,expert,v1,v1,"{""model"": ""llama-3.3-70b-versatile"", ""temperature"": 0, ""date"": ""2025-10-21T05:55:59.201434+00:00"", ""prompt_version"": ""v1"", ""persona"": ""expert""}"
"('epistemology', 'theoryofforms')",theory of forms,epistemology,4,0,phd,v1,v1,"{""model"": ""llama-3.3-70b-versatile"", ""temperature"": 0, ""date"": ""2025-10-21T05:55:59.411369+00:00"", ""prompt_version"": ""v1"", ""persona"": ""phd""}"
"('epistemology', 'theoryofforms')",theory of forms,epistemology,3,0,null,v1,v1,"{""model"": ""llama-3.3-70b-versatile"", ""temperature"": 0, ""date"": ""2025-10-21T05:55:59.619471+00:00"", ""prompt_version"": ""v1"", ""persona"": ""null""}"
"('philosophyofscienceandthesciences', 'socialdimensionsofscientificknowledge')",social dimensions of scientific knowledge,philosophy of science and the sciences,4,0,expert,v1,v1,"{""model"": ""llama-3.3-70b-versatile"", ""temperature"": 0, ""date"": ""2025-10-21T05:55:59.817052+00:00"", ""prompt_version"": ""v1"", ""persona"": ""expert""}"
"('philosophyofscienceandthesciences', 'socialdimensionsofscientificknowledge')",social dimensions of scientific knowledge,philosophy of science and the sciences,4,0,phd,v1,v1,"{""model"": ""llama-3.3-70b-versatile"", ""temperature"": 0, ""date"": ""2025-10-21T05:56:00.013052+00:00"", ""prompt_version"": ""v1"", ""persona"": ""phd""}"
"('philosophyofscienceandthesciences', 'socialdimensionsofscientificknowledge')",social dimensions of scientific knowledge,philosophy of science and the sciences,4,0,null,v1,v1,"{""model"": ""llama-3.3-70b-versatile"", ""temperature"": 0, ""date"": ""2025-10-21T05:56:00.208239+00:00"", ""prompt_version"": ""v1"", ""persona"": ""null""}"
"('chinesephilosophy', 'chineseroomargument')",chinese room argument,chinese philosophy,1,0,expert,v1,v1,"{""model"": ""llama-3.3-70b-versatile"", ""temperature"": 0, ""date"": ""2025-10-21T05:56:00.375846+00:00"", ""prompt_version"": ""v1"", ""persona"": ""expert""}"
"('chinesephilosophy', 'chineseroomargument')",chinese room argument,chinese philosophy,1,0,phd,v1,v1,"{""model"": ""llama-3.3-70b-versatile"", ""temperature"": 0, ""date"": ""2025-10-21T05:56:00.530871+00:00"", ""prompt_version"": ""v1"", ""persona"": ""phd""}"
"('chinesephilosophy', 'chineseroomargument')",chinese room argument,chinese philosophy,2,0,null,v1,v1,"{""model"": ""llama-3.3-70b-versatile"", ""temperature"": 0, ""date"": ""2025-10-21T05:56:00.679803+00:00"", ""prompt_version"": ""v1"", ""persona"": ""null""}"
"('inherence', 'metaphysics')",inherence,metaphysics,4,0,expert,v1,v1,"{""model"": ""llama-3.3-70b-versatile"", ""temperature"": 0, ""date"": ""2025-10-21T05:56:00.834192+00:00"", ""prompt_version"": ""v1"", ""persona"": ""expert""}"
"('inherence', 'metaphysics')",inherence,metaphysics,4,0,phd,v1,v1,"{""model"": ""llama-3.3-70b-versatile"", ""temperature"": 0, ""date"": ""2025-10-21T05:56:00.995749+00:00"", ""prompt_version"": ""v1"", ""persona"": ""phd""}"
"('inherence', 'metaphysics')",inherence,metaphysics,4,0,null,v1,v1,"{""model"": ""llama-3.3-70b-versatile"", ""temperature"": 0, ""date"": ""2025-10-21T05:56:01.174749+00:00"", ""prompt_version"": ""v1"", ""persona"": ""null""}"
"('cosmologicalargumentsfortheexistenceofgod', 'philosophyofreligion')",cosmological arguments for the existence of god,philosophy of religion,4,0,expert,v1,v1,"{""model"": ""llama-3.3-70b-versatile"", ""temperature"": 0, ""date"": ""2025-10-21T05:56:01.364582+00:00"", ""prompt_version"": ""v1"", ""persona"": ""expert""}"
"('cosmologicalargumentsfortheexistenceofgod', 'philosophyofreligion')",cosmological arguments for the existence of god,philosophy of religion,4,0,phd,v1,v1,"{""model"": ""llama-3.3-70b-versatile"", ""temperature"": 0, ""date"": ""2025-10-21T05:56:01.529895+00:00"", ""prompt_version"": ""v1"", ""persona"": ""phd""}"
"('cosmologicalargumentsfortheexistenceofgod', 'philosophyofreligion')",cosmological arguments for the existence of god,philosophy of religion,4,0,null,v1,v1,"{""model"": ""llama-3.3-70b-versatile"", ""temperature"": 0, ""date"": ""2025-10-21T05:56:01.703761+00:00"", ""prompt_version"": ""v1"", ""persona"": ""null""}"
"('logic', 'philosophiesoftheparticularsciences')",philosophies of the particular sciences,logic,2,0,expert,v1,v1,"{""model"": ""llama-3.3-70b-versatile"", ""temperature"": 0, ""date"": ""2025-10-21T05:56:01.866158+00:00"", ""prompt_version"": ""v1"", ""persona"": ""expert""}"
"('logic', 'philosophiesoftheparticularsciences')",philosophies of the particular sciences,logic,2,1,phd,v1,v1,"{""model"": ""llama-3.3-70b-versatile"", ""temperature"": 0, ""date"": ""2025-10-21T05:56:02.053263+00:00"", ""prompt_version"": ""v1"", ""persona"": ""phd""}"
"('logic', 'philosophiesoftheparticularsciences')",philosophies of the particular sciences,logic,2,0,null,v1,v1,"{""model"": ""llama-3.3-70b-versatile"", ""temperature"": 0, ""date"": ""2025-10-21T05:56:02.251677+00:00"", ""prompt_version"": ""v1"", ""persona"": ""null""}"
"('analyticfeminism', 'epistemology')",analytic feminism,epistemology,3,0,expert,v1,v1,"{""model"": ""llama-3.3-70b-versatile"", ""temperature"": 0, ""date"": ""2025-10-21T05:56:02.418226+00:00"", ""prompt_version"": ""v1"", ""persona"": ""expert""}"
"('analyticfeminism', 'epistemology')",analytic feminism,epistemology,2,0,phd,v1,v1,"{""model"": ""llama-3.3-70b-versatile"", ""temperature"": 0, ""date"": ""2025-10-21T05:56:02.586590+00:00"", ""prompt_version"": ""v1"", ""persona"": ""phd""}"
"('analyticfeminism', 'epistemology')",analytic feminism,epistemology,3,0,null,v1,v1,"{""model"": ""llama-3.3-70b-versatile"", ""temperature"": 0, ""date"": ""2025-10-21T05:56:02.742515+00:00"", ""prompt_version"": ""v1"", ""persona"": ""null""}"
"('cognitivescience', 'perception')",cognitive science,perception,4,1,expert,v1,v1,"{""model"": ""llama-3.3-70b-versatile"", ""temperature"": 0, ""date"": ""2025-10-21T05:56:02.903428+00:00"", ""prompt_version"": ""v1"", ""persona"": ""expert""}"
"('cognitivescience', 'perception')",cognitive science,perception,3,1,phd,v1,v1,"{""model"": ""llama-3.3-70b-versatile"", ""temperature"": 0, ""date"": ""2025-10-21T05:56:03.038830+00:00"", ""prompt_version"": ""v1"", ""persona"": ""phd""}"
"('cognitivescience', 'perception')",cognitive science,perception,4,1,null,v1,v1,"{""model"": ""llama-3.3-70b-versatile"", ""temperature"": 0, ""date"": ""2025-10-21T05:56:03.222365+00:00"", ""prompt_version"": ""v1"", ""persona"": ""null""}"
"('confirmationandinduction', 'metaphysics')",confirmation and induction,metaphysics,2,0,expert,v1,v1,"{""model"": ""llama-3.3-70b-versatile"", ""temperature"": 0, ""date"": ""2025-10-21T05:56:03.410382+00:00"", ""prompt_version"": ""v1"", ""persona"": ""expert""}"
"('confirmationandinduction', 'metaphysics')",confirmation and induction,metaphysics,2,0,phd,v1,v1,"{""model"": ""llama-3.3-70b-versatile"", ""temperature"": 0, ""date"": ""2025-10-21T05:56:03.616923+00:00"", ""prompt_version"": ""v1"", ""persona"": ""phd""}"
"('confirmationandinduction', 'metaphysics')",confirmation and induction,metaphysics,2,0,null,v1,v1,"{""model"": ""llama-3.3-70b-versatile"", ""temperature"": 0, ""date"": ""2025-10-21T05:56:03.770291+00:00"", ""prompt_version"": ""v1"", ""persona"": ""null""}"
"('malebranchestheoryofideasandvisioningod', 'philosophyofmind')",malebranche's theory of ideas and vision in god,philosophy of mind,4,0,expert,v1,v1,"{""model"": ""llama-3.3-70b-versatile"", ""temperature"": 0, ""date"": ""2025-10-21T05:56:03.933110+00:00"", ""prompt_version"": ""v1"", ""persona"": ""expert""}"
"('malebranchestheoryofideasandvisioningod', 'philosophyofmind')",malebranche's theory of ideas and vision in god,philosophy of mind,4,0,phd,v1,v1,"{""model"": ""llama-3.3-70b-versatile"", ""temperature"": 0, ""date"": ""2025-10-21T05:56:04.084223+00:00"", ""prompt_version"": ""v1"", ""persona"": ""phd""}"
"('malebranchestheoryofideasandvisioningod', 'philosophyofmind')",malebranche's theory of ideas and vision in god,philosophy of mind,4,0,null,v1,v1,"{""model"": ""llama-3.3-70b-versatile"", ""temperature"": 0, ""date"": ""2025-10-21T05:56:04.228062+00:00"", ""prompt_version"": ""v1"", ""persona"": ""null""}"
"('philosophyofphysics', 'quantummechanics')",quantum mechanics,philosophy of physics,4,0,expert,v1,v1,"{""model"": ""llama-3.3-70b-versatile"", ""temperature"": 0, ""date"": ""2025-10-21T05:56:04.402089+00:00"", ""prompt_version"": ""v1"", ""persona"": ""expert""}"
"('philosophyofphysics', 'quantummechanics')",quantum mechanics,philosophy of physics,4,0,phd,v1,v1,"{""model"": ""llama-3.3-70b-versatile"", ""temperature"": 0, ""date"": ""2025-10-21T05:56:04.550151+00:00"", ""prompt_version"": ""v1"", ""persona"": ""phd""}"
"('philosophyofphysics', 'quantummechanics')",quantum mechanics,philosophy of physics,4,0,null,v1,v1,"{""model"": ""llama-3.3-70b-versatile"", ""temperature"": 0, ""date"": ""2025-10-21T05:56:04.709170+00:00"", ""prompt_version"": ""v1"", ""persona"": ""null""}"
"('relativism', 'truth')",relativism,truth,4,0,expert,v1,v1,"{""model"": ""llama-3.3-70b-versatile"", ""temperature"": 0, ""date"": ""2025-10-21T05:56:04.861803+00:00"", ""prompt_version"": ""v1"", ""persona"": ""expert""}"
"('relativism', 'truth')",relativism,truth,4,0,phd,v1,v1,"{""model"": ""llama-3.3-70b-versatile"", ""temperature"": 0, ""date"": ""2025-10-21T05:56:05.008581+00:00"", ""prompt_version"": ""v1"", ""persona"": ""phd""}"
"('relativism', 'truth')",relativism,truth,4,0,null,v1,v1,"{""model"": ""llama-3.3-70b-versatile"", ""temperature"": 0, ""date"": ""2025-10-21T05:56:05.223073+00:00"", ""prompt_version"": ""v1"", ""persona"": ""null""}"
"('philosophyofreligion', 'theism')",theism,philosophy of religion,4,0,expert,v1,v1,"{""model"": ""llama-3.3-70b-versatile"", ""temperature"": 0, ""date"": ""2025-10-21T05:56:05.433916+00:00"", ""prompt_version"": ""v1"", ""persona"": ""expert""}"
"('philosophyofreligion', 'theism')",theism,philosophy of religion,4,0,phd,v1,v1,"{""model"": ""llama-3.3-70b-versatile"", ""temperature"": 0, ""date"": ""2025-10-21T05:56:05.621356+00:00"", ""prompt_version"": ""v1"", ""persona"": ""phd""}"
"('philosophyofreligion', 'theism')",theism,philosophy of religion,4,0,null,v1,v1,"{""model"": ""llama-3.3-70b-versatile"", ""temperature"": 0, ""date"": ""2025-10-21T05:56:05.815516+00:00"", ""prompt_version"": ""v1"", ""persona"": ""null""}"
"('fregestheoremandfoundationsforarithmetic', 'philosophyoflaw')",frege's theorem and foundations for arithmetic,philosophy of law,0,-1,course_taker,v1,v1,"{""model"": ""llama-3.3-70b-versatile"", ""temperature"": 0, ""date"": ""2025-10-21T05:56:05.998286+00:00"", ""prompt_version"": ""v1"", ""persona"": ""course_taker""}"
"('fregestheoremandfoundationsforarithmetic', 'philosophyoflaw')",frege's theorem and foundations for arithmetic,philosophy of law,0,-1,phd,v1,v1,"{""model"": ""llama-3.3-70b-versatile"", ""temperature"": 0, ""date"": ""2025-10-21T05:56:06.159905+00:00"", ""prompt_version"": ""v1"", ""persona"": ""phd""}"
"('fregestheoremandfoundationsforarithmetic', 'philosophyoflaw')",frege's theorem and foundations for arithmetic,philosophy of law,0,-1,null,v1,v1,"{""model"": ""llama-3.3-70b-versatile"", ""temperature"": 0, ""date"": ""2025-10-21T05:56:06.312251+00:00"", ""prompt_version"": ""v1"", ""persona"": ""null""}"
"('futurecontingents', 'historyoflogic')",future contingents,history of logic,2,0,novice,v1,v1,"{""model"": ""llama-3.3-70b-versatile"", ""temperature"": 0, ""date"": ""2025-10-21T05:56:06.487180+00:00"", ""prompt_version"": ""v1"", ""persona"": ""novice""}"
"('futurecontingents', 'historyoflogic')",future contingents,history of logic,2,0,phd,v1,v1,"{""model"": ""llama-3.3-70b-versatile"", ""temperature"": 0, ""date"": ""2025-10-21T05:56:06.654966+00:00"", ""prompt_version"": ""v1"", ""persona"": ""phd""}"
"('futurecontingents', 'historyoflogic')",future contingents,history of logic,2,0,null,v1,v1,"{""model"": ""llama-3.3-70b-versatile"", ""temperature"": 0, ""date"": ""2025-10-21T05:56:06.806142+00:00"", ""prompt_version"": ""v1"", ""persona"": ""null""}"
"('nonconceptualcontent', 'perception')",non-conceptual content,perception,4,0,expert,v1,v1,"{""model"": ""llama-3.3-70b-versatile"", ""temperature"": 0, ""date"": ""2025-10-21T05:56:07.013549+00:00"", ""prompt_version"": ""v1"", ""persona"": ""expert""}"
"('nonconceptualcontent', 'perception')",non-conceptual content,perception,4,0,phd,v1,v1,"{""model"": ""llama-3.3-70b-versatile"", ""temperature"": 0, ""date"": ""2025-10-21T05:56:07.192806+00:00"", ""prompt_version"": ""v1"", ""persona"": ""phd""}"
"('nonconceptualcontent', 'perception')",non-conceptual content,perception,4,0,null,v1,v1,"{""model"": ""llama-3.3-70b-versatile"", ""temperature"": 0, ""date"": ""2025-10-21T05:56:07.380543+00:00"", ""prompt_version"": ""v1"", ""persona"": ""null""}"
"('foundationalisttheoriesofepistemicjustification', 'justification')",foundationalist theories of epistemic justification,justification,4,0,expert,v1,v1,"{""model"": ""llama-3.3-70b-versatile"", ""temperature"": 0, ""date"": ""2025-10-21T05:56:07.556743+00:00"", ""prompt_version"": ""v1"", ""persona"": ""expert""}"
"('foundationalisttheoriesofepistemicjustification', 'justification')",foundationalist theories of epistemic justification,justification,4,0,phd,v1,v1,"{""model"": ""llama-3.3-70b-versatile"", ""temperature"": 0, ""date"": ""2025-10-21T05:56:07.730001+00:00"", ""prompt_version"": ""v1"", ""persona"": ""phd""}"
"('foundationalisttheoriesofepistemicjustification', 'justification')",foundationalist theories of epistemic justification,justification,4,0,null,v1,v1,"{""model"": ""llama-3.3-70b-versatile"", ""temperature"": 0, ""date"": ""2025-10-21T05:56:07.922464+00:00"", ""prompt_version"": ""v1"", ""persona"": ""null""}"
"('philosophyofmind', 'selfconsciousness')",self-consciousness,philosophy of mind,4,0,expert,v1,v1,"{""model"": ""llama-3.3-70b-versatile"", ""temperature"": 0, ""date"": ""2025-10-21T05:56:08.077574+00:00"", ""prompt_version"": ""v1"", ""persona"": ""expert""}"
"('philosophyofmind', 'selfconsciousness')",self-consciousness,philosophy of mind,4,0,phd,v1,v1,"{""model"": ""llama-3.3-70b-versatile"", ""temperature"": 0, ""date"": ""2025-10-21T05:56:08.229321+00:00"", ""prompt_version"": ""v1"", ""persona"": ""phd""}"
"('philosophyofmind', 'selfconsciousness')",self-consciousness,philosophy of mind,4,0,null,v1,v1,"{""model"": ""llama-3.3-70b-versatile"", ""temperature"": 0, ""date"": ""2025-10-21T05:56:08.377499+00:00"", ""prompt_version"": ""v1"", ""persona"": ""null""}"
"('philosophyofcomputerscience', 'philosophyofmind')",philosophy of computer science,philosophy of mind,2,0,expert,v1,v1,"{""model"": ""llama-3.3-70b-versatile"", ""temperature"": 0, ""date"": ""2025-10-21T05:56:08.564131+00:00"", ""prompt_version"": ""v1"", ""persona"": ""expert""}"
"('philosophyofcomputerscience', 'philosophyofmind')",philosophy of computer science,philosophy of mind,2,0,phd,v1,v1,"{""model"": ""llama-3.3-70b-versatile"", ""temperature"": 0, ""date"": ""2025-10-21T05:56:08.745327+00:00"", ""prompt_version"": ""v1"", ""persona"": ""phd""}"
"('philosophyofcomputerscience', 'philosophyofmind')",philosophy of computer science,philosophy of mind,2,0,null,v1,v1,"{""model"": ""llama-3.3-70b-versatile"", ""temperature"": 0, ""date"": ""2025-10-21T05:56:08.917677+00:00"", ""prompt_version"": ""v1"", ""persona"": ""null""}"
"('artificialintelligence', 'philosophyofmind')",artificial intelligence,philosophy of mind,4,0,expert,v1,v1,"{""model"": ""llama-3.3-70b-versatile"", ""temperature"": 0, ""date"": ""2025-10-21T05:56:09.065230+00:00"", ""prompt_version"": ""v1"", ""persona"": ""expert""}"
"('artificialintelligence', 'philosophyofmind')",artificial intelligence,philosophy of mind,4,0,phd,v1,v1,"{""model"": ""llama-3.3-70b-versatile"", ""temperature"": 0, ""date"": ""2025-10-21T05:56:09.234057+00:00"", ""prompt_version"": ""v1"", ""persona"": ""phd""}"
"('artificialintelligence', 'philosophyofmind')",artificial intelligence,philosophy of mind,2,0,null,v1,v1,"{""model"": ""llama-3.3-70b-versatile"", ""temperature"": 0, ""date"": ""2025-10-21T05:56:09.436420+00:00"", ""prompt_version"": ""v1"", ""persona"": ""null""}"
"('animalconsciousness', 'consciousness')",animal consciousness,consciousness,4,0,expert,v1,v1,"{""model"": ""llama-3.3-70b-versatile"", ""temperature"": 0, ""date"": ""2025-10-21T05:56:09.592586+00:00"", ""prompt_version"": ""v1"", ""persona"": ""expert""}"
"('animalconsciousness', 'consciousness')",animal consciousness,consciousness,4,0,phd,v1,v1,"{""model"": ""llama-3.3-70b-versatile"", ""temperature"": 0, ""date"": ""2025-10-21T05:56:09.776627+00:00"", ""prompt_version"": ""v1"", ""persona"": ""phd""}"
"('animalconsciousness', 'consciousness')",animal consciousness,consciousness,4,0,null,v1,v1,"{""model"": ""llama-3.3-70b-versatile"", ""temperature"": 0, ""date"": ""2025-10-21T05:56:09.927725+00:00"", ""prompt_version"": ""v1"", ""persona"": ""null""}"
"('17thand18thcenturytheoriesofemotions', 'perception')",17th and 18th century theories of emotions,perception,2,0,expert,v1,v1,"{""model"": ""llama-3.3-70b-versatile"", ""temperature"": 0, ""date"": ""2025-10-21T05:56:10.107030+00:00"", ""prompt_version"": ""v1"", ""persona"": ""expert""}"
"('17thand18thcenturytheoriesofemotions', 'perception')",17th and 18th century theories of emotions,perception,2,0,phd,v1,v1,"{""model"": ""llama-3.3-70b-versatile"", ""temperature"": 0, ""date"": ""2025-10-21T05:56:10.290406+00:00"", ""prompt_version"": ""v1"", ""persona"": ""phd""}"
"('17thand18thcenturytheoriesofemotions', 'perception')",17th and 18th century theories of emotions,perception,2,0,null,v1,v1,"{""model"": ""llama-3.3-70b-versatile"", ""temperature"": 0, ""date"": ""2025-10-21T05:56:10.483422+00:00"", ""prompt_version"": ""v1"", ""persona"": ""null""}"
"('combininglogics', 'logic')",logic,combining logics,4,0,course_taker,v1,v1,"{""model"": ""llama-3.3-70b-versatile"", ""temperature"": 0, ""date"": ""2025-10-21T05:56:10.665811+00:00"", ""prompt_version"": ""v1"", ""persona"": ""course_taker""}"
"('combininglogics', 'logic')",logic,combining logics,4,1,phd,v1,v1,"{""model"": ""llama-3.3-70b-versatile"", ""temperature"": 0, ""date"": ""2025-10-21T05:56:10.845548+00:00"", ""prompt_version"": ""v1"", ""persona"": ""phd""}"
"('combininglogics', 'logic')",logic,combining logics,4,0,null,v1,v1,"{""model"": ""llama-3.3-70b-versatile"", ""temperature"": 0, ""date"": ""2025-10-21T05:56:11.030511+00:00"", ""prompt_version"": ""v1"", ""persona"": ""null""}"
"('consciousnessandscience', 'perception')",consciousness and science,perception,4,1,expert,v1,v1,"{""model"": ""llama-3.3-70b-versatile"", ""temperature"": 0, ""date"": ""2025-10-21T05:56:11.176985+00:00"", ""prompt_version"": ""v1"", ""persona"": ""expert""}"
"('consciousnessandscience', 'perception')",consciousness and science,perception,3,1,phd,v1,v1,"{""model"": ""llama-3.3-70b-versatile"", ""temperature"": 0, ""date"": ""2025-10-21T05:56:11.329427+00:00"", ""prompt_version"": ""v1"", ""persona"": ""phd""}"
"('consciousnessandscience', 'perception')",consciousness and science,perception,3,1,null,v1,v1,"{""model"": ""llama-3.3-70b-versatile"", ""temperature"": 0, ""date"": ""2025-10-21T05:56:11.499730+00:00"", ""prompt_version"": ""v1"", ""persona"": ""null""}"
"('epistemology', 'otherminds')",other minds,epistemology,4,0,expert,v1,v1,"{""model"": ""llama-3.3-70b-versatile"", ""temperature"": 0, ""date"": ""2025-10-21T05:56:11.685015+00:00"", ""prompt_version"": ""v1"", ""persona"": ""expert""}"
"('epistemology', 'otherminds')",other minds,epistemology,4,0,phd,v1,v1,"{""model"": ""llama-3.3-70b-versatile"", ""temperature"": 0, ""date"": ""2025-10-21T05:56:11.839105+00:00"", ""prompt_version"": ""v1"", ""persona"": ""phd""}"
"('epistemology', 'otherminds')",other minds,epistemology,3,0,null,v1,v1,"{""model"": ""llama-3.3-70b-versatile"", ""temperature"": 0, ""date"": ""2025-10-21T05:56:11.988380+00:00"", ""prompt_version"": ""v1"", ""persona"": ""null""}"
"('mindbodyproblem', 'philosophyofmind')",mind-body problem,philosophy of mind,4,0,expert,v1,v1,"{""model"": ""llama-3.3-70b-versatile"", ""temperature"": 0, ""date"": ""2025-10-21T05:56:12.131943+00:00"", ""prompt_version"": ""v1"", ""persona"": ""expert""}"
"('mindbodyproblem', 'philosophyofmind')",mind-body problem,philosophy of mind,4,0,phd,v1,v1,"{""model"": ""llama-3.3-70b-versatile"", ""temperature"": 0, ""date"": ""2025-10-21T05:56:12.324450+00:00"", ""prompt_version"": ""v1"", ""persona"": ""phd""}"
"('mindbodyproblem', 'philosophyofmind')",mind-body problem,philosophy of mind,4,0,null,v1,v1,"{""model"": ""llama-3.3-70b-versatile"", ""temperature"": 0, ""date"": ""2025-10-21T05:56:12.474083+00:00"", ""prompt_version"": ""v1"", ""persona"": ""null""}"
"('existence', 'possibleworlds')",possible worlds,existence,4,0,expert,v1,v1,"{""model"": ""llama-3.3-70b-versatile"", ""temperature"": 0, ""date"": ""2025-10-21T05:56:12.665013+00:00"", ""prompt_version"": ""v1"", ""persona"": ""expert""}"
"('existence', 'possibleworlds')",possible worlds,existence,4,0,phd,v1,v1,"{""model"": ""llama-3.3-70b-versatile"", ""temperature"": 0, ""date"": ""2025-10-21T05:56:12.814335+00:00"", ""prompt_version"": ""v1"", ""persona"": ""phd""}"
"('existence', 'possibleworlds')",possible worlds,existence,4,0,null,v1,v1,"{""model"": ""llama-3.3-70b-versatile"", ""temperature"": 0, ""date"": ""2025-10-21T05:56:13.001030+00:00"", ""prompt_version"": ""v1"", ""persona"": ""null""}"
"('afterlife', 'incompatibilism')",incompatibilism,afterlife,1,3,expert,v1,v1,"{""model"": ""llama-3.3-70b-versatile"", ""temperature"": 0, ""date"": ""2025-10-21T05:56:13.189358+00:00"", ""prompt_version"": ""v1"", ""persona"": ""expert""}"
"('afterlife', 'incompatibilism')",incompatibilism,afterlife,1,3,phd,v1,v1,"{""model"": ""llama-3.3-70b-versatile"", ""temperature"": 0, ""date"": ""2025-10-21T05:56:13.341125+00:00"", ""prompt_version"": ""v1"", ""persona"": ""phd""}"
"('afterlife', 'incompatibilism')",incompatibilism,afterlife,1,3,null,v1,v1,"{""model"": ""llama-3.3-70b-versatile"", ""temperature"": 0, ""date"": ""2025-10-21T05:56:13.523028+00:00"", ""prompt_version"": ""v1"", ""persona"": ""null""}"
"('mathematicallogic', 'metaphysics')",mathematical logic,metaphysics,2,0,expert,v1,v1,"{""model"": ""llama-3.3-70b-versatile"", ""temperature"": 0, ""date"": ""2025-10-21T05:56:13.717540+00:00"", ""prompt_version"": ""v1"", ""persona"": ""expert""}"
"('mathematicallogic', 'metaphysics')",mathematical logic,metaphysics,2,0,phd,v1,v1,"{""model"": ""llama-3.3-70b-versatile"", ""temperature"": 0, ""date"": ""2025-10-21T05:56:13.910557+00:00"", ""prompt_version"": ""v1"", ""persona"": ""phd""}"
"('mathematicallogic', 'metaphysics')",mathematical logic,metaphysics,1,0,null,v1,v1,"{""model"": ""llama-3.3-70b-versatile"", ""temperature"": 0, ""date"": ""2025-10-21T05:56:14.090365+00:00"", ""prompt_version"": ""v1"", ""persona"": ""null""}"
"('animalconsciousness', 'philosophyofmind')",animal consciousness,philosophy of mind,4,0,expert,v1,v1,"{""model"": ""llama-3.3-70b-versatile"", ""temperature"": 0, ""date"": ""2025-10-21T05:56:14.236554+00:00"", ""prompt_version"": ""v1"", ""persona"": ""expert""}"
"('animalconsciousness', 'philosophyofmind')",animal consciousness,philosophy of mind,4,0,phd,v1,v1,"{""model"": ""llama-3.3-70b-versatile"", ""temperature"": 0, ""date"": ""2025-10-21T05:56:14.379057+00:00"", ""prompt_version"": ""v1"", ""persona"": ""phd""}"
"('animalconsciousness', 'philosophyofmind')",animal consciousness,philosophy of mind,4,0,null,v1,v1,"{""model"": ""llama-3.3-70b-versatile"", ""temperature"": 0, ""date"": ""2025-10-21T05:56:14.561791+00:00"", ""prompt_version"": ""v1"", ""persona"": ""null""}"
"('philosophyofmind', 'teleologicalargumentsforgodsexistence')",teleological arguments for god's existence,philosophy of mind,1,0,expert,v1,v1,"{""model"": ""llama-3.3-70b-versatile"", ""temperature"": 0, ""date"": ""2025-10-21T05:56:14.750757+00:00"", ""prompt_version"": ""v1"", ""persona"": ""expert""}"
"('philosophyofmind', 'teleologicalargumentsforgodsexistence')",teleological arguments for god's existence,philosophy of mind,1,0,phd,v1,v1,"{""model"": ""llama-3.3-70b-versatile"", ""temperature"": 0, ""date"": ""2025-10-21T05:56:14.963008+00:00"", ""prompt_version"": ""v1"", ""persona"": ""phd""}"
"('philosophyofmind', 'teleologicalargumentsforgodsexistence')",teleological arguments for god's existence,philosophy of mind,2,0,null,v1,v1,"{""model"": ""llama-3.3-70b-versatile"", ""temperature"": 0, ""date"": ""2025-10-21T05:56:15.146970+00:00"", ""prompt_version"": ""v1"", ""persona"": ""null""}"
"('christiantheology', 'philosophyofreligion')",christian theology,philosophy of religion,4,0,expert,v1,v1,"{""model"": ""llama-3.3-70b-versatile"", ""temperature"": 0, ""date"": ""2025-10-21T05:56:15.310714+00:00"", ""prompt_version"": ""v1"", ""persona"": ""expert""}"
"('christiantheology', 'philosophyofreligion')",christian theology,philosophy of religion,4,0,phd,v1,v1,"{""model"": ""llama-3.3-70b-versatile"", ""temperature"": 0, ""date"": ""2025-10-21T05:56:15.465808+00:00"", ""prompt_version"": ""v1"", ""persona"": ""phd""}"
"('christiantheology', 'philosophyofreligion')",christian theology,philosophy of religion,4,0,null,v1,v1,"{""model"": ""llama-3.3-70b-versatile"", ""temperature"": 0, ""date"": ""2025-10-21T05:56:15.620820+00:00"", ""prompt_version"": ""v1"", ""persona"": ""null""}"
"('historicisttheoriesofrationality', 'philosophyofscienceandthesciences')",historicist theories of rationality,philosophy of science and the sciences,4,0,expert,v1,v1,"{""model"": ""llama-3.3-70b-versatile"", ""temperature"": 0, ""date"": ""2025-10-21T05:56:15.811981+00:00"", ""prompt_version"": ""v1"", ""persona"": ""expert""}"
"('historicisttheoriesofrationality', 'philosophyofscienceandthesciences')",historicist theories of rationality,philosophy of science and the sciences,4,0,phd,v1,v1,"{""model"": ""llama-3.3-70b-versatile"", ""temperature"": 0, ""date"": ""2025-10-21T05:56:15.974053+00:00"", ""prompt_version"": ""v1"", ""persona"": ""phd""}"
"('historicisttheoriesofrationality', 'philosophyofscienceandthesciences')",historicist theories of rationality,philosophy of science and the sciences,3,0,null,v1,v1,"{""model"": ""llama-3.3-70b-versatile"", ""temperature"": 0, ""date"": ""2025-10-21T05:56:16.129955+00:00"", ""prompt_version"": ""v1"", ""persona"": ""null""}"
"('explanation', 'philosophyofscienceandthesciences')",explanation,philosophy of science and the sciences,4,0,expert,v1,v1,"{""model"": ""llama-3.3-70b-versatile"", ""temperature"": 0, ""date"": ""2025-10-21T05:56:16.284380+00:00"", ""prompt_version"": ""v1"", ""persona"": ""expert""}"
"('explanation', 'philosophyofscienceandthesciences')",explanation,philosophy of science and the sciences,4,0,phd,v1,v1,"{""model"": ""llama-3.3-70b-versatile"", ""temperature"": 0, ""date"": ""2025-10-21T05:56:16.443742+00:00"", ""prompt_version"": ""v1"", ""persona"": ""phd""}"
"('explanation', 'philosophyofscienceandthesciences')",explanation,philosophy of science and the sciences,2,0,null,v1,v1,"{""model"": ""llama-3.3-70b-versatile"", ""temperature"": 0, ""date"": ""2025-10-21T05:56:16.620237+00:00"", ""prompt_version"": ""v1"", ""persona"": ""null""}"
"('modernphilosophy', 'perception')",modern philosophy,perception,2,1,expert,v1,v1,"{""model"": ""llama-3.3-70b-versatile"", ""temperature"": 0, ""date"": ""2025-10-21T05:56:16.782719+00:00"", ""prompt_version"": ""v1"", ""persona"": ""expert""}"
"('modernphilosophy', 'perception')",modern philosophy,perception,3,1,phd,v1,v1,"{""model"": ""llama-3.3-70b-versatile"", ""temperature"": 0, ""date"": ""2025-10-21T05:56:16.943649+00:00"", ""prompt_version"": ""v1"", ""persona"": ""phd""}"
"('modernphilosophy', 'perception')",modern philosophy,perception,3,1,null,v1,v1,"{""model"": ""llama-3.3-70b-versatile"", ""temperature"": 0, ""date"": ""2025-10-21T05:56:17.089141+00:00"", ""prompt_version"": ""v1"", ""persona"": ""null""}"
"('culture', 'philosophyofreligion')",culture,philosophy of religion,2,1,expert,v1,v1,"{""model"": ""llama-3.3-70b-versatile"", ""temperature"": 0, ""date"": ""2025-10-21T05:56:17.270681+00:00"", ""prompt_version"": ""v1"", ""persona"": ""expert""}"
"('culture', 'philosophyofreligion')",culture,philosophy of religion,2,1,phd,v1,v1,"{""model"": ""llama-3.3-70b-versatile"", ""temperature"": 0, ""date"": ""2025-10-21T05:56:17.430226+00:00"", ""prompt_version"": ""v1"", ""persona"": ""phd""}"
"('culture', 'philosophyofreligion')",culture,philosophy of religion,2,1,null,v1,v1,"{""model"": ""llama-3.3-70b-versatile"", ""temperature"": 0, ""date"": ""2025-10-21T05:56:17.616283+00:00"", ""prompt_version"": ""v1"", ""persona"": ""null""}"
"('mentalcontent', 'mentalrepresentation')",mental representation,mental content,4,0,expert,v1,v1,"{""model"": ""llama-3.3-70b-versatile"", ""temperature"": 0, ""date"": ""2025-10-21T05:56:17.813359+00:00"", ""prompt_version"": ""v1"", ""persona"": ""expert""}"
"('mentalcontent', 'mentalrepresentation')",mental representation,mental content,4,0,phd,v1,v1,"{""model"": ""llama-3.3-70b-versatile"", ""temperature"": 0, ""date"": ""2025-10-21T05:56:17.977184+00:00"", ""prompt_version"": ""v1"", ""persona"": ""phd""}"
"('mentalcontent', 'mentalrepresentation')",mental representation,mental content,4,0,null,v1,v1,"{""model"": ""llama-3.3-70b-versatile"", ""temperature"": 0, ""date"": ""2025-10-21T05:56:18.154617+00:00"", ""prompt_version"": ""v1"", ""persona"": ""null""}"
"('cognitivescience', 'connectionistmodel')",connectionist model,cognitive science,4,0,expert,v1,v1,"{""model"": ""llama-3.3-70b-versatile"", ""temperature"": 0, ""date"": ""2025-10-21T05:56:18.308928+00:00"", ""prompt_version"": ""v1"", ""persona"": ""expert""}"
"('cognitivescience', 'connectionistmodel')",connectionist model,cognitive science,4,0,phd,v1,v1,"{""model"": ""llama-3.3-70b-versatile"", ""temperature"": 0, ""date"": ""2025-10-21T05:56:18.479207+00:00"", ""prompt_version"": ""v1"", ""persona"": ""phd""}"
"('cognitivescience', 'connectionistmodel')",connectionist model,cognitive science,3,0,null,v1,v1,"{""model"": ""llama-3.3-70b-versatile"", ""temperature"": 0, ""date"": ""2025-10-21T05:56:18.688769+00:00"", ""prompt_version"": ""v1"", ""persona"": ""null""}"
"('epistemology', 'philosophyofmind')",philosophy of mind,epistemology,2,0,expert,v1,v1,"{""model"": ""llama-3.3-70b-versatile"", ""temperature"": 0, ""date"": ""2025-10-21T05:56:18.871281+00:00"", ""prompt_version"": ""v1"", ""persona"": ""expert""}"
"('epistemology', 'philosophyofmind')",philosophy of mind,epistemology,2,0,phd,v1,v1,"{""model"": ""llama-3.3-70b-versatile"", ""temperature"": 0, ""date"": ""2025-10-21T05:56:19.060520+00:00"", ""prompt_version"": ""v1"", ""persona"": ""phd""}"
"('epistemology', 'philosophyofmind')",philosophy of mind,epistemology,2,0,null,v1,v1,"{""model"": ""llama-3.3-70b-versatile"", ""temperature"": 0, ""date"": ""2025-10-21T05:56:19.247191+00:00"", ""prompt_version"": ""v1"", ""persona"": ""null""}"
"('conservationbiology', 'philosophyofscienceandthesciences')",conservation biology,philosophy of science and the sciences,2,0,expert,v1,v1,"{""model"": ""llama-3.3-70b-versatile"", ""temperature"": 0, ""date"": ""2025-10-21T05:56:19.426678+00:00"", ""prompt_version"": ""v1"", ""persona"": ""expert""}"
"('conservationbiology', 'philosophyofscienceandthesciences')",conservation biology,philosophy of science and the sciences,3,0,phd,v1,v1,"{""model"": ""llama-3.3-70b-versatile"", ""temperature"": 0, ""date"": ""2025-10-21T05:56:19.613268+00:00"", ""prompt_version"": ""v1"", ""persona"": ""phd""}"
"('conservationbiology', 'philosophyofscienceandthesciences')",conservation biology,philosophy of science and the sciences,2,0,null,v1,v1,"{""model"": ""llama-3.3-70b-versatile"", ""temperature"": 0, ""date"": ""2025-10-21T05:56:19.831603+00:00"", ""prompt_version"": ""v1"", ""persona"": ""null""}"
"('coherentisttheoriesofjustification', 'epistemology')",coherentist theories of justification,epistemology,4,0,expert,v1,v1,"{""model"": ""llama-3.3-70b-versatile"", ""temperature"": 0, ""date"": ""2025-10-21T05:56:19.982590+00:00"", ""prompt_version"": ""v1"", ""persona"": ""expert""}"
"('coherentisttheoriesofjustification', 'epistemology')",coherentist theories of justification,epistemology,4,0,phd,v1,v1,"{""model"": ""llama-3.3-70b-versatile"", ""temperature"": 0, ""date"": ""2025-10-21T05:56:20.148335+00:00"", ""prompt_version"": ""v1"", ""persona"": ""phd""}"
"('coherentisttheoriesofjustification', 'epistemology')",coherentist theories of justification,epistemology,4,0,null,v1,v1,"{""model"": ""llama-3.3-70b-versatile"", ""temperature"": 0, ""date"": ""2025-10-21T05:56:20.326164+00:00"", ""prompt_version"": ""v1"", ""persona"": ""null""}"
"('eliminativematerialism', 'philosophyofscienceandthesciences')",eliminative materialism,philosophy of science and the sciences,4,0,expert,v1,v1,"{""model"": ""llama-3.3-70b-versatile"", ""temperature"": 0, ""date"": ""2025-10-21T05:56:20.472223+00:00"", ""prompt_version"": ""v1"", ""persona"": ""expert""}"
"('eliminativematerialism', 'philosophyofscienceandthesciences')",eliminative materialism,philosophy of science and the sciences,3,0,phd,v1,v1,"{""model"": ""llama-3.3-70b-versatile"", ""temperature"": 0, ""date"": ""2025-10-21T05:56:20.635084+00:00"", ""prompt_version"": ""v1"", ""persona"": ""phd""}"
"('eliminativematerialism', 'philosophyofscienceandthesciences')",eliminative materialism,philosophy of science and the sciences,3,0,null,v1,v1,"{""model"": ""llama-3.3-70b-versatile"", ""temperature"": 0, ""date"": ""2025-10-21T05:56:22.487052+00:00"", ""prompt_version"": ""v1"", ""persona"": ""null""}"
"('artificialintelligence', 'inputunit')",input unit,artificial intelligence,2,0,expert,v1,v1,"{""model"": ""llama-3.3-70b-versatile"", ""temperature"": 0, ""date"": ""2025-10-21T05:56:22.731361+00:00"", ""prompt_version"": ""v1"", ""persona"": ""expert""}"
"('artificialintelligence', 'inputunit')",input unit,artificial intelligence,2,0,phd,v1,v1,"{""model"": ""llama-3.3-70b-versatile"", ""temperature"": 0, ""date"": ""2025-10-21T05:56:22.887906+00:00"", ""prompt_version"": ""v1"", ""persona"": ""phd""}"
"('artificialintelligence', 'inputunit')",input unit,artificial intelligence,2,0,null,v1,v1,"{""model"": ""llama-3.3-70b-versatile"", ""temperature"": 0, ""date"": ""2025-10-21T05:56:23.064217+00:00"", ""prompt_version"": ""v1"", ""persona"": ""null""}"
"('lebensphilosophie', 'philosophyofreligion')",lebensphilosophie,philosophy of religion,2,1,expert,v1,v1,"{""model"": ""llama-3.3-70b-versatile"", ""temperature"": 0, ""date"": ""2025-10-21T05:56:23.234793+00:00"", ""prompt_version"": ""v1"", ""persona"": ""expert""}"
"('lebensphilosophie', 'philosophyofreligion')",lebensphilosophie,philosophy of religion,2,1,phd,v1,v1,"{""model"": ""llama-3.3-70b-versatile"", ""temperature"": 0, ""date"": ""2025-10-21T05:56:23.424347+00:00"", ""prompt_version"": ""v1"", ""persona"": ""phd""}"
"('lebensphilosophie', 'philosophyofreligion')",lebensphilosophie,philosophy of religion,2,1,null,v1,v1,"{""model"": ""llama-3.3-70b-versatile"", ""temperature"": 0, ""date"": ""2025-10-21T05:56:23.606670+00:00"", ""prompt_version"": ""v1"", ""persona"": ""null""}"
"('perception', 'platoonknowledgeinthetheaetetus')",plato on knowledge in the theaetetus,perception,4,0,expert,v1,v1,"{""model"": ""llama-3.3-70b-versatile"", ""temperature"": 0, ""date"": ""2025-10-21T05:56:24.546612+00:00"", ""prompt_version"": ""v1"", ""persona"": ""expert""}"
"('perception', 'platoonknowledgeinthetheaetetus')",plato on knowledge in the theaetetus,perception,4,0,phd,v1,v1,"{""model"": ""llama-3.3-70b-versatile"", ""temperature"": 0, ""date"": ""2025-10-21T05:56:24.698071+00:00"", ""prompt_version"": ""v1"", ""persona"": ""phd""}"
"('perception', 'platoonknowledgeinthetheaetetus')",plato on knowledge in the theaetetus,perception,4,0,null,v1,v1,"{""model"": ""llama-3.3-70b-versatile"", ""temperature"": 0, ""date"": ""2025-10-21T05:56:24.852538+00:00"", ""prompt_version"": ""v1"", ""persona"": ""null""}"
"('cognitivescience', 'nativism')",nativism,cognitive science,3,0,expert,v1,v1,"{""model"": ""llama-3.3-70b-versatile"", ""temperature"": 0, ""date"": ""2025-10-21T05:56:25.030801+00:00"", ""prompt_version"": ""v1"", ""persona"": ""expert""}"
"('cognitivescience', 'nativism')",nativism,cognitive science,2,0,phd,v1,v1,"{""model"": ""llama-3.3-70b-versatile"", ""temperature"": 0, ""date"": ""2025-10-21T05:56:25.181483+00:00"", ""prompt_version"": ""v1"", ""persona"": ""phd""}"
"('cognitivescience', 'nativism')",nativism,cognitive science,2,0,null,v1,v1,"{""model"": ""llama-3.3-70b-versatile"", ""temperature"": 0, ""date"": ""2025-10-21T05:56:25.368458+00:00"", ""prompt_version"": ""v1"", ""persona"": ""null""}"
"('conceptsofgod', 'philosophyofreligion')",concepts of god,philosophy of religion,4,0,expert,v1,v1,"{""model"": ""llama-3.3-70b-versatile"", ""temperature"": 0, ""date"": ""2025-10-21T05:56:25.547807+00:00"", ""prompt_version"": ""v1"", ""persona"": ""expert""}"
"('conceptsofgod', 'philosophyofreligion')",concepts of god,philosophy of religion,4,0,phd,v1,v1,"{""model"": ""llama-3.3-70b-versatile"", ""temperature"": 0, ""date"": ""2025-10-21T05:56:25.725535+00:00"", ""prompt_version"": ""v1"", ""persona"": ""phd""}"
"('conceptsofgod', 'philosophyofreligion')",concepts of god,philosophy of religion,4,0,null,v1,v1,"{""model"": ""llama-3.3-70b-versatile"", ""temperature"": 0, ""date"": ""2025-10-21T05:56:25.900111+00:00"", ""prompt_version"": ""v1"", ""persona"": ""null""}"
"('churchturingthesis', 'philosophyofcomputerscience')",philosophy of computer science,church-turing thesis,4,1,course_taker,v1,v1,"{""model"": ""llama-3.3-70b-versatile"", ""temperature"": 0, ""date"": ""2025-10-21T05:56:26.081236+00:00"", ""prompt_version"": ""v1"", ""persona"": ""course_taker""}"
"('churchturingthesis', 'philosophyofcomputerscience')",philosophy of computer science,church-turing thesis,4,1,phd,v1,v1,"{""model"": ""llama-3.3-70b-versatile"", ""temperature"": 0, ""date"": ""2025-10-21T05:56:26.266561+00:00"", ""prompt_version"": ""v1"", ""persona"": ""phd""}"
"('churchturingthesis', 'philosophyofcomputerscience')",philosophy of computer science,church-turing thesis,4,1,null,v1,v1,"{""model"": ""llama-3.3-70b-versatile"", ""temperature"": 0, ""date"": ""2025-10-21T05:56:26.413021+00:00"", ""prompt_version"": ""v1"", ""persona"": ""null""}"
"('hylomorphism', 'metaphysics')",hylomorphism,metaphysics,4,0,expert,v1,v1,"{""model"": ""llama-3.3-70b-versatile"", ""temperature"": 0, ""date"": ""2025-10-21T05:56:26.616355+00:00"", ""prompt_version"": ""v1"", ""persona"": ""expert""}"
"('hylomorphism', 'metaphysics')",hylomorphism,metaphysics,4,0,phd,v1,v1,"{""model"": ""llama-3.3-70b-versatile"", ""temperature"": 0, ""date"": ""2025-10-21T05:56:26.770264+00:00"", ""prompt_version"": ""v1"", ""persona"": ""phd""}"
"('hylomorphism', 'metaphysics')",hylomorphism,metaphysics,4,0,null,v1,v1,"{""model"": ""llama-3.3-70b-versatile"", ""temperature"": 0, ""date"": ""2025-10-21T05:56:26.925788+00:00"", ""prompt_version"": ""v1"", ""persona"": ""null""}"
"('cognitivescience', 'symbolicprocessing')",symbolic processing,cognitive science,4,0,expert,v1,v1,"{""model"": ""llama-3.3-70b-versatile"", ""temperature"": 0, ""date"": ""2025-10-21T05:56:27.072041+00:00"", ""prompt_version"": ""v1"", ""persona"": ""expert""}"
"('cognitivescience', 'symbolicprocessing')",symbolic processing,cognitive science,4,0,phd,v1,v1,"{""model"": ""llama-3.3-70b-versatile"", ""temperature"": 0, ""date"": ""2025-10-21T05:56:27.226988+00:00"", ""prompt_version"": ""v1"", ""persona"": ""phd""}"
"('cognitivescience', 'symbolicprocessing')",symbolic processing,cognitive science,4,0,null,v1,v1,"{""model"": ""llama-3.3-70b-versatile"", ""temperature"": 0, ""date"": ""2025-10-21T05:56:27.409422+00:00"", ""prompt_version"": ""v1"", ""persona"": ""null""}"
"('pacifism', 'philosophyofreligion')",pacifism,philosophy of religion,2,0,expert,v1,v1,"{""model"": ""llama-3.3-70b-versatile"", ""temperature"": 0, ""date"": ""2025-10-21T05:56:27.592076+00:00"", ""prompt_version"": ""v1"", ""persona"": ""expert""}"
"('pacifism', 'philosophyofreligion')",pacifism,philosophy of religion,2,0,phd,v1,v1,"{""model"": ""llama-3.3-70b-versatile"", ""temperature"": 0, ""date"": ""2025-10-21T05:56:27.775597+00:00"", ""prompt_version"": ""v1"", ""persona"": ""phd""}"
"('pacifism', 'philosophyofreligion')",pacifism,philosophy of religion,2,0,null,v1,v1,"{""model"": ""llama-3.3-70b-versatile"", ""temperature"": 0, ""date"": ""2025-10-21T05:56:27.926159+00:00"", ""prompt_version"": ""v1"", ""persona"": ""null""}"
"('epistemology', 'lawsofnature')",laws of nature,epistemology,2,0,expert,v1,v1,"{""model"": ""llama-3.3-70b-versatile"", ""temperature"": 0, ""date"": ""2025-10-21T05:56:28.077334+00:00"", ""prompt_version"": ""v1"", ""persona"": ""expert""}"
"('epistemology', 'lawsofnature')",laws of nature,epistemology,2,0,phd,v1,v1,"{""model"": ""llama-3.3-70b-versatile"", ""temperature"": 0, ""date"": ""2025-10-21T05:56:28.230083+00:00"", ""prompt_version"": ""v1"", ""persona"": ""phd""}"
"('epistemology', 'lawsofnature')",laws of nature,epistemology,2,3,null,v1,v1,"{""model"": ""llama-3.3-70b-versatile"", ""temperature"": 0, ""date"": ""2025-10-21T05:56:28.385576+00:00"", ""prompt_version"": ""v1"", ""persona"": ""null""}"
"('philosophyofmind', 'probabilityandstatistics')",probability and statistics,philosophy of mind,1,3,expert,v1,v1,"{""model"": ""llama-3.3-70b-versatile"", ""temperature"": 0, ""date"": ""2025-10-21T05:56:28.557686+00:00"", ""prompt_version"": ""v1"", ""persona"": ""expert""}"
"('philosophyofmind', 'probabilityandstatistics')",probability and statistics,philosophy of mind,1,3,phd,v1,v1,"{""model"": ""llama-3.3-70b-versatile"", ""temperature"": 0, ""date"": ""2025-10-21T05:56:28.745390+00:00"", ""prompt_version"": ""v1"", ""persona"": ""phd""}"
"('philosophyofmind', 'probabilityandstatistics')",probability and statistics,philosophy of mind,0,-1,null,v1,v1,"{""model"": ""llama-3.3-70b-versatile"", ""temperature"": 0, ""date"": ""2025-10-21T05:56:28.920397+00:00"", ""prompt_version"": ""v1"", ""persona"": ""null""}"
"('metaphysics', 'philosophyofperception')",philosophy of perception,metaphysics,3,0,expert,v1,v1,"{""model"": ""llama-3.3-70b-versatile"", ""temperature"": 0, ""date"": ""2025-10-21T05:56:29.111404+00:00"", ""prompt_version"": ""v1"", ""persona"": ""expert""}"
"('metaphysics', 'philosophyofperception')",philosophy of perception,metaphysics,3,0,phd,v1,v1,"{""model"": ""llama-3.3-70b-versatile"", ""temperature"": 0, ""date"": ""2025-10-21T05:56:29.286374+00:00"", ""prompt_version"": ""v1"", ""persona"": ""phd""}"
"('metaphysics', 'philosophyofperception')",philosophy of perception,metaphysics,3,0,null,v1,v1,"{""model"": ""llama-3.3-70b-versatile"", ""temperature"": 0, ""date"": ""2025-10-21T05:56:29.439005+00:00"", ""prompt_version"": ""v1"", ""persona"": ""null""}"
"('cognitivescience', 'modularity')",modularity,cognitive science,2,0,expert,v1,v1,"{""model"": ""llama-3.3-70b-versatile"", ""temperature"": 0, ""date"": ""2025-10-21T05:56:29.608861+00:00"", ""prompt_version"": ""v1"", ""persona"": ""expert""}"
"('cognitivescience', 'modularity')",modularity,cognitive science,3,0,phd,v1,v1,"{""model"": ""llama-3.3-70b-versatile"", ""temperature"": 0, ""date"": ""2025-10-21T05:56:29.770942+00:00"", ""prompt_version"": ""v1"", ""persona"": ""phd""}"
"('cognitivescience', 'modularity')",modularity,cognitive science,2,0,null,v1,v1,"{""model"": ""llama-3.3-70b-versatile"", ""temperature"": 0, ""date"": ""2025-10-21T05:56:29.935857+00:00"", ""prompt_version"": ""v1"", ""persona"": ""null""}"
"('matter', 'metaphysics')",matter,metaphysics,3,0,expert,v1,v1,"{""model"": ""llama-3.3-70b-versatile"", ""temperature"": 0, ""date"": ""2025-10-21T05:56:30.101464+00:00"", ""prompt_version"": ""v1"", ""persona"": ""expert""}"
"('matter', 'metaphysics')",matter,metaphysics,4,0,phd,v1,v1,"{""model"": ""llama-3.3-70b-versatile"", ""temperature"": 0, ""date"": ""2025-10-21T05:56:30.260183+00:00"", ""prompt_version"": ""v1"", ""persona"": ""phd""}"
"('matter', 'metaphysics')",matter,metaphysics,2,0,null,v1,v1,"{""model"": ""llama-3.3-70b-versatile"", ""temperature"": 0, ""date"": ""2025-10-21T05:56:30.430385+00:00"", ""prompt_version"": ""v1"", ""persona"": ""null""}"
"('artificialintelligence', 'cognitivescience')",artificial intelligence,cognitive science,4,0,course_taker,v1,v1,"{""model"": ""llama-3.3-70b-versatile"", ""temperature"": 0, ""date"": ""2025-10-21T05:56:30.634409+00:00"", ""prompt_version"": ""v1"", ""persona"": ""course_taker""}"
"('artificialintelligence', 'cognitivescience')",artificial intelligence,cognitive science,3,0,expert,v1,v1,"{""model"": ""llama-3.3-70b-versatile"", ""temperature"": 0, ""date"": ""2025-10-21T05:56:30.819365+00:00"", ""prompt_version"": ""v1"", ""persona"": ""expert""}"
"('artificialintelligence', 'cognitivescience')",artificial intelligence,cognitive science,3,0,null,v1,v1,"{""model"": ""llama-3.3-70b-versatile"", ""temperature"": 0, ""date"": ""2025-10-21T05:56:30.977328+00:00"", ""prompt_version"": ""v1"", ""persona"": ""null""}"
"('cartesiandualism', 'dualism')",cartesian dualism,dualism,4,0,expert,v1,v1,"{""model"": ""llama-3.3-70b-versatile"", ""temperature"": 0, ""date"": ""2025-10-21T05:56:31.218471+00:00"", ""prompt_version"": ""v1"", ""persona"": ""expert""}"
"('cartesiandualism', 'dualism')",cartesian dualism,dualism,4,0,phd,v1,v1,"{""model"": ""llama-3.3-70b-versatile"", ""temperature"": 0, ""date"": ""2025-10-21T05:56:31.375076+00:00"", ""prompt_version"": ""v1"", ""persona"": ""phd""}"
"('cartesiandualism', 'dualism')",cartesian dualism,dualism,4,0,null,v1,v1,"{""model"": ""llama-3.3-70b-versatile"", ""temperature"": 0, ""date"": ""2025-10-21T05:56:31.576128+00:00"", ""prompt_version"": ""v1"", ""persona"": ""null""}"
"('definitionofmorality', 'philosophyofreligion')",definition of morality,philosophy of religion,2,0,expert,v1,v1,"{""model"": ""llama-3.3-70b-versatile"", ""temperature"": 0, ""date"": ""2025-10-21T05:56:31.733299+00:00"", ""prompt_version"": ""v1"", ""persona"": ""expert""}"
"('definitionofmorality', 'philosophyofreligion')",definition of morality,philosophy of religion,2,0,phd,v1,v1,"{""model"": ""llama-3.3-70b-versatile"", ""temperature"": 0, ""date"": ""2025-10-21T05:56:31.890970+00:00"", ""prompt_version"": ""v1"", ""persona"": ""phd""}"
"('definitionofmorality', 'philosophyofreligion')",definition of morality,philosophy of religion,2,0,null,v1,v1,"{""model"": ""llama-3.3-70b-versatile"", ""temperature"": 0, ""date"": ""2025-10-21T05:56:32.045265+00:00"", ""prompt_version"": ""v1"", ""persona"": ""null""}"
"('aesthetics', 'environmentalaesthetics')",environmental aesthetics,aesthetics,4,0,expert,v1,v1,"{""model"": ""llama-3.3-70b-versatile"", ""temperature"": 0, ""date"": ""2025-10-21T05:56:32.190119+00:00"", ""prompt_version"": ""v1"", ""persona"": ""expert""}"
"('aesthetics', 'environmentalaesthetics')",environmental aesthetics,aesthetics,4,0,phd,v1,v1,"{""model"": ""llama-3.3-70b-versatile"", ""temperature"": 0, ""date"": ""2025-10-21T05:56:32.349265+00:00"", ""prompt_version"": ""v1"", ""persona"": ""phd""}"
"('aesthetics', 'environmentalaesthetics')",environmental aesthetics,aesthetics,4,0,null,v1,v1,"{""model"": ""llama-3.3-70b-versatile"", ""temperature"": 0, ""date"": ""2025-10-21T05:56:32.523755+00:00"", ""prompt_version"": ""v1"", ""persona"": ""null""}"
"('leibnizsphilosophyofmind', 'philosophyofmind')",leibniz's philosophy of mind,philosophy of mind,4,0,expert,v1,v1,"{""model"": ""llama-3.3-70b-versatile"", ""temperature"": 0, ""date"": ""2025-10-21T05:56:32.679382+00:00"", ""prompt_version"": ""v1"", ""persona"": ""expert""}"
"('leibnizsphilosophyofmind', 'philosophyofmind')",leibniz's philosophy of mind,philosophy of mind,4,0,phd,v1,v1,"{""model"": ""llama-3.3-70b-versatile"", ""temperature"": 0, ""date"": ""2025-10-21T05:56:32.828339+00:00"", ""prompt_version"": ""v1"", ""persona"": ""phd""}"
"('leibnizsphilosophyofmind', 'philosophyofmind')",leibniz's philosophy of mind,philosophy of mind,4,0,null,v1,v1,"{""model"": ""llama-3.3-70b-versatile"", ""temperature"": 0, ""date"": ""2025-10-21T05:56:33.000292+00:00"", ""prompt_version"": ""v1"", ""persona"": ""null""}"
"('descartesmodalmetaphysics', 'metaphysics')",descartes' modal metaphysics,metaphysics,4,0,expert,v1,v1,"{""model"": ""llama-3.3-70b-versatile"", ""temperature"": 0, ""date"": ""2025-10-21T05:56:33.150066+00:00"", ""prompt_version"": ""v1"", ""persona"": ""expert""}"
"('descartesmodalmetaphysics', 'metaphysics')",descartes' modal metaphysics,metaphysics,4,0,phd,v1,v1,"{""model"": ""llama-3.3-70b-versatile"", ""temperature"": 0, ""date"": ""2025-10-21T05:56:33.328899+00:00"", ""prompt_version"": ""v1"", ""persona"": ""phd""}"
"('descartesmodalmetaphysics', 'metaphysics')",descartes' modal metaphysics,metaphysics,4,0,null,v1,v1,"{""model"": ""llama-3.3-70b-versatile"", ""temperature"": 0, ""date"": ""2025-10-21T05:56:33.510586+00:00"", ""prompt_version"": ""v1"", ""persona"": ""null""}"
"('logic', 'philosophyoflanguage')",logic,philosophy of language,4,0,course_taker,v1,v1,"{""model"": ""llama-3.3-70b-versatile"", ""temperature"": 0, ""date"": ""2025-10-21T05:56:33.701957+00:00"", ""prompt_version"": ""v1"", ""persona"": ""course_taker""}"
"('logic', 'philosophyoflanguage')",logic,philosophy of language,4,0,phd,v1,v1,"{""model"": ""llama-3.3-70b-versatile"", ""temperature"": 0, ""date"": ""2025-10-21T05:56:33.904671+00:00"", ""prompt_version"": ""v1"", ""persona"": ""phd""}"
"('logic', 'philosophyoflanguage')",logic,philosophy of language,3,0,null,v1,v1,"{""model"": ""llama-3.3-70b-versatile"", ""temperature"": 0, ""date"": ""2025-10-21T05:56:34.099348+00:00"", ""prompt_version"": ""v1"", ""persona"": ""null""}"
"('atomism', 'philosophyofchemistry')",atomism,philosophy of chemistry,4,0,expert,v1,v1,"{""model"": ""llama-3.3-70b-versatile"", ""temperature"": 0, ""date"": ""2025-10-21T05:56:34.256565+00:00"", ""prompt_version"": ""v1"", ""persona"": ""expert""}"
"('atomism', 'philosophyofchemistry')",atomism,philosophy of chemistry,4,0,phd,v1,v1,"{""model"": ""llama-3.3-70b-versatile"", ""temperature"": 0, ""date"": ""2025-10-21T05:56:34.400765+00:00"", ""prompt_version"": ""v1"", ""persona"": ""phd""}"
"('atomism', 'philosophyofchemistry')",atomism,philosophy of chemistry,3,0,null,v1,v1,"{""model"": ""llama-3.3-70b-versatile"", ""temperature"": 0, ""date"": ""2025-10-21T05:56:34.563780+00:00"", ""prompt_version"": ""v1"", ""persona"": ""null""}"
"('philosophyofbiology', 'philosophyofscience')",philosophy of biology,philosophy of science,4,0,expert,v1,v1,"{""model"": ""llama-3.3-70b-versatile"", ""temperature"": 0, ""date"": ""2025-10-21T05:56:34.743239+00:00"", ""prompt_version"": ""v1"", ""persona"": ""expert""}"
"('philosophyofbiology', 'philosophyofscience')",philosophy of biology,philosophy of science,4,0,phd,v1,v1,"{""model"": ""llama-3.3-70b-versatile"", ""temperature"": 0, ""date"": ""2025-10-21T05:56:34.888484+00:00"", ""prompt_version"": ""v1"", ""persona"": ""phd""}"
"('philosophyofbiology', 'philosophyofscience')",philosophy of biology,philosophy of science,4,0,null,v1,v1,"{""model"": ""llama-3.3-70b-versatile"", ""temperature"": 0, ""date"": ""2025-10-21T05:56:35.039475+00:00"", ""prompt_version"": ""v1"", ""persona"": ""null""}"
"('molecularbiology', 'philosophyofscienceandthesciences')",molecular biology,philosophy of science and the sciences,2,0,expert,v1,v1,"{""model"": ""llama-3.3-70b-versatile"", ""temperature"": 0, ""date"": ""2025-10-21T05:56:35.239154+00:00"", ""prompt_version"": ""v1"", ""persona"": ""expert""}"
"('molecularbiology', 'philosophyofscienceandthesciences')",molecular biology,philosophy of science and the sciences,3,0,phd,v1,v1,"{""model"": ""llama-3.3-70b-versatile"", ""temperature"": 0, ""date"": ""2025-10-21T05:56:35.427836+00:00"", ""prompt_version"": ""v1"", ""persona"": ""phd""}"
"('molecularbiology', 'philosophyofscienceandthesciences')",molecular biology,philosophy of science and the sciences,2,0,null,v1,v1,"{""model"": ""llama-3.3-70b-versatile"", ""temperature"": 0, ""date"": ""2025-10-21T05:56:35.614217+00:00"", ""prompt_version"": ""v1"", ""persona"": ""null""}"
"('epistemology', 'induction')",induction,epistemology,4,0,expert,v1,v1,"{""model"": ""llama-3.3-70b-versatile"", ""temperature"": 0, ""date"": ""2025-10-21T05:56:35.793200+00:00"", ""prompt_version"": ""v1"", ""persona"": ""expert""}"
"('epistemology', 'induction')",induction,epistemology,4,0,phd,v1,v1,"{""model"": ""llama-3.3-70b-versatile"", ""temperature"": 0, ""date"": ""2025-10-21T05:56:35.981440+00:00"", ""prompt_version"": ""v1"", ""persona"": ""phd""}"
"('epistemology', 'induction')",induction,epistemology,3,0,null,v1,v1,"{""model"": ""llama-3.3-70b-versatile"", ""temperature"": 0, ""date"": ""2025-10-21T05:56:36.126680+00:00"", ""prompt_version"": ""v1"", ""persona"": ""null""}"
"('causeandeffect', 'metaphysics')",cause and effect,metaphysics,4,0,expert,v1,v1,"{""model"": ""llama-3.3-70b-versatile"", ""temperature"": 0, ""date"": ""2025-10-21T05:56:36.280444+00:00"", ""prompt_version"": ""v1"", ""persona"": ""expert""}"
"('causeandeffect', 'metaphysics')",cause and effect,metaphysics,3,0,phd,v1,v1,"{""model"": ""llama-3.3-70b-versatile"", ""temperature"": 0, ""date"": ""2025-10-21T05:56:36.430287+00:00"", ""prompt_version"": ""v1"", ""persona"": ""phd""}"
"('causeandeffect', 'metaphysics')",cause and effect,metaphysics,2,0,null,v1,v1,"{""model"": ""llama-3.3-70b-versatile"", ""temperature"": 0, ""date"": ""2025-10-21T05:56:36.608081+00:00"", ""prompt_version"": ""v1"", ""persona"": ""null""}"
"('metaphysics', 'metaphysicsofmind')",metaphysics,metaphysics of mind,4,1,expert,v1,v1,"{""model"": ""llama-3.3-70b-versatile"", ""temperature"": 0, ""date"": ""2025-10-21T05:56:36.752121+00:00"", ""prompt_version"": ""v1"", ""persona"": ""expert""}"
"('metaphysics', 'metaphysicsofmind')",metaphysics,metaphysics of mind,4,1,phd,v1,v1,"{""model"": ""llama-3.3-70b-versatile"", ""temperature"": 0, ""date"": ""2025-10-21T05:56:36.903699+00:00"", ""prompt_version"": ""v1"", ""persona"": ""phd""}"
"('metaphysics', 'metaphysicsofmind')",metaphysics,metaphysics of mind,4,1,null,v1,v1,"{""model"": ""llama-3.3-70b-versatile"", ""temperature"": 0, ""date"": ""2025-10-21T05:56:37.091851+00:00"", ""prompt_version"": ""v1"", ""persona"": ""null""}"
"('contextualism', 'epistemology')",contextualism,epistemology,4,0,expert,v1,v1,"{""model"": ""llama-3.3-70b-versatile"", ""temperature"": 0, ""date"": ""2025-10-21T05:56:37.241089+00:00"", ""prompt_version"": ""v1"", ""persona"": ""expert""}"
"('contextualism', 'epistemology')",contextualism,epistemology,4,0,phd,v1,v1,"{""model"": ""llama-3.3-70b-versatile"", ""temperature"": 0, ""date"": ""2025-10-21T05:56:37.402683+00:00"", ""prompt_version"": ""v1"", ""persona"": ""phd""}"
"('contextualism', 'epistemology')",contextualism,epistemology,4,0,null,v1,v1,"{""model"": ""llama-3.3-70b-versatile"", ""temperature"": 0, ""date"": ""2025-10-21T05:56:37.561922+00:00"", ""prompt_version"": ""v1"", ""persona"": ""null""}"
"('18thcenturybritishaesthetics', 'philosophyofmind')",18th century british aesthetics,philosophy of mind,2,0,expert,v1,v1,"{""model"": ""llama-3.3-70b-versatile"", ""temperature"": 0, ""date"": ""2025-10-21T05:56:37.755565+00:00"", ""prompt_version"": ""v1"", ""persona"": ""expert""}"
"('18thcenturybritishaesthetics', 'philosophyofmind')",18th century british aesthetics,philosophy of mind,2,0,phd,v1,v1,"{""model"": ""llama-3.3-70b-versatile"", ""temperature"": 0, ""date"": ""2025-10-21T05:56:37.910604+00:00"", ""prompt_version"": ""v1"", ""persona"": ""phd""}"
"('18thcenturybritishaesthetics', 'philosophyofmind')",18th century british aesthetics,philosophy of mind,1,0,null,v1,v1,"{""model"": ""llama-3.3-70b-versatile"", ""temperature"": 0, ""date"": ""2025-10-21T05:56:38.065966+00:00"", ""prompt_version"": ""v1"", ""persona"": ""null""}"
"('metaphysics', 'propernames')",proper names,metaphysics,2,0,expert,v1,v1,"{""model"": ""llama-3.3-70b-versatile"", ""temperature"": 0, ""date"": ""2025-10-21T05:56:38.216884+00:00"", ""prompt_version"": ""v1"", ""persona"": ""expert""}"
"('metaphysics', 'propernames')",proper names,metaphysics,2,0,phd,v1,v1,"{""model"": ""llama-3.3-70b-versatile"", ""temperature"": 0, ""date"": ""2025-10-21T05:56:38.376119+00:00"", ""prompt_version"": ""v1"", ""persona"": ""phd""}"
"('metaphysics', 'propernames')",proper names,metaphysics,1,0,null,v1,v1,"{""model"": ""llama-3.3-70b-versatile"", ""temperature"": 0, ""date"": ""2025-10-21T05:56:38.584898+00:00"", ""prompt_version"": ""v1"", ""persona"": ""null""}"
"('panpsychism', 'philosophyofmind')",panpsychism,philosophy of mind,4,0,expert,v1,v1,"{""model"": ""llama-3.3-70b-versatile"", ""temperature"": 0, ""date"": ""2025-10-21T05:56:38.763037+00:00"", ""prompt_version"": ""v1"", ""persona"": ""expert""}"
"('panpsychism', 'philosophyofmind')",panpsychism,philosophy of mind,4,0,phd,v1,v1,"{""model"": ""llama-3.3-70b-versatile"", ""temperature"": 0, ""date"": ""2025-10-21T05:56:38.908862+00:00"", ""prompt_version"": ""v1"", ""persona"": ""phd""}"
"('panpsychism', 'philosophyofmind')",panpsychism,philosophy of mind,4,0,null,v1,v1,"{""model"": ""llama-3.3-70b-versatile"", ""temperature"": 0, ""date"": ""2025-10-21T05:56:39.050340+00:00"", ""prompt_version"": ""v1"", ""persona"": ""null""}"
"('philosophyofreligion', 'religionandpolitics')",religion and politics,philosophy of religion,4,1,expert,v1,v1,"{""model"": ""llama-3.3-70b-versatile"", ""temperature"": 0, ""date"": ""2025-10-21T05:56:39.232386+00:00"", ""prompt_version"": ""v1"", ""persona"": ""expert""}"
"('philosophyofreligion', 'religionandpolitics')",religion and politics,philosophy of religion,2,1,phd,v1,v1,"{""model"": ""llama-3.3-70b-versatile"", ""temperature"": 0, ""date"": ""2025-10-21T05:56:39.404951+00:00"", ""prompt_version"": ""v1"", ""persona"": ""phd""}"
"('philosophyofreligion', 'religionandpolitics')",religion and politics,philosophy of religion,3,1,null,v1,v1,"{""model"": ""llama-3.3-70b-versatile"", ""temperature"": 0, ""date"": ""2025-10-21T05:56:39.546920+00:00"", ""prompt_version"": ""v1"", ""persona"": ""null""}"
"('18thcenturygermanaesthetics', 'perception')",18th century german aesthetics,perception,3,0,expert,v1,v1,"{""model"": ""llama-3.3-70b-versatile"", ""temperature"": 0, ""date"": ""2025-10-21T05:56:39.699299+00:00"", ""prompt_version"": ""v1"", ""persona"": ""expert""}"
"('18thcenturygermanaesthetics', 'perception')",18th century german aesthetics,perception,3,0,phd,v1,v1,"{""model"": ""llama-3.3-70b-versatile"", ""temperature"": 0, ""date"": ""2025-10-21T05:56:39.878232+00:00"", ""prompt_version"": ""v1"", ""persona"": ""phd""}"
"('18thcenturygermanaesthetics', 'perception')",18th century german aesthetics,perception,2,0,null,v1,v1,"{""model"": ""llama-3.3-70b-versatile"", ""temperature"": 0, ""date"": ""2025-10-21T05:56:40.085727+00:00"", ""prompt_version"": ""v1"", ""persona"": ""null""}"
"('knowledge', 'platoonknowledgeinthetheaetetus')",plato on knowledge in the theaetetus,knowledge,4,0,expert,v1,v1,"{""model"": ""llama-3.3-70b-versatile"", ""temperature"": 0, ""date"": ""2025-10-21T05:56:40.271167+00:00"", ""prompt_version"": ""v1"", ""persona"": ""expert""}"
"('knowledge', 'platoonknowledgeinthetheaetetus')",plato on knowledge in the theaetetus,knowledge,4,0,phd,v1,v1,"{""model"": ""llama-3.3-70b-versatile"", ""temperature"": 0, ""date"": ""2025-10-21T05:56:40.453996+00:00"", ""prompt_version"": ""v1"", ""persona"": ""phd""}"
"('knowledge', 'platoonknowledgeinthetheaetetus')",plato on knowledge in the theaetetus,knowledge,4,0,null,v1,v1,"{""model"": ""llama-3.3-70b-versatile"", ""temperature"": 0, ""date"": ""2025-10-21T05:56:40.649031+00:00"", ""prompt_version"": ""v1"", ""persona"": ""null""}"
"('appliedethics', 'bioethics')",bioethics,applied ethics,4,0,expert,v1,v1,"{""model"": ""llama-3.3-70b-versatile"", ""temperature"": 0, ""date"": ""2025-10-21T05:56:40.828617+00:00"", ""prompt_version"": ""v1"", ""persona"": ""expert""}"
"('appliedethics', 'bioethics')",bioethics,applied ethics,4,0,phd,v1,v1,"{""model"": ""llama-3.3-70b-versatile"", ""temperature"": 0, ""date"": ""2025-10-21T05:56:41.018995+00:00"", ""prompt_version"": ""v1"", ""persona"": ""phd""}"
"('appliedethics', 'bioethics')",bioethics,applied ethics,4,0,null,v1,v1,"{""model"": ""llama-3.3-70b-versatile"", ""temperature"": 0, ""date"": ""2025-10-21T05:56:41.206118+00:00"", ""prompt_version"": ""v1"", ""persona"": ""null""}"
"('gettierproblem', 'perception')",gettier problem,perception,2,0,expert,v1,v1,"{""model"": ""llama-3.3-70b-versatile"", ""temperature"": 0, ""date"": ""2025-10-21T05:56:41.377569+00:00"", ""prompt_version"": ""v1"", ""persona"": ""expert""}"
"('gettierproblem', 'perception')",gettier problem,perception,2,0,phd,v1,v1,"{""model"": ""llama-3.3-70b-versatile"", ""temperature"": 0, ""date"": ""2025-10-21T05:56:41.555508+00:00"", ""prompt_version"": ""v1"", ""persona"": ""phd""}"
"('gettierproblem', 'perception')",gettier problem,perception,2,0,null,v1,v1,"{""model"": ""llama-3.3-70b-versatile"", ""temperature"": 0, ""date"": ""2025-10-21T05:56:41.715119+00:00"", ""prompt_version"": ""v1"", ""persona"": ""null""}"
"('chinesephilosophy', 'mohism')",mohism,chinese philosophy,4,0,novice,v1,v1,"{""model"": ""llama-3.3-70b-versatile"", ""temperature"": 0, ""date"": ""2025-10-21T05:56:41.891781+00:00"", ""prompt_version"": ""v1"", ""persona"": ""novice""}"
"('chinesephilosophy', 'mohism')",mohism,chinese philosophy,4,0,phd,v1,v1,"{""model"": ""llama-3.3-70b-versatile"", ""temperature"": 0, ""date"": ""2025-10-21T05:56:42.099584+00:00"", ""prompt_version"": ""v1"", ""persona"": ""phd""}"
"('chinesephilosophy', 'mohism')",mohism,chinese philosophy,4,0,null,v1,v1,"{""model"": ""llama-3.3-70b-versatile"", ""temperature"": 0, ""date"": ""2025-10-21T05:56:42.275450+00:00"", ""prompt_version"": ""v1"", ""persona"": ""null""}"
"('artificialintelligence', 'computationandrepresentation')",computation and representation,artificial intelligence,4,0,expert,v1,v1,"{""model"": ""llama-3.3-70b-versatile"", ""temperature"": 0, ""date"": ""2025-10-21T05:56:42.458073+00:00"", ""prompt_version"": ""v1"", ""persona"": ""expert""}"
"('artificialintelligence', 'computationandrepresentation')",computation and representation,artificial intelligence,4,0,phd,v1,v1,"{""model"": ""llama-3.3-70b-versatile"", ""temperature"": 0, ""date"": ""2025-10-21T05:56:42.613108+00:00"", ""prompt_version"": ""v1"", ""persona"": ""phd""}"
"('artificialintelligence', 'computationandrepresentation')",computation and representation,artificial intelligence,4,0,null,v1,v1,"{""model"": ""llama-3.3-70b-versatile"", ""temperature"": 0, ""date"": ""2025-10-21T05:56:42.794558+00:00"", ""prompt_version"": ""v1"", ""persona"": ""null""}"
"('epistemologicalproblemsofmemory', 'epistemology')",epistemological problems of memory,epistemology,4,0,expert,v1,v1,"{""model"": ""llama-3.3-70b-versatile"", ""temperature"": 0, ""date"": ""2025-10-21T05:56:43.138266+00:00"", ""prompt_version"": ""v1"", ""persona"": ""expert""}"
"('epistemologicalproblemsofmemory', 'epistemology')",epistemological problems of memory,epistemology,4,0,phd,v1,v1,"{""model"": ""llama-3.3-70b-versatile"", ""temperature"": 0, ""date"": ""2025-10-21T05:56:43.318145+00:00"", ""prompt_version"": ""v1"", ""persona"": ""phd""}"
"('epistemologicalproblemsofmemory', 'epistemology')",epistemological problems of memory,epistemology,4,0,null,v1,v1,"{""model"": ""llama-3.3-70b-versatile"", ""temperature"": 0, ""date"": ""2025-10-21T05:56:43.506045+00:00"", ""prompt_version"": ""v1"", ""persona"": ""null""}"
"('mentalcontent', 'teleologicaltheoriesofmentalcontent')",teleological theories of mental content,mental content,4,0,expert,v1,v1,"{""model"": ""llama-3.3-70b-versatile"", ""temperature"": 0, ""date"": ""2025-10-21T05:56:43.685240+00:00"", ""prompt_version"": ""v1"", ""persona"": ""expert""}"
"('mentalcontent', 'teleologicaltheoriesofmentalcontent')",teleological theories of mental content,mental content,4,0,phd,v1,v1,"{""model"": ""llama-3.3-70b-versatile"", ""temperature"": 0, ""date"": ""2025-10-21T05:56:43.885927+00:00"", ""prompt_version"": ""v1"", ""persona"": ""phd""}"
"('mentalcontent', 'teleologicaltheoriesofmentalcontent')",teleological theories of mental content,mental content,4,0,null,v1,v1,"{""model"": ""llama-3.3-70b-versatile"", ""temperature"": 0, ""date"": ""2025-10-21T05:56:44.039271+00:00"", ""prompt_version"": ""v1"", ""persona"": ""null""}"
"('confirmationandinduction', 'epistemology')",confirmation and induction,epistemology,4,0,expert,v1,v1,"{""model"": ""llama-3.3-70b-versatile"", ""temperature"": 0, ""date"": ""2025-10-21T05:56:44.203364+00:00"", ""prompt_version"": ""v1"", ""persona"": ""expert""}"
"('confirmationandinduction', 'epistemology')",confirmation and induction,epistemology,4,0,phd,v1,v1,"{""model"": ""llama-3.3-70b-versatile"", ""temperature"": 0, ""date"": ""2025-10-21T05:56:44.348044+00:00"", ""prompt_version"": ""v1"", ""persona"": ""phd""}"
"('confirmationandinduction', 'epistemology')",confirmation and induction,epistemology,4,0,null,v1,v1,"{""model"": ""llama-3.3-70b-versatile"", ""temperature"": 0, ""date"": ""2025-10-21T05:56:44.488029+00:00"", ""prompt_version"": ""v1"", ""persona"": ""null""}"
"('islamicphilosophy', 'philosophyofreligion')",islamic philosophy,philosophy of religion,4,0,expert,v1,v1,"{""model"": ""llama-3.3-70b-versatile"", ""temperature"": 0, ""date"": ""2025-10-21T05:56:44.658269+00:00"", ""prompt_version"": ""v1"", ""persona"": ""expert""}"
"('islamicphilosophy', 'philosophyofreligion')",islamic philosophy,philosophy of religion,4,0,phd,v1,v1,"{""model"": ""llama-3.3-70b-versatile"", ""temperature"": 0, ""date"": ""2025-10-21T05:56:44.848200+00:00"", ""prompt_version"": ""v1"", ""persona"": ""phd""}"
"('islamicphilosophy', 'philosophyofreligion')",islamic philosophy,philosophy of religion,4,0,null,v1,v1,"{""model"": ""llama-3.3-70b-versatile"", ""temperature"": 0, ""date"": ""2025-10-21T05:56:45.007720+00:00"", ""prompt_version"": ""v1"", ""persona"": ""null""}"
"('boltzmannsworkinstatisticalphysics', 'philosophyofscienceandthesciences')",boltzmann's work in statistical physics,philosophy of science and the sciences,3,0,expert,v1,v1,"{""model"": ""llama-3.3-70b-versatile"", ""temperature"": 0, ""date"": ""2025-10-21T05:56:45.190953+00:00"", ""prompt_version"": ""v1"", ""persona"": ""expert""}"
"('boltzmannsworkinstatisticalphysics', 'philosophyofscienceandthesciences')",boltzmann's work in statistical physics,philosophy of science and the sciences,3,0,phd,v1,v1,"{""model"": ""llama-3.3-70b-versatile"", ""temperature"": 0, ""date"": ""2025-10-21T05:56:45.373094+00:00"", ""prompt_version"": ""v1"", ""persona"": ""phd""}"
"('boltzmannsworkinstatisticalphysics', 'philosophyofscienceandthesciences')",boltzmann's work in statistical physics,philosophy of science and the sciences,2,0,null,v1,v1,"{""model"": ""llama-3.3-70b-versatile"", ""temperature"": 0, ""date"": ""2025-10-21T05:56:45.539284+00:00"", ""prompt_version"": ""v1"", ""persona"": ""null""}"
"('formsofgovernment', 'philosophyofreligion')",forms of government,philosophy of religion,0,-1,expert,v1,v1,"{""model"": ""llama-3.3-70b-versatile"", ""temperature"": 0, ""date"": ""2025-10-21T05:56:45.727231+00:00"", ""prompt_version"": ""v1"", ""persona"": ""expert""}"
"('formsofgovernment', 'philosophyofreligion')",forms of government,philosophy of religion,0,-1,phd,v1,v1,"{""model"": ""llama-3.3-70b-versatile"", ""temperature"": 0, ""date"": ""2025-10-21T05:56:45.922808+00:00"", ""prompt_version"": ""v1"", ""persona"": ""phd""}"
"('formsofgovernment', 'philosophyofreligion')",forms of government,philosophy of religion,0,-1,null,v1,v1,"{""model"": ""llama-3.3-70b-versatile"", ""temperature"": 0, ""date"": ""2025-10-21T05:56:46.067127+00:00"", ""prompt_version"": ""v1"", ""persona"": ""null""}"
"('logicalform', 'philosophyoflanguage')",philosophy of language,logical form,4,1,expert,v1,v1,"{""model"": ""llama-3.3-70b-versatile"", ""temperature"": 0, ""date"": ""2025-10-21T05:56:46.222555+00:00"", ""prompt_version"": ""v1"", ""persona"": ""expert""}"
"('logicalform', 'philosophyoflanguage')",philosophy of language,logical form,4,1,phd,v1,v1,"{""model"": ""llama-3.3-70b-versatile"", ""temperature"": 0, ""date"": ""2025-10-21T05:56:46.357605+00:00"", ""prompt_version"": ""v1"", ""persona"": ""phd""}"
"('logicalform', 'philosophyoflanguage')",philosophy of language,logical form,4,1,null,v1,v1,"{""model"": ""llama-3.3-70b-versatile"", ""temperature"": 0, ""date"": ""2025-10-21T05:56:46.520057+00:00"", ""prompt_version"": ""v1"", ""persona"": ""null""}"
"('philosophyofreligion', 'religiouslanguage')",religious language,philosophy of religion,4,0,expert,v1,v1,"{""model"": ""llama-3.3-70b-versatile"", ""temperature"": 0, ""date"": ""2025-10-21T05:56:46.691149+00:00"", ""prompt_version"": ""v1"", ""persona"": ""expert""}"
"('philosophyofreligion', 'religiouslanguage')",religious language,philosophy of religion,4,0,phd,v1,v1,"{""model"": ""llama-3.3-70b-versatile"", ""temperature"": 0, ""date"": ""2025-10-21T05:56:46.889724+00:00"", ""prompt_version"": ""v1"", ""persona"": ""phd""}"
"('philosophyofreligion', 'religiouslanguage')",religious language,philosophy of religion,4,0,null,v1,v1,"{""model"": ""llama-3.3-70b-versatile"", ""temperature"": 0, ""date"": ""2025-10-21T05:56:47.056303+00:00"", ""prompt_version"": ""v1"", ""persona"": ""null""}"
"('perception', 'philosophyofmind')",perception,philosophy of mind,4,0,expert,v1,v1,"{""model"": ""llama-3.3-70b-versatile"", ""temperature"": 0, ""date"": ""2025-10-21T05:56:47.207237+00:00"", ""prompt_version"": ""v1"", ""persona"": ""expert""}"
"('perception', 'philosophyofmind')",perception,philosophy of mind,4,0,phd,v1,v1,"{""model"": ""llama-3.3-70b-versatile"", ""temperature"": 0, ""date"": ""2025-10-21T05:56:47.366896+00:00"", ""prompt_version"": ""v1"", ""persona"": ""phd""}"
"('perception', 'philosophyofmind')",perception,philosophy of mind,4,0,null,v1,v1,"{""model"": ""llama-3.3-70b-versatile"", ""temperature"": 0, ""date"": ""2025-10-21T05:56:47.527811+00:00"", ""prompt_version"": ""v1"", ""persona"": ""null""}"
"('philosophyofmind', 'propositionalattitude')",propositional attitude,philosophy of mind,4,0,expert,v1,v1,"{""model"": ""llama-3.3-70b-versatile"", ""temperature"": 0, ""date"": ""2025-10-21T05:56:47.699757+00:00"", ""prompt_version"": ""v1"", ""persona"": ""expert""}"
"('philosophyofmind', 'propositionalattitude')",propositional attitude,philosophy of mind,4,0,phd,v1,v1,"{""model"": ""llama-3.3-70b-versatile"", ""temperature"": 0, ""date"": ""2025-10-21T05:56:47.858655+00:00"", ""prompt_version"": ""v1"", ""persona"": ""phd""}"
"('philosophyofmind', 'propositionalattitude')",propositional attitude,philosophy of mind,4,0,null,v1,v1,"{""model"": ""llama-3.3-70b-versatile"", ""temperature"": 0, ""date"": ""2025-10-21T05:56:48.050911+00:00"", ""prompt_version"": ""v1"", ""persona"": ""null""}"
"('neuralcorrelates', 'perception')",neural correlates,perception,4,0,expert,v1,v1,"{""model"": ""llama-3.3-70b-versatile"", ""temperature"": 0, ""date"": ""2025-10-21T05:56:48.205346+00:00"", ""prompt_version"": ""v1"", ""persona"": ""expert""}"
"('neuralcorrelates', 'perception')",neural correlates,perception,4,0,phd,v1,v1,"{""model"": ""llama-3.3-70b-versatile"", ""temperature"": 0, ""date"": ""2025-10-21T05:56:48.362075+00:00"", ""prompt_version"": ""v1"", ""persona"": ""phd""}"
"('neuralcorrelates', 'perception')",neural correlates,perception,4,0,null,v1,v1,"{""model"": ""llama-3.3-70b-versatile"", ""temperature"": 0, ""date"": ""2025-10-21T05:56:48.553223+00:00"", ""prompt_version"": ""v1"", ""persona"": ""null""}"
"('descartesandthepinealgland', 'perception')",descartes and the pineal gland,perception,4,0,expert,v1,v1,"{""model"": ""llama-3.3-70b-versatile"", ""temperature"": 0, ""date"": ""2025-10-21T05:56:48.736391+00:00"", ""prompt_version"": ""v1"", ""persona"": ""expert""}"
"('descartesandthepinealgland', 'perception')",descartes and the pineal gland,perception,4,0,phd,v1,v1,"{""model"": ""llama-3.3-70b-versatile"", ""temperature"": 0, ""date"": ""2025-10-21T05:56:48.917847+00:00"", ""prompt_version"": ""v1"", ""persona"": ""phd""}"
"('descartesandthepinealgland', 'perception')",descartes and the pineal gland,perception,4,0,null,v1,v1,"{""model"": ""llama-3.3-70b-versatile"", ""temperature"": 0, ""date"": ""2025-10-21T05:56:49.107219+00:00"", ""prompt_version"": ""v1"", ""persona"": ""null""}"
"('literature', 'philosophyofscienceandthesciences')",literature,philosophy of science and the sciences,1,1,expert,v1,v1,"{""model"": ""llama-3.3-70b-versatile"", ""temperature"": 0, ""date"": ""2025-10-21T05:56:49.287597+00:00"", ""prompt_version"": ""v1"", ""persona"": ""expert""}"
"('literature', 'philosophyofscienceandthesciences')",literature,philosophy of science and the sciences,1,1,phd,v1,v1,"{""model"": ""llama-3.3-70b-versatile"", ""temperature"": 0, ""date"": ""2025-10-21T05:56:49.442843+00:00"", ""prompt_version"": ""v1"", ""persona"": ""phd""}"
"('literature', 'philosophyofscienceandthesciences')",literature,philosophy of science and the sciences,1,1,null,v1,v1,"{""model"": ""llama-3.3-70b-versatile"", ""temperature"": 0, ""date"": ""2025-10-21T05:56:49.614139+00:00"", ""prompt_version"": ""v1"", ""persona"": ""null""}"
"('perception', 'surrealism')",surrealism,perception,3,0,expert,v1,v1,"{""model"": ""llama-3.3-70b-versatile"", ""temperature"": 0, ""date"": ""2025-10-21T05:56:49.790354+00:00"", ""prompt_version"": ""v1"", ""persona"": ""expert""}"
"('perception', 'surrealism')",surrealism,perception,2,0,phd,v1,v1,"{""model"": ""llama-3.3-70b-versatile"", ""temperature"": 0, ""date"": ""2025-10-21T05:56:49.944508+00:00"", ""prompt_version"": ""v1"", ""persona"": ""phd""}"
"('perception', 'surrealism')",surrealism,perception,2,0,null,v1,v1,"{""model"": ""llama-3.3-70b-versatile"", ""temperature"": 0, ""date"": ""2025-10-21T05:56:50.111953+00:00"", ""prompt_version"": ""v1"", ""persona"": ""null""}"
"('philosophyofreligion', 'toleration')",toleration,philosophy of religion,3,0,expert,v1,v1,"{""model"": ""llama-3.3-70b-versatile"", ""temperature"": 0, ""date"": ""2025-10-21T05:56:50.279536+00:00"", ""prompt_version"": ""v1"", ""persona"": ""expert""}"
"('philosophyofreligion', 'toleration')",toleration,philosophy of religion,3,0,phd,v1,v1,"{""model"": ""llama-3.3-70b-versatile"", ""temperature"": 0, ""date"": ""2025-10-21T05:56:50.477905+00:00"", ""prompt_version"": ""v1"", ""persona"": ""phd""}"
"('philosophyofreligion', 'toleration')",toleration,philosophy of religion,3,0,null,v1,v1,"{""model"": ""llama-3.3-70b-versatile"", ""temperature"": 0, ""date"": ""2025-10-21T05:56:50.674999+00:00"", ""prompt_version"": ""v1"", ""persona"": ""null""}"
"('metaphysics', 'philosophyofmind')",philosophy of mind,metaphysics,3,0,expert,v1,v1,"{""model"": ""llama-3.3-70b-versatile"", ""temperature"": 0, ""date"": ""2025-10-21T05:56:50.957002+00:00"", ""prompt_version"": ""v1"", ""persona"": ""expert""}"
"('metaphysics', 'philosophyofmind')",philosophy of mind,metaphysics,4,0,phd,v1,v1,"{""model"": ""llama-3.3-70b-versatile"", ""temperature"": 0, ""date"": ""2025-10-21T05:56:51.137282+00:00"", ""prompt_version"": ""v1"", ""persona"": ""phd""}"
"('metaphysics', 'philosophyofmind')",philosophy of mind,metaphysics,3,0,null,v1,v1,"{""model"": ""llama-3.3-70b-versatile"", ""temperature"": 0, ""date"": ""2025-10-21T05:56:51.296205+00:00"", ""prompt_version"": ""v1"", ""persona"": ""null""}"
"('aspectsofconsciousness', 'functionofconsciousness')",function of consciousness,aspects of consciousness,4,0,expert,v1,v1,"{""model"": ""llama-3.3-70b-versatile"", ""temperature"": 0, ""date"": ""2025-10-21T05:56:51.452263+00:00"", ""prompt_version"": ""v1"", ""persona"": ""expert""}"
"('aspectsofconsciousness', 'functionofconsciousness')",function of consciousness,aspects of consciousness,4,0,phd,v1,v1,"{""model"": ""llama-3.3-70b-versatile"", ""temperature"": 0, ""date"": ""2025-10-21T05:56:51.608603+00:00"", ""prompt_version"": ""v1"", ""persona"": ""phd""}"
"('aspectsofconsciousness', 'functionofconsciousness')",function of consciousness,aspects of consciousness,4,0,null,v1,v1,"{""model"": ""llama-3.3-70b-versatile"", ""temperature"": 0, ""date"": ""2025-10-21T05:56:51.759754+00:00"", ""prompt_version"": ""v1"", ""persona"": ""null""}"
"('earlyphilosophicalinterpretationsofgeneralrelativity', 'epistemology')",early philosophical interpretations of general relativity,epistemology,2,0,expert,v1,v1,"{""model"": ""llama-3.3-70b-versatile"", ""temperature"": 0, ""date"": ""2025-10-21T05:56:51.933591+00:00"", ""prompt_version"": ""v1"", ""persona"": ""expert""}"
"('earlyphilosophicalinterpretationsofgeneralrelativity', 'epistemology')",early philosophical interpretations of general relativity,epistemology,2,0,phd,v1,v1,"{""model"": ""llama-3.3-70b-versatile"", ""temperature"": 0, ""date"": ""2025-10-21T05:56:52.127900+00:00"", ""prompt_version"": ""v1"", ""persona"": ""phd""}"
"('earlyphilosophicalinterpretationsofgeneralrelativity', 'epistemology')",early philosophical interpretations of general relativity,epistemology,2,0,null,v1,v1,"{""model"": ""llama-3.3-70b-versatile"", ""temperature"": 0, ""date"": ""2025-10-21T05:56:52.325846+00:00"", ""prompt_version"": ""v1"", ""persona"": ""null""}"
"('medievaltheoriesofanalogy', 'metaphysics')",medieval theories of analogy,metaphysics,4,0,expert,v1,v1,"{""model"": ""llama-3.3-70b-versatile"", ""temperature"": 0, ""date"": ""2025-10-21T05:56:52.517277+00:00"", ""prompt_version"": ""v1"", ""persona"": ""expert""}"
"('medievaltheoriesofanalogy', 'metaphysics')",medieval theories of analogy,metaphysics,4,0,phd,v1,v1,"{""model"": ""llama-3.3-70b-versatile"", ""temperature"": 0, ""date"": ""2025-10-21T05:56:52.696527+00:00"", ""prompt_version"": ""v1"", ""persona"": ""phd""}"
"('medievaltheoriesofanalogy', 'metaphysics')",medieval theories of analogy,metaphysics,3,0,null,v1,v1,"{""model"": ""llama-3.3-70b-versatile"", ""temperature"": 0, ""date"": ""2025-10-21T05:56:52.879792+00:00"", ""prompt_version"": ""v1"", ""persona"": ""null""}"
"('metaphysics', 'platoonutopia')",plato on utopia,metaphysics,2,0,expert,v1,v1,"{""model"": ""llama-3.3-70b-versatile"", ""temperature"": 0, ""date"": ""2025-10-21T05:56:53.088208+00:00"", ""prompt_version"": ""v1"", ""persona"": ""expert""}"
"('metaphysics', 'platoonutopia')",plato on utopia,metaphysics,2,0,phd,v1,v1,"{""model"": ""llama-3.3-70b-versatile"", ""temperature"": 0, ""date"": ""2025-10-21T05:56:53.231615+00:00"", ""prompt_version"": ""v1"", ""persona"": ""phd""}"
"('metaphysics', 'platoonutopia')",plato on utopia,metaphysics,2,0,null,v1,v1,"{""model"": ""llama-3.3-70b-versatile"", ""temperature"": 0, ""date"": ""2025-10-21T05:56:53.407046+00:00"", ""prompt_version"": ""v1"", ""persona"": ""null""}"
"('continentalphilosophy', 'pragmatism')",continental philosophy,pragmatism,2,1,expert,v1,v1,"{""model"": ""llama-3.3-70b-versatile"", ""temperature"": 0, ""date"": ""2025-10-21T05:56:53.555443+00:00"", ""prompt_version"": ""v1"", ""persona"": ""expert""}"
"('continentalphilosophy', 'pragmatism')",continental philosophy,pragmatism,2,1,phd,v1,v1,"{""model"": ""llama-3.3-70b-versatile"", ""temperature"": 0, ""date"": ""2025-10-21T05:56:53.717060+00:00"", ""prompt_version"": ""v1"", ""persona"": ""phd""}"
"('continentalphilosophy', 'pragmatism')",continental philosophy,pragmatism,2,1,null,v1,v1,"{""model"": ""llama-3.3-70b-versatile"", ""temperature"": 0, ""date"": ""2025-10-21T05:56:53.905100+00:00"", ""prompt_version"": ""v1"", ""persona"": ""null""}"
"('artificialintelligence', 'symbolicprocessing')",symbolic processing,artificial intelligence,4,0,expert,v1,v1,"{""model"": ""llama-3.3-70b-versatile"", ""temperature"": 0, ""date"": ""2025-10-21T05:56:54.086603+00:00"", ""prompt_version"": ""v1"", ""persona"": ""expert""}"
"('artificialintelligence', 'symbolicprocessing')",symbolic processing,artificial intelligence,4,0,phd,v1,v1,"{""model"": ""llama-3.3-70b-versatile"", ""temperature"": 0, ""date"": ""2025-10-21T05:56:54.237833+00:00"", ""prompt_version"": ""v1"", ""persona"": ""phd""}"
"('artificialintelligence', 'symbolicprocessing')",symbolic processing,artificial intelligence,4,0,null,v1,v1,"{""model"": ""llama-3.3-70b-versatile"", ""temperature"": 0, ""date"": ""2025-10-21T05:56:54.383271+00:00"", ""prompt_version"": ""v1"", ""persona"": ""null""}"
"('aristotlesnaturalphilosophy', 'metaphysics')",aristotle's natural philosophy,metaphysics,4,0,expert,v1,v1,"{""model"": ""llama-3.3-70b-versatile"", ""temperature"": 0, ""date"": ""2025-10-21T05:56:54.539275+00:00"", ""prompt_version"": ""v1"", ""persona"": ""expert""}"
"('aristotlesnaturalphilosophy', 'metaphysics')",aristotle's natural philosophy,metaphysics,4,0,phd,v1,v1,"{""model"": ""llama-3.3-70b-versatile"", ""temperature"": 0, ""date"": ""2025-10-21T05:56:54.764924+00:00"", ""prompt_version"": ""v1"", ""persona"": ""phd""}"
"('aristotlesnaturalphilosophy', 'metaphysics')",aristotle's natural philosophy,metaphysics,4,0,null,v1,v1,"{""model"": ""llama-3.3-70b-versatile"", ""temperature"": 0, ""date"": ""2025-10-21T05:56:54.914102+00:00"", ""prompt_version"": ""v1"", ""persona"": ""null""}"
"('consciousnessandintentionality', 'perception')",consciousness and intentionality,perception,4,0,expert,v1,v1,"{""model"": ""llama-3.3-70b-versatile"", ""temperature"": 0, ""date"": ""2025-10-21T05:56:55.071188+00:00"", ""prompt_version"": ""v1"", ""persona"": ""expert""}"
"('consciousnessandintentionality', 'perception')",consciousness and intentionality,perception,3,0,phd,v1,v1,"{""model"": ""llama-3.3-70b-versatile"", ""temperature"": 0, ""date"": ""2025-10-21T05:56:55.249203+00:00"", ""prompt_version"": ""v1"", ""persona"": ""phd""}"
"('consciousnessandintentionality', 'perception')",consciousness and intentionality,perception,3,1,null,v1,v1,"{""model"": ""llama-3.3-70b-versatile"", ""temperature"": 0, ""date"": ""2025-10-21T05:56:55.413251+00:00"", ""prompt_version"": ""v1"", ""persona"": ""null""}"
"('metaphysics', 'philosophyofpsychology')",philosophy of psychology,metaphysics,2,0,expert,v1,v1,"{""model"": ""llama-3.3-70b-versatile"", ""temperature"": 0, ""date"": ""2025-10-21T05:56:55.601426+00:00"", ""prompt_version"": ""v1"", ""persona"": ""expert""}"
"('metaphysics', 'philosophyofpsychology')",philosophy of psychology,metaphysics,2,0,phd,v1,v1,"{""model"": ""llama-3.3-70b-versatile"", ""temperature"": 0, ""date"": ""2025-10-21T05:56:55.786064+00:00"", ""prompt_version"": ""v1"", ""persona"": ""phd""}"
"('metaphysics', 'philosophyofpsychology')",philosophy of psychology,metaphysics,2,0,null,v1,v1,"{""model"": ""llama-3.3-70b-versatile"", ""temperature"": 0, ""date"": ""2025-10-21T05:56:55.947403+00:00"", ""prompt_version"": ""v1"", ""persona"": ""null""}"
"('epistemology', 'philosophyofperception')",philosophy of perception,epistemology,4,0,expert,v1,v1,"{""model"": ""llama-3.3-70b-versatile"", ""temperature"": 0, ""date"": ""2025-10-21T05:56:56.109726+00:00"", ""prompt_version"": ""v1"", ""persona"": ""expert""}"
"('epistemology', 'philosophyofperception')",philosophy of perception,epistemology,4,0,phd,v1,v1,"{""model"": ""llama-3.3-70b-versatile"", ""temperature"": 0, ""date"": ""2025-10-21T05:56:56.262748+00:00"", ""prompt_version"": ""v1"", ""persona"": ""phd""}"
"('epistemology', 'philosophyofperception')",philosophy of perception,epistemology,4,0,null,v1,v1,"{""model"": ""llama-3.3-70b-versatile"", ""temperature"": 0, ""date"": ""2025-10-21T05:56:56.411032+00:00"", ""prompt_version"": ""v1"", ""persona"": ""null""}"
"('hinduism', 'philosophyofreligion')",hinduism,philosophy of religion,4,0,expert,v1,v1,"{""model"": ""llama-3.3-70b-versatile"", ""temperature"": 0, ""date"": ""2025-10-21T05:56:56.558637+00:00"", ""prompt_version"": ""v1"", ""persona"": ""expert""}"
"('hinduism', 'philosophyofreligion')",hinduism,philosophy of religion,3,0,phd,v1,v1,"{""model"": ""llama-3.3-70b-versatile"", ""temperature"": 0, ""date"": ""2025-10-21T05:56:56.760236+00:00"", ""prompt_version"": ""v1"", ""persona"": ""phd""}"
"('hinduism', 'philosophyofreligion')",hinduism,philosophy of religion,3,0,null,v1,v1,"{""model"": ""llama-3.3-70b-versatile"", ""temperature"": 0, ""date"": ""2025-10-21T05:56:56.911891+00:00"", ""prompt_version"": ""v1"", ""persona"": ""null""}"
"('cognitivescience', 'psychiatry')",cognitive science,psychiatry,2,1,course_taker,v1,v1,"{""model"": ""llama-3.3-70b-versatile"", ""temperature"": 0, ""date"": ""2025-10-21T05:56:57.060462+00:00"", ""prompt_version"": ""v1"", ""persona"": ""course_taker""}"
"('cognitivescience', 'psychiatry')",cognitive science,psychiatry,2,1,expert,v1,v1,"{""model"": ""llama-3.3-70b-versatile"", ""temperature"": 0, ""date"": ""2025-10-21T05:56:57.221811+00:00"", ""prompt_version"": ""v1"", ""persona"": ""expert""}"
"('cognitivescience', 'psychiatry')",cognitive science,psychiatry,3,1,null,v1,v1,"{""model"": ""llama-3.3-70b-versatile"", ""temperature"": 0, ""date"": ""2025-10-21T05:56:57.360823+00:00"", ""prompt_version"": ""v1"", ""persona"": ""null""}"
"('causaltheoriesofmentalcontent', 'cognitivescience')",causal theories of mental content,cognitive science,4,0,expert,v1,v1,"{""model"": ""llama-3.3-70b-versatile"", ""temperature"": 0, ""date"": ""2025-10-21T05:56:57.541692+00:00"", ""prompt_version"": ""v1"", ""persona"": ""expert""}"
"('causaltheoriesofmentalcontent', 'cognitivescience')",causal theories of mental content,cognitive science,4,0,phd,v1,v1,"{""model"": ""llama-3.3-70b-versatile"", ""temperature"": 0, ""date"": ""2025-10-21T05:56:57.691435+00:00"", ""prompt_version"": ""v1"", ""persona"": ""phd""}"
"('causaltheoriesofmentalcontent', 'cognitivescience')",causal theories of mental content,cognitive science,4,0,null,v1,v1,"{""model"": ""llama-3.3-70b-versatile"", ""temperature"": 0, ""date"": ""2025-10-21T05:56:57.862773+00:00"", ""prompt_version"": ""v1"", ""persona"": ""null""}"
"('philosophyofbiology', 'philosophyofchemistry')",philosophy of chemistry,philosophy of biology,3,3,expert,v1,v1,"{""model"": ""llama-3.3-70b-versatile"", ""temperature"": 0, ""date"": ""2025-10-21T05:56:58.022570+00:00"", ""prompt_version"": ""v1"", ""persona"": ""expert""}"
"('philosophyofbiology', 'philosophyofchemistry')",philosophy of chemistry,philosophy of biology,2,3,phd,v1,v1,"{""model"": ""llama-3.3-70b-versatile"", ""temperature"": 0, ""date"": ""2025-10-21T05:56:58.233854+00:00"", ""prompt_version"": ""v1"", ""persona"": ""phd""}"
"('philosophyofbiology', 'philosophyofchemistry')",philosophy of chemistry,philosophy of biology,2,3,null,v1,v1,"{""model"": ""llama-3.3-70b-versatile"", ""temperature"": 0, ""date"": ""2025-10-21T05:56:58.382482+00:00"", ""prompt_version"": ""v1"", ""persona"": ""null""}"
"('perception', 'propositionalattitude')",propositional attitude,perception,2,1,expert,v1,v1,"{""model"": ""llama-3.3-70b-versatile"", ""temperature"": 0, ""date"": ""2025-10-21T05:56:58.545239+00:00"", ""prompt_version"": ""v1"", ""persona"": ""expert""}"
"('perception', 'propositionalattitude')",propositional attitude,perception,2,1,phd,v1,v1,"{""model"": ""llama-3.3-70b-versatile"", ""temperature"": 0, ""date"": ""2025-10-21T05:56:58.689033+00:00"", ""prompt_version"": ""v1"", ""persona"": ""phd""}"
"('perception', 'propositionalattitude')",propositional attitude,perception,2,1,null,v1,v1,"{""model"": ""llama-3.3-70b-versatile"", ""temperature"": 0, ""date"": ""2025-10-21T05:56:58.826616+00:00"", ""prompt_version"": ""v1"", ""persona"": ""null""}"
"('philosophyofreligion', 'politicalauthority')",political authority,philosophy of religion,1,3,expert,v1,v1,"{""model"": ""llama-3.3-70b-versatile"", ""temperature"": 0, ""date"": ""2025-10-21T05:56:59.049784+00:00"", ""prompt_version"": ""v1"", ""persona"": ""expert""}"
"('philosophyofreligion', 'politicalauthority')",political authority,philosophy of religion,1,3,phd,v1,v1,"{""model"": ""llama-3.3-70b-versatile"", ""temperature"": 0, ""date"": ""2025-10-21T05:56:59.228454+00:00"", ""prompt_version"": ""v1"", ""persona"": ""phd""}"
"('philosophyofreligion', 'politicalauthority')",political authority,philosophy of religion,1,3,null,v1,v1,"{""model"": ""llama-3.3-70b-versatile"", ""temperature"": 0, ""date"": ""2025-10-21T05:56:59.400970+00:00"", ""prompt_version"": ""v1"", ""persona"": ""null""}"
"('influenceofislamicthoughtonmaimonides', 'philosophyofreligion')",influence of islamic thought on maimonides,philosophy of religion,4,0,expert,v1,v1,"{""model"": ""llama-3.3-70b-versatile"", ""temperature"": 0, ""date"": ""2025-10-21T05:56:59.561748+00:00"", ""prompt_version"": ""v1"", ""persona"": ""expert""}"
"('influenceofislamicthoughtonmaimonides', 'philosophyofreligion')",influence of islamic thought on maimonides,philosophy of religion,3,0,phd,v1,v1,"{""model"": ""llama-3.3-70b-versatile"", ""temperature"": 0, ""date"": ""2025-10-21T05:56:59.759385+00:00"", ""prompt_version"": ""v1"", ""persona"": ""phd""}"
"('influenceofislamicthoughtonmaimonides', 'philosophyofreligion')",influence of islamic thought on maimonides,philosophy of religion,3,0,null,v1,v1,"{""model"": ""llama-3.3-70b-versatile"", ""temperature"": 0, ""date"": ""2025-10-21T05:56:59.914098+00:00"", ""prompt_version"": ""v1"", ""persona"": ""null""}"
"('kantsviewofthemindandconsciousnessofself', 'perception')",kant's view of the mind and consciousness of self,perception,4,0,expert,v1,v1,"{""model"": ""llama-3.3-70b-versatile"", ""temperature"": 0, ""date"": ""2025-10-21T05:57:00.069571+00:00"", ""prompt_version"": ""v1"", ""persona"": ""expert""}"
"('kantsviewofthemindandconsciousnessofself', 'perception')",kant's view of the mind and consciousness of self,perception,4,0,phd,v1,v1,"{""model"": ""llama-3.3-70b-versatile"", ""temperature"": 0, ""date"": ""2025-10-21T05:57:00.251568+00:00"", ""prompt_version"": ""v1"", ""persona"": ""phd""}"
"('kantsviewofthemindandconsciousnessofself', 'perception')",kant's view of the mind and consciousness of self,perception,4,0,null,v1,v1,"{""model"": ""llama-3.3-70b-versatile"", ""temperature"": 0, ""date"": ""2025-10-21T05:57:00.409497+00:00"", ""prompt_version"": ""v1"", ""persona"": ""null""}"
"('coherentism', 'epistemology')",coherentism,epistemology,4,0,expert,v1,v1,"{""model"": ""llama-3.3-70b-versatile"", ""temperature"": 0, ""date"": ""2025-10-21T05:57:00.579459+00:00"", ""prompt_version"": ""v1"", ""persona"": ""expert""}"
"('coherentism', 'epistemology')",coherentism,epistemology,4,0,phd,v1,v1,"{""model"": ""llama-3.3-70b-versatile"", ""temperature"": 0, ""date"": ""2025-10-21T05:57:00.723833+00:00"", ""prompt_version"": ""v1"", ""persona"": ""phd""}"
"('coherentism', 'epistemology')",coherentism,epistemology,4,0,null,v1,v1,"{""model"": ""llama-3.3-70b-versatile"", ""temperature"": 0, ""date"": ""2025-10-21T05:57:00.881130+00:00"", ""prompt_version"": ""v1"", ""persona"": ""null""}"
"('internalistvsexternalistconceptionsofepistemicjustification', 'justification')",internalist vs. externalist conceptions of epistemic justification,justification,4,0,expert,v1,v1,"{""model"": ""llama-3.3-70b-versatile"", ""temperature"": 0, ""date"": ""2025-10-21T05:57:01.037934+00:00"", ""prompt_version"": ""v1"", ""persona"": ""expert""}"
"('internalistvsexternalistconceptionsofepistemicjustification', 'justification')",internalist vs. externalist conceptions of epistemic justification,justification,4,0,phd,v1,v1,"{""model"": ""llama-3.3-70b-versatile"", ""temperature"": 0, ""date"": ""2025-10-21T05:57:01.190752+00:00"", ""prompt_version"": ""v1"", ""persona"": ""phd""}"
"('internalistvsexternalistconceptionsofepistemicjustification', 'justification')",internalist vs. externalist conceptions of epistemic justification,justification,4,0,null,v1,v1,"{""model"": ""llama-3.3-70b-versatile"", ""temperature"": 0, ""date"": ""2025-10-21T05:57:01.348049+00:00"", ""prompt_version"": ""v1"", ""persona"": ""null""}"
"('externalismaboutmentalcontent', 'internalismandexternalism')",externalism about mental content,internalism and externalism,4,0,expert,v1,v1,"{""model"": ""llama-3.3-70b-versatile"", ""temperature"": 0, ""date"": ""2025-10-21T05:57:01.502022+00:00"", ""prompt_version"": ""v1"", ""persona"": ""expert""}"
"('externalismaboutmentalcontent', 'internalismandexternalism')",externalism about mental content,internalism and externalism,4,0,phd,v1,v1,"{""model"": ""llama-3.3-70b-versatile"", ""temperature"": 0, ""date"": ""2025-10-21T05:57:01.655115+00:00"", ""prompt_version"": ""v1"", ""persona"": ""phd""}"
"('externalismaboutmentalcontent', 'internalismandexternalism')",externalism about mental content,internalism and externalism,4,0,null,v1,v1,"{""model"": ""llama-3.3-70b-versatile"", ""temperature"": 0, ""date"": ""2025-10-21T05:57:01.838315+00:00"", ""prompt_version"": ""v1"", ""persona"": ""null""}"
"('philosophyofreligion', 'secularism')",secularism,philosophy of religion,3,0,expert,v1,v1,"{""model"": ""llama-3.3-70b-versatile"", ""temperature"": 0, ""date"": ""2025-10-21T05:57:01.983083+00:00"", ""prompt_version"": ""v1"", ""persona"": ""expert""}"
"('philosophyofreligion', 'secularism')",secularism,philosophy of religion,3,0,phd,v1,v1,"{""model"": ""llama-3.3-70b-versatile"", ""temperature"": 0, ""date"": ""2025-10-21T05:57:02.171767+00:00"", ""prompt_version"": ""v1"", ""persona"": ""phd""}"
"('philosophyofreligion', 'secularism')",secularism,philosophy of religion,3,0,null,v1,v1,"{""model"": ""llama-3.3-70b-versatile"", ""temperature"": 0, ""date"": ""2025-10-21T05:57:02.382228+00:00"", ""prompt_version"": ""v1"", ""persona"": ""null""}"
"('mentalcontent', 'philosophyofmind')",mental content,philosophy of mind,4,0,expert,v1,v1,"{""model"": ""llama-3.3-70b-versatile"", ""temperature"": 0, ""date"": ""2025-10-21T05:57:02.580647+00:00"", ""prompt_version"": ""v1"", ""persona"": ""expert""}"
"('mentalcontent', 'philosophyofmind')",mental content,philosophy of mind,4,0,phd,v1,v1,"{""model"": ""llama-3.3-70b-versatile"", ""temperature"": 0, ""date"": ""2025-10-21T05:57:02.770087+00:00"", ""prompt_version"": ""v1"", ""persona"": ""phd""}"
"('mentalcontent', 'philosophyofmind')",mental content,philosophy of mind,4,0,null,v1,v1,"{""model"": ""llama-3.3-70b-versatile"", ""temperature"": 0, ""date"": ""2025-10-21T05:57:02.959646+00:00"", ""prompt_version"": ""v1"", ""persona"": ""null""}"
"('animalcognition', 'philosophyofmind')",animal cognition,philosophy of mind,4,0,expert,v1,v1,"{""model"": ""llama-3.3-70b-versatile"", ""temperature"": 0, ""date"": ""2025-10-21T05:57:03.115571+00:00"", ""prompt_version"": ""v1"", ""persona"": ""expert""}"
"('animalcognition', 'philosophyofmind')",animal cognition,philosophy of mind,4,0,phd,v1,v1,"{""model"": ""llama-3.3-70b-versatile"", ""temperature"": 0, ""date"": ""2025-10-21T05:57:03.265316+00:00"", ""prompt_version"": ""v1"", ""persona"": ""phd""}"
"('animalcognition', 'philosophyofmind')",animal cognition,philosophy of mind,2,0,null,v1,v1,"{""model"": ""llama-3.3-70b-versatile"", ""temperature"": 0, ""date"": ""2025-10-21T05:57:03.426214+00:00"", ""prompt_version"": ""v1"", ""persona"": ""null""}"
"('metaphysicsofmind', 'philosophyofmind')",metaphysics of mind,philosophy of mind,4,0,expert,v1,v1,"{""model"": ""llama-3.3-70b-versatile"", ""temperature"": 0, ""date"": ""2025-10-21T05:57:03.574467+00:00"", ""prompt_version"": ""v1"", ""persona"": ""expert""}"
"('metaphysicsofmind', 'philosophyofmind')",metaphysics of mind,philosophy of mind,4,2,phd,v1,v1,"{""model"": ""llama-3.3-70b-versatile"", ""temperature"": 0, ""date"": ""2025-10-21T05:57:03.770507+00:00"", ""prompt_version"": ""v1"", ""persona"": ""phd""}"
"('metaphysicsofmind', 'philosophyofmind')",metaphysics of mind,philosophy of mind,4,0,null,v1,v1,"{""model"": ""llama-3.3-70b-versatile"", ""temperature"": 0, ""date"": ""2025-10-21T05:57:03.916385+00:00"", ""prompt_version"": ""v1"", ""persona"": ""null""}"
"('aspectsofmind', 'philosophyofmind')",aspects of mind,philosophy of mind,4,0,expert,v1,v1,"{""model"": ""llama-3.3-70b-versatile"", ""temperature"": 0, ""date"": ""2025-10-21T05:57:04.070903+00:00"", ""prompt_version"": ""v1"", ""persona"": ""expert""}"
"('aspectsofmind', 'philosophyofmind')",aspects of mind,philosophy of mind,4,0,phd,v1,v1,"{""model"": ""llama-3.3-70b-versatile"", ""temperature"": 0, ""date"": ""2025-10-21T05:57:04.230117+00:00"", ""prompt_version"": ""v1"", ""persona"": ""phd""}"
"('aspectsofmind', 'philosophyofmind')",aspects of mind,philosophy of mind,4,0,null,v1,v1,"{""model"": ""llama-3.3-70b-versatile"", ""temperature"": 0, ""date"": ""2025-10-21T05:57:04.377231+00:00"", ""prompt_version"": ""v1"", ""persona"": ""null""}"
"('mentalcontent', 'nonconceptualcontent')",non-conceptual content,mental content,4,0,expert,v1,v1,"{""model"": ""llama-3.3-70b-versatile"", ""temperature"": 0, ""date"": ""2025-10-21T05:57:04.537879+00:00"", ""prompt_version"": ""v1"", ""persona"": ""expert""}"
"('mentalcontent', 'nonconceptualcontent')",non-conceptual content,mental content,4,0,phd,v1,v1,"{""model"": ""llama-3.3-70b-versatile"", ""temperature"": 0, ""date"": ""2025-10-21T05:57:04.697456+00:00"", ""prompt_version"": ""v1"", ""persona"": ""phd""}"
"('mentalcontent', 'nonconceptualcontent')",non-conceptual content,mental content,4,0,null,v1,v1,"{""model"": ""llama-3.3-70b-versatile"", ""temperature"": 0, ""date"": ""2025-10-21T05:57:04.850154+00:00"", ""prompt_version"": ""v1"", ""persona"": ""null""}"
"('folkpsychology', 'folkpsychologyasmentalsimulation')",folk psychology as mental simulation,folk psychology,4,0,expert,v1,v1,"{""model"": ""llama-3.3-70b-versatile"", ""temperature"": 0, ""date"": ""2025-10-21T05:57:05.037570+00:00"", ""prompt_version"": ""v1"", ""persona"": ""expert""}"
"('folkpsychology', 'folkpsychologyasmentalsimulation')",folk psychology as mental simulation,folk psychology,4,0,phd,v1,v1,"{""model"": ""llama-3.3-70b-versatile"", ""temperature"": 0, ""date"": ""2025-10-21T05:57:05.216122+00:00"", ""prompt_version"": ""v1"", ""persona"": ""phd""}"
"('folkpsychology', 'folkpsychologyasmentalsimulation')",folk psychology as mental simulation,folk psychology,4,0,null,v1,v1,"{""model"": ""llama-3.3-70b-versatile"", ""temperature"": 0, ""date"": ""2025-10-21T05:57:05.406786+00:00"", ""prompt_version"": ""v1"", ""persona"": ""null""}"
"('18thcenturybritishaesthetics', 'perception')",18th century british aesthetics,perception,3,0,expert,v1,v1,"{""model"": ""llama-3.3-70b-versatile"", ""temperature"": 0, ""date"": ""2025-10-21T05:57:05.568838+00:00"", ""prompt_version"": ""v1"", ""persona"": ""expert""}"
"('18thcenturybritishaesthetics', 'perception')",18th century british aesthetics,perception,3,0,phd,v1,v1,"{""model"": ""llama-3.3-70b-versatile"", ""temperature"": 0, ""date"": ""2025-10-21T05:57:05.770908+00:00"", ""prompt_version"": ""v1"", ""persona"": ""phd""}"
"('18thcenturybritishaesthetics', 'perception')",18th century british aesthetics,perception,3,0,null,v1,v1,"{""model"": ""llama-3.3-70b-versatile"", ""temperature"": 0, ""date"": ""2025-10-21T05:57:05.942111+00:00"", ""prompt_version"": ""v1"", ""persona"": ""null""}"
"('bioethics', 'businessethics')",business ethics,bioethics,2,1,expert,v1,v1,"{""model"": ""llama-3.3-70b-versatile"", ""temperature"": 0, ""date"": ""2025-10-21T05:57:06.099942+00:00"", ""prompt_version"": ""v1"", ""persona"": ""expert""}"
"('bioethics', 'businessethics')",business ethics,bioethics,2,3,phd,v1,v1,"{""model"": ""llama-3.3-70b-versatile"", ""temperature"": 0, ""date"": ""2025-10-21T05:57:06.288768+00:00"", ""prompt_version"": ""v1"", ""persona"": ""phd""}"
"('bioethics', 'businessethics')",business ethics,bioethics,2,1,null,v1,v1,"{""model"": ""llama-3.3-70b-versatile"", ""temperature"": 0, ""date"": ""2025-10-21T05:57:06.433731+00:00"", ""prompt_version"": ""v1"", ""persona"": ""null""}"
"('18thcenturygermanaesthetics', 'aestheticsandphilosophyofart')",aesthetics and philosophy of art,18th century german aesthetics,4,1,course_taker,v1,v1,"{""model"": ""llama-3.3-70b-versatile"", ""temperature"": 0, ""date"": ""2025-10-21T05:57:06.585884+00:00"", ""prompt_version"": ""v1"", ""persona"": ""course_taker""}"
"('18thcenturygermanaesthetics', 'aestheticsandphilosophyofart')",aesthetics and philosophy of art,18th century german aesthetics,4,1,phd,v1,v1,"{""model"": ""llama-3.3-70b-versatile"", ""temperature"": 0, ""date"": ""2025-10-21T05:57:06.750718+00:00"", ""prompt_version"": ""v1"", ""persona"": ""phd""}"
"('18thcenturygermanaesthetics', 'aestheticsandphilosophyofart')",aesthetics and philosophy of art,18th century german aesthetics,4,1,null,v1,v1,"{""model"": ""llama-3.3-70b-versatile"", ""temperature"": 0, ""date"": ""2025-10-21T05:57:06.896824+00:00"", ""prompt_version"": ""v1"", ""persona"": ""null""}"
"('ideas', 'philosophyofmind')",ideas,philosophy of mind,2,1,expert,v1,v1,"{""model"": ""llama-3.3-70b-versatile"", ""temperature"": 0, ""date"": ""2025-10-21T05:57:07.040349+00:00"", ""prompt_version"": ""v1"", ""persona"": ""expert""}"
"('ideas', 'philosophyofmind')",ideas,philosophy of mind,2,1,phd,v1,v1,"{""model"": ""llama-3.3-70b-versatile"", ""temperature"": 0, ""date"": ""2025-10-21T05:57:07.183263+00:00"", ""prompt_version"": ""v1"", ""persona"": ""phd""}"
"('ideas', 'philosophyofmind')",ideas,philosophy of mind,2,1,null,v1,v1,"{""model"": ""llama-3.3-70b-versatile"", ""temperature"": 0, ""date"": ""2025-10-21T05:57:07.334975+00:00"", ""prompt_version"": ""v1"", ""persona"": ""null""}"
"('methodologicaldebatesincosmologythe1930sand1940s', 'philosophyofscienceandthesciences')",methodological debates in cosmology the 1930s and 1940s,philosophy of science and the sciences,4,0,expert,v1,v1,"{""model"": ""llama-3.3-70b-versatile"", ""temperature"": 0, ""date"": ""2025-10-21T05:57:07.487978+00:00"", ""prompt_version"": ""v1"", ""persona"": ""expert""}"
"('methodologicaldebatesincosmologythe1930sand1940s', 'philosophyofscienceandthesciences')",methodological debates in cosmology the 1930s and 1940s,philosophy of science and the sciences,4,0,phd,v1,v1,"{""model"": ""llama-3.3-70b-versatile"", ""temperature"": 0, ""date"": ""2025-10-21T05:57:07.640745+00:00"", ""prompt_version"": ""v1"", ""persona"": ""phd""}"
"('methodologicaldebatesincosmologythe1930sand1940s', 'philosophyofscienceandthesciences')",methodological debates in cosmology the 1930s and 1940s,philosophy of science and the sciences,4,0,null,v1,v1,"{""model"": ""llama-3.3-70b-versatile"", ""temperature"": 0, ""date"": ""2025-10-21T05:57:07.805810+00:00"", ""prompt_version"": ""v1"", ""persona"": ""null""}"
"('compositionalityandlogicalform', 'metaphysics')",compositionality and logical form,metaphysics,2,0,expert,v1,v1,"{""model"": ""llama-3.3-70b-versatile"", ""temperature"": 0, ""date"": ""2025-10-21T05:57:08.019878+00:00"", ""prompt_version"": ""v1"", ""persona"": ""expert""}"
"('compositionalityandlogicalform', 'metaphysics')",compositionality and logical form,metaphysics,2,0,phd,v1,v1,"{""model"": ""llama-3.3-70b-versatile"", ""temperature"": 0, ""date"": ""2025-10-21T05:57:08.208078+00:00"", ""prompt_version"": ""v1"", ""persona"": ""phd""}"
"('compositionalityandlogicalform', 'metaphysics')",compositionality and logical form,metaphysics,2,0,null,v1,v1,"{""model"": ""llama-3.3-70b-versatile"", ""temperature"": 0, ""date"": ""2025-10-21T05:57:08.403195+00:00"", ""prompt_version"": ""v1"", ""persona"": ""null""}"
"('leibnizsinfluenceonkant', 'perception')",leibniz's influence on kant,perception,2,0,expert,v1,v1,"{""model"": ""llama-3.3-70b-versatile"", ""temperature"": 0, ""date"": ""2025-10-21T05:57:08.556178+00:00"", ""prompt_version"": ""v1"", ""persona"": ""expert""}"
"('leibnizsinfluenceonkant', 'perception')",leibniz's influence on kant,perception,2,0,phd,v1,v1,"{""model"": ""llama-3.3-70b-versatile"", ""temperature"": 0, ""date"": ""2025-10-21T05:57:08.720716+00:00"", ""prompt_version"": ""v1"", ""persona"": ""phd""}"
"('leibnizsinfluenceonkant', 'perception')",leibniz's influence on kant,perception,2,0,null,v1,v1,"{""model"": ""llama-3.3-70b-versatile"", ""temperature"": 0, ""date"": ""2025-10-21T05:57:08.898741+00:00"", ""prompt_version"": ""v1"", ""persona"": ""null""}"
"('chinesephilosophy', 'mohistcanons')",mohist canons,chinese philosophy,4,0,novice,v1,v1,"{""model"": ""llama-3.3-70b-versatile"", ""temperature"": 0, ""date"": ""2025-10-21T05:57:09.045290+00:00"", ""prompt_version"": ""v1"", ""persona"": ""novice""}"
"('chinesephilosophy', 'mohistcanons')",mohist canons,chinese philosophy,4,0,phd,v1,v1,"{""model"": ""llama-3.3-70b-versatile"", ""temperature"": 0, ""date"": ""2025-10-21T05:57:09.220901+00:00"", ""prompt_version"": ""v1"", ""persona"": ""phd""}"
"('chinesephilosophy', 'mohistcanons')",mohist canons,chinese philosophy,4,0,null,v1,v1,"{""model"": ""llama-3.3-70b-versatile"", ""temperature"": 0, ""date"": ""2025-10-21T05:57:09.375818+00:00"", ""prompt_version"": ""v1"", ""persona"": ""null""}"
"('deweysaesthetics', 'perception')",dewey's aesthetics,perception,4,0,expert,v1,v1,"{""model"": ""llama-3.3-70b-versatile"", ""temperature"": 0, ""date"": ""2025-10-21T05:57:09.562121+00:00"", ""prompt_version"": ""v1"", ""persona"": ""expert""}"
"('deweysaesthetics', 'perception')",dewey's aesthetics,perception,4,0,phd,v1,v1,"{""model"": ""llama-3.3-70b-versatile"", ""temperature"": 0, ""date"": ""2025-10-21T05:57:09.756393+00:00"", ""prompt_version"": ""v1"", ""persona"": ""phd""}"
"('deweysaesthetics', 'perception')",dewey's aesthetics,perception,2,0,null,v1,v1,"{""model"": ""llama-3.3-70b-versatile"", ""temperature"": 0, ""date"": ""2025-10-21T05:57:09.915359+00:00"", ""prompt_version"": ""v1"", ""persona"": ""null""}"
"('consciousness', 'perception')",consciousness,perception,4,1,expert,v1,v1,"{""model"": ""llama-3.3-70b-versatile"", ""temperature"": 0, ""date"": ""2025-10-21T05:57:10.063661+00:00"", ""prompt_version"": ""v1"", ""persona"": ""expert""}"
"('consciousness', 'perception')",consciousness,perception,4,1,phd,v1,v1,"{""model"": ""llama-3.3-70b-versatile"", ""temperature"": 0, ""date"": ""2025-10-21T05:57:10.210945+00:00"", ""prompt_version"": ""v1"", ""persona"": ""phd""}"
"('consciousness', 'perception')",consciousness,perception,4,1,null,v1,v1,"{""model"": ""llama-3.3-70b-versatile"", ""temperature"": 0, ""date"": ""2025-10-21T05:57:10.367336+00:00"", ""prompt_version"": ""v1"", ""persona"": ""null""}"
"('epistemology', 'philosophyofpsychology')",philosophy of psychology,epistemology,3,0,expert,v1,v1,"{""model"": ""llama-3.3-70b-versatile"", ""temperature"": 0, ""date"": ""2025-10-21T05:57:10.522583+00:00"", ""prompt_version"": ""v1"", ""persona"": ""expert""}"
"('epistemology', 'philosophyofpsychology')",philosophy of psychology,epistemology,2,0,phd,v1,v1,"{""model"": ""llama-3.3-70b-versatile"", ""temperature"": 0, ""date"": ""2025-10-21T05:57:10.681361+00:00"", ""prompt_version"": ""v1"", ""persona"": ""phd""}"
"('epistemology', 'philosophyofpsychology')",philosophy of psychology,epistemology,2,0,null,v1,v1,"{""model"": ""llama-3.3-70b-versatile"", ""temperature"": 0, ""date"": ""2025-10-21T05:57:10.830591+00:00"", ""prompt_version"": ""v1"", ""persona"": ""null""}"
"('logos', 'metaphysics')",logos,metaphysics,2,0,expert,v1,v1,"{""model"": ""llama-3.3-70b-versatile"", ""temperature"": 0, ""date"": ""2025-10-21T05:57:11.014457+00:00"", ""prompt_version"": ""v1"", ""persona"": ""expert""}"
"('logos', 'metaphysics')",logos,metaphysics,3,0,phd,v1,v1,"{""model"": ""llama-3.3-70b-versatile"", ""temperature"": 0, ""date"": ""2025-10-21T05:57:11.186911+00:00"", ""prompt_version"": ""v1"", ""persona"": ""phd""}"
"('logos', 'metaphysics')",logos,metaphysics,1,3,null,v1,v1,"{""model"": ""llama-3.3-70b-versatile"", ""temperature"": 0, ""date"": ""2025-10-21T05:57:11.369936+00:00"", ""prompt_version"": ""v1"", ""persona"": ""null""}"
"('artificialintelligence', 'turingmachine')",turing machine,artificial intelligence,4,0,expert,v1,v1,"{""model"": ""llama-3.3-70b-versatile"", ""temperature"": 0, ""date"": ""2025-10-21T05:57:11.517690+00:00"", ""prompt_version"": ""v1"", ""persona"": ""expert""}"
"('artificialintelligence', 'turingmachine')",turing machine,artificial intelligence,4,0,phd,v1,v1,"{""model"": ""llama-3.3-70b-versatile"", ""temperature"": 0, ""date"": ""2025-10-21T05:57:11.675609+00:00"", ""prompt_version"": ""v1"", ""persona"": ""phd""}"
"('artificialintelligence', 'turingmachine')",turing machine,artificial intelligence,4,0,null,v1,v1,"{""model"": ""llama-3.3-70b-versatile"", ""temperature"": 0, ""date"": ""2025-10-21T05:57:11.858221+00:00"", ""prompt_version"": ""v1"", ""persona"": ""null""}"
"('interpretation', 'philosophyoflanguage')",philosophy of language,interpretation,4,1,expert,v1,v1,"{""model"": ""llama-3.3-70b-versatile"", ""temperature"": 0, ""date"": ""2025-10-21T05:57:12.032875+00:00"", ""prompt_version"": ""v1"", ""persona"": ""expert""}"
"('interpretation', 'philosophyoflanguage')",philosophy of language,interpretation,4,1,phd,v1,v1,"{""model"": ""llama-3.3-70b-versatile"", ""temperature"": 0, ""date"": ""2025-10-21T05:57:12.218614+00:00"", ""prompt_version"": ""v1"", ""persona"": ""phd""}"
"('interpretation', 'philosophyoflanguage')",philosophy of language,interpretation,4,1,null,v1,v1,"{""model"": ""llama-3.3-70b-versatile"", ""temperature"": 0, ""date"": ""2025-10-21T05:57:12.387607+00:00"", ""prompt_version"": ""v1"", ""persona"": ""null""}"
"('cognitivescience', 'dynamicalsystem')",dynamical system,cognitive science,2,0,expert,v1,v1,"{""model"": ""llama-3.3-70b-versatile"", ""temperature"": 0, ""date"": ""2025-10-21T05:57:12.537989+00:00"", ""prompt_version"": ""v1"", ""persona"": ""expert""}"
"('cognitivescience', 'dynamicalsystem')",dynamical system,cognitive science,2,0,phd,v1,v1,"{""model"": ""llama-3.3-70b-versatile"", ""temperature"": 0, ""date"": ""2025-10-21T05:57:12.706602+00:00"", ""prompt_version"": ""v1"", ""persona"": ""phd""}"
"('cognitivescience', 'dynamicalsystem')",dynamical system,cognitive science,2,0,null,v1,v1,"{""model"": ""llama-3.3-70b-versatile"", ""temperature"": 0, ""date"": ""2025-10-21T05:57:12.877904+00:00"", ""prompt_version"": ""v1"", ""persona"": ""null""}"
"('churchandstate', 'philosophyofreligion')",church and state,philosophy of religion,3,0,expert,v1,v1,"{""model"": ""llama-3.3-70b-versatile"", ""temperature"": 0, ""date"": ""2025-10-21T05:57:13.039482+00:00"", ""prompt_version"": ""v1"", ""persona"": ""expert""}"
"('churchandstate', 'philosophyofreligion')",church and state,philosophy of religion,3,0,phd,v1,v1,"{""model"": ""llama-3.3-70b-versatile"", ""temperature"": 0, ""date"": ""2025-10-21T05:57:13.192158+00:00"", ""prompt_version"": ""v1"", ""persona"": ""phd""}"
"('churchandstate', 'philosophyofreligion')",church and state,philosophy of religion,2,0,null,v1,v1,"{""model"": ""llama-3.3-70b-versatile"", ""temperature"": 0, ""date"": ""2025-10-21T05:57:13.357544+00:00"", ""prompt_version"": ""v1"", ""persona"": ""null""}"
"('bohmianmechanics', 'quantummechanics')",bohmian mechanics,quantum mechanics,4,0,expert,v1,v1,"{""model"": ""llama-3.3-70b-versatile"", ""temperature"": 0, ""date"": ""2025-10-21T05:57:13.529466+00:00"", ""prompt_version"": ""v1"", ""persona"": ""expert""}"
"('bohmianmechanics', 'quantummechanics')",bohmian mechanics,quantum mechanics,4,0,phd,v1,v1,"{""model"": ""llama-3.3-70b-versatile"", ""temperature"": 0, ""date"": ""2025-10-21T05:57:13.716395+00:00"", ""prompt_version"": ""v1"", ""persona"": ""phd""}"
"('bohmianmechanics', 'quantummechanics')",bohmian mechanics,quantum mechanics,4,0,null,v1,v1,"{""model"": ""llama-3.3-70b-versatile"", ""temperature"": 0, ""date"": ""2025-10-21T05:57:13.897871+00:00"", ""prompt_version"": ""v1"", ""persona"": ""null""}"
"('philosophyofart', 'philosophyofmind')",philosophy of art,philosophy of mind,2,3,expert,v1,v1,"{""model"": ""llama-3.3-70b-versatile"", ""temperature"": 0, ""date"": ""2025-10-21T05:57:14.083113+00:00"", ""prompt_version"": ""v1"", ""persona"": ""expert""}"
"('philosophyofart', 'philosophyofmind')",philosophy of art,philosophy of mind,2,3,phd,v1,v1,"{""model"": ""llama-3.3-70b-versatile"", ""temperature"": 0, ""date"": ""2025-10-21T05:57:14.272634+00:00"", ""prompt_version"": ""v1"", ""persona"": ""phd""}"
"('philosophyofart', 'philosophyofmind')",philosophy of art,philosophy of mind,2,3,null,v1,v1,"{""model"": ""llama-3.3-70b-versatile"", ""temperature"": 0, ""date"": ""2025-10-21T05:57:14.424702+00:00"", ""prompt_version"": ""v1"", ""persona"": ""null""}"
"('africansagephilosophy', 'afterlife')",african sage philosophy,afterlife,2,0,expert,v1,v1,"{""model"": ""llama-3.3-70b-versatile"", ""temperature"": 0, ""date"": ""2025-10-21T05:57:14.577600+00:00"", ""prompt_version"": ""v1"", ""persona"": ""expert""}"
"('africansagephilosophy', 'afterlife')",african sage philosophy,afterlife,2,0,phd,v1,v1,"{""model"": ""llama-3.3-70b-versatile"", ""temperature"": 0, ""date"": ""2025-10-21T05:57:14.756160+00:00"", ""prompt_version"": ""v1"", ""persona"": ""phd""}"
"('africansagephilosophy', 'afterlife')",african sage philosophy,afterlife,2,0,null,v1,v1,"{""model"": ""llama-3.3-70b-versatile"", ""temperature"": 0, ""date"": ""2025-10-21T05:57:14.919081+00:00"", ""prompt_version"": ""v1"", ""persona"": ""null""}"
"('ethicsandart', 'philosophyofart')",philosophy of art,ethics and art,3,1,expert,v1,v1,"{""model"": ""llama-3.3-70b-versatile"", ""temperature"": 0, ""date"": ""2025-10-21T05:57:15.077875+00:00"", ""prompt_version"": ""v1"", ""persona"": ""expert""}"
"('ethicsandart', 'philosophyofart')",philosophy of art,ethics and art,4,1,phd,v1,v1,"{""model"": ""llama-3.3-70b-versatile"", ""temperature"": 0, ""date"": ""2025-10-21T05:57:15.246757+00:00"", ""prompt_version"": ""v1"", ""persona"": ""phd""}"
"('ethicsandart', 'philosophyofart')",philosophy of art,ethics and art,3,1,null,v1,v1,"{""model"": ""llama-3.3-70b-versatile"", ""temperature"": 0, ""date"": ""2025-10-21T05:57:15.386073+00:00"", ""prompt_version"": ""v1"", ""persona"": ""null""}"
"('modernphilosophy', 'philosophyofreligion')",modern philosophy,philosophy of religion,3,1,expert,v1,v1,"{""model"": ""llama-3.3-70b-versatile"", ""temperature"": 0, ""date"": ""2025-10-21T05:57:15.525921+00:00"", ""prompt_version"": ""v1"", ""persona"": ""expert""}"
"('modernphilosophy', 'philosophyofreligion')",modern philosophy,philosophy of religion,3,1,phd,v1,v1,"{""model"": ""llama-3.3-70b-versatile"", ""temperature"": 0, ""date"": ""2025-10-21T05:57:15.672086+00:00"", ""prompt_version"": ""v1"", ""persona"": ""phd""}"
"('modernphilosophy', 'philosophyofreligion')",modern philosophy,philosophy of religion,3,1,null,v1,v1,"{""model"": ""llama-3.3-70b-versatile"", ""temperature"": 0, ""date"": ""2025-10-21T05:57:15.854336+00:00"", ""prompt_version"": ""v1"", ""persona"": ""null""}"
"('imagery', 'philosophyofmind')",imagery,philosophy of mind,3,0,expert,v1,v1,"{""model"": ""llama-3.3-70b-versatile"", ""temperature"": 0, ""date"": ""2025-10-21T05:57:16.009754+00:00"", ""prompt_version"": ""v1"", ""persona"": ""expert""}"
"('imagery', 'philosophyofmind')",imagery,philosophy of mind,3,0,phd,v1,v1,"{""model"": ""llama-3.3-70b-versatile"", ""temperature"": 0, ""date"": ""2025-10-21T05:57:16.171980+00:00"", ""prompt_version"": ""v1"", ""persona"": ""phd""}"
"('imagery', 'philosophyofmind')",imagery,philosophy of mind,2,0,null,v1,v1,"{""model"": ""llama-3.3-70b-versatile"", ""temperature"": 0, ""date"": ""2025-10-21T05:57:16.364009+00:00"", ""prompt_version"": ""v1"", ""persona"": ""null""}"
"('philosophyofreligion', 'zenbuddhism')",zen buddhism,philosophy of religion,4,0,expert,v1,v1,"{""model"": ""llama-3.3-70b-versatile"", ""temperature"": 0, ""date"": ""2025-10-21T05:57:16.512555+00:00"", ""prompt_version"": ""v1"", ""persona"": ""expert""}"
"('philosophyofreligion', 'zenbuddhism')",zen buddhism,philosophy of religion,3,0,phd,v1,v1,"{""model"": ""llama-3.3-70b-versatile"", ""temperature"": 0, ""date"": ""2025-10-21T05:57:16.697805+00:00"", ""prompt_version"": ""v1"", ""persona"": ""phd""}"
"('philosophyofreligion', 'zenbuddhism')",zen buddhism,philosophy of religion,3,0,null,v1,v1,"{""model"": ""llama-3.3-70b-versatile"", ""temperature"": 0, ""date"": ""2025-10-21T05:57:16.847648+00:00"", ""prompt_version"": ""v1"", ""persona"": ""null""}"
"('kantsphilosophyofreligion', 'philosophyofreligion')",kant's philosophy of religion,philosophy of religion,4,0,expert,v1,v1,"{""model"": ""llama-3.3-70b-versatile"", ""temperature"": 0, ""date"": ""2025-10-21T05:57:17.004346+00:00"", ""prompt_version"": ""v1"", ""persona"": ""expert""}"
"('kantsphilosophyofreligion', 'philosophyofreligion')",kant's philosophy of religion,philosophy of religion,4,0,phd,v1,v1,"{""model"": ""llama-3.3-70b-versatile"", ""temperature"": 0, ""date"": ""2025-10-21T05:57:17.202116+00:00"", ""prompt_version"": ""v1"", ""persona"": ""phd""}"
"('kantsphilosophyofreligion', 'philosophyofreligion')",kant's philosophy of religion,philosophy of religion,4,0,null,v1,v1,"{""model"": ""llama-3.3-70b-versatile"", ""temperature"": 0, ""date"": ""2025-10-21T05:57:17.392554+00:00"", ""prompt_version"": ""v1"", ""persona"": ""null""}"
"('cognitivescience', 'networkmodel')",network model,cognitive science,2,0,expert,v1,v1,"{""model"": ""llama-3.3-70b-versatile"", ""temperature"": 0, ""date"": ""2025-10-21T05:57:17.581275+00:00"", ""prompt_version"": ""v1"", ""persona"": ""expert""}"
"('cognitivescience', 'networkmodel')",network model,cognitive science,3,0,phd,v1,v1,"{""model"": ""llama-3.3-70b-versatile"", ""temperature"": 0, ""date"": ""2025-10-21T05:57:17.764102+00:00"", ""prompt_version"": ""v1"", ""persona"": ""phd""}"
"('cognitivescience', 'networkmodel')",network model,cognitive science,2,0,null,v1,v1,"{""model"": ""llama-3.3-70b-versatile"", ""temperature"": 0, ""date"": ""2025-10-21T05:57:17.940076+00:00"", ""prompt_version"": ""v1"", ""persona"": ""null""}"
"('historyoflogic', 'squareofopposition')",square of opposition,history of logic,3,0,novice,v1,v1,"{""model"": ""llama-3.3-70b-versatile"", ""temperature"": 0, ""date"": ""2025-10-21T05:57:18.085607+00:00"", ""prompt_version"": ""v1"", ""persona"": ""novice""}"
"('historyoflogic', 'squareofopposition')",square of opposition,history of logic,3,0,phd,v1,v1,"{""model"": ""llama-3.3-70b-versatile"", ""temperature"": 0, ""date"": ""2025-10-21T05:57:18.234015+00:00"", ""prompt_version"": ""v1"", ""persona"": ""phd""}"
"('historyoflogic', 'squareofopposition')",square of opposition,history of logic,3,0,null,v1,v1,"{""model"": ""llama-3.3-70b-versatile"", ""temperature"": 0, ""date"": ""2025-10-21T05:57:18.389543+00:00"", ""prompt_version"": ""v1"", ""persona"": ""null""}"
"('epistemology', 'falsificationism')",falsificationism,epistemology,4,0,expert,v1,v1,"{""model"": ""llama-3.3-70b-versatile"", ""temperature"": 0, ""date"": ""2025-10-21T05:57:18.578313+00:00"", ""prompt_version"": ""v1"", ""persona"": ""expert""}"
"('epistemology', 'falsificationism')",falsificationism,epistemology,4,0,phd,v1,v1,"{""model"": ""llama-3.3-70b-versatile"", ""temperature"": 0, ""date"": ""2025-10-21T05:57:18.733859+00:00"", ""prompt_version"": ""v1"", ""persona"": ""phd""}"
"('epistemology', 'falsificationism')",falsificationism,epistemology,4,0,null,v1,v1,"{""model"": ""llama-3.3-70b-versatile"", ""temperature"": 0, ""date"": ""2025-10-21T05:57:18.902661+00:00"", ""prompt_version"": ""v1"", ""persona"": ""null""}"
"('dynamism', 'japanesephilosophy')",dynamism,japanese philosophy,2,0,novice,v1,v1,"{""model"": ""llama-3.3-70b-versatile"", ""temperature"": 0, ""date"": ""2025-10-21T05:57:19.096334+00:00"", ""prompt_version"": ""v1"", ""persona"": ""novice""}"
"('dynamism', 'japanesephilosophy')",dynamism,japanese philosophy,2,1,expert,v1,v1,"{""model"": ""llama-3.3-70b-versatile"", ""temperature"": 0, ""date"": ""2025-10-21T05:57:19.285325+00:00"", ""prompt_version"": ""v1"", ""persona"": ""expert""}"
"('dynamism', 'japanesephilosophy')",dynamism,japanese philosophy,2,0,null,v1,v1,"{""model"": ""llama-3.3-70b-versatile"", ""temperature"": 0, ""date"": ""2025-10-21T05:57:19.482303+00:00"", ""prompt_version"": ""v1"", ""persona"": ""null""}"
"('cosmology', 'metaphysics')",cosmology,metaphysics,3,0,expert,v1,v1,"{""model"": ""llama-3.3-70b-versatile"", ""temperature"": 0, ""date"": ""2025-10-21T05:57:19.698079+00:00"", ""prompt_version"": ""v1"", ""persona"": ""expert""}"
"('cosmology', 'metaphysics')",cosmology,metaphysics,3,0,phd,v1,v1,"{""model"": ""llama-3.3-70b-versatile"", ""temperature"": 0, ""date"": ""2025-10-21T05:57:19.886993+00:00"", ""prompt_version"": ""v1"", ""persona"": ""phd""}"
"('cosmology', 'metaphysics')",cosmology,metaphysics,2,0,null,v1,v1,"{""model"": ""llama-3.3-70b-versatile"", ""temperature"": 0, ""date"": ""2025-10-21T05:57:20.080942+00:00"", ""prompt_version"": ""v1"", ""persona"": ""null""}"
"('autism', 'folkpsychology')",autism,folk psychology,2,0,expert,v1,v1,"{""model"": ""llama-3.3-70b-versatile"", ""temperature"": 0, ""date"": ""2025-10-21T05:57:20.239781+00:00"", ""prompt_version"": ""v1"", ""persona"": ""expert""}"
"('autism', 'folkpsychology')",autism,folk psychology,2,0,phd,v1,v1,"{""model"": ""llama-3.3-70b-versatile"", ""temperature"": 0, ""date"": ""2025-10-21T05:57:20.427446+00:00"", ""prompt_version"": ""v1"", ""persona"": ""phd""}"
"('autism', 'folkpsychology')",autism,folk psychology,2,0,null,v1,v1,"{""model"": ""llama-3.3-70b-versatile"", ""temperature"": 0, ""date"": ""2025-10-21T05:57:20.621211+00:00"", ""prompt_version"": ""v1"", ""persona"": ""null""}"
"('kantsviewofthemindandconsciousnessofself', 'philosophyofmind')",kant's view of the mind and consciousness of self,philosophy of mind,4,0,expert,v1,v1,"{""model"": ""llama-3.3-70b-versatile"", ""temperature"": 0, ""date"": ""2025-10-21T05:57:20.776318+00:00"", ""prompt_version"": ""v1"", ""persona"": ""expert""}"
"('kantsviewofthemindandconsciousnessofself', 'philosophyofmind')",kant's view of the mind and consciousness of self,philosophy of mind,4,0,phd,v1,v1,"{""model"": ""llama-3.3-70b-versatile"", ""temperature"": 0, ""date"": ""2025-10-21T05:57:20.960963+00:00"", ""prompt_version"": ""v1"", ""persona"": ""phd""}"
"('kantsviewofthemindandconsciousnessofself', 'philosophyofmind')",kant's view of the mind and consciousness of self,philosophy of mind,4,0,null,v1,v1,"{""model"": ""llama-3.3-70b-versatile"", ""temperature"": 0, ""date"": ""2025-10-21T05:57:21.126871+00:00"", ""prompt_version"": ""v1"", ""persona"": ""null""}"
"('nonhumananimals', 'philosophyofmind')",nonhuman animals,philosophy of mind,3,0,expert,v1,v1,"{""model"": ""llama-3.3-70b-versatile"", ""temperature"": 0, ""date"": ""2025-10-21T05:57:21.305858+00:00"", ""prompt_version"": ""v1"", ""persona"": ""expert""}"
"('nonhumananimals', 'philosophyofmind')",nonhuman animals,philosophy of mind,3,0,phd,v1,v1,"{""model"": ""llama-3.3-70b-versatile"", ""temperature"": 0, ""date"": ""2025-10-21T05:57:21.459349+00:00"", ""prompt_version"": ""v1"", ""persona"": ""phd""}"
"('nonhumananimals', 'philosophyofmind')",nonhuman animals,philosophy of mind,2,0,null,v1,v1,"{""model"": ""llama-3.3-70b-versatile"", ""temperature"": 0, ""date"": ""2025-10-21T05:57:21.622292+00:00"", ""prompt_version"": ""v1"", ""persona"": ""null""}"
"('languagelearning', 'philosophyoflanguage')",philosophy of language,language learning,2,1,expert,v1,v1,"{""model"": ""llama-3.3-70b-versatile"", ""temperature"": 0, ""date"": ""2025-10-21T05:57:21.801102+00:00"", ""prompt_version"": ""v1"", ""persona"": ""expert""}"
"('languagelearning', 'philosophyoflanguage')",philosophy of language,language learning,2,1,phd,v1,v1,"{""model"": ""llama-3.3-70b-versatile"", ""temperature"": 0, ""date"": ""2025-10-21T05:57:21.980878+00:00"", ""prompt_version"": ""v1"", ""persona"": ""phd""}"
"('languagelearning', 'philosophyoflanguage')",philosophy of language,language learning,2,1,null,v1,v1,"{""model"": ""llama-3.3-70b-versatile"", ""temperature"": 0, ""date"": ""2025-10-21T05:57:22.148324+00:00"", ""prompt_version"": ""v1"", ""persona"": ""null""}"
"('pakistaniphilosophy', 'perception')",pakistani philosophy,perception,2,0,expert,v1,v1,"{""model"": ""llama-3.3-70b-versatile"", ""temperature"": 0, ""date"": ""2025-10-21T05:57:22.337525+00:00"", ""prompt_version"": ""v1"", ""persona"": ""expert""}"
"('pakistaniphilosophy', 'perception')",pakistani philosophy,perception,2,0,phd,v1,v1,"{""model"": ""llama-3.3-70b-versatile"", ""temperature"": 0, ""date"": ""2025-10-21T05:57:22.543593+00:00"", ""prompt_version"": ""v1"", ""persona"": ""phd""}"
"('pakistaniphilosophy', 'perception')",pakistani philosophy,perception,2,0,null,v1,v1,"{""model"": ""llama-3.3-70b-versatile"", ""temperature"": 0, ""date"": ""2025-10-21T05:57:22.730099+00:00"", ""prompt_version"": ""v1"", ""persona"": ""null""}"
"('dualism', 'propertydualism')",property dualism,dualism,4,0,expert,v1,v1,"{""model"": ""llama-3.3-70b-versatile"", ""temperature"": 0, ""date"": ""2025-10-21T05:57:22.879482+00:00"", ""prompt_version"": ""v1"", ""persona"": ""expert""}"
"('dualism', 'propertydualism')",property dualism,dualism,4,0,phd,v1,v1,"{""model"": ""llama-3.3-70b-versatile"", ""temperature"": 0, ""date"": ""2025-10-21T05:57:23.053316+00:00"", ""prompt_version"": ""v1"", ""persona"": ""phd""}"
"('dualism', 'propertydualism')",property dualism,dualism,4,0,null,v1,v1,"{""model"": ""llama-3.3-70b-versatile"", ""temperature"": 0, ""date"": ""2025-10-21T05:57:23.201282+00:00"", ""prompt_version"": ""v1"", ""persona"": ""null""}"
"('analysisofknowledge', 'knowledge')",analysis of knowledge,knowledge,4,0,expert,v1,v1,"{""model"": ""llama-3.3-70b-versatile"", ""temperature"": 0, ""date"": ""2025-10-21T05:57:23.392804+00:00"", ""prompt_version"": ""v1"", ""persona"": ""expert""}"
"('analysisofknowledge', 'knowledge')",analysis of knowledge,knowledge,4,0,phd,v1,v1,"{""model"": ""llama-3.3-70b-versatile"", ""temperature"": 0, ""date"": ""2025-10-21T05:57:23.585511+00:00"", ""prompt_version"": ""v1"", ""persona"": ""phd""}"
"('analysisofknowledge', 'knowledge')",analysis of knowledge,knowledge,4,0,null,v1,v1,"{""model"": ""llama-3.3-70b-versatile"", ""temperature"": 0, ""date"": ""2025-10-21T05:57:23.826972+00:00"", ""prompt_version"": ""v1"", ""persona"": ""null""}"
"('epistemology', 'platosmiddleperiodmetaphysicsandepistemology')",plato's middle period metaphysics and epistemology,epistemology,4,0,expert,v1,v1,"{""model"": ""llama-3.3-70b-versatile"", ""temperature"": 0, ""date"": ""2025-10-21T05:57:24.043439+00:00"", ""prompt_version"": ""v1"", ""persona"": ""expert""}"
"('epistemology', 'platosmiddleperiodmetaphysicsandepistemology')",plato's middle period metaphysics and epistemology,epistemology,4,0,phd,v1,v1,"{""model"": ""llama-3.3-70b-versatile"", ""temperature"": 0, ""date"": ""2025-10-21T05:57:24.228261+00:00"", ""prompt_version"": ""v1"", ""persona"": ""phd""}"
"('epistemology', 'platosmiddleperiodmetaphysicsandepistemology')",plato's middle period metaphysics and epistemology,epistemology,4,0,null,v1,v1,"{""model"": ""llama-3.3-70b-versatile"", ""temperature"": 0, ""date"": ""2025-10-21T05:57:24.387725+00:00"", ""prompt_version"": ""v1"", ""persona"": ""null""}"
"('causaldeterminism', 'freewill')",causal determinism,free will,4,0,expert,v1,v1,"{""model"": ""llama-3.3-70b-versatile"", ""temperature"": 0, ""date"": ""2025-10-21T05:57:24.540279+00:00"", ""prompt_version"": ""v1"", ""persona"": ""expert""}"
"('causaldeterminism', 'freewill')",causal determinism,free will,4,3,phd,v1,v1,"{""model"": ""llama-3.3-70b-versatile"", ""temperature"": 0, ""date"": ""2025-10-21T05:57:24.684276+00:00"", ""prompt_version"": ""v1"", ""persona"": ""phd""}"
"('causaldeterminism', 'freewill')",causal determinism,free will,4,3,null,v1,v1,"{""model"": ""llama-3.3-70b-versatile"", ""temperature"": 0, ""date"": ""2025-10-21T05:57:24.889109+00:00"", ""prompt_version"": ""v1"", ""persona"": ""null""}"
"('leibnizsinfluenceonkant', 'metaphysics')",leibniz's influence on kant,metaphysics,4,0,expert,v1,v1,"{""model"": ""llama-3.3-70b-versatile"", ""temperature"": 0, ""date"": ""2025-10-21T05:57:25.036909+00:00"", ""prompt_version"": ""v1"", ""persona"": ""expert""}"
"('leibnizsinfluenceonkant', 'metaphysics')",leibniz's influence on kant,metaphysics,3,0,phd,v1,v1,"{""model"": ""llama-3.3-70b-versatile"", ""temperature"": 0, ""date"": ""2025-10-21T05:57:25.219155+00:00"", ""prompt_version"": ""v1"", ""persona"": ""phd""}"
"('leibnizsinfluenceonkant', 'metaphysics')",leibniz's influence on kant,metaphysics,3,0,null,v1,v1,"{""model"": ""llama-3.3-70b-versatile"", ""temperature"": 0, ""date"": ""2025-10-21T05:57:25.418314+00:00"", ""prompt_version"": ""v1"", ""persona"": ""null""}"
"('conservationbiology', 'philosophyofbiology')",conservation biology,philosophy of biology,3,0,expert,v1,v1,"{""model"": ""llama-3.3-70b-versatile"", ""temperature"": 0, ""date"": ""2025-10-21T05:57:25.608986+00:00"", ""prompt_version"": ""v1"", ""persona"": ""expert""}"
"('conservationbiology', 'philosophyofbiology')",conservation biology,philosophy of biology,3,0,phd,v1,v1,"{""model"": ""llama-3.3-70b-versatile"", ""temperature"": 0, ""date"": ""2025-10-21T05:57:25.781069+00:00"", ""prompt_version"": ""v1"", ""persona"": ""phd""}"
"('conservationbiology', 'philosophyofbiology')",conservation biology,philosophy of biology,2,0,null,v1,v1,"{""model"": ""llama-3.3-70b-versatile"", ""temperature"": 0, ""date"": ""2025-10-21T05:57:25.966900+00:00"", ""prompt_version"": ""v1"", ""persona"": ""null""}"
"('metaphysics', 'platonism')",platonism,metaphysics,4,0,expert,v1,v1,"{""model"": ""llama-3.3-70b-versatile"", ""temperature"": 0, ""date"": ""2025-10-21T05:57:26.134050+00:00"", ""prompt_version"": ""v1"", ""persona"": ""expert""}"
"('metaphysics', 'platonism')",platonism,metaphysics,4,0,phd,v1,v1,"{""model"": ""llama-3.3-70b-versatile"", ""temperature"": 0, ""date"": ""2025-10-21T05:57:26.332600+00:00"", ""prompt_version"": ""v1"", ""persona"": ""phd""}"
"('metaphysics', 'platonism')",platonism,metaphysics,4,0,null,v1,v1,"{""model"": ""llama-3.3-70b-versatile"", ""temperature"": 0, ""date"": ""2025-10-21T05:57:26.493059+00:00"", ""prompt_version"": ""v1"", ""persona"": ""null""}"
"('epistemology', 'metaphysicsofscience')",metaphysics of science,epistemology,3,0,expert,v1,v1,"{""model"": ""llama-3.3-70b-versatile"", ""temperature"": 0, ""date"": ""2025-10-21T05:57:26.655661+00:00"", ""prompt_version"": ""v1"", ""persona"": ""expert""}"
"('epistemology', 'metaphysicsofscience')",metaphysics of science,epistemology,3,0,phd,v1,v1,"{""model"": ""llama-3.3-70b-versatile"", ""temperature"": 0, ""date"": ""2025-10-21T05:57:26.809918+00:00"", ""prompt_version"": ""v1"", ""persona"": ""phd""}"
"('epistemology', 'metaphysicsofscience')",metaphysics of science,epistemology,2,0,null,v1,v1,"{""model"": ""llama-3.3-70b-versatile"", ""temperature"": 0, ""date"": ""2025-10-21T05:57:26.992031+00:00"", ""prompt_version"": ""v1"", ""persona"": ""null""}"
"('afterlife', 'philosophyofreligion')",afterlife,philosophy of religion,4,0,expert,v1,v1,"{""model"": ""llama-3.3-70b-versatile"", ""temperature"": 0, ""date"": ""2025-10-21T05:57:27.149154+00:00"", ""prompt_version"": ""v1"", ""persona"": ""expert""}"
"('afterlife', 'philosophyofreligion')",afterlife,philosophy of religion,4,0,phd,v1,v1,"{""model"": ""llama-3.3-70b-versatile"", ""temperature"": 0, ""date"": ""2025-10-21T05:57:27.296076+00:00"", ""prompt_version"": ""v1"", ""persona"": ""phd""}"
"('afterlife', 'philosophyofreligion')",afterlife,philosophy of religion,3,0,null,v1,v1,"{""model"": ""llama-3.3-70b-versatile"", ""temperature"": 0, ""date"": ""2025-10-21T05:57:27.445743+00:00"", ""prompt_version"": ""v1"", ""persona"": ""null""}"
"('epistemology', 'socialepistemology')",social epistemology,epistemology,4,0,expert,v1,v1,"{""model"": ""llama-3.3-70b-versatile"", ""temperature"": 0, ""date"": ""2025-10-21T05:57:27.636585+00:00"", ""prompt_version"": ""v1"", ""persona"": ""expert""}"
"('epistemology', 'socialepistemology')",social epistemology,epistemology,4,0,phd,v1,v1,"{""model"": ""llama-3.3-70b-versatile"", ""temperature"": 0, ""date"": ""2025-10-21T05:57:27.790494+00:00"", ""prompt_version"": ""v1"", ""persona"": ""phd""}"
"('epistemology', 'socialepistemology')",social epistemology,epistemology,4,0,null,v1,v1,"{""model"": ""llama-3.3-70b-versatile"", ""temperature"": 0, ""date"": ""2025-10-21T05:57:27.951382+00:00"", ""prompt_version"": ""v1"", ""persona"": ""null""}"
"('perception', 'reliabilism')",reliabilism,perception,3,0,expert,v1,v1,"{""model"": ""llama-3.3-70b-versatile"", ""temperature"": 0, ""date"": ""2025-10-21T05:57:28.107835+00:00"", ""prompt_version"": ""v1"", ""persona"": ""expert""}"
"('perception', 'reliabilism')",reliabilism,perception,3,0,phd,v1,v1,"{""model"": ""llama-3.3-70b-versatile"", ""temperature"": 0, ""date"": ""2025-10-21T05:57:28.252763+00:00"", ""prompt_version"": ""v1"", ""persona"": ""phd""}"
"('perception', 'reliabilism')",reliabilism,perception,2,0,null,v1,v1,"{""model"": ""llama-3.3-70b-versatile"", ""temperature"": 0, ""date"": ""2025-10-21T05:57:28.444092+00:00"", ""prompt_version"": ""v1"", ""persona"": ""null""}"
"('evolutionarypsychology', 'philosophyofmind')",evolutionary psychology,philosophy of mind,3,0,expert,v1,v1,"{""model"": ""llama-3.3-70b-versatile"", ""temperature"": 0, ""date"": ""2025-10-21T05:57:28.617736+00:00"", ""prompt_version"": ""v1"", ""persona"": ""expert""}"
"('evolutionarypsychology', 'philosophyofmind')",evolutionary psychology,philosophy of mind,3,0,phd,v1,v1,"{""model"": ""llama-3.3-70b-versatile"", ""temperature"": 0, ""date"": ""2025-10-21T05:57:28.806966+00:00"", ""prompt_version"": ""v1"", ""persona"": ""phd""}"
"('evolutionarypsychology', 'philosophyofmind')",evolutionary psychology,philosophy of mind,2,0,null,v1,v1,"{""model"": ""llama-3.3-70b-versatile"", ""temperature"": 0, ""date"": ""2025-10-21T05:57:29.002731+00:00"", ""prompt_version"": ""v1"", ""persona"": ""null""}"
"('interactionism', 'philosophyofmind')",interactionism,philosophy of mind,4,0,expert,v1,v1,"{""model"": ""llama-3.3-70b-versatile"", ""temperature"": 0, ""date"": ""2025-10-21T05:57:29.162750+00:00"", ""prompt_version"": ""v1"", ""persona"": ""expert""}"
"('interactionism', 'philosophyofmind')",interactionism,philosophy of mind,4,0,phd,v1,v1,"{""model"": ""llama-3.3-70b-versatile"", ""temperature"": 0, ""date"": ""2025-10-21T05:57:29.312586+00:00"", ""prompt_version"": ""v1"", ""persona"": ""phd""}"
"('interactionism', 'philosophyofmind')",interactionism,philosophy of mind,4,0,null,v1,v1,"{""model"": ""llama-3.3-70b-versatile"", ""temperature"": 0, ""date"": ""2025-10-21T05:57:29.501445+00:00"", ""prompt_version"": ""v1"", ""persona"": ""null""}"
"('cognitivescience', 'computationandrepresentation')",computation and representation,cognitive science,4,0,expert,v1,v1,"{""model"": ""llama-3.3-70b-versatile"", ""temperature"": 0, ""date"": ""2025-10-21T05:57:29.652349+00:00"", ""prompt_version"": ""v1"", ""persona"": ""expert""}"
"('cognitivescience', 'computationandrepresentation')",computation and representation,cognitive science,4,0,phd,v1,v1,"{""model"": ""llama-3.3-70b-versatile"", ""temperature"": 0, ""date"": ""2025-10-21T05:57:29.830744+00:00"", ""prompt_version"": ""v1"", ""persona"": ""phd""}"
"('cognitivescience', 'computationandrepresentation')",computation and representation,cognitive science,4,0,null,v1,v1,"{""model"": ""llama-3.3-70b-versatile"", ""temperature"": 0, ""date"": ""2025-10-21T05:57:30.016775+00:00"", ""prompt_version"": ""v1"", ""persona"": ""null""}"
"('historyoflogic', 'hypotheticalsyllogism')",hypothetical syllogism,history of logic,3,0,novice,v1,v1,"{""model"": ""llama-3.3-70b-versatile"", ""temperature"": 0, ""date"": ""2025-10-21T05:57:30.175283+00:00"", ""prompt_version"": ""v1"", ""persona"": ""novice""}"
"('historyoflogic', 'hypotheticalsyllogism')",hypothetical syllogism,history of logic,3,0,phd,v1,v1,"{""model"": ""llama-3.3-70b-versatile"", ""temperature"": 0, ""date"": ""2025-10-21T05:57:30.329954+00:00"", ""prompt_version"": ""v1"", ""persona"": ""phd""}"
"('historyoflogic', 'hypotheticalsyllogism')",hypothetical syllogism,history of logic,3,0,null,v1,v1,"{""model"": ""llama-3.3-70b-versatile"", ""temperature"": 0, ""date"": ""2025-10-21T05:57:30.483423+00:00"", ""prompt_version"": ""v1"", ""persona"": ""null""}"
"('currentphilosophy', 'perception')",current philosophy,perception,3,1,expert,v1,v1,"{""model"": ""llama-3.3-70b-versatile"", ""temperature"": 0, ""date"": ""2025-10-21T05:57:30.665022+00:00"", ""prompt_version"": ""v1"", ""persona"": ""expert""}"
"('currentphilosophy', 'perception')",current philosophy,perception,2,1,phd,v1,v1,"{""model"": ""llama-3.3-70b-versatile"", ""temperature"": 0, ""date"": ""2025-10-21T05:57:30.881199+00:00"", ""prompt_version"": ""v1"", ""persona"": ""phd""}"
"('currentphilosophy', 'perception')",current philosophy,perception,2,1,null,v1,v1,"{""model"": ""llama-3.3-70b-versatile"", ""temperature"": 0, ""date"": ""2025-10-21T05:57:31.065724+00:00"", ""prompt_version"": ""v1"", ""persona"": ""null""}"
"('hobbessmoralandpoliticalphilosophy', 'socialandpoliticalphilosophy')",hobbes's moral and political philosophy,social and political philosophy,4,0,expert,v1,v1,"{""model"": ""llama-3.3-70b-versatile"", ""temperature"": 0, ""date"": ""2025-10-21T05:57:31.269229+00:00"", ""prompt_version"": ""v1"", ""persona"": ""expert""}"
"('hobbessmoralandpoliticalphilosophy', 'socialandpoliticalphilosophy')",hobbes's moral and political philosophy,social and political philosophy,4,0,phd,v1,v1,"{""model"": ""llama-3.3-70b-versatile"", ""temperature"": 0, ""date"": ""2025-10-21T05:57:31.462270+00:00"", ""prompt_version"": ""v1"", ""persona"": ""phd""}"
"('hobbessmoralandpoliticalphilosophy', 'socialandpoliticalphilosophy')",hobbes's moral and political philosophy,social and political philosophy,4,0,null,v1,v1,"{""model"": ""llama-3.3-70b-versatile"", ""temperature"": 0, ""date"": ""2025-10-21T05:57:31.616854+00:00"", ""prompt_version"": ""v1"", ""persona"": ""null""}"
"('magnetism', 'perception')",magnetism,perception,1,3,expert,v1,v1,"{""model"": ""llama-3.3-70b-versatile"", ""temperature"": 0, ""date"": ""2025-10-21T05:57:31.776080+00:00"", ""prompt_version"": ""v1"", ""persona"": ""expert""}"
"('magnetism', 'perception')",magnetism,perception,1,3,phd,v1,v1,"{""model"": ""llama-3.3-70b-versatile"", ""temperature"": 0, ""date"": ""2025-10-21T05:57:31.930544+00:00"", ""prompt_version"": ""v1"", ""persona"": ""phd""}"
"('magnetism', 'perception')",magnetism,perception,0,-1,null,v1,v1,"{""model"": ""llama-3.3-70b-versatile"", ""temperature"": 0, ""date"": ""2025-10-21T05:57:32.099044+00:00"", ""prompt_version"": ""v1"", ""persona"": ""null""}"
"('mentalcausation', 'philosophyofmind')",mental causation,philosophy of mind,4,0,expert,v1,v1,"{""model"": ""llama-3.3-70b-versatile"", ""temperature"": 0, ""date"": ""2025-10-21T05:57:32.258883+00:00"", ""prompt_version"": ""v1"", ""persona"": ""expert""}"
"('mentalcausation', 'philosophyofmind')",mental causation,philosophy of mind,4,0,phd,v1,v1,"{""model"": ""llama-3.3-70b-versatile"", ""temperature"": 0, ""date"": ""2025-10-21T05:57:32.416632+00:00"", ""prompt_version"": ""v1"", ""persona"": ""phd""}"
"('mentalcausation', 'philosophyofmind')",mental causation,philosophy of mind,4,0,null,v1,v1,"{""model"": ""llama-3.3-70b-versatile"", ""temperature"": 0, ""date"": ""2025-10-21T05:57:32.567915+00:00"", ""prompt_version"": ""v1"", ""persona"": ""null""}"
"('africanandafricanamericanphilosophy', 'ethnophilosophy')",ethnophilosophy,african and african-american philosophy,4,0,course_taker,v1,v1,"{""model"": ""llama-3.3-70b-versatile"", ""temperature"": 0, ""date"": ""2025-10-21T05:57:32.721996+00:00"", ""prompt_version"": ""v1"", ""persona"": ""course_taker""}"
"('africanandafricanamericanphilosophy', 'ethnophilosophy')",ethnophilosophy,african and african-american philosophy,4,0,phd,v1,v1,"{""model"": ""llama-3.3-70b-versatile"", ""temperature"": 0, ""date"": ""2025-10-21T05:57:32.889749+00:00"", ""prompt_version"": ""v1"", ""persona"": ""phd""}"
"('africanandafricanamericanphilosophy', 'ethnophilosophy')",ethnophilosophy,african and african-american philosophy,3,1,null,v1,v1,"{""model"": ""llama-3.3-70b-versatile"", ""temperature"": 0, ""date"": ""2025-10-21T05:57:33.035553+00:00"", ""prompt_version"": ""v1"", ""persona"": ""null""}"
"('epistemology', 'generalrelativity')",general relativity,epistemology,1,0,expert,v1,v1,"{""model"": ""llama-3.3-70b-versatile"", ""temperature"": 0, ""date"": ""2025-10-21T05:57:33.213182+00:00"", ""prompt_version"": ""v1"", ""persona"": ""expert""}"
"('epistemology', 'generalrelativity')",general relativity,epistemology,1,3,phd,v1,v1,"{""model"": ""llama-3.3-70b-versatile"", ""temperature"": 0, ""date"": ""2025-10-21T05:57:33.375633+00:00"", ""prompt_version"": ""v1"", ""persona"": ""phd""}"
"('epistemology', 'generalrelativity')",general relativity,epistemology,1,3,null,v1,v1,"{""model"": ""llama-3.3-70b-versatile"", ""temperature"": 0, ""date"": ""2025-10-21T05:57:33.532084+00:00"", ""prompt_version"": ""v1"", ""persona"": ""null""}"
"('induction', 'philosophyofmind')",induction,philosophy of mind,2,0,expert,v1,v1,"{""model"": ""llama-3.3-70b-versatile"", ""temperature"": 0, ""date"": ""2025-10-21T05:57:33.725836+00:00"", ""prompt_version"": ""v1"", ""persona"": ""expert""}"
"('induction', 'philosophyofmind')",induction,philosophy of mind,2,3,phd,v1,v1,"{""model"": ""llama-3.3-70b-versatile"", ""temperature"": 0, ""date"": ""2025-10-21T05:57:33.870098+00:00"", ""prompt_version"": ""v1"", ""persona"": ""phd""}"
"('induction', 'philosophyofmind')",induction,philosophy of mind,2,0,null,v1,v1,"{""model"": ""llama-3.3-70b-versatile"", ""temperature"": 0, ""date"": ""2025-10-21T05:57:34.057729+00:00"", ""prompt_version"": ""v1"", ""persona"": ""null""}"
"('epistemologyofreligion', 'philosophyofreligion')",epistemology of religion,philosophy of religion,4,0,expert,v1,v1,"{""model"": ""llama-3.3-70b-versatile"", ""temperature"": 0, ""date"": ""2025-10-21T05:57:34.217739+00:00"", ""prompt_version"": ""v1"", ""persona"": ""expert""}"
"('epistemologyofreligion', 'philosophyofreligion')",epistemology of religion,philosophy of religion,4,0,phd,v1,v1,"{""model"": ""llama-3.3-70b-versatile"", ""temperature"": 0, ""date"": ""2025-10-21T05:57:34.371443+00:00"", ""prompt_version"": ""v1"", ""persona"": ""phd""}"
"('epistemologyofreligion', 'philosophyofreligion')",epistemology of religion,philosophy of religion,4,0,null,v1,v1,"{""model"": ""llama-3.3-70b-versatile"", ""temperature"": 0, ""date"": ""2025-10-21T05:57:34.551233+00:00"", ""prompt_version"": ""v1"", ""persona"": ""null""}"
"('mentalimagery', 'philosophyofmind')",mental imagery,philosophy of mind,4,0,expert,v1,v1,"{""model"": ""llama-3.3-70b-versatile"", ""temperature"": 0, ""date"": ""2025-10-21T05:57:34.700936+00:00"", ""prompt_version"": ""v1"", ""persona"": ""expert""}"
"('mentalimagery', 'philosophyofmind')",mental imagery,philosophy of mind,4,0,phd,v1,v1,"{""model"": ""llama-3.3-70b-versatile"", ""temperature"": 0, ""date"": ""2025-10-21T05:57:34.886998+00:00"", ""prompt_version"": ""v1"", ""persona"": ""phd""}"
"('mentalimagery', 'philosophyofmind')",mental imagery,philosophy of mind,4,0,null,v1,v1,"{""model"": ""llama-3.3-70b-versatile"", ""temperature"": 0, ""date"": ""2025-10-21T05:57:35.032471+00:00"", ""prompt_version"": ""v1"", ""persona"": ""null""}"
"('baptism', 'epistemology')",baptism,epistemology,0,-1,expert,v1,v1,"{""model"": ""llama-3.3-70b-versatile"", ""temperature"": 0, ""date"": ""2025-10-21T05:57:35.193678+00:00"", ""prompt_version"": ""v1"", ""persona"": ""expert""}"
"('baptism', 'epistemology')",baptism,epistemology,0,-1,phd,v1,v1,"{""model"": ""llama-3.3-70b-versatile"", ""temperature"": 0, ""date"": ""2025-10-21T05:57:35.370542+00:00"", ""prompt_version"": ""v1"", ""persona"": ""phd""}"
"('baptism', 'epistemology')",baptism,epistemology,0,-1,null,v1,v1,"{""model"": ""llama-3.3-70b-versatile"", ""temperature"": 0, ""date"": ""2025-10-21T05:57:35.535396+00:00"", ""prompt_version"": ""v1"", ""persona"": ""null""}"
"('causation', 'probabilisticcausation')",probabilistic causation,causation,4,0,expert,v1,v1,"{""model"": ""llama-3.3-70b-versatile"", ""temperature"": 0, ""date"": ""2025-10-21T05:57:35.681588+00:00"", ""prompt_version"": ""v1"", ""persona"": ""expert""}"
"('causation', 'probabilisticcausation')",probabilistic causation,causation,4,0,phd,v1,v1,"{""model"": ""llama-3.3-70b-versatile"", ""temperature"": 0, ""date"": ""2025-10-21T05:57:35.838340+00:00"", ""prompt_version"": ""v1"", ""persona"": ""phd""}"
"('causation', 'probabilisticcausation')",probabilistic causation,causation,4,0,null,v1,v1,"{""model"": ""llama-3.3-70b-versatile"", ""temperature"": 0, ""date"": ""2025-10-21T05:57:36.010256+00:00"", ""prompt_version"": ""v1"", ""persona"": ""null""}"
"('measurementinquantumtheory', 'perception')",measurement in quantum theory,perception,2,0,expert,v1,v1,"{""model"": ""llama-3.3-70b-versatile"", ""temperature"": 0, ""date"": ""2025-10-21T05:57:36.155735+00:00"", ""prompt_version"": ""v1"", ""persona"": ""expert""}"
"('measurementinquantumtheory', 'perception')",measurement in quantum theory,perception,2,0,phd,v1,v1,"{""model"": ""llama-3.3-70b-versatile"", ""temperature"": 0, ""date"": ""2025-10-21T05:57:36.311932+00:00"", ""prompt_version"": ""v1"", ""persona"": ""phd""}"
"('measurementinquantumtheory', 'perception')",measurement in quantum theory,perception,2,0,null,v1,v1,"{""model"": ""llama-3.3-70b-versatile"", ""temperature"": 0, ""date"": ""2025-10-21T05:57:36.490696+00:00"", ""prompt_version"": ""v1"", ""persona"": ""null""}"
"('interpretation', 'metaphysics')",interpretation,metaphysics,2,0,expert,v1,v1,"{""model"": ""llama-3.3-70b-versatile"", ""temperature"": 0, ""date"": ""2025-10-21T05:57:36.671786+00:00"", ""prompt_version"": ""v1"", ""persona"": ""expert""}"
"('interpretation', 'metaphysics')",interpretation,metaphysics,2,0,phd,v1,v1,"{""model"": ""llama-3.3-70b-versatile"", ""temperature"": 0, ""date"": ""2025-10-21T05:57:36.840831+00:00"", ""prompt_version"": ""v1"", ""persona"": ""phd""}"
"('interpretation', 'metaphysics')",interpretation,metaphysics,2,0,null,v1,v1,"{""model"": ""llama-3.3-70b-versatile"", ""temperature"": 0, ""date"": ""2025-10-21T05:57:37.000204+00:00"", ""prompt_version"": ""v1"", ""persona"": ""null""}"
"('perception', 'scottishphilosophyinthe19thcentury')",scottish philosophy in the 19th century,perception,2,0,expert,v1,v1,"{""model"": ""llama-3.3-70b-versatile"", ""temperature"": 0, ""date"": ""2025-10-21T05:57:37.189069+00:00"", ""prompt_version"": ""v1"", ""persona"": ""expert""}"
"('perception', 'scottishphilosophyinthe19thcentury')",scottish philosophy in the 19th century,perception,2,0,phd,v1,v1,"{""model"": ""llama-3.3-70b-versatile"", ""temperature"": 0, ""date"": ""2025-10-21T05:57:37.372894+00:00"", ""prompt_version"": ""v1"", ""persona"": ""phd""}"
"('perception', 'scottishphilosophyinthe19thcentury')",scottish philosophy in the 19th century,perception,2,0,null,v1,v1,"{""model"": ""llama-3.3-70b-versatile"", ""temperature"": 0, ""date"": ""2025-10-21T05:57:37.580043+00:00"", ""prompt_version"": ""v1"", ""persona"": ""null""}"
"('philosophyofchemistry', 'philosophyofscienceandthesciences')",philosophy of chemistry,philosophy of science and the sciences,4,0,expert,v1,v1,"{""model"": ""llama-3.3-70b-versatile"", ""temperature"": 0, ""date"": ""2025-10-21T05:57:37.766147+00:00"", ""prompt_version"": ""v1"", ""persona"": ""expert""}"
"('philosophyofchemistry', 'philosophyofscienceandthesciences')",philosophy of chemistry,philosophy of science and the sciences,4,0,phd,v1,v1,"{""model"": ""llama-3.3-70b-versatile"", ""temperature"": 0, ""date"": ""2025-10-21T05:57:37.950299+00:00"", ""prompt_version"": ""v1"", ""persona"": ""phd""}"
"('philosophyofchemistry', 'philosophyofscienceandthesciences')",philosophy of chemistry,philosophy of science and the sciences,4,0,null,v1,v1,"{""model"": ""llama-3.3-70b-versatile"", ""temperature"": 0, ""date"": ""2025-10-21T05:57:38.138782+00:00"", ""prompt_version"": ""v1"", ""persona"": ""null""}"
"('goodness', 'metaphysics')",goodness,metaphysics,2,0,expert,v1,v1,"{""model"": ""llama-3.3-70b-versatile"", ""temperature"": 0, ""date"": ""2025-10-21T05:57:38.326299+00:00"", ""prompt_version"": ""v1"", ""persona"": ""expert""}"
"('goodness', 'metaphysics')",goodness,metaphysics,2,0,phd,v1,v1,"{""model"": ""llama-3.3-70b-versatile"", ""temperature"": 0, ""date"": ""2025-10-21T05:57:38.518684+00:00"", ""prompt_version"": ""v1"", ""persona"": ""phd""}"
"('goodness', 'metaphysics')",goodness,metaphysics,2,0,null,v1,v1,"{""model"": ""llama-3.3-70b-versatile"", ""temperature"": 0, ""date"": ""2025-10-21T05:57:38.677720+00:00"", ""prompt_version"": ""v1"", ""persona"": ""null""}"
"('concepts', 'mentalcontent')",concepts,mental content,4,0,expert,v1,v1,"{""model"": ""llama-3.3-70b-versatile"", ""temperature"": 0, ""date"": ""2025-10-21T05:57:38.830764+00:00"", ""prompt_version"": ""v1"", ""persona"": ""expert""}"
"('concepts', 'mentalcontent')",concepts,mental content,4,0,phd,v1,v1,"{""model"": ""llama-3.3-70b-versatile"", ""temperature"": 0, ""date"": ""2025-10-21T05:57:38.986561+00:00"", ""prompt_version"": ""v1"", ""persona"": ""phd""}"
"('concepts', 'mentalcontent')",concepts,mental content,4,0,null,v1,v1,"{""model"": ""llama-3.3-70b-versatile"", ""temperature"": 0, ""date"": ""2025-10-21T05:57:39.136285+00:00"", ""prompt_version"": ""v1"", ""persona"": ""null""}"
"('languageandsociety', 'philosophyoflanguage')",philosophy of language,language and society,4,0,expert,v1,v1,"{""model"": ""llama-3.3-70b-versatile"", ""temperature"": 0, ""date"": ""2025-10-21T05:57:39.308752+00:00"", ""prompt_version"": ""v1"", ""persona"": ""expert""}"
"('languageandsociety', 'philosophyoflanguage')",philosophy of language,language and society,3,0,phd,v1,v1,"{""model"": ""llama-3.3-70b-versatile"", ""temperature"": 0, ""date"": ""2025-10-21T05:57:39.480113+00:00"", ""prompt_version"": ""v1"", ""persona"": ""phd""}"
"('languageandsociety', 'philosophyoflanguage')",philosophy of language,language and society,3,0,null,v1,v1,"{""model"": ""llama-3.3-70b-versatile"", ""temperature"": 0, ""date"": ""2025-10-21T05:57:39.629387+00:00"", ""prompt_version"": ""v1"", ""persona"": ""null""}"
"('epistemology', 'philosophyofsocialscience')",philosophy of social science,epistemology,3,0,expert,v1,v1,"{""model"": ""llama-3.3-70b-versatile"", ""temperature"": 0, ""date"": ""2025-10-21T05:57:39.811840+00:00"", ""prompt_version"": ""v1"", ""persona"": ""expert""}"
"('epistemology', 'philosophyofsocialscience')",philosophy of social science,epistemology,3,0,phd,v1,v1,"{""model"": ""llama-3.3-70b-versatile"", ""temperature"": 0, ""date"": ""2025-10-21T05:57:40.036585+00:00"", ""prompt_version"": ""v1"", ""persona"": ""phd""}"
"('epistemology', 'philosophyofsocialscience')",philosophy of social science,epistemology,3,0,null,v1,v1,"{""model"": ""llama-3.3-70b-versatile"", ""temperature"": 0, ""date"": ""2025-10-21T05:57:40.216192+00:00"", ""prompt_version"": ""v1"", ""persona"": ""null""}"
"('perception', 'representationalism')",representationalism,perception,4,0,expert,v1,v1,"{""model"": ""llama-3.3-70b-versatile"", ""temperature"": 0, ""date"": ""2025-10-21T05:57:40.414211+00:00"", ""prompt_version"": ""v1"", ""persona"": ""expert""}"
"('perception', 'representationalism')",representationalism,perception,4,0,phd,v1,v1,"{""model"": ""llama-3.3-70b-versatile"", ""temperature"": 0, ""date"": ""2025-10-21T05:57:40.562449+00:00"", ""prompt_version"": ""v1"", ""persona"": ""phd""}"
"('perception', 'representationalism')",representationalism,perception,4,0,null,v1,v1,"{""model"": ""llama-3.3-70b-versatile"", ""temperature"": 0, ""date"": ""2025-10-21T05:57:40.706408+00:00"", ""prompt_version"": ""v1"", ""persona"": ""null""}"
"('philosophyofreligion', 'secularhumanism')",secular humanism,philosophy of religion,2,0,expert,v1,v1,"{""model"": ""llama-3.3-70b-versatile"", ""temperature"": 0, ""date"": ""2025-10-21T05:57:40.889723+00:00"", ""prompt_version"": ""v1"", ""persona"": ""expert""}"
"('philosophyofreligion', 'secularhumanism')",secular humanism,philosophy of religion,2,0,phd,v1,v1,"{""model"": ""llama-3.3-70b-versatile"", ""temperature"": 0, ""date"": ""2025-10-21T05:57:41.046895+00:00"", ""prompt_version"": ""v1"", ""persona"": ""phd""}"
"('philosophyofreligion', 'secularhumanism')",secular humanism,philosophy of religion,3,0,null,v1,v1,"{""model"": ""llama-3.3-70b-versatile"", ""temperature"": 0, ""date"": ""2025-10-21T05:57:41.238626+00:00"", ""prompt_version"": ""v1"", ""persona"": ""null""}"
"('philosophyofmind', 'philosophyofnature')",philosophy of nature,philosophy of mind,2,3,expert,v1,v1,"{""model"": ""llama-3.3-70b-versatile"", ""temperature"": 0, ""date"": ""2025-10-21T05:57:41.422493+00:00"", ""prompt_version"": ""v1"", ""persona"": ""expert""}"
"('philosophyofmind', 'philosophyofnature')",philosophy of nature,philosophy of mind,2,3,phd,v1,v1,"{""model"": ""llama-3.3-70b-versatile"", ""temperature"": 0, ""date"": ""2025-10-21T05:57:41.613843+00:00"", ""prompt_version"": ""v1"", ""persona"": ""phd""}"
"('philosophyofmind', 'philosophyofnature')",philosophy of nature,philosophy of mind,2,3,null,v1,v1,"{""model"": ""llama-3.3-70b-versatile"", ""temperature"": 0, ""date"": ""2025-10-21T05:57:41.794084+00:00"", ""prompt_version"": ""v1"", ""persona"": ""null""}"
"('metaphysics', 'philosophyofchemistry')",philosophy of chemistry,metaphysics,3,0,expert,v1,v1,"{""model"": ""llama-3.3-70b-versatile"", ""temperature"": 0, ""date"": ""2025-10-21T05:57:41.952809+00:00"", ""prompt_version"": ""v1"", ""persona"": ""expert""}"
"('metaphysics', 'philosophyofchemistry')",philosophy of chemistry,metaphysics,3,0,phd,v1,v1,"{""model"": ""llama-3.3-70b-versatile"", ""temperature"": 0, ""date"": ""2025-10-21T05:57:42.107194+00:00"", ""prompt_version"": ""v1"", ""persona"": ""phd""}"
"('metaphysics', 'philosophyofchemistry')",philosophy of chemistry,metaphysics,2,0,null,v1,v1,"{""model"": ""llama-3.3-70b-versatile"", ""temperature"": 0, ""date"": ""2025-10-21T05:57:42.261786+00:00"", ""prompt_version"": ""v1"", ""persona"": ""null""}"
"('africanandafricanamericanphilosophy', 'africanphilosophy')",african philosophy,african and african-american philosophy,4,0,course_taker,v1,v1,"{""model"": ""llama-3.3-70b-versatile"", ""temperature"": 0, ""date"": ""2025-10-21T05:57:42.440220+00:00"", ""prompt_version"": ""v1"", ""persona"": ""course_taker""}"
"('africanandafricanamericanphilosophy', 'africanphilosophy')",african philosophy,african and african-american philosophy,4,0,phd,v1,v1,"{""model"": ""llama-3.3-70b-versatile"", ""temperature"": 0, ""date"": ""2025-10-21T05:57:42.627207+00:00"", ""prompt_version"": ""v1"", ""persona"": ""phd""}"
"('africanandafricanamericanphilosophy', 'africanphilosophy')",african philosophy,african and african-american philosophy,4,0,null,v1,v1,"{""model"": ""llama-3.3-70b-versatile"", ""temperature"": 0, ""date"": ""2025-10-21T05:57:42.813199+00:00"", ""prompt_version"": ""v1"", ""persona"": ""null""}"
"('japaneseaesthetics', 'japanesephilosophy')",japanese aesthetics,japanese philosophy,4,0,novice,v1,v1,"{""model"": ""llama-3.3-70b-versatile"", ""temperature"": 0, ""date"": ""2025-10-21T05:57:42.990130+00:00"", ""prompt_version"": ""v1"", ""persona"": ""novice""}"
"('japaneseaesthetics', 'japanesephilosophy')",japanese aesthetics,japanese philosophy,4,0,phd,v1,v1,"{""model"": ""llama-3.3-70b-versatile"", ""temperature"": 0, ""date"": ""2025-10-21T05:57:43.169272+00:00"", ""prompt_version"": ""v1"", ""persona"": ""phd""}"
"('japaneseaesthetics', 'japanesephilosophy')",japanese aesthetics,japanese philosophy,3,0,null,v1,v1,"{""model"": ""llama-3.3-70b-versatile"", ""temperature"": 0, ""date"": ""2025-10-21T05:57:43.335510+00:00"", ""prompt_version"": ""v1"", ""persona"": ""null""}"
"('ancientlogic', 'historyoflogic')",ancient logic,history of logic,4,0,novice,v1,v1,"{""model"": ""llama-3.3-70b-versatile"", ""temperature"": 0, ""date"": ""2025-10-21T05:57:43.488784+00:00"", ""prompt_version"": ""v1"", ""persona"": ""novice""}"
"('ancientlogic', 'historyoflogic')",ancient logic,history of logic,4,0,phd,v1,v1,"{""model"": ""llama-3.3-70b-versatile"", ""temperature"": 0, ""date"": ""2025-10-21T05:57:43.646208+00:00"", ""prompt_version"": ""v1"", ""persona"": ""phd""}"
"('ancientlogic', 'historyoflogic')",ancient logic,history of logic,4,0,null,v1,v1,"{""model"": ""llama-3.3-70b-versatile"", ""temperature"": 0, ""date"": ""2025-10-21T05:57:43.829501+00:00"", ""prompt_version"": ""v1"", ""persona"": ""null""}"
"('philosophyofreligion', 'pietism')",pietism,philosophy of religion,3,0,expert,v1,v1,"{""model"": ""llama-3.3-70b-versatile"", ""temperature"": 0, ""date"": ""2025-10-21T05:57:43.981573+00:00"", ""prompt_version"": ""v1"", ""persona"": ""expert""}"
"('philosophyofreligion', 'pietism')",pietism,philosophy of religion,2,0,phd,v1,v1,"{""model"": ""llama-3.3-70b-versatile"", ""temperature"": 0, ""date"": ""2025-10-21T05:57:44.131889+00:00"", ""prompt_version"": ""v1"", ""persona"": ""phd""}"
"('philosophyofreligion', 'pietism')",pietism,philosophy of religion,2,0,null,v1,v1,"{""model"": ""llama-3.3-70b-versatile"", ""temperature"": 0, ""date"": ""2025-10-21T05:57:44.295525+00:00"", ""prompt_version"": ""v1"", ""persona"": ""null""}"
"('ontologicalargument', 'philosophyofreligion')",ontological argument,philosophy of religion,4,0,expert,v1,v1,"{""model"": ""llama-3.3-70b-versatile"", ""temperature"": 0, ""date"": ""2025-10-21T05:57:44.477157+00:00"", ""prompt_version"": ""v1"", ""persona"": ""expert""}"
"('ontologicalargument', 'philosophyofreligion')",ontological argument,philosophy of religion,4,0,phd,v1,v1,"{""model"": ""llama-3.3-70b-versatile"", ""temperature"": 0, ""date"": ""2025-10-21T05:57:44.636546+00:00"", ""prompt_version"": ""v1"", ""persona"": ""phd""}"
"('ontologicalargument', 'philosophyofreligion')",ontological argument,philosophy of religion,4,0,null,v1,v1,"{""model"": ""llama-3.3-70b-versatile"", ""temperature"": 0, ""date"": ""2025-10-21T05:57:44.788712+00:00"", ""prompt_version"": ""v1"", ""persona"": ""null""}"
"('eliminativematerialism', 'folkpsychology')",eliminative materialism,folk psychology,4,0,expert,v1,v1,"{""model"": ""llama-3.3-70b-versatile"", ""temperature"": 0, ""date"": ""2025-10-21T05:57:44.950692+00:00"", ""prompt_version"": ""v1"", ""persona"": ""expert""}"
"('eliminativematerialism', 'folkpsychology')",eliminative materialism,folk psychology,4,0,phd,v1,v1,"{""model"": ""llama-3.3-70b-versatile"", ""temperature"": 0, ""date"": ""2025-10-21T05:57:45.106585+00:00"", ""prompt_version"": ""v1"", ""persona"": ""phd""}"
"('eliminativematerialism', 'folkpsychology')",eliminative materialism,folk psychology,4,0,null,v1,v1,"{""model"": ""llama-3.3-70b-versatile"", ""temperature"": 0, ""date"": ""2025-10-21T05:57:45.289045+00:00"", ""prompt_version"": ""v1"", ""persona"": ""null""}"
"('externalism', 'perception')",externalism,perception,2,1,expert,v1,v1,"{""model"": ""llama-3.3-70b-versatile"", ""temperature"": 0, ""date"": ""2025-10-21T05:57:45.470465+00:00"", ""prompt_version"": ""v1"", ""persona"": ""expert""}"
"('externalism', 'perception')",externalism,perception,3,1,phd,v1,v1,"{""model"": ""llama-3.3-70b-versatile"", ""temperature"": 0, ""date"": ""2025-10-21T05:57:45.630261+00:00"", ""prompt_version"": ""v1"", ""persona"": ""phd""}"
"('externalism', 'perception')",externalism,perception,3,1,null,v1,v1,"{""model"": ""llama-3.3-70b-versatile"", ""temperature"": 0, ""date"": ""2025-10-21T05:57:45.786189+00:00"", ""prompt_version"": ""v1"", ""persona"": ""null""}"
"('epistemology', 'experimentinphysics')",experiment in physics,epistemology,2,0,expert,v1,v1,"{""model"": ""llama-3.3-70b-versatile"", ""temperature"": 0, ""date"": ""2025-10-21T05:57:45.942539+00:00"", ""prompt_version"": ""v1"", ""persona"": ""expert""}"
"('epistemology', 'experimentinphysics')",experiment in physics,epistemology,2,0,phd,v1,v1,"{""model"": ""llama-3.3-70b-versatile"", ""temperature"": 0, ""date"": ""2025-10-21T05:57:46.101077+00:00"", ""prompt_version"": ""v1"", ""persona"": ""phd""}"
"('epistemology', 'experimentinphysics')",experiment in physics,epistemology,2,0,null,v1,v1,"{""model"": ""llama-3.3-70b-versatile"", ""temperature"": 0, ""date"": ""2025-10-21T05:57:46.298733+00:00"", ""prompt_version"": ""v1"", ""persona"": ""null""}"
"('existenceofgod', 'metaphysics')",existence of god,metaphysics,4,0,expert,v1,v1,"{""model"": ""llama-3.3-70b-versatile"", ""temperature"": 0, ""date"": ""2025-10-21T05:57:46.457359+00:00"", ""prompt_version"": ""v1"", ""persona"": ""expert""}"
"('existenceofgod', 'metaphysics')",existence of god,metaphysics,4,0,phd,v1,v1,"{""model"": ""llama-3.3-70b-versatile"", ""temperature"": 0, ""date"": ""2025-10-21T05:57:46.622280+00:00"", ""prompt_version"": ""v1"", ""persona"": ""phd""}"
"('existenceofgod', 'metaphysics')",existence of god,metaphysics,4,0,null,v1,v1,"{""model"": ""llama-3.3-70b-versatile"", ""temperature"": 0, ""date"": ""2025-10-21T05:57:46.783850+00:00"", ""prompt_version"": ""v1"", ""persona"": ""null""}"
"('philosophyofcomputerscience', 'philosophyofscienceandthesciences')",philosophy of computer science,philosophy of science and the sciences,4,0,expert,v1,v1,"{""model"": ""llama-3.3-70b-versatile"", ""temperature"": 0, ""date"": ""2025-10-21T05:57:46.945416+00:00"", ""prompt_version"": ""v1"", ""persona"": ""expert""}"
"('philosophyofcomputerscience', 'philosophyofscienceandthesciences')",philosophy of computer science,philosophy of science and the sciences,4,0,phd,v1,v1,"{""model"": ""llama-3.3-70b-versatile"", ""temperature"": 0, ""date"": ""2025-10-21T05:57:47.188013+00:00"", ""prompt_version"": ""v1"", ""persona"": ""phd""}"
"('philosophyofcomputerscience', 'philosophyofscienceandthesciences')",philosophy of computer science,philosophy of science and the sciences,3,0,null,v1,v1,"{""model"": ""llama-3.3-70b-versatile"", ""temperature"": 0, ""date"": ""2025-10-21T05:57:47.350999+00:00"", ""prompt_version"": ""v1"", ""persona"": ""null""}"
"('ethics', 'utilitarianism')",ethics,utilitarianism,4,1,novice,v1,v1,"{""model"": ""llama-3.3-70b-versatile"", ""temperature"": 0, ""date"": ""2025-10-21T05:57:47.509972+00:00"", ""prompt_version"": ""v1"", ""persona"": ""novice""}"
"('ethics', 'utilitarianism')",ethics,utilitarianism,4,1,phd,v1,v1,"{""model"": ""llama-3.3-70b-versatile"", ""temperature"": 0, ""date"": ""2025-10-21T05:57:47.698403+00:00"", ""prompt_version"": ""v1"", ""persona"": ""phd""}"
"('ethics', 'utilitarianism')",ethics,utilitarianism,4,1,null,v1,v1,"{""model"": ""llama-3.3-70b-versatile"", ""temperature"": 0, ""date"": ""2025-10-21T05:57:47.879271+00:00"", ""prompt_version"": ""v1"", ""persona"": ""null""}"
"('scientificmethodology', 'scientificrealism')",scientific realism,scientific methodology,3,0,novice,v1,v1,"{""model"": ""llama-3.3-70b-versatile"", ""temperature"": 0, ""date"": ""2025-10-21T05:57:48.066050+00:00"", ""prompt_version"": ""v1"", ""persona"": ""novice""}"
"('scientificmethodology', 'scientificrealism')",scientific realism,scientific methodology,3,0,phd,v1,v1,"{""model"": ""llama-3.3-70b-versatile"", ""temperature"": 0, ""date"": ""2025-10-21T05:57:48.250560+00:00"", ""prompt_version"": ""v1"", ""persona"": ""phd""}"
"('scientificmethodology', 'scientificrealism')",scientific realism,scientific methodology,3,0,null,v1,v1,"{""model"": ""llama-3.3-70b-versatile"", ""temperature"": 0, ""date"": ""2025-10-21T05:57:48.447017+00:00"", ""prompt_version"": ""v1"", ""persona"": ""null""}"
"('metaphysics', 'philosophyofscience')",philosophy of science,metaphysics,2,0,expert,v1,v1,"{""model"": ""llama-3.3-70b-versatile"", ""temperature"": 0, ""date"": ""2025-10-21T05:57:48.609797+00:00"", ""prompt_version"": ""v1"", ""persona"": ""expert""}"
"('metaphysics', 'philosophyofscience')",philosophy of science,metaphysics,3,0,phd,v1,v1,"{""model"": ""llama-3.3-70b-versatile"", ""temperature"": 0, ""date"": ""2025-10-21T05:57:48.775872+00:00"", ""prompt_version"": ""v1"", ""persona"": ""phd""}"
"('metaphysics', 'philosophyofscience')",philosophy of science,metaphysics,3,0,null,v1,v1,"{""model"": ""llama-3.3-70b-versatile"", ""temperature"": 0, ""date"": ""2025-10-21T05:57:48.953158+00:00"", ""prompt_version"": ""v1"", ""persona"": ""null""}"
"('epistemology', 'introspection')",introspection,epistemology,3,0,expert,v1,v1,"{""model"": ""llama-3.3-70b-versatile"", ""temperature"": 0, ""date"": ""2025-10-21T05:57:49.118716+00:00"", ""prompt_version"": ""v1"", ""persona"": ""expert""}"
"('epistemology', 'introspection')",introspection,epistemology,3,0,phd,v1,v1,"{""model"": ""llama-3.3-70b-versatile"", ""temperature"": 0, ""date"": ""2025-10-21T05:57:49.281432+00:00"", ""prompt_version"": ""v1"", ""persona"": ""phd""}"
"('epistemology', 'introspection')",introspection,epistemology,2,0,null,v1,v1,"{""model"": ""llama-3.3-70b-versatile"", ""temperature"": 0, ""date"": ""2025-10-21T05:57:49.472517+00:00"", ""prompt_version"": ""v1"", ""persona"": ""null""}"
"('logicandlanguage', 'philosophyofcomputerscience')",philosophy of computer science,logic and language,3,0,course_taker,v1,v1,"{""model"": ""llama-3.3-70b-versatile"", ""temperature"": 0, ""date"": ""2025-10-21T05:57:49.630815+00:00"", ""prompt_version"": ""v1"", ""persona"": ""course_taker""}"
"('logicandlanguage', 'philosophyofcomputerscience')",philosophy of computer science,logic and language,3,0,phd,v1,v1,"{""model"": ""llama-3.3-70b-versatile"", ""temperature"": 0, ""date"": ""2025-10-21T05:57:49.810750+00:00"", ""prompt_version"": ""v1"", ""persona"": ""phd""}"
"('logicandlanguage', 'philosophyofcomputerscience')",philosophy of computer science,logic and language,3,0,null,v1,v1,"{""model"": ""llama-3.3-70b-versatile"", ""temperature"": 0, ""date"": ""2025-10-21T05:57:49.999784+00:00"", ""prompt_version"": ""v1"", ""persona"": ""null""}"
"('medievaltheoriesofthecategories', 'metaphysics')",medieval theories of the categories,metaphysics,4,0,expert,v1,v1,"{""model"": ""llama-3.3-70b-versatile"", ""temperature"": 0, ""date"": ""2025-10-21T05:57:50.181213+00:00"", ""prompt_version"": ""v1"", ""persona"": ""expert""}"
"('medievaltheoriesofthecategories', 'metaphysics')",medieval theories of the categories,metaphysics,4,0,phd,v1,v1,"{""model"": ""llama-3.3-70b-versatile"", ""temperature"": 0, ""date"": ""2025-10-21T05:57:50.381286+00:00"", ""prompt_version"": ""v1"", ""persona"": ""phd""}"
"('medievaltheoriesofthecategories', 'metaphysics')",medieval theories of the categories,metaphysics,4,0,null,v1,v1,"{""model"": ""llama-3.3-70b-versatile"", ""temperature"": 0, ""date"": ""2025-10-21T05:57:50.555668+00:00"", ""prompt_version"": ""v1"", ""persona"": ""null""}"
"('lockespoliticalphilosophy', 'philosophyofreligion')",locke's political philosophy,philosophy of religion,1,0,expert,v1,v1,"{""model"": ""llama-3.3-70b-versatile"", ""temperature"": 0, ""date"": ""2025-10-21T05:57:50.718268+00:00"", ""prompt_version"": ""v1"", ""persona"": ""expert""}"
"('lockespoliticalphilosophy', 'philosophyofreligion')",locke's political philosophy,philosophy of religion,2,0,phd,v1,v1,"{""model"": ""llama-3.3-70b-versatile"", ""temperature"": 0, ""date"": ""2025-10-21T05:57:50.874885+00:00"", ""prompt_version"": ""v1"", ""persona"": ""phd""}"
"('lockespoliticalphilosophy', 'philosophyofreligion')",locke's political philosophy,philosophy of religion,2,0,null,v1,v1,"{""model"": ""llama-3.3-70b-versatile"", ""temperature"": 0, ""date"": ""2025-10-21T05:57:51.061571+00:00"", ""prompt_version"": ""v1"", ""persona"": ""null""}"
"('consciousness', 'kantsviewofthemindandconsciousnessofself')",kant's view of the mind and consciousness of self,consciousness,4,0,expert,v1,v1,"{""model"": ""llama-3.3-70b-versatile"", ""temperature"": 0, ""date"": ""2025-10-21T05:57:51.238317+00:00"", ""prompt_version"": ""v1"", ""persona"": ""expert""}"
"('consciousness', 'kantsviewofthemindandconsciousnessofself')",kant's view of the mind and consciousness of self,consciousness,4,0,phd,v1,v1,"{""model"": ""llama-3.3-70b-versatile"", ""temperature"": 0, ""date"": ""2025-10-21T05:57:51.418339+00:00"", ""prompt_version"": ""v1"", ""persona"": ""phd""}"
"('consciousness', 'kantsviewofthemindandconsciousnessofself')",kant's view of the mind and consciousness of self,consciousness,4,0,null,v1,v1,"{""model"": ""llama-3.3-70b-versatile"", ""temperature"": 0, ""date"": ""2025-10-21T05:57:51.623664+00:00"", ""prompt_version"": ""v1"", ""persona"": ""null""}"
"('metaphysics', 'philosophyofphysics')",philosophy of physics,metaphysics,4,0,expert,v1,v1,"{""model"": ""llama-3.3-70b-versatile"", ""temperature"": 0, ""date"": ""2025-10-21T05:57:51.809917+00:00"", ""prompt_version"": ""v1"", ""persona"": ""expert""}"
"('metaphysics', 'philosophyofphysics')",philosophy of physics,metaphysics,3,0,phd,v1,v1,"{""model"": ""llama-3.3-70b-versatile"", ""temperature"": 0, ""date"": ""2025-10-21T05:57:52.008140+00:00"", ""prompt_version"": ""v1"", ""persona"": ""phd""}"
"('metaphysics', 'philosophyofphysics')",philosophy of physics,metaphysics,3,0,null,v1,v1,"{""model"": ""llama-3.3-70b-versatile"", ""temperature"": 0, ""date"": ""2025-10-21T05:57:52.175364+00:00"", ""prompt_version"": ""v1"", ""persona"": ""null""}"
"('identitytheoryofmind', 'perception')",identity theory of mind,perception,2,0,expert,v1,v1,"{""model"": ""llama-3.3-70b-versatile"", ""temperature"": 0, ""date"": ""2025-10-21T05:57:52.340571+00:00"", ""prompt_version"": ""v1"", ""persona"": ""expert""}"
"('identitytheoryofmind', 'perception')",identity theory of mind,perception,2,0,phd,v1,v1,"{""model"": ""llama-3.3-70b-versatile"", ""temperature"": 0, ""date"": ""2025-10-21T05:57:52.505667+00:00"", ""prompt_version"": ""v1"", ""persona"": ""phd""}"
"('identitytheoryofmind', 'perception')",identity theory of mind,perception,2,0,null,v1,v1,"{""model"": ""llama-3.3-70b-versatile"", ""temperature"": 0, ""date"": ""2025-10-21T05:57:52.686171+00:00"", ""prompt_version"": ""v1"", ""persona"": ""null""}"
"('metaphysics', 'vitalism')",vitalism,metaphysics,3,0,expert,v1,v1,"{""model"": ""llama-3.3-70b-versatile"", ""temperature"": 0, ""date"": ""2025-10-21T05:57:52.845591+00:00"", ""prompt_version"": ""v1"", ""persona"": ""expert""}"
"('metaphysics', 'vitalism')",vitalism,metaphysics,3,0,phd,v1,v1,"{""model"": ""llama-3.3-70b-versatile"", ""temperature"": 0, ""date"": ""2025-10-21T05:57:53.020059+00:00"", ""prompt_version"": ""v1"", ""persona"": ""phd""}"
"('metaphysics', 'vitalism')",vitalism,metaphysics,3,0,null,v1,v1,"{""model"": ""llama-3.3-70b-versatile"", ""temperature"": 0, ""date"": ""2025-10-21T05:57:53.210881+00:00"", ""prompt_version"": ""v1"", ""persona"": ""null""}"
"('philosophyofmind', 'realism')",realism,philosophy of mind,3,0,expert,v1,v1,"{""model"": ""llama-3.3-70b-versatile"", ""temperature"": 0, ""date"": ""2025-10-21T05:57:53.369799+00:00"", ""prompt_version"": ""v1"", ""persona"": ""expert""}"
"('philosophyofmind', 'realism')",realism,philosophy of mind,2,0,phd,v1,v1,"{""model"": ""llama-3.3-70b-versatile"", ""temperature"": 0, ""date"": ""2025-10-21T05:57:53.582191+00:00"", ""prompt_version"": ""v1"", ""persona"": ""phd""}"
"('philosophyofmind', 'realism')",realism,philosophy of mind,2,0,null,v1,v1,"{""model"": ""llama-3.3-70b-versatile"", ""temperature"": 0, ""date"": ""2025-10-21T05:57:53.773435+00:00"", ""prompt_version"": ""v1"", ""persona"": ""null""}"
"('imagery', 'perception')",imagery,perception,4,0,expert,v1,v1,"{""model"": ""llama-3.3-70b-versatile"", ""temperature"": 0, ""date"": ""2025-10-21T05:57:53.960829+00:00"", ""prompt_version"": ""v1"", ""persona"": ""expert""}"
"('imagery', 'perception')",imagery,perception,3,0,phd,v1,v1,"{""model"": ""llama-3.3-70b-versatile"", ""temperature"": 0, ""date"": ""2025-10-21T05:57:54.145974+00:00"", ""prompt_version"": ""v1"", ""persona"": ""phd""}"
"('imagery', 'perception')",imagery,perception,3,0,null,v1,v1,"{""model"": ""llama-3.3-70b-versatile"", ""temperature"": 0, ""date"": ""2025-10-21T05:57:54.300005+00:00"", ""prompt_version"": ""v1"", ""persona"": ""null""}"
"('aspectsofconsciousness', 'selfconsciousness')",self-consciousness,aspects of consciousness,4,0,expert,v1,v1,"{""model"": ""llama-3.3-70b-versatile"", ""temperature"": 0, ""date"": ""2025-10-21T05:57:54.451097+00:00"", ""prompt_version"": ""v1"", ""persona"": ""expert""}"
"('aspectsofconsciousness', 'selfconsciousness')",self-consciousness,aspects of consciousness,4,0,phd,v1,v1,"{""model"": ""llama-3.3-70b-versatile"", ""temperature"": 0, ""date"": ""2025-10-21T05:57:54.607999+00:00"", ""prompt_version"": ""v1"", ""persona"": ""phd""}"
"('aspectsofconsciousness', 'selfconsciousness')",self-consciousness,aspects of consciousness,4,0,null,v1,v1,"{""model"": ""llama-3.3-70b-versatile"", ""temperature"": 0, ""date"": ""2025-10-21T05:57:54.758650+00:00"", ""prompt_version"": ""v1"", ""persona"": ""null""}"
"('aristotlespsychology', 'philosophyofmind')",aristotle's psychology,philosophy of mind,4,0,expert,v1,v1,"{""model"": ""llama-3.3-70b-versatile"", ""temperature"": 0, ""date"": ""2025-10-21T05:57:54.913076+00:00"", ""prompt_version"": ""v1"", ""persona"": ""expert""}"
"('aristotlespsychology', 'philosophyofmind')",aristotle's psychology,philosophy of mind,4,0,phd,v1,v1,"{""model"": ""llama-3.3-70b-versatile"", ""temperature"": 0, ""date"": ""2025-10-21T05:57:55.072511+00:00"", ""prompt_version"": ""v1"", ""persona"": ""phd""}"
"('aristotlespsychology', 'philosophyofmind')",aristotle's psychology,philosophy of mind,4,0,null,v1,v1,"{""model"": ""llama-3.3-70b-versatile"", ""temperature"": 0, ""date"": ""2025-10-21T05:57:55.233296+00:00"", ""prompt_version"": ""v1"", ""persona"": ""null""}"
"('folkpsychologyasatheory', 'philosophyofmind')",folk psychology as a theory,philosophy of mind,4,0,expert,v1,v1,"{""model"": ""llama-3.3-70b-versatile"", ""temperature"": 0, ""date"": ""2025-10-21T05:57:55.409113+00:00"", ""prompt_version"": ""v1"", ""persona"": ""expert""}"
"('folkpsychologyasatheory', 'philosophyofmind')",folk psychology as a theory,philosophy of mind,4,0,phd,v1,v1,"{""model"": ""llama-3.3-70b-versatile"", ""temperature"": 0, ""date"": ""2025-10-21T05:57:55.600915+00:00"", ""prompt_version"": ""v1"", ""persona"": ""phd""}"
"('folkpsychologyasatheory', 'philosophyofmind')",folk psychology as a theory,philosophy of mind,4,0,null,v1,v1,"{""model"": ""llama-3.3-70b-versatile"", ""temperature"": 0, ""date"": ""2025-10-21T05:57:55.788906+00:00"", ""prompt_version"": ""v1"", ""persona"": ""null""}"
"('modularityofmind', 'philosophyofmind')",modularity of mind,philosophy of mind,4,0,expert,v1,v1,"{""model"": ""llama-3.3-70b-versatile"", ""temperature"": 0, ""date"": ""2025-10-21T05:57:55.939558+00:00"", ""prompt_version"": ""v1"", ""persona"": ""expert""}"
"('modularityofmind', 'philosophyofmind')",modularity of mind,philosophy of mind,4,0,phd,v1,v1,"{""model"": ""llama-3.3-70b-versatile"", ""temperature"": 0, ""date"": ""2025-10-21T05:57:56.090256+00:00"", ""prompt_version"": ""v1"", ""persona"": ""phd""}"
"('modularityofmind', 'philosophyofmind')",modularity of mind,philosophy of mind,4,0,null,v1,v1,"{""model"": ""llama-3.3-70b-versatile"", ""temperature"": 0, ""date"": ""2025-10-21T05:57:56.245334+00:00"", ""prompt_version"": ""v1"", ""persona"": ""null""}"
"('languageofthoughthypothesis', 'philosophyoflanguage')",language of thought hypothesis,philosophy of language,4,0,expert,v1,v1,"{""model"": ""llama-3.3-70b-versatile"", ""temperature"": 0, ""date"": ""2025-10-21T05:57:56.422511+00:00"", ""prompt_version"": ""v1"", ""persona"": ""expert""}"
"('languageofthoughthypothesis', 'philosophyoflanguage')",language of thought hypothesis,philosophy of language,4,0,phd,v1,v1,"{""model"": ""llama-3.3-70b-versatile"", ""temperature"": 0, ""date"": ""2025-10-21T05:57:56.606973+00:00"", ""prompt_version"": ""v1"", ""persona"": ""phd""}"
"('languageofthoughthypothesis', 'philosophyoflanguage')",language of thought hypothesis,philosophy of language,4,0,null,v1,v1,"{""model"": ""llama-3.3-70b-versatile"", ""temperature"": 0, ""date"": ""2025-10-21T05:57:56.752270+00:00"", ""prompt_version"": ""v1"", ""persona"": ""null""}"
"('probabilityandstatistics', 'scientificmethodology')",probability and statistics,scientific methodology,4,0,novice,v1,v1,"{""model"": ""llama-3.3-70b-versatile"", ""temperature"": 0, ""date"": ""2025-10-21T05:57:56.911631+00:00"", ""prompt_version"": ""v1"", ""persona"": ""novice""}"
"('probabilityandstatistics', 'scientificmethodology')",probability and statistics,scientific methodology,4,0,phd,v1,v1,"{""model"": ""llama-3.3-70b-versatile"", ""temperature"": 0, ""date"": ""2025-10-21T05:57:57.099877+00:00"", ""prompt_version"": ""v1"", ""persona"": ""phd""}"
"('probabilityandstatistics', 'scientificmethodology')",probability and statistics,scientific methodology,3,0,null,v1,v1,"{""model"": ""llama-3.3-70b-versatile"", ""temperature"": 0, ""date"": ""2025-10-21T05:57:57.310557+00:00"", ""prompt_version"": ""v1"", ""persona"": ""null""}"
"('externalismaboutmentalcontent', 'mentalcontent')",externalism about mental content,mental content,4,0,expert,v1,v1,"{""model"": ""llama-3.3-70b-versatile"", ""temperature"": 0, ""date"": ""2025-10-21T05:57:57.511611+00:00"", ""prompt_version"": ""v1"", ""persona"": ""expert""}"
"('externalismaboutmentalcontent', 'mentalcontent')",externalism about mental content,mental content,4,0,phd,v1,v1,"{""model"": ""llama-3.3-70b-versatile"", ""temperature"": 0, ""date"": ""2025-10-21T05:57:57.665266+00:00"", ""prompt_version"": ""v1"", ""persona"": ""phd""}"
"('externalismaboutmentalcontent', 'mentalcontent')",externalism about mental content,mental content,4,0,null,v1,v1,"{""model"": ""llama-3.3-70b-versatile"", ""temperature"": 0, ""date"": ""2025-10-21T05:57:57.815894+00:00"", ""prompt_version"": ""v1"", ""persona"": ""null""}"
"('descartesepistemology', 'perception')",descartes' epistemology,perception,4,0,expert,v1,v1,"{""model"": ""llama-3.3-70b-versatile"", ""temperature"": 0, ""date"": ""2025-10-21T05:57:57.986043+00:00"", ""prompt_version"": ""v1"", ""persona"": ""expert""}"
"('descartesepistemology', 'perception')",descartes' epistemology,perception,4,0,phd,v1,v1,"{""model"": ""llama-3.3-70b-versatile"", ""temperature"": 0, ""date"": ""2025-10-21T05:57:58.147742+00:00"", ""prompt_version"": ""v1"", ""persona"": ""phd""}"
"('descartesepistemology', 'perception')",descartes' epistemology,perception,4,0,null,v1,v1,"{""model"": ""llama-3.3-70b-versatile"", ""temperature"": 0, ""date"": ""2025-10-21T05:57:58.297761+00:00"", ""prompt_version"": ""v1"", ""persona"": ""null""}"
"('mereology', 'metaphysics')",mereology,metaphysics,4,0,expert,v1,v1,"{""model"": ""llama-3.3-70b-versatile"", ""temperature"": 0, ""date"": ""2025-10-21T05:57:58.500327+00:00"", ""prompt_version"": ""v1"", ""persona"": ""expert""}"
"('mereology', 'metaphysics')",mereology,metaphysics,4,0,phd,v1,v1,"{""model"": ""llama-3.3-70b-versatile"", ""temperature"": 0, ""date"": ""2025-10-21T05:57:58.645767+00:00"", ""prompt_version"": ""v1"", ""persona"": ""phd""}"
"('mereology', 'metaphysics')",mereology,metaphysics,3,0,null,v1,v1,"{""model"": ""llama-3.3-70b-versatile"", ""temperature"": 0, ""date"": ""2025-10-21T05:57:58.798674+00:00"", ""prompt_version"": ""v1"", ""persona"": ""null""}"
"('artificialintelligence', 'turingtest')",turing test,artificial intelligence,4,0,expert,v1,v1,"{""model"": ""llama-3.3-70b-versatile"", ""temperature"": 0, ""date"": ""2025-10-21T05:57:58.976562+00:00"", ""prompt_version"": ""v1"", ""persona"": ""expert""}"
"('artificialintelligence', 'turingtest')",turing test,artificial intelligence,4,0,phd,v1,v1,"{""model"": ""llama-3.3-70b-versatile"", ""temperature"": 0, ""date"": ""2025-10-21T05:57:59.160752+00:00"", ""prompt_version"": ""v1"", ""persona"": ""phd""}"
"('artificialintelligence', 'turingtest')",turing test,artificial intelligence,4,0,null,v1,v1,"{""model"": ""llama-3.3-70b-versatile"", ""temperature"": 0, ""date"": ""2025-10-21T05:57:59.346891+00:00"", ""prompt_version"": ""v1"", ""persona"": ""null""}"
"('philosophyofmind', 'universals')",universals,philosophy of mind,2,1,expert,v1,v1,"{""model"": ""llama-3.3-70b-versatile"", ""temperature"": 0, ""date"": ""2025-10-21T05:57:59.524705+00:00"", ""prompt_version"": ""v1"", ""persona"": ""expert""}"
"('philosophyofmind', 'universals')",universals,philosophy of mind,2,1,phd,v1,v1,"{""model"": ""llama-3.3-70b-versatile"", ""temperature"": 0, ""date"": ""2025-10-21T05:57:59.710691+00:00"", ""prompt_version"": ""v1"", ""persona"": ""phd""}"
"('philosophyofmind', 'universals')",universals,philosophy of mind,2,0,null,v1,v1,"{""model"": ""llama-3.3-70b-versatile"", ""temperature"": 0, ""date"": ""2025-10-21T05:57:59.864951+00:00"", ""prompt_version"": ""v1"", ""persona"": ""null""}"
"('consciousnessandcontent', 'philosophyofmind')",consciousness and content,philosophy of mind,4,0,expert,v1,v1,"{""model"": ""llama-3.3-70b-versatile"", ""temperature"": 0, ""date"": ""2025-10-21T05:58:00.008046+00:00"", ""prompt_version"": ""v1"", ""persona"": ""expert""}"
"('consciousnessandcontent', 'philosophyofmind')",consciousness and content,philosophy of mind,4,0,phd,v1,v1,"{""model"": ""llama-3.3-70b-versatile"", ""temperature"": 0, ""date"": ""2025-10-21T05:58:00.174224+00:00"", ""prompt_version"": ""v1"", ""persona"": ""phd""}"
"('consciousnessandcontent', 'philosophyofmind')",consciousness and content,philosophy of mind,4,0,null,v1,v1,"{""model"": ""llama-3.3-70b-versatile"", ""temperature"": 0, ""date"": ""2025-10-21T05:58:00.325047+00:00"", ""prompt_version"": ""v1"", ""persona"": ""null""}"
"('philosophyofmathematics', 'zenosparadoxes')",zeno's paradoxes,philosophy of mathematics,4,0,course_taker,v1,v1,"{""model"": ""llama-3.3-70b-versatile"", ""temperature"": 0, ""date"": ""2025-10-21T05:58:00.509608+00:00"", ""prompt_version"": ""v1"", ""persona"": ""course_taker""}"
"('philosophyofmathematics', 'zenosparadoxes')",zeno's paradoxes,philosophy of mathematics,4,0,phd,v1,v1,"{""model"": ""llama-3.3-70b-versatile"", ""temperature"": 0, ""date"": ""2025-10-21T05:58:00.698917+00:00"", ""prompt_version"": ""v1"", ""persona"": ""phd""}"
"('philosophyofmathematics', 'zenosparadoxes')",zeno's paradoxes,philosophy of mathematics,4,0,null,v1,v1,"{""model"": ""llama-3.3-70b-versatile"", ""temperature"": 0, ""date"": ""2025-10-21T05:58:00.889258+00:00"", ""prompt_version"": ""v1"", ""persona"": ""null""}"
"('chineseethics', 'chinesephilosophy')",chinese ethics,chinese philosophy,4,0,novice,v1,v1,"{""model"": ""llama-3.3-70b-versatile"", ""temperature"": 0, ""date"": ""2025-10-21T05:58:01.080154+00:00"", ""prompt_version"": ""v1"", ""persona"": ""novice""}"
"('chineseethics', 'chinesephilosophy')",chinese ethics,chinese philosophy,4,0,phd,v1,v1,"{""model"": ""llama-3.3-70b-versatile"", ""temperature"": 0, ""date"": ""2025-10-21T05:58:01.266007+00:00"", ""prompt_version"": ""v1"", ""persona"": ""phd""}"
"('chineseethics', 'chinesephilosophy')",chinese ethics,chinese philosophy,4,0,null,v1,v1,"{""model"": ""llama-3.3-70b-versatile"", ""temperature"": 0, ""date"": ""2025-10-21T05:58:01.447323+00:00"", ""prompt_version"": ""v1"", ""persona"": ""null""}"
"('matter', 'philosophyofmind')",matter,philosophy of mind,2,1,expert,v1,v1,"{""model"": ""llama-3.3-70b-versatile"", ""temperature"": 0, ""date"": ""2025-10-21T05:58:01.598810+00:00"", ""prompt_version"": ""v1"", ""persona"": ""expert""}"
"('matter', 'philosophyofmind')",matter,philosophy of mind,2,1,phd,v1,v1,"{""model"": ""llama-3.3-70b-versatile"", ""temperature"": 0, ""date"": ""2025-10-21T05:58:01.768805+00:00"", ""prompt_version"": ""v1"", ""persona"": ""phd""}"
"('matter', 'philosophyofmind')",matter,philosophy of mind,2,1,null,v1,v1,"{""model"": ""llama-3.3-70b-versatile"", ""temperature"": 0, ""date"": ""2025-10-21T05:58:01.955079+00:00"", ""prompt_version"": ""v1"", ""persona"": ""null""}"
"('epistemologicalproblemsofperception', 'epistemology')",epistemological problems of perception,epistemology,4,0,expert,v1,v1,"{""model"": ""llama-3.3-70b-versatile"", ""temperature"": 0, ""date"": ""2025-10-21T05:58:02.139842+00:00"", ""prompt_version"": ""v1"", ""persona"": ""expert""}"
"('epistemologicalproblemsofperception', 'epistemology')",epistemological problems of perception,epistemology,4,0,phd,v1,v1,"{""model"": ""llama-3.3-70b-versatile"", ""temperature"": 0, ""date"": ""2025-10-21T05:58:02.331021+00:00"", ""prompt_version"": ""v1"", ""persona"": ""phd""}"
"('epistemologicalproblemsofperception', 'epistemology')",epistemological problems of perception,epistemology,4,0,null,v1,v1,"{""model"": ""llama-3.3-70b-versatile"", ""temperature"": 0, ""date"": ""2025-10-21T05:58:02.489100+00:00"", ""prompt_version"": ""v1"", ""persona"": ""null""}"
"('epistemology', 'knowledgebyacquaintanceandknowledgebydescription')",knowledge by acquaintance and knowledge by description,epistemology,4,0,expert,v1,v1,"{""model"": ""llama-3.3-70b-versatile"", ""temperature"": 0, ""date"": ""2025-10-21T05:58:02.634853+00:00"", ""prompt_version"": ""v1"", ""persona"": ""expert""}"
"('epistemology', 'knowledgebyacquaintanceandknowledgebydescription')",knowledge by acquaintance and knowledge by description,epistemology,4,0,phd,v1,v1,"{""model"": ""llama-3.3-70b-versatile"", ""temperature"": 0, ""date"": ""2025-10-21T05:58:02.789033+00:00"", ""prompt_version"": ""v1"", ""persona"": ""phd""}"
"('epistemology', 'knowledgebyacquaintanceandknowledgebydescription')",knowledge by acquaintance and knowledge by description,epistemology,4,0,null,v1,v1,"{""model"": ""llama-3.3-70b-versatile"", ""temperature"": 0, ""date"": ""2025-10-21T05:58:02.980337+00:00"", ""prompt_version"": ""v1"", ""persona"": ""null""}"
"('philosophyofscienceandthesciences', 'unityofscience')",unity of science,philosophy of science and the sciences,4,0,expert,v1,v1,"{""model"": ""llama-3.3-70b-versatile"", ""temperature"": 0, ""date"": ""2025-10-21T05:58:03.134493+00:00"", ""prompt_version"": ""v1"", ""persona"": ""expert""}"
"('philosophyofscienceandthesciences', 'unityofscience')",unity of science,philosophy of science and the sciences,4,0,phd,v1,v1,"{""model"": ""llama-3.3-70b-versatile"", ""temperature"": 0, ""date"": ""2025-10-21T05:58:03.284880+00:00"", ""prompt_version"": ""v1"", ""persona"": ""phd""}"
"('philosophyofscienceandthesciences', 'unityofscience')",unity of science,philosophy of science and the sciences,4,0,null,v1,v1,"{""model"": ""llama-3.3-70b-versatile"", ""temperature"": 0, ""date"": ""2025-10-21T05:58:03.483525+00:00"", ""prompt_version"": ""v1"", ""persona"": ""null""}"
"('eternityoftheworld', 'metaphysics')",eternity of the world,metaphysics,4,0,expert,v1,v1,"{""model"": ""llama-3.3-70b-versatile"", ""temperature"": 0, ""date"": ""2025-10-21T05:58:03.641719+00:00"", ""prompt_version"": ""v1"", ""persona"": ""expert""}"
"('eternityoftheworld', 'metaphysics')",eternity of the world,metaphysics,4,0,phd,v1,v1,"{""model"": ""llama-3.3-70b-versatile"", ""temperature"": 0, ""date"": ""2025-10-21T05:58:03.789469+00:00"", ""prompt_version"": ""v1"", ""persona"": ""phd""}"
"('eternityoftheworld', 'metaphysics')",eternity of the world,metaphysics,4,0,null,v1,v1,"{""model"": ""llama-3.3-70b-versatile"", ""temperature"": 0, ""date"": ""2025-10-21T05:58:03.952501+00:00"", ""prompt_version"": ""v1"", ""persona"": ""null""}"
"('consciousnessandmentalcontent', 'mentalcontent')",consciousness and mental content,mental content,4,0,expert,v1,v1,"{""model"": ""llama-3.3-70b-versatile"", ""temperature"": 0, ""date"": ""2025-10-21T05:58:04.095420+00:00"", ""prompt_version"": ""v1"", ""persona"": ""expert""}"
"('consciousnessandmentalcontent', 'mentalcontent')",consciousness and mental content,mental content,4,0,phd,v1,v1,"{""model"": ""llama-3.3-70b-versatile"", ""temperature"": 0, ""date"": ""2025-10-21T05:58:04.240385+00:00"", ""prompt_version"": ""v1"", ""persona"": ""phd""}"
"('consciousnessandmentalcontent', 'mentalcontent')",consciousness and mental content,mental content,4,1,null,v1,v1,"{""model"": ""llama-3.3-70b-versatile"", ""temperature"": 0, ""date"": ""2025-10-21T05:58:04.392454+00:00"", ""prompt_version"": ""v1"", ""persona"": ""null""}"
"('philosophyofreligion', 'taoism')",taoism,philosophy of religion,3,0,expert,v1,v1,"{""model"": ""llama-3.3-70b-versatile"", ""temperature"": 0, ""date"": ""2025-10-21T05:58:04.546908+00:00"", ""prompt_version"": ""v1"", ""persona"": ""expert""}"
"('philosophyofreligion', 'taoism')",taoism,philosophy of religion,3,0,phd,v1,v1,"{""model"": ""llama-3.3-70b-versatile"", ""temperature"": 0, ""date"": ""2025-10-21T05:58:04.703558+00:00"", ""prompt_version"": ""v1"", ""persona"": ""phd""}"
"('philosophyofreligion', 'taoism')",taoism,philosophy of religion,3,0,null,v1,v1,"{""model"": ""llama-3.3-70b-versatile"", ""temperature"": 0, ""date"": ""2025-10-21T05:58:04.860773+00:00"", ""prompt_version"": ""v1"", ""persona"": ""null""}"
"('bioethics', 'personalidentityandethics')",personal identity and ethics,bioethics,4,1,expert,v1,v1,"{""model"": ""llama-3.3-70b-versatile"", ""temperature"": 0, ""date"": ""2025-10-21T05:58:05.011691+00:00"", ""prompt_version"": ""v1"", ""persona"": ""expert""}"
"('bioethics', 'personalidentityandethics')",personal identity and ethics,bioethics,3,1,phd,v1,v1,"{""model"": ""llama-3.3-70b-versatile"", ""temperature"": 0, ""date"": ""2025-10-21T05:58:05.161463+00:00"", ""prompt_version"": ""v1"", ""persona"": ""phd""}"
"('bioethics', 'personalidentityandethics')",personal identity and ethics,bioethics,4,1,null,v1,v1,"{""model"": ""llama-3.3-70b-versatile"", ""temperature"": 0, ""date"": ""2025-10-21T05:58:05.314558+00:00"", ""prompt_version"": ""v1"", ""persona"": ""null""}"
"('ancienttheoriesofsoul', 'philosophyofmind')",ancient theories of soul,philosophy of mind,4,0,expert,v1,v1,"{""model"": ""llama-3.3-70b-versatile"", ""temperature"": 0, ""date"": ""2025-10-21T05:58:05.466819+00:00"", ""prompt_version"": ""v1"", ""persona"": ""expert""}"
"('ancienttheoriesofsoul', 'philosophyofmind')",ancient theories of soul,philosophy of mind,4,0,phd,v1,v1,"{""model"": ""llama-3.3-70b-versatile"", ""temperature"": 0, ""date"": ""2025-10-21T05:58:05.613046+00:00"", ""prompt_version"": ""v1"", ""persona"": ""phd""}"
"('ancienttheoriesofsoul', 'philosophyofmind')",ancient theories of soul,philosophy of mind,4,0,null,v1,v1,"{""model"": ""llama-3.3-70b-versatile"", ""temperature"": 0, ""date"": ""2025-10-21T05:58:05.772215+00:00"", ""prompt_version"": ""v1"", ""persona"": ""null""}"
"('atheism', 'philosophyofreligion')",atheism,philosophy of religion,4,0,expert,v1,v1,"{""model"": ""llama-3.3-70b-versatile"", ""temperature"": 0, ""date"": ""2025-10-21T05:58:05.929027+00:00"", ""prompt_version"": ""v1"", ""persona"": ""expert""}"
"('atheism', 'philosophyofreligion')",atheism,philosophy of religion,4,0,phd,v1,v1,"{""model"": ""llama-3.3-70b-versatile"", ""temperature"": 0, ""date"": ""2025-10-21T05:58:06.119697+00:00"", ""prompt_version"": ""v1"", ""persona"": ""phd""}"
"('atheism', 'philosophyofreligion')",atheism,philosophy of religion,4,0,null,v1,v1,"{""model"": ""llama-3.3-70b-versatile"", ""temperature"": 0, ""date"": ""2025-10-21T05:58:06.273917+00:00"", ""prompt_version"": ""v1"", ""persona"": ""null""}"
"('cartesiandualism', 'perception')",cartesian dualism,perception,3,0,expert,v1,v1,"{""model"": ""llama-3.3-70b-versatile"", ""temperature"": 0, ""date"": ""2025-10-21T05:58:06.438382+00:00"", ""prompt_version"": ""v1"", ""persona"": ""expert""}"
"('cartesiandualism', 'perception')",cartesian dualism,perception,3,0,phd,v1,v1,"{""model"": ""llama-3.3-70b-versatile"", ""temperature"": 0, ""date"": ""2025-10-21T05:58:06.598973+00:00"", ""prompt_version"": ""v1"", ""persona"": ""phd""}"
"('cartesiandualism', 'perception')",cartesian dualism,perception,3,0,null,v1,v1,"{""model"": ""llama-3.3-70b-versatile"", ""temperature"": 0, ""date"": ""2025-10-21T05:58:06.776143+00:00"", ""prompt_version"": ""v1"", ""persona"": ""null""}"
"('aristotelianism', 'metaphysics')",aristotelianism,metaphysics,4,0,expert,v1,v1,"{""model"": ""llama-3.3-70b-versatile"", ""temperature"": 0, ""date"": ""2025-10-21T05:58:06.936191+00:00"", ""prompt_version"": ""v1"", ""persona"": ""expert""}"
"('aristotelianism', 'metaphysics')",aristotelianism,metaphysics,4,0,phd,v1,v1,"{""model"": ""llama-3.3-70b-versatile"", ""temperature"": 0, ""date"": ""2025-10-21T05:58:07.086459+00:00"", ""prompt_version"": ""v1"", ""persona"": ""phd""}"
"('aristotelianism', 'metaphysics')",aristotelianism,metaphysics,4,0,null,v1,v1,"{""model"": ""llama-3.3-70b-versatile"", ""temperature"": 0, ""date"": ""2025-10-21T05:58:07.247053+00:00"", ""prompt_version"": ""v1"", ""persona"": ""null""}"
"('ethics', 'religionandmorality')",religion and morality,ethics,4,0,expert,v1,v1,"{""model"": ""llama-3.3-70b-versatile"", ""temperature"": 0, ""date"": ""2025-10-21T05:58:07.437147+00:00"", ""prompt_version"": ""v1"", ""persona"": ""expert""}"
"('ethics', 'religionandmorality')",religion and morality,ethics,4,0,phd,v1,v1,"{""model"": ""llama-3.3-70b-versatile"", ""temperature"": 0, ""date"": ""2025-10-21T05:58:07.614835+00:00"", ""prompt_version"": ""v1"", ""persona"": ""phd""}"
"('ethics', 'religionandmorality')",religion and morality,ethics,4,1,null,v1,v1,"{""model"": ""llama-3.3-70b-versatile"", ""temperature"": 0, ""date"": ""2025-10-21T05:58:07.802912+00:00"", ""prompt_version"": ""v1"", ""persona"": ""null""}"
"('philosophyofreligion', 'satanism')",satanism,philosophy of religion,3,0,expert,v1,v1,"{""model"": ""llama-3.3-70b-versatile"", ""temperature"": 0, ""date"": ""2025-10-21T05:58:08.003260+00:00"", ""prompt_version"": ""v1"", ""persona"": ""expert""}"
"('philosophyofreligion', 'satanism')",satanism,philosophy of religion,2,0,phd,v1,v1,"{""model"": ""llama-3.3-70b-versatile"", ""temperature"": 0, ""date"": ""2025-10-21T05:58:08.168632+00:00"", ""prompt_version"": ""v1"", ""persona"": ""phd""}"
"('philosophyofreligion', 'satanism')",satanism,philosophy of religion,2,0,null,v1,v1,"{""model"": ""llama-3.3-70b-versatile"", ""temperature"": 0, ""date"": ""2025-10-21T05:58:08.331733+00:00"", ""prompt_version"": ""v1"", ""persona"": ""null""}"
"('perception', 'teleosemantics')",teleosemantics,perception,3,0,expert,v1,v1,"{""model"": ""llama-3.3-70b-versatile"", ""temperature"": 0, ""date"": ""2025-10-21T05:58:08.539904+00:00"", ""prompt_version"": ""v1"", ""persona"": ""expert""}"
"('perception', 'teleosemantics')",teleosemantics,perception,3,0,phd,v1,v1,"{""model"": ""llama-3.3-70b-versatile"", ""temperature"": 0, ""date"": ""2025-10-21T05:58:08.693222+00:00"", ""prompt_version"": ""v1"", ""persona"": ""phd""}"
"('perception', 'teleosemantics')",teleosemantics,perception,3,0,null,v1,v1,"{""model"": ""llama-3.3-70b-versatile"", ""temperature"": 0, ""date"": ""2025-10-21T05:58:08.850623+00:00"", ""prompt_version"": ""v1"", ""persona"": ""null""}"
"('internalismandexternalism', 'perception')",internalism and externalism,perception,3,0,expert,v1,v1,"{""model"": ""llama-3.3-70b-versatile"", ""temperature"": 0, ""date"": ""2025-10-21T05:58:09.035427+00:00"", ""prompt_version"": ""v1"", ""persona"": ""expert""}"
"('internalismandexternalism', 'perception')",internalism and externalism,perception,4,0,phd,v1,v1,"{""model"": ""llama-3.3-70b-versatile"", ""temperature"": 0, ""date"": ""2025-10-21T05:58:09.217526+00:00"", ""prompt_version"": ""v1"", ""persona"": ""phd""}"
"('internalismandexternalism', 'perception')",internalism and externalism,perception,3,0,null,v1,v1,"{""model"": ""llama-3.3-70b-versatile"", ""temperature"": 0, ""date"": ""2025-10-21T05:58:09.377031+00:00"", ""prompt_version"": ""v1"", ""persona"": ""null""}"
"('hilbertsprogram', 'philosophyofscienceandthesciences')",hilbert's program,philosophy of science and the sciences,4,0,expert,v1,v1,"{""model"": ""llama-3.3-70b-versatile"", ""temperature"": 0, ""date"": ""2025-10-21T05:58:09.558036+00:00"", ""prompt_version"": ""v1"", ""persona"": ""expert""}"
"('hilbertsprogram', 'philosophyofscienceandthesciences')",hilbert's program,philosophy of science and the sciences,4,0,phd,v1,v1,"{""model"": ""llama-3.3-70b-versatile"", ""temperature"": 0, ""date"": ""2025-10-21T05:58:09.704597+00:00"", ""prompt_version"": ""v1"", ""persona"": ""phd""}"
"('hilbertsprogram', 'philosophyofscienceandthesciences')",hilbert's program,philosophy of science and the sciences,3,0,null,v1,v1,"{""model"": ""llama-3.3-70b-versatile"", ""temperature"": 0, ""date"": ""2025-10-21T05:58:09.856871+00:00"", ""prompt_version"": ""v1"", ""persona"": ""null""}"
"('philosophyofreligion', 'pragmaticargumentsandbeliefingod')",pragmatic arguments and belief in god,philosophy of religion,4,0,expert,v1,v1,"{""model"": ""llama-3.3-70b-versatile"", ""temperature"": 0, ""date"": ""2025-10-21T05:58:10.012587+00:00"", ""prompt_version"": ""v1"", ""persona"": ""expert""}"
"('philosophyofreligion', 'pragmaticargumentsandbeliefingod')",pragmatic arguments and belief in god,philosophy of religion,4,0,phd,v1,v1,"{""model"": ""llama-3.3-70b-versatile"", ""temperature"": 0, ""date"": ""2025-10-21T05:58:10.211960+00:00"", ""prompt_version"": ""v1"", ""persona"": ""phd""}"
"('philosophyofreligion', 'pragmaticargumentsandbeliefingod')",pragmatic arguments and belief in god,philosophy of religion,4,0,null,v1,v1,"{""model"": ""llama-3.3-70b-versatile"", ""temperature"": 0, ""date"": ""2025-10-21T05:58:10.407310+00:00"", ""prompt_version"": ""v1"", ""persona"": ""null""}"
"('continentalfeminism', 'continentalphilosophy')",continental feminism,continental philosophy,4,0,expert,v1,v1,"{""model"": ""llama-3.3-70b-versatile"", ""temperature"": 0, ""date"": ""2025-10-21T05:58:10.579359+00:00"", ""prompt_version"": ""v1"", ""persona"": ""expert""}"
"('continentalfeminism', 'continentalphilosophy')",continental feminism,continental philosophy,4,0,phd,v1,v1,"{""model"": ""llama-3.3-70b-versatile"", ""temperature"": 0, ""date"": ""2025-10-21T05:58:10.730631+00:00"", ""prompt_version"": ""v1"", ""persona"": ""phd""}"
"('continentalfeminism', 'continentalphilosophy')",continental feminism,continental philosophy,4,0,null,v1,v1,"{""model"": ""llama-3.3-70b-versatile"", ""temperature"": 0, ""date"": ""2025-10-21T05:58:10.887670+00:00"", ""prompt_version"": ""v1"", ""persona"": ""null""}"
"('epistemology', 'logos')",logos,epistemology,2,0,expert,v1,v1,"{""model"": ""llama-3.3-70b-versatile"", ""temperature"": 0, ""date"": ""2025-10-21T05:58:11.049601+00:00"", ""prompt_version"": ""v1"", ""persona"": ""expert""}"
"('epistemology', 'logos')",logos,epistemology,3,0,phd,v1,v1,"{""model"": ""llama-3.3-70b-versatile"", ""temperature"": 0, ""date"": ""2025-10-21T05:58:11.448436+00:00"", ""prompt_version"": ""v1"", ""persona"": ""phd""}"
"('epistemology', 'logos')",logos,epistemology,1,3,null,v1,v1,"{""model"": ""llama-3.3-70b-versatile"", ""temperature"": 0, ""date"": ""2025-10-21T05:58:11.602183+00:00"", ""prompt_version"": ""v1"", ""persona"": ""null""}"
"('artificialintelligence', 'computation')",artificial intelligence,computation,4,0,course_taker,v1,v1,"{""model"": ""llama-3.3-70b-versatile"", ""temperature"": 0, ""date"": ""2025-10-21T05:58:11.755857+00:00"", ""prompt_version"": ""v1"", ""persona"": ""course_taker""}"
"('artificialintelligence', 'computation')",artificial intelligence,computation,4,0,expert,v1,v1,"{""model"": ""llama-3.3-70b-versatile"", ""temperature"": 0, ""date"": ""2025-10-21T05:58:11.896990+00:00"", ""prompt_version"": ""v1"", ""persona"": ""expert""}"
"('artificialintelligence', 'computation')",artificial intelligence,computation,4,0,null,v1,v1,"{""model"": ""llama-3.3-70b-versatile"", ""temperature"": 0, ""date"": ""2025-10-21T05:58:12.046229+00:00"", ""prompt_version"": ""v1"", ""persona"": ""null""}"
"('classicalphysics', 'philosophyofscienceandthesciences')",classical physics,philosophy of science and the sciences,4,0,expert,v1,v1,"{""model"": ""llama-3.3-70b-versatile"", ""temperature"": 0, ""date"": ""2025-10-21T05:58:12.197963+00:00"", ""prompt_version"": ""v1"", ""persona"": ""expert""}"
"('classicalphysics', 'philosophyofscienceandthesciences')",classical physics,philosophy of science and the sciences,3,0,phd,v1,v1,"{""model"": ""llama-3.3-70b-versatile"", ""temperature"": 0, ""date"": ""2025-10-21T05:58:12.404063+00:00"", ""prompt_version"": ""v1"", ""persona"": ""phd""}"
"('classicalphysics', 'philosophyofscienceandthesciences')",classical physics,philosophy of science and the sciences,2,0,null,v1,v1,"{""model"": ""llama-3.3-70b-versatile"", ""temperature"": 0, ""date"": ""2025-10-21T05:58:12.598305+00:00"", ""prompt_version"": ""v1"", ""persona"": ""null""}"
"('feministmetaphysics', 'metaphysics')",feminist metaphysics,metaphysics,4,0,expert,v1,v1,"{""model"": ""llama-3.3-70b-versatile"", ""temperature"": 0, ""date"": ""2025-10-21T05:58:12.747173+00:00"", ""prompt_version"": ""v1"", ""persona"": ""expert""}"
"('feministmetaphysics', 'metaphysics')",feminist metaphysics,metaphysics,4,0,phd,v1,v1,"{""model"": ""llama-3.3-70b-versatile"", ""temperature"": 0, ""date"": ""2025-10-21T05:58:12.896053+00:00"", ""prompt_version"": ""v1"", ""persona"": ""phd""}"
"('feministmetaphysics', 'metaphysics')",feminist metaphysics,metaphysics,4,0,null,v1,v1,"{""model"": ""llama-3.3-70b-versatile"", ""temperature"": 0, ""date"": ""2025-10-21T05:58:13.048157+00:00"", ""prompt_version"": ""v1"", ""persona"": ""null""}"
"('japanesephilosophy', 'zenbuddhism')",zen buddhism,japanese philosophy,4,0,expert,v1,v1,"{""model"": ""llama-3.3-70b-versatile"", ""temperature"": 0, ""date"": ""2025-10-21T05:58:13.201091+00:00"", ""prompt_version"": ""v1"", ""persona"": ""expert""}"
"('japanesephilosophy', 'zenbuddhism')",zen buddhism,japanese philosophy,4,0,phd,v1,v1,"{""model"": ""llama-3.3-70b-versatile"", ""temperature"": 0, ""date"": ""2025-10-21T05:58:13.383507+00:00"", ""prompt_version"": ""v1"", ""persona"": ""phd""}"
"('japanesephilosophy', 'zenbuddhism')",zen buddhism,japanese philosophy,4,0,null,v1,v1,"{""model"": ""llama-3.3-70b-versatile"", ""temperature"": 0, ""date"": ""2025-10-21T05:58:13.557626+00:00"", ""prompt_version"": ""v1"", ""persona"": ""null""}"
"('socialandpoliticalphilosophy', 'socialphilosophy')",social philosophy,social and political philosophy,4,0,expert,v1,v1,"{""model"": ""llama-3.3-70b-versatile"", ""temperature"": 0, ""date"": ""2025-10-21T05:58:13.749518+00:00"", ""prompt_version"": ""v1"", ""persona"": ""expert""}"
"('socialandpoliticalphilosophy', 'socialphilosophy')",social philosophy,social and political philosophy,4,0,phd,v1,v1,"{""model"": ""llama-3.3-70b-versatile"", ""temperature"": 0, ""date"": ""2025-10-21T05:58:13.908836+00:00"", ""prompt_version"": ""v1"", ""persona"": ""phd""}"
"('socialandpoliticalphilosophy', 'socialphilosophy')",social philosophy,social and political philosophy,4,0,null,v1,v1,"{""model"": ""llama-3.3-70b-versatile"", ""temperature"": 0, ""date"": ""2025-10-21T05:58:14.057971+00:00"", ""prompt_version"": ""v1"", ""persona"": ""null""}"
"('philosophyoflanguage', 'privatelanguageargument')",private language argument,philosophy of language,4,0,expert,v1,v1,"{""model"": ""llama-3.3-70b-versatile"", ""temperature"": 0, ""date"": ""2025-10-21T05:58:14.201715+00:00"", ""prompt_version"": ""v1"", ""persona"": ""expert""}"
"('philosophyoflanguage', 'privatelanguageargument')",private language argument,philosophy of language,4,0,phd,v1,v1,"{""model"": ""llama-3.3-70b-versatile"", ""temperature"": 0, ""date"": ""2025-10-21T05:58:14.356616+00:00"", ""prompt_version"": ""v1"", ""persona"": ""phd""}"
"('philosophyoflanguage', 'privatelanguageargument')",private language argument,philosophy of language,4,0,null,v1,v1,"{""model"": ""llama-3.3-70b-versatile"", ""temperature"": 0, ""date"": ""2025-10-21T05:58:14.563150+00:00"", ""prompt_version"": ""v1"", ""persona"": ""null""}"
"('implicature', 'pragmatics')",implicature,pragmatics,4,0,expert,v1,v1,"{""model"": ""llama-3.3-70b-versatile"", ""temperature"": 0, ""date"": ""2025-10-21T05:58:14.751048+00:00"", ""prompt_version"": ""v1"", ""persona"": ""expert""}"
"('implicature', 'pragmatics')",implicature,pragmatics,4,0,phd,v1,v1,"{""model"": ""llama-3.3-70b-versatile"", ""temperature"": 0, ""date"": ""2025-10-21T05:58:14.939435+00:00"", ""prompt_version"": ""v1"", ""persona"": ""phd""}"
"('implicature', 'pragmatics')",implicature,pragmatics,4,0,null,v1,v1,"{""model"": ""llama-3.3-70b-versatile"", ""temperature"": 0, ""date"": ""2025-10-21T05:58:15.121528+00:00"", ""prompt_version"": ""v1"", ""persona"": ""null""}"
"('axiomatictheoriesoftruth', 'philosophyoflanguage')",axiomatic theories of truth,philosophy of language,4,0,expert,v1,v1,"{""model"": ""llama-3.3-70b-versatile"", ""temperature"": 0, ""date"": ""2025-10-21T05:58:15.298415+00:00"", ""prompt_version"": ""v1"", ""persona"": ""expert""}"
"('axiomatictheoriesoftruth', 'philosophyoflanguage')",axiomatic theories of truth,philosophy of language,4,0,phd,v1,v1,"{""model"": ""llama-3.3-70b-versatile"", ""temperature"": 0, ""date"": ""2025-10-21T05:58:15.483898+00:00"", ""prompt_version"": ""v1"", ""persona"": ""phd""}"
"('axiomatictheoriesoftruth', 'philosophyoflanguage')",axiomatic theories of truth,philosophy of language,4,0,null,v1,v1,"{""model"": ""llama-3.3-70b-versatile"", ""temperature"": 0, ""date"": ""2025-10-21T05:58:15.669520+00:00"", ""prompt_version"": ""v1"", ""persona"": ""null""}"
"('naturallawtradition', 'philosophyofreligion')",natural law tradition,philosophy of religion,2,0,expert,v1,v1,"{""model"": ""llama-3.3-70b-versatile"", ""temperature"": 0, ""date"": ""2025-10-21T05:58:15.831540+00:00"", ""prompt_version"": ""v1"", ""persona"": ""expert""}"
"('naturallawtradition', 'philosophyofreligion')",natural law tradition,philosophy of religion,3,0,phd,v1,v1,"{""model"": ""llama-3.3-70b-versatile"", ""temperature"": 0, ""date"": ""2025-10-21T05:58:16.014202+00:00"", ""prompt_version"": ""v1"", ""persona"": ""phd""}"
"('naturallawtradition', 'philosophyofreligion')",natural law tradition,philosophy of religion,2,0,null,v1,v1,"{""model"": ""llama-3.3-70b-versatile"", ""temperature"": 0, ""date"": ""2025-10-21T05:58:16.203455+00:00"", ""prompt_version"": ""v1"", ""persona"": ""null""}"
"('bayesstheorem', 'philosophyofscienceandthesciences')",bayes's theorem,philosophy of science and the sciences,3,0,expert,v1,v1,"{""model"": ""llama-3.3-70b-versatile"", ""temperature"": 0, ""date"": ""2025-10-21T05:58:16.357334+00:00"", ""prompt_version"": ""v1"", ""persona"": ""expert""}"
"('bayesstheorem', 'philosophyofscienceandthesciences')",bayes's theorem,philosophy of science and the sciences,3,0,phd,v1,v1,"{""model"": ""llama-3.3-70b-versatile"", ""temperature"": 0, ""date"": ""2025-10-21T05:58:16.530026+00:00"", ""prompt_version"": ""v1"", ""persona"": ""phd""}"
"('bayesstheorem', 'philosophyofscienceandthesciences')",bayes's theorem,philosophy of science and the sciences,2,0,null,v1,v1,"{""model"": ""llama-3.3-70b-versatile"", ""temperature"": 0, ""date"": ""2025-10-21T05:58:16.707303+00:00"", ""prompt_version"": ""v1"", ""persona"": ""null""}"
"('biologicalaltruism', 'philosophyofbiology')",biological altruism,philosophy of biology,3,0,expert,v1,v1,"{""model"": ""llama-3.3-70b-versatile"", ""temperature"": 0, ""date"": ""2025-10-21T05:58:16.870793+00:00"", ""prompt_version"": ""v1"", ""persona"": ""expert""}"
"('biologicalaltruism', 'philosophyofbiology')",biological altruism,philosophy of biology,3,0,phd,v1,v1,"{""model"": ""llama-3.3-70b-versatile"", ""temperature"": 0, ""date"": ""2025-10-21T05:58:17.021384+00:00"", ""prompt_version"": ""v1"", ""persona"": ""phd""}"
"('biologicalaltruism', 'philosophyofbiology')",biological altruism,philosophy of biology,2,0,null,v1,v1,"{""model"": ""llama-3.3-70b-versatile"", ""temperature"": 0, ""date"": ""2025-10-21T05:58:17.181413+00:00"", ""prompt_version"": ""v1"", ""persona"": ""null""}"
"('artificialintelligence', 'temporallogic')",temporal logic,artificial intelligence,2,0,expert,v1,v1,"{""model"": ""llama-3.3-70b-versatile"", ""temperature"": 0, ""date"": ""2025-10-21T05:58:17.340504+00:00"", ""prompt_version"": ""v1"", ""persona"": ""expert""}"
"('artificialintelligence', 'temporallogic')",temporal logic,artificial intelligence,2,0,phd,v1,v1,"{""model"": ""llama-3.3-70b-versatile"", ""temperature"": 0, ""date"": ""2025-10-21T05:58:17.509007+00:00"", ""prompt_version"": ""v1"", ""persona"": ""phd""}"
"('artificialintelligence', 'temporallogic')",temporal logic,artificial intelligence,2,0,null,v1,v1,"{""model"": ""llama-3.3-70b-versatile"", ""temperature"": 0, ""date"": ""2025-10-21T05:58:17.721597+00:00"", ""prompt_version"": ""v1"", ""persona"": ""null""}"
"('metaphysicsandlanguage', 'philosophyoflanguage')",metaphysics and language,philosophy of language,4,0,expert,v1,v1,"{""model"": ""llama-3.3-70b-versatile"", ""temperature"": 0, ""date"": ""2025-10-21T05:58:17.918339+00:00"", ""prompt_version"": ""v1"", ""persona"": ""expert""}"
"('metaphysicsandlanguage', 'philosophyoflanguage')",metaphysics and language,philosophy of language,4,0,phd,v1,v1,"{""model"": ""llama-3.3-70b-versatile"", ""temperature"": 0, ""date"": ""2025-10-21T05:58:18.103702+00:00"", ""prompt_version"": ""v1"", ""persona"": ""phd""}"
"('metaphysicsandlanguage', 'philosophyoflanguage')",metaphysics and language,philosophy of language,4,0,null,v1,v1,"{""model"": ""llama-3.3-70b-versatile"", ""temperature"": 0, ""date"": ""2025-10-21T05:58:18.290255+00:00"", ""prompt_version"": ""v1"", ""persona"": ""null""}"
"('ethics', 'medievaltheoriesofpracticalreason')",medieval theories of practical reason,ethics,4,0,expert,v1,v1,"{""model"": ""llama-3.3-70b-versatile"", ""temperature"": 0, ""date"": ""2025-10-21T05:58:18.450225+00:00"", ""prompt_version"": ""v1"", ""persona"": ""expert""}"
"('ethics', 'medievaltheoriesofpracticalreason')",medieval theories of practical reason,ethics,4,0,phd,v1,v1,"{""model"": ""llama-3.3-70b-versatile"", ""temperature"": 0, ""date"": ""2025-10-21T05:58:18.607814+00:00"", ""prompt_version"": ""v1"", ""persona"": ""phd""}"
"('ethics', 'medievaltheoriesofpracticalreason')",medieval theories of practical reason,ethics,3,0,null,v1,v1,"{""model"": ""llama-3.3-70b-versatile"", ""temperature"": 0, ""date"": ""2025-10-21T05:58:18.799971+00:00"", ""prompt_version"": ""v1"", ""persona"": ""null""}"
"('indispensabilityargumentsinthephilosophyofmathematics', 'philosophyofscienceandthesciences')",indispensability arguments in the philosophy of mathematics,philosophy of science and the sciences,2,0,expert,v1,v1,"{""model"": ""llama-3.3-70b-versatile"", ""temperature"": 0, ""date"": ""2025-10-21T05:58:18.991883+00:00"", ""prompt_version"": ""v1"", ""persona"": ""expert""}"
"('indispensabilityargumentsinthephilosophyofmathematics', 'philosophyofscienceandthesciences')",indispensability arguments in the philosophy of mathematics,philosophy of science and the sciences,2,0,phd,v1,v1,"{""model"": ""llama-3.3-70b-versatile"", ""temperature"": 0, ""date"": ""2025-10-21T05:58:19.191413+00:00"", ""prompt_version"": ""v1"", ""persona"": ""phd""}"
"('indispensabilityargumentsinthephilosophyofmathematics', 'philosophyofscienceandthesciences')",indispensability arguments in the philosophy of mathematics,philosophy of science and the sciences,2,0,null,v1,v1,"{""model"": ""llama-3.3-70b-versatile"", ""temperature"": 0, ""date"": ""2025-10-21T05:58:19.397874+00:00"", ""prompt_version"": ""v1"", ""persona"": ""null""}"
"('metaphysics', 'metaphysicsofcausation')",metaphysics of causation,metaphysics,4,0,expert,v1,v1,"{""model"": ""llama-3.3-70b-versatile"", ""temperature"": 0, ""date"": ""2025-10-21T05:58:19.593848+00:00"", ""prompt_version"": ""v1"", ""persona"": ""expert""}"
"('metaphysics', 'metaphysicsofcausation')",metaphysics of causation,metaphysics,4,0,phd,v1,v1,"{""model"": ""llama-3.3-70b-versatile"", ""temperature"": 0, ""date"": ""2025-10-21T05:58:19.785432+00:00"", ""prompt_version"": ""v1"", ""persona"": ""phd""}"
"('metaphysics', 'metaphysicsofcausation')",metaphysics of causation,metaphysics,4,0,null,v1,v1,"{""model"": ""llama-3.3-70b-versatile"", ""temperature"": 0, ""date"": ""2025-10-21T05:58:19.978416+00:00"", ""prompt_version"": ""v1"", ""persona"": ""null""}"
"('activationvalue', 'artificialintelligence')",activation value,artificial intelligence,2,0,expert,v1,v1,"{""model"": ""llama-3.3-70b-versatile"", ""temperature"": 0, ""date"": ""2025-10-21T05:58:20.177674+00:00"", ""prompt_version"": ""v1"", ""persona"": ""expert""}"
"('activationvalue', 'artificialintelligence')",activation value,artificial intelligence,2,0,phd,v1,v1,"{""model"": ""llama-3.3-70b-versatile"", ""temperature"": 0, ""date"": ""2025-10-21T05:58:20.331109+00:00"", ""prompt_version"": ""v1"", ""persona"": ""phd""}"
"('activationvalue', 'artificialintelligence')",activation value,artificial intelligence,2,0,null,v1,v1,"{""model"": ""llama-3.3-70b-versatile"", ""temperature"": 0, ""date"": ""2025-10-21T05:58:20.504873+00:00"", ""prompt_version"": ""v1"", ""persona"": ""null""}"
"('developmentalbiology', 'trait')",trait,developmental biology,2,1,expert,v1,v1,"{""model"": ""llama-3.3-70b-versatile"", ""temperature"": 0, ""date"": ""2025-10-21T05:58:20.644986+00:00"", ""prompt_version"": ""v1"", ""persona"": ""expert""}"
"('developmentalbiology', 'trait')",trait,developmental biology,2,0,phd,v1,v1,"{""model"": ""llama-3.3-70b-versatile"", ""temperature"": 0, ""date"": ""2025-10-21T05:58:20.856580+00:00"", ""prompt_version"": ""v1"", ""persona"": ""phd""}"
"('developmentalbiology', 'trait')",trait,developmental biology,2,0,null,v1,v1,"{""model"": ""llama-3.3-70b-versatile"", ""temperature"": 0, ""date"": ""2025-10-21T05:58:21.014245+00:00"", ""prompt_version"": ""v1"", ""persona"": ""null""}"
"('bioethics', 'doctrineofdoubleeffect')",doctrine of double effect,bioethics,4,0,expert,v1,v1,"{""model"": ""llama-3.3-70b-versatile"", ""temperature"": 0, ""date"": ""2025-10-21T05:58:21.178166+00:00"", ""prompt_version"": ""v1"", ""persona"": ""expert""}"
"('bioethics', 'doctrineofdoubleeffect')",doctrine of double effect,bioethics,4,0,phd,v1,v1,"{""model"": ""llama-3.3-70b-versatile"", ""temperature"": 0, ""date"": ""2025-10-21T05:58:21.367455+00:00"", ""prompt_version"": ""v1"", ""persona"": ""phd""}"
"('bioethics', 'doctrineofdoubleeffect')",doctrine of double effect,bioethics,4,0,null,v1,v1,"{""model"": ""llama-3.3-70b-versatile"", ""temperature"": 0, ""date"": ""2025-10-21T05:58:21.552581+00:00"", ""prompt_version"": ""v1"", ""persona"": ""null""}"
"('philosophyofchemistry', 'philosophyofphysics')",philosophy of chemistry,philosophy of physics,3,3,expert,v1,v1,"{""model"": ""llama-3.3-70b-versatile"", ""temperature"": 0, ""date"": ""2025-10-21T05:58:21.724867+00:00"", ""prompt_version"": ""v1"", ""persona"": ""expert""}"
"('philosophyofchemistry', 'philosophyofphysics')",philosophy of chemistry,philosophy of physics,3,0,phd,v1,v1,"{""model"": ""llama-3.3-70b-versatile"", ""temperature"": 0, ""date"": ""2025-10-21T05:58:21.888268+00:00"", ""prompt_version"": ""v1"", ""persona"": ""phd""}"
"('philosophyofchemistry', 'philosophyofphysics')",philosophy of chemistry,philosophy of physics,3,3,null,v1,v1,"{""model"": ""llama-3.3-70b-versatile"", ""temperature"": 0, ""date"": ""2025-10-21T05:58:22.065837+00:00"", ""prompt_version"": ""v1"", ""persona"": ""null""}"
"('metaphysics', 'platosmiddleperiodmetaphysicsandepistemology')",plato's middle period metaphysics and epistemology,metaphysics,4,0,expert,v1,v1,"{""model"": ""llama-3.3-70b-versatile"", ""temperature"": 0, ""date"": ""2025-10-21T05:58:22.251536+00:00"", ""prompt_version"": ""v1"", ""persona"": ""expert""}"
"('metaphysics', 'platosmiddleperiodmetaphysicsandepistemology')",plato's middle period metaphysics and epistemology,metaphysics,4,0,phd,v1,v1,"{""model"": ""llama-3.3-70b-versatile"", ""temperature"": 0, ""date"": ""2025-10-21T05:58:22.436181+00:00"", ""prompt_version"": ""v1"", ""persona"": ""phd""}"
"('metaphysics', 'platosmiddleperiodmetaphysicsandepistemology')",plato's middle period metaphysics and epistemology,metaphysics,4,0,null,v1,v1,"{""model"": ""llama-3.3-70b-versatile"", ""temperature"": 0, ""date"": ""2025-10-21T05:58:22.586334+00:00"", ""prompt_version"": ""v1"", ""persona"": ""null""}"
"('statisticalmechanicsandthermodynamics', 'thermodynamicasymmetryintime')",thermodynamic asymmetry in time,statistical mechanics and thermodynamics,4,0,expert,v1,v1,"{""model"": ""llama-3.3-70b-versatile"", ""temperature"": 0, ""date"": ""2025-10-21T05:58:22.748407+00:00"", ""prompt_version"": ""v1"", ""persona"": ""expert""}"
"('statisticalmechanicsandthermodynamics', 'thermodynamicasymmetryintime')",thermodynamic asymmetry in time,statistical mechanics and thermodynamics,4,0,phd,v1,v1,"{""model"": ""llama-3.3-70b-versatile"", ""temperature"": 0, ""date"": ""2025-10-21T05:58:22.936687+00:00"", ""prompt_version"": ""v1"", ""persona"": ""phd""}"
"('statisticalmechanicsandthermodynamics', 'thermodynamicasymmetryintime')",thermodynamic asymmetry in time,statistical mechanics and thermodynamics,4,0,null,v1,v1,"{""model"": ""llama-3.3-70b-versatile"", ""temperature"": 0, ""date"": ""2025-10-21T05:58:23.083164+00:00"", ""prompt_version"": ""v1"", ""persona"": ""null""}"
"('interpretation', 'quantummechanics')",interpretation,quantum mechanics,2,1,expert,v1,v1,"{""model"": ""llama-3.3-70b-versatile"", ""temperature"": 0, ""date"": ""2025-10-21T05:58:23.263149+00:00"", ""prompt_version"": ""v1"", ""persona"": ""expert""}"
"('interpretation', 'quantummechanics')",interpretation,quantum mechanics,2,1,phd,v1,v1,"{""model"": ""llama-3.3-70b-versatile"", ""temperature"": 0, ""date"": ""2025-10-21T05:58:23.406863+00:00"", ""prompt_version"": ""v1"", ""persona"": ""phd""}"
"('interpretation', 'quantummechanics')",interpretation,quantum mechanics,2,1,null,v1,v1,"{""model"": ""llama-3.3-70b-versatile"", ""temperature"": 0, ""date"": ""2025-10-21T05:58:23.555165+00:00"", ""prompt_version"": ""v1"", ""persona"": ""null""}"
"('approachestofeministphilosophy', 'continentalphilosophy')",approaches to feminist philosophy,continental philosophy,2,0,expert,v1,v1,"{""model"": ""llama-3.3-70b-versatile"", ""temperature"": 0, ""date"": ""2025-10-21T05:58:23.710187+00:00"", ""prompt_version"": ""v1"", ""persona"": ""expert""}"
"('approachestofeministphilosophy', 'continentalphilosophy')",approaches to feminist philosophy,continental philosophy,2,0,phd,v1,v1,"{""model"": ""llama-3.3-70b-versatile"", ""temperature"": 0, ""date"": ""2025-10-21T05:58:23.900818+00:00"", ""prompt_version"": ""v1"", ""persona"": ""phd""}"
"('approachestofeministphilosophy', 'continentalphilosophy')",approaches to feminist philosophy,continental philosophy,2,0,null,v1,v1,"{""model"": ""llama-3.3-70b-versatile"", ""temperature"": 0, ""date"": ""2025-10-21T05:58:24.074027+00:00"", ""prompt_version"": ""v1"", ""persona"": ""null""}"
"('life', 'philosophyofreligion')",life,philosophy of religion,2,1,expert,v1,v1,"{""model"": ""llama-3.3-70b-versatile"", ""temperature"": 0, ""date"": ""2025-10-21T05:58:24.246137+00:00"", ""prompt_version"": ""v1"", ""persona"": ""expert""}"
"('life', 'philosophyofreligion')",life,philosophy of religion,2,1,phd,v1,v1,"{""model"": ""llama-3.3-70b-versatile"", ""temperature"": 0, ""date"": ""2025-10-21T05:58:24.403063+00:00"", ""prompt_version"": ""v1"", ""persona"": ""phd""}"
"('life', 'philosophyofreligion')",life,philosophy of religion,2,1,null,v1,v1,"{""model"": ""llama-3.3-70b-versatile"", ""temperature"": 0, ""date"": ""2025-10-21T05:58:24.584893+00:00"", ""prompt_version"": ""v1"", ""persona"": ""null""}"
"('contentsofperception', 'mentalcontent')",contents of perception,mental content,4,0,expert,v1,v1,"{""model"": ""llama-3.3-70b-versatile"", ""temperature"": 0, ""date"": ""2025-10-21T05:58:24.738028+00:00"", ""prompt_version"": ""v1"", ""persona"": ""expert""}"
"('contentsofperception', 'mentalcontent')",contents of perception,mental content,4,0,phd,v1,v1,"{""model"": ""llama-3.3-70b-versatile"", ""temperature"": 0, ""date"": ""2025-10-21T05:58:24.885928+00:00"", ""prompt_version"": ""v1"", ""persona"": ""phd""}"
"('contentsofperception', 'mentalcontent')",contents of perception,mental content,4,0,null,v1,v1,"{""model"": ""llama-3.3-70b-versatile"", ""temperature"": 0, ""date"": ""2025-10-21T05:58:25.038817+00:00"", ""prompt_version"": ""v1"", ""persona"": ""null""}"
"('mentalrepresentation', 'perception')",mental representation,perception,4,0,expert,v1,v1,"{""model"": ""llama-3.3-70b-versatile"", ""temperature"": 0, ""date"": ""2025-10-21T05:58:25.219381+00:00"", ""prompt_version"": ""v1"", ""persona"": ""expert""}"
"('mentalrepresentation', 'perception')",mental representation,perception,4,1,phd,v1,v1,"{""model"": ""llama-3.3-70b-versatile"", ""temperature"": 0, ""date"": ""2025-10-21T05:58:25.422835+00:00"", ""prompt_version"": ""v1"", ""persona"": ""phd""}"
"('mentalrepresentation', 'perception')",mental representation,perception,3,0,null,v1,v1,"{""model"": ""llama-3.3-70b-versatile"", ""temperature"": 0, ""date"": ""2025-10-21T05:58:25.618840+00:00"", ""prompt_version"": ""v1"", ""persona"": ""null""}"
"('goodnessandvaluetheory', 'metaphysics')",goodness and value theory,metaphysics,2,0,expert,v1,v1,"{""model"": ""llama-3.3-70b-versatile"", ""temperature"": 0, ""date"": ""2025-10-21T05:58:25.799109+00:00"", ""prompt_version"": ""v1"", ""persona"": ""expert""}"
"('goodnessandvaluetheory', 'metaphysics')",goodness and value theory,metaphysics,2,0,phd,v1,v1,"{""model"": ""llama-3.3-70b-versatile"", ""temperature"": 0, ""date"": ""2025-10-21T05:58:25.994883+00:00"", ""prompt_version"": ""v1"", ""persona"": ""phd""}"
"('goodnessandvaluetheory', 'metaphysics')",goodness and value theory,metaphysics,2,0,null,v1,v1,"{""model"": ""llama-3.3-70b-versatile"", ""temperature"": 0, ""date"": ""2025-10-21T05:58:26.165354+00:00"", ""prompt_version"": ""v1"", ""persona"": ""null""}"
"('intentionality', 'philosophyofmind')",intentionality,philosophy of mind,4,0,expert,v1,v1,"{""model"": ""llama-3.3-70b-versatile"", ""temperature"": 0, ""date"": ""2025-10-21T05:58:26.334168+00:00"", ""prompt_version"": ""v1"", ""persona"": ""expert""}"
"('intentionality', 'philosophyofmind')",intentionality,philosophy of mind,4,0,phd,v1,v1,"{""model"": ""llama-3.3-70b-versatile"", ""temperature"": 0, ""date"": ""2025-10-21T05:58:26.518043+00:00"", ""prompt_version"": ""v1"", ""persona"": ""phd""}"
"('intentionality', 'philosophyofmind')",intentionality,philosophy of mind,4,0,null,v1,v1,"{""model"": ""llama-3.3-70b-versatile"", ""temperature"": 0, ""date"": ""2025-10-21T05:58:26.670850+00:00"", ""prompt_version"": ""v1"", ""persona"": ""null""}"
"('hardproblem', 'perception')",hard problem,perception,3,0,expert,v1,v1,"{""model"": ""llama-3.3-70b-versatile"", ""temperature"": 0, ""date"": ""2025-10-21T05:58:26.851984+00:00"", ""prompt_version"": ""v1"", ""persona"": ""expert""}"
"('hardproblem', 'perception')",hard problem,perception,2,0,phd,v1,v1,"{""model"": ""llama-3.3-70b-versatile"", ""temperature"": 0, ""date"": ""2025-10-21T05:58:27.021039+00:00"", ""prompt_version"": ""v1"", ""persona"": ""phd""}"
"('hardproblem', 'perception')",hard problem,perception,1,3,null,v1,v1,"{""model"": ""llama-3.3-70b-versatile"", ""temperature"": 0, ""date"": ""2025-10-21T05:58:27.191448+00:00"", ""prompt_version"": ""v1"", ""persona"": ""null""}"
"('concepts', 'perception')",concepts,perception,3,1,expert,v1,v1,"{""model"": ""llama-3.3-70b-versatile"", ""temperature"": 0, ""date"": ""2025-10-21T05:58:27.368549+00:00"", ""prompt_version"": ""v1"", ""persona"": ""expert""}"
"('concepts', 'perception')",concepts,perception,2,1,phd,v1,v1,"{""model"": ""llama-3.3-70b-versatile"", ""temperature"": 0, ""date"": ""2025-10-21T05:58:27.526307+00:00"", ""prompt_version"": ""v1"", ""persona"": ""phd""}"
"('concepts', 'perception')",concepts,perception,2,1,null,v1,v1,"{""model"": ""llama-3.3-70b-versatile"", ""temperature"": 0, ""date"": ""2025-10-21T05:58:27.684080+00:00"", ""prompt_version"": ""v1"", ""persona"": ""null""}"
"('philosophyofmind', 'propernames')",proper names,philosophy of mind,1,0,expert,v1,v1,"{""model"": ""llama-3.3-70b-versatile"", ""temperature"": 0, ""date"": ""2025-10-21T05:58:27.850276+00:00"", ""prompt_version"": ""v1"", ""persona"": ""expert""}"
"('philosophyofmind', 'propernames')",proper names,philosophy of mind,1,0,phd,v1,v1,"{""model"": ""llama-3.3-70b-versatile"", ""temperature"": 0, ""date"": ""2025-10-21T05:58:28.002268+00:00"", ""prompt_version"": ""v1"", ""persona"": ""phd""}"
"('philosophyofmind', 'propernames')",proper names,philosophy of mind,1,3,null,v1,v1,"{""model"": ""llama-3.3-70b-versatile"", ""temperature"": 0, ""date"": ""2025-10-21T05:58:28.156355+00:00"", ""prompt_version"": ""v1"", ""persona"": ""null""}"
"('folkpsychology', 'philosophyofscienceandthesciences')",folk psychology,philosophy of science and the sciences,2,0,expert,v1,v1,"{""model"": ""llama-3.3-70b-versatile"", ""temperature"": 0, ""date"": ""2025-10-21T05:58:28.309961+00:00"", ""prompt_version"": ""v1"", ""persona"": ""expert""}"
"('folkpsychology', 'philosophyofscienceandthesciences')",folk psychology,philosophy of science and the sciences,2,0,phd,v1,v1,"{""model"": ""llama-3.3-70b-versatile"", ""temperature"": 0, ""date"": ""2025-10-21T05:58:28.513689+00:00"", ""prompt_version"": ""v1"", ""persona"": ""phd""}"
"('folkpsychology', 'philosophyofscienceandthesciences')",folk psychology,philosophy of science and the sciences,2,0,null,v1,v1,"{""model"": ""llama-3.3-70b-versatile"", ""temperature"": 0, ""date"": ""2025-10-21T05:58:28.702838+00:00"", ""prompt_version"": ""v1"", ""persona"": ""null""}"
"('computationandrepresentation', 'philosophyofmind')",computation and representation,philosophy of mind,4,0,expert,v1,v1,"{""model"": ""llama-3.3-70b-versatile"", ""temperature"": 0, ""date"": ""2025-10-21T05:58:28.851088+00:00"", ""prompt_version"": ""v1"", ""persona"": ""expert""}"
"('computationandrepresentation', 'philosophyofmind')",computation and representation,philosophy of mind,4,0,phd,v1,v1,"{""model"": ""llama-3.3-70b-versatile"", ""temperature"": 0, ""date"": ""2025-10-21T05:58:29.001803+00:00"", ""prompt_version"": ""v1"", ""persona"": ""phd""}"
"('computationandrepresentation', 'philosophyofmind')",computation and representation,philosophy of mind,2,0,null,v1,v1,"{""model"": ""llama-3.3-70b-versatile"", ""temperature"": 0, ""date"": ""2025-10-21T05:58:29.166889+00:00"", ""prompt_version"": ""v1"", ""persona"": ""null""}"
"('mentalrepresentation', 'philosophyofmind')",mental representation,philosophy of mind,4,0,expert,v1,v1,"{""model"": ""llama-3.3-70b-versatile"", ""temperature"": 0, ""date"": ""2025-10-21T05:58:29.313954+00:00"", ""prompt_version"": ""v1"", ""persona"": ""expert""}"
"('mentalrepresentation', 'philosophyofmind')",mental representation,philosophy of mind,4,0,phd,v1,v1,"{""model"": ""llama-3.3-70b-versatile"", ""temperature"": 0, ""date"": ""2025-10-21T05:58:29.474352+00:00"", ""prompt_version"": ""v1"", ""persona"": ""phd""}"
"('mentalrepresentation', 'philosophyofmind')",mental representation,philosophy of mind,4,0,null,v1,v1,"{""model"": ""llama-3.3-70b-versatile"", ""temperature"": 0, ""date"": ""2025-10-21T05:58:29.654812+00:00"", ""prompt_version"": ""v1"", ""persona"": ""null""}"
"('metaphysics', 'processphilosophy')",process philosophy,metaphysics,4,0,expert,v1,v1,"{""model"": ""llama-3.3-70b-versatile"", ""temperature"": 0, ""date"": ""2025-10-21T05:58:29.835453+00:00"", ""prompt_version"": ""v1"", ""persona"": ""expert""}"
"('metaphysics', 'processphilosophy')",process philosophy,metaphysics,4,0,phd,v1,v1,"{""model"": ""llama-3.3-70b-versatile"", ""temperature"": 0, ""date"": ""2025-10-21T05:58:30.045004+00:00"", ""prompt_version"": ""v1"", ""persona"": ""phd""}"
"('metaphysics', 'processphilosophy')",process philosophy,metaphysics,3,0,null,v1,v1,"{""model"": ""llama-3.3-70b-versatile"", ""temperature"": 0, ""date"": ""2025-10-21T05:58:30.320730+00:00"", ""prompt_version"": ""v1"", ""persona"": ""null""}"
"('metaphysics', 'philosophyofmathematics')",philosophy of mathematics,metaphysics,3,0,expert,v1,v1,"{""model"": ""llama-3.3-70b-versatile"", ""temperature"": 0, ""date"": ""2025-10-21T05:58:30.527690+00:00"", ""prompt_version"": ""v1"", ""persona"": ""expert""}"
"('metaphysics', 'philosophyofmathematics')",philosophy of mathematics,metaphysics,3,0,phd,v1,v1,"{""model"": ""llama-3.3-70b-versatile"", ""temperature"": 0, ""date"": ""2025-10-21T05:58:30.682725+00:00"", ""prompt_version"": ""v1"", ""persona"": ""phd""}"
"('metaphysics', 'philosophyofmathematics')",philosophy of mathematics,metaphysics,3,0,null,v1,v1,"{""model"": ""llama-3.3-70b-versatile"", ""temperature"": 0, ""date"": ""2025-10-21T05:58:30.876517+00:00"", ""prompt_version"": ""v1"", ""persona"": ""null""}"
"('epistemology', 'epistemologyofreligion')",epistemology of religion,epistemology,4,0,expert,v1,v1,"{""model"": ""llama-3.3-70b-versatile"", ""temperature"": 0, ""date"": ""2025-10-21T05:58:31.050558+00:00"", ""prompt_version"": ""v1"", ""persona"": ""expert""}"
"('epistemology', 'epistemologyofreligion')",epistemology of religion,epistemology,4,0,phd,v1,v1,"{""model"": ""llama-3.3-70b-versatile"", ""temperature"": 0, ""date"": ""2025-10-21T05:58:31.252363+00:00"", ""prompt_version"": ""v1"", ""persona"": ""phd""}"
"('epistemology', 'epistemologyofreligion')",epistemology of religion,epistemology,4,0,null,v1,v1,"{""model"": ""llama-3.3-70b-versatile"", ""temperature"": 0, ""date"": ""2025-10-21T05:58:31.444518+00:00"", ""prompt_version"": ""v1"", ""persona"": ""null""}"
"('ancientphilosophyaristotle', 'metaphysics')",ancient philosophy (aristotle),metaphysics,4,0,expert,v1,v1,"{""model"": ""llama-3.3-70b-versatile"", ""temperature"": 0, ""date"": ""2025-10-21T05:58:31.635875+00:00"", ""prompt_version"": ""v1"", ""persona"": ""expert""}"
"('ancientphilosophyaristotle', 'metaphysics')",ancient philosophy (aristotle),metaphysics,4,0,phd,v1,v1,"{""model"": ""llama-3.3-70b-versatile"", ""temperature"": 0, ""date"": ""2025-10-21T05:58:31.795790+00:00"", ""prompt_version"": ""v1"", ""persona"": ""phd""}"
"('ancientphilosophyaristotle', 'metaphysics')",ancient philosophy (aristotle),metaphysics,4,0,null,v1,v1,"{""model"": ""llama-3.3-70b-versatile"", ""temperature"": 0, ""date"": ""2025-10-21T05:58:31.951614+00:00"", ""prompt_version"": ""v1"", ""persona"": ""null""}"
"('philosophyofchemistry', 'philosophyofmind')",philosophy of chemistry,philosophy of mind,2,3,expert,v1,v1,"{""model"": ""llama-3.3-70b-versatile"", ""temperature"": 0, ""date"": ""2025-10-21T05:58:32.144699+00:00"", ""prompt_version"": ""v1"", ""persona"": ""expert""}"
"('philosophyofchemistry', 'philosophyofmind')",philosophy of chemistry,philosophy of mind,2,3,phd,v1,v1,"{""model"": ""llama-3.3-70b-versatile"", ""temperature"": 0, ""date"": ""2025-10-21T05:58:32.301193+00:00"", ""prompt_version"": ""v1"", ""persona"": ""phd""}"
"('philosophyofchemistry', 'philosophyofmind')",philosophy of chemistry,philosophy of mind,2,3,null,v1,v1,"{""model"": ""llama-3.3-70b-versatile"", ""temperature"": 0, ""date"": ""2025-10-21T05:58:32.522574+00:00"", ""prompt_version"": ""v1"", ""persona"": ""null""}"
"('abstractobject', 'philosophyofmind')",abstract object,philosophy of mind,2,0,expert,v1,v1,"{""model"": ""llama-3.3-70b-versatile"", ""temperature"": 0, ""date"": ""2025-10-21T05:58:32.697547+00:00"", ""prompt_version"": ""v1"", ""persona"": ""expert""}"
"('abstractobject', 'philosophyofmind')",abstract object,philosophy of mind,2,0,phd,v1,v1,"{""model"": ""llama-3.3-70b-versatile"", ""temperature"": 0, ""date"": ""2025-10-21T05:58:32.895784+00:00"", ""prompt_version"": ""v1"", ""persona"": ""phd""}"
"('abstractobject', 'philosophyofmind')",abstract object,philosophy of mind,2,0,null,v1,v1,"{""model"": ""llama-3.3-70b-versatile"", ""temperature"": 0, ""date"": ""2025-10-21T05:58:33.051391+00:00"", ""prompt_version"": ""v1"", ""persona"": ""null""}"
"('japanesephilosophy', 'japanesezenbuddhistphilosophy')",japanese zen buddhist philosophy,japanese philosophy,4,0,novice,v1,v1,"{""model"": ""llama-3.3-70b-versatile"", ""temperature"": 0, ""date"": ""2025-10-21T05:58:33.231304+00:00"", ""prompt_version"": ""v1"", ""persona"": ""novice""}"
"('japanesephilosophy', 'japanesezenbuddhistphilosophy')",japanese zen buddhist philosophy,japanese philosophy,4,0,phd,v1,v1,"{""model"": ""llama-3.3-70b-versatile"", ""temperature"": 0, ""date"": ""2025-10-21T05:58:33.383375+00:00"", ""prompt_version"": ""v1"", ""persona"": ""phd""}"
"('japanesephilosophy', 'japanesezenbuddhistphilosophy')",japanese zen buddhist philosophy,japanese philosophy,4,0,null,v1,v1,"{""model"": ""llama-3.3-70b-versatile"", ""temperature"": 0, ""date"": ""2025-10-21T05:58:33.539040+00:00"", ""prompt_version"": ""v1"", ""persona"": ""null""}"
"('perception', 'philosophyofpsychology')",philosophy of psychology,perception,4,1,expert,v1,v1,"{""model"": ""llama-3.3-70b-versatile"", ""temperature"": 0, ""date"": ""2025-10-21T05:58:33.688978+00:00"", ""prompt_version"": ""v1"", ""persona"": ""expert""}"
"('perception', 'philosophyofpsychology')",philosophy of psychology,perception,3,1,phd,v1,v1,"{""model"": ""llama-3.3-70b-versatile"", ""temperature"": 0, ""date"": ""2025-10-21T05:58:33.863839+00:00"", ""prompt_version"": ""v1"", ""persona"": ""phd""}"
"('perception', 'philosophyofpsychology')",philosophy of psychology,perception,3,1,null,v1,v1,"{""model"": ""llama-3.3-70b-versatile"", ""temperature"": 0, ""date"": ""2025-10-21T05:58:34.038653+00:00"", ""prompt_version"": ""v1"", ""persona"": ""null""}"
"('epistemology', 'feministphilosophy')",feminist philosophy,epistemology,2,0,expert,v1,v1,"{""model"": ""llama-3.3-70b-versatile"", ""temperature"": 0, ""date"": ""2025-10-21T05:58:34.224530+00:00"", ""prompt_version"": ""v1"", ""persona"": ""expert""}"
"('epistemology', 'feministphilosophy')",feminist philosophy,epistemology,2,0,phd,v1,v1,"{""model"": ""llama-3.3-70b-versatile"", ""temperature"": 0, ""date"": ""2025-10-21T05:58:34.415039+00:00"", ""prompt_version"": ""v1"", ""persona"": ""phd""}"
"('epistemology', 'feministphilosophy')",feminist philosophy,epistemology,2,0,null,v1,v1,"{""model"": ""llama-3.3-70b-versatile"", ""temperature"": 0, ""date"": ""2025-10-21T05:58:34.617575+00:00"", ""prompt_version"": ""v1"", ""persona"": ""null""}"
"('aristotleoncausality', 'metaphysics')",aristotle on causality,metaphysics,4,0,expert,v1,v1,"{""model"": ""llama-3.3-70b-versatile"", ""temperature"": 0, ""date"": ""2025-10-21T05:58:34.795325+00:00"", ""prompt_version"": ""v1"", ""persona"": ""expert""}"
"('aristotleoncausality', 'metaphysics')",aristotle on causality,metaphysics,4,0,phd,v1,v1,"{""model"": ""llama-3.3-70b-versatile"", ""temperature"": 0, ""date"": ""2025-10-21T05:58:34.977182+00:00"", ""prompt_version"": ""v1"", ""persona"": ""phd""}"
"('aristotleoncausality', 'metaphysics')",aristotle on causality,metaphysics,4,0,null,v1,v1,"{""model"": ""llama-3.3-70b-versatile"", ""temperature"": 0, ""date"": ""2025-10-21T05:58:35.118849+00:00"", ""prompt_version"": ""v1"", ""persona"": ""null""}"
"('historyoflogic', 'inductivelogic')",inductive logic,history of logic,2,0,novice,v1,v1,"{""model"": ""llama-3.3-70b-versatile"", ""temperature"": 0, ""date"": ""2025-10-21T05:58:35.276402+00:00"", ""prompt_version"": ""v1"", ""persona"": ""novice""}"
"('historyoflogic', 'inductivelogic')",inductive logic,history of logic,2,0,phd,v1,v1,"{""model"": ""llama-3.3-70b-versatile"", ""temperature"": 0, ""date"": ""2025-10-21T05:58:35.470864+00:00"", ""prompt_version"": ""v1"", ""persona"": ""phd""}"
"('historyoflogic', 'inductivelogic')",inductive logic,history of logic,2,0,null,v1,v1,"{""model"": ""llama-3.3-70b-versatile"", ""temperature"": 0, ""date"": ""2025-10-21T05:58:35.665009+00:00"", ""prompt_version"": ""v1"", ""persona"": ""null""}"
"('philosophyofmind', 'psychiatry')",psychiatry,philosophy of mind,4,0,expert,v1,v1,"{""model"": ""llama-3.3-70b-versatile"", ""temperature"": 0, ""date"": ""2025-10-21T05:58:35.863873+00:00"", ""prompt_version"": ""v1"", ""persona"": ""expert""}"
"('philosophyofmind', 'psychiatry')",psychiatry,philosophy of mind,4,0,phd,v1,v1,"{""model"": ""llama-3.3-70b-versatile"", ""temperature"": 0, ""date"": ""2025-10-21T05:58:36.023247+00:00"", ""prompt_version"": ""v1"", ""persona"": ""phd""}"
"('philosophyofmind', 'psychiatry')",psychiatry,philosophy of mind,2,0,null,v1,v1,"{""model"": ""llama-3.3-70b-versatile"", ""temperature"": 0, ""date"": ""2025-10-21T05:58:36.175699+00:00"", ""prompt_version"": ""v1"", ""persona"": ""null""}"
"('epistemologicalproblemsofmemory', 'philosophyofmind')",epistemological problems of memory,philosophy of mind,4,0,expert,v1,v1,"{""model"": ""llama-3.3-70b-versatile"", ""temperature"": 0, ""date"": ""2025-10-21T05:58:36.335725+00:00"", ""prompt_version"": ""v1"", ""persona"": ""expert""}"
"('epistemologicalproblemsofmemory', 'philosophyofmind')",epistemological problems of memory,philosophy of mind,4,0,phd,v1,v1,"{""model"": ""llama-3.3-70b-versatile"", ""temperature"": 0, ""date"": ""2025-10-21T05:58:36.507116+00:00"", ""prompt_version"": ""v1"", ""persona"": ""phd""}"
"('epistemologicalproblemsofmemory', 'philosophyofmind')",epistemological problems of memory,philosophy of mind,4,0,null,v1,v1,"{""model"": ""llama-3.3-70b-versatile"", ""temperature"": 0, ""date"": ""2025-10-21T05:58:36.692169+00:00"", ""prompt_version"": ""v1"", ""persona"": ""null""}"
"('medievalpoliticalphilosophy', 'philosophyofreligion')",medieval political philosophy,philosophy of religion,2,0,expert,v1,v1,"{""model"": ""llama-3.3-70b-versatile"", ""temperature"": 0, ""date"": ""2025-10-21T05:58:36.905017+00:00"", ""prompt_version"": ""v1"", ""persona"": ""expert""}"
"('medievalpoliticalphilosophy', 'philosophyofreligion')",medieval political philosophy,philosophy of religion,2,0,phd,v1,v1,"{""model"": ""llama-3.3-70b-versatile"", ""temperature"": 0, ""date"": ""2025-10-21T05:58:37.106516+00:00"", ""prompt_version"": ""v1"", ""persona"": ""phd""}"
"('medievalpoliticalphilosophy', 'philosophyofreligion')",medieval political philosophy,philosophy of religion,2,0,null,v1,v1,"{""model"": ""llama-3.3-70b-versatile"", ""temperature"": 0, ""date"": ""2025-10-21T05:58:37.503239+00:00"", ""prompt_version"": ""v1"", ""persona"": ""null""}"
"('lawandlanguage', 'philosophyoflanguage')",law and language,philosophy of language,4,1,expert,v1,v1,"{""model"": ""llama-3.3-70b-versatile"", ""temperature"": 0, ""date"": ""2025-10-21T05:58:37.662249+00:00"", ""prompt_version"": ""v1"", ""persona"": ""expert""}"
"('lawandlanguage', 'philosophyoflanguage')",law and language,philosophy of language,4,0,phd,v1,v1,"{""model"": ""llama-3.3-70b-versatile"", ""temperature"": 0, ""date"": ""2025-10-21T05:58:37.847142+00:00"", ""prompt_version"": ""v1"", ""persona"": ""phd""}"
"('lawandlanguage', 'philosophyoflanguage')",law and language,philosophy of language,4,1,null,v1,v1,"{""model"": ""llama-3.3-70b-versatile"", ""temperature"": 0, ""date"": ""2025-10-21T05:58:38.023528+00:00"", ""prompt_version"": ""v1"", ""persona"": ""null""}"
"('perception', 'problemofperception')",problem of perception,perception,4,0,expert,v1,v1,"{""model"": ""llama-3.3-70b-versatile"", ""temperature"": 0, ""date"": ""2025-10-21T05:58:38.213037+00:00"", ""prompt_version"": ""v1"", ""persona"": ""expert""}"
"('perception', 'problemofperception')",problem of perception,perception,4,0,phd,v1,v1,"{""model"": ""llama-3.3-70b-versatile"", ""temperature"": 0, ""date"": ""2025-10-21T05:58:38.392537+00:00"", ""prompt_version"": ""v1"", ""persona"": ""phd""}"
"('perception', 'problemofperception')",problem of perception,perception,4,0,null,v1,v1,"{""model"": ""llama-3.3-70b-versatile"", ""temperature"": 0, ""date"": ""2025-10-21T05:58:38.582086+00:00"", ""prompt_version"": ""v1"", ""persona"": ""null""}"
"('philosophyofbiology', 'philosophyofmind')",philosophy of biology,philosophy of mind,2,3,expert,v1,v1,"{""model"": ""llama-3.3-70b-versatile"", ""temperature"": 0, ""date"": ""2025-10-21T05:58:38.744598+00:00"", ""prompt_version"": ""v1"", ""persona"": ""expert""}"
"('philosophyofbiology', 'philosophyofmind')",philosophy of biology,philosophy of mind,2,3,phd,v1,v1,"{""model"": ""llama-3.3-70b-versatile"", ""temperature"": 0, ""date"": ""2025-10-21T05:58:38.901723+00:00"", ""prompt_version"": ""v1"", ""persona"": ""phd""}"
"('philosophyofbiology', 'philosophyofmind')",philosophy of biology,philosophy of mind,2,3,null,v1,v1,"{""model"": ""llama-3.3-70b-versatile"", ""temperature"": 0, ""date"": ""2025-10-21T05:58:39.061218+00:00"", ""prompt_version"": ""v1"", ""persona"": ""null""}"
"('metaphysics', 'scottishphilosophyinthe19thcentury')",scottish philosophy in the 19th century,metaphysics,3,0,expert,v1,v1,"{""model"": ""llama-3.3-70b-versatile"", ""temperature"": 0, ""date"": ""2025-10-21T05:58:39.220983+00:00"", ""prompt_version"": ""v1"", ""persona"": ""expert""}"
"('metaphysics', 'scottishphilosophyinthe19thcentury')",scottish philosophy in the 19th century,metaphysics,3,0,phd,v1,v1,"{""model"": ""llama-3.3-70b-versatile"", ""temperature"": 0, ""date"": ""2025-10-21T05:58:39.382960+00:00"", ""prompt_version"": ""v1"", ""persona"": ""phd""}"
"('metaphysics', 'scottishphilosophyinthe19thcentury')",scottish philosophy in the 19th century,metaphysics,3,0,null,v1,v1,"{""model"": ""llama-3.3-70b-versatile"", ""temperature"": 0, ""date"": ""2025-10-21T05:58:39.629343+00:00"", ""prompt_version"": ""v1"", ""persona"": ""null""}"
"('metaphysics', 'socialandpoliticalphilosophy')",social and political philosophy,metaphysics,2,0,expert,v1,v1,"{""model"": ""llama-3.3-70b-versatile"", ""temperature"": 0, ""date"": ""2025-10-21T05:58:39.811614+00:00"", ""prompt_version"": ""v1"", ""persona"": ""expert""}"
"('metaphysics', 'socialandpoliticalphilosophy')",social and political philosophy,metaphysics,1,0,phd,v1,v1,"{""model"": ""llama-3.3-70b-versatile"", ""temperature"": 0, ""date"": ""2025-10-21T05:58:39.997447+00:00"", ""prompt_version"": ""v1"", ""persona"": ""phd""}"
"('metaphysics', 'socialandpoliticalphilosophy')",social and political philosophy,metaphysics,2,0,null,v1,v1,"{""model"": ""llama-3.3-70b-versatile"", ""temperature"": 0, ""date"": ""2025-10-21T05:58:40.202734+00:00"", ""prompt_version"": ""v1"", ""persona"": ""null""}"
"('continentalphilosophy', 'intersectionsbetweenpragmatistandcontinentalfeminism')",intersections between pragmatist and continental feminism,continental philosophy,4,0,expert,v1,v1,"{""model"": ""llama-3.3-70b-versatile"", ""temperature"": 0, ""date"": ""2025-10-21T05:58:40.399227+00:00"", ""prompt_version"": ""v1"", ""persona"": ""expert""}"
"('continentalphilosophy', 'intersectionsbetweenpragmatistandcontinentalfeminism')",intersections between pragmatist and continental feminism,continental philosophy,4,0,phd,v1,v1,"{""model"": ""llama-3.3-70b-versatile"", ""temperature"": 0, ""date"": ""2025-10-21T05:58:40.589955+00:00"", ""prompt_version"": ""v1"", ""persona"": ""phd""}"
"('continentalphilosophy', 'intersectionsbetweenpragmatistandcontinentalfeminism')",intersections between pragmatist and continental feminism,continental philosophy,4,0,null,v1,v1,"{""model"": ""llama-3.3-70b-versatile"", ""temperature"": 0, ""date"": ""2025-10-21T05:58:40.746264+00:00"", ""prompt_version"": ""v1"", ""persona"": ""null""}"
"('ethics', 'virtuesandvices')",ethics,virtues and vices,4,1,course_taker,v1,v1,"{""model"": ""llama-3.3-70b-versatile"", ""temperature"": 0, ""date"": ""2025-10-21T05:58:40.903245+00:00"", ""prompt_version"": ""v1"", ""persona"": ""course_taker""}"
"('ethics', 'virtuesandvices')",ethics,virtues and vices,4,1,phd,v1,v1,"{""model"": ""llama-3.3-70b-versatile"", ""temperature"": 0, ""date"": ""2025-10-21T05:58:41.049664+00:00"", ""prompt_version"": ""v1"", ""persona"": ""phd""}"
"('ethics', 'virtuesandvices')",ethics,virtues and vices,4,1,null,v1,v1,"{""model"": ""llama-3.3-70b-versatile"", ""temperature"": 0, ""date"": ""2025-10-21T05:58:41.246585+00:00"", ""prompt_version"": ""v1"", ""persona"": ""null""}"
"('mathematicallogic', 'philosophyofmind')",mathematical logic,philosophy of mind,1,3,expert,v1,v1,"{""model"": ""llama-3.3-70b-versatile"", ""temperature"": 0, ""date"": ""2025-10-21T05:58:41.402022+00:00"", ""prompt_version"": ""v1"", ""persona"": ""expert""}"
"('mathematicallogic', 'philosophyofmind')",mathematical logic,philosophy of mind,1,3,phd,v1,v1,"{""model"": ""llama-3.3-70b-versatile"", ""temperature"": 0, ""date"": ""2025-10-21T05:58:41.604966+00:00"", ""prompt_version"": ""v1"", ""persona"": ""phd""}"
"('mathematicallogic', 'philosophyofmind')",mathematical logic,philosophy of mind,2,0,null,v1,v1,"{""model"": ""llama-3.3-70b-versatile"", ""temperature"": 0, ""date"": ""2025-10-21T05:58:41.790284+00:00"", ""prompt_version"": ""v1"", ""persona"": ""null""}"
"('eternityinchristianthought', 'metaphysics')",Eternity in Christian Thought,metaphysics,4,0,expert,v1,v1,"{""model"": ""llama-3.3-70b-versatile"", ""temperature"": 0, ""date"": ""2025-10-21T05:58:41.978099+00:00"", ""prompt_version"": ""v1"", ""persona"": ""expert""}"
"('eternityinchristianthought', 'metaphysics')",Eternity in Christian Thought,metaphysics,4,0,phd,v1,v1,"{""model"": ""llama-3.3-70b-versatile"", ""temperature"": 0, ""date"": ""2025-10-21T05:58:42.160569+00:00"", ""prompt_version"": ""v1"", ""persona"": ""phd""}"
"('eternityinchristianthought', 'metaphysics')",Eternity in Christian Thought,metaphysics,3,0,null,v1,v1,"{""model"": ""llama-3.3-70b-versatile"", ""temperature"": 0, ""date"": ""2025-10-21T05:58:42.348264+00:00"", ""prompt_version"": ""v1"", ""persona"": ""null""}"
"('historyoflogic', 'logicandgames')",logic and games,history of logic,2,1,novice,v1,v1,"{""model"": ""llama-3.3-70b-versatile"", ""temperature"": 0, ""date"": ""2025-10-21T05:58:42.555442+00:00"", ""prompt_version"": ""v1"", ""persona"": ""novice""}"
"('historyoflogic', 'logicandgames')",logic and games,history of logic,2,0,phd,v1,v1,"{""model"": ""llama-3.3-70b-versatile"", ""temperature"": 0, ""date"": ""2025-10-21T05:58:42.758840+00:00"", ""prompt_version"": ""v1"", ""persona"": ""phd""}"
"('historyoflogic', 'logicandgames')",logic and games,history of logic,2,1,null,v1,v1,"{""model"": ""llama-3.3-70b-versatile"", ""temperature"": 0, ""date"": ""2025-10-21T05:58:42.935895+00:00"", ""prompt_version"": ""v1"", ""persona"": ""null""}"
"('philosophyofmind', 'realismandantirealism')",realism and anti-realism,philosophy of mind,2,0,expert,v1,v1,"{""model"": ""llama-3.3-70b-versatile"", ""temperature"": 0, ""date"": ""2025-10-21T05:58:43.088148+00:00"", ""prompt_version"": ""v1"", ""persona"": ""expert""}"
"('philosophyofmind', 'realismandantirealism')",realism and anti-realism,philosophy of mind,3,0,phd,v1,v1,"{""model"": ""llama-3.3-70b-versatile"", ""temperature"": 0, ""date"": ""2025-10-21T05:58:43.253136+00:00"", ""prompt_version"": ""v1"", ""persona"": ""phd""}"
"('philosophyofmind', 'realismandantirealism')",realism and anti-realism,philosophy of mind,2,0,null,v1,v1,"{""model"": ""llama-3.3-70b-versatile"", ""temperature"": 0, ""date"": ""2025-10-21T05:58:43.454728+00:00"", ""prompt_version"": ""v1"", ""persona"": ""null""}"
"('falsificationism', 'scientificmethodology')",falsificationism,scientific methodology,4,0,novice,v1,v1,"{""model"": ""llama-3.3-70b-versatile"", ""temperature"": 0, ""date"": ""2025-10-21T05:58:43.601424+00:00"", ""prompt_version"": ""v1"", ""persona"": ""novice""}"
"('falsificationism', 'scientificmethodology')",falsificationism,scientific methodology,4,0,phd,v1,v1,"{""model"": ""llama-3.3-70b-versatile"", ""temperature"": 0, ""date"": ""2025-10-21T05:58:43.754272+00:00"", ""prompt_version"": ""v1"", ""persona"": ""phd""}"
"('falsificationism', 'scientificmethodology')",falsificationism,scientific methodology,4,0,null,v1,v1,"{""model"": ""llama-3.3-70b-versatile"", ""temperature"": 0, ""date"": ""2025-10-21T05:58:43.895976+00:00"", ""prompt_version"": ""v1"", ""persona"": ""null""}"
"('perception', 'psychologicalrelation')",psychological relation,perception,4,1,expert,v1,v1,"{""model"": ""llama-3.3-70b-versatile"", ""temperature"": 0, ""date"": ""2025-10-21T05:58:44.060223+00:00"", ""prompt_version"": ""v1"", ""persona"": ""expert""}"
"('perception', 'psychologicalrelation')",psychological relation,perception,3,1,phd,v1,v1,"{""model"": ""llama-3.3-70b-versatile"", ""temperature"": 0, ""date"": ""2025-10-21T05:58:44.200234+00:00"", ""prompt_version"": ""v1"", ""persona"": ""phd""}"
"('perception', 'psychologicalrelation')",psychological relation,perception,2,1,null,v1,v1,"{""model"": ""llama-3.3-70b-versatile"", ""temperature"": 0, ""date"": ""2025-10-21T05:58:44.462097+00:00"", ""prompt_version"": ""v1"", ""persona"": ""null""}"
"('philosophyofscienceandthesciences', 'probability')",probability,philosophy of science and the sciences,3,0,expert,v1,v1,"{""model"": ""llama-3.3-70b-versatile"", ""temperature"": 0, ""date"": ""2025-10-21T05:58:44.642886+00:00"", ""prompt_version"": ""v1"", ""persona"": ""expert""}"
"('philosophyofscienceandthesciences', 'probability')",probability,philosophy of science and the sciences,3,0,phd,v1,v1,"{""model"": ""llama-3.3-70b-versatile"", ""temperature"": 0, ""date"": ""2025-10-21T05:58:44.803332+00:00"", ""prompt_version"": ""v1"", ""persona"": ""phd""}"
"('philosophyofscienceandthesciences', 'probability')",probability,philosophy of science and the sciences,2,0,null,v1,v1,"{""model"": ""llama-3.3-70b-versatile"", ""temperature"": 0, ""date"": ""2025-10-21T05:58:44.962656+00:00"", ""prompt_version"": ""v1"", ""persona"": ""null""}"
"('ethics', 'socialcontract')",social contract,ethics,4,0,expert,v1,v1,"{""model"": ""llama-3.3-70b-versatile"", ""temperature"": 0, ""date"": ""2025-10-21T05:58:45.155161+00:00"", ""prompt_version"": ""v1"", ""persona"": ""expert""}"
"('ethics', 'socialcontract')",social contract,ethics,3,0,phd,v1,v1,"{""model"": ""llama-3.3-70b-versatile"", ""temperature"": 0, ""date"": ""2025-10-21T05:58:45.333866+00:00"", ""prompt_version"": ""v1"", ""persona"": ""phd""}"
"('ethics', 'socialcontract')",social contract,ethics,2,0,null,v1,v1,"{""model"": ""llama-3.3-70b-versatile"", ""temperature"": 0, ""date"": ""2025-10-21T05:58:45.495523+00:00"", ""prompt_version"": ""v1"", ""persona"": ""null""}"
"('epistemology', 'philosophyofbiology')",philosophy of biology,epistemology,2,0,expert,v1,v1,"{""model"": ""llama-3.3-70b-versatile"", ""temperature"": 0, ""date"": ""2025-10-21T05:58:45.642411+00:00"", ""prompt_version"": ""v1"", ""persona"": ""expert""}"
"('epistemology', 'philosophyofbiology')",philosophy of biology,epistemology,2,0,phd,v1,v1,"{""model"": ""llama-3.3-70b-versatile"", ""temperature"": 0, ""date"": ""2025-10-21T05:58:45.827256+00:00"", ""prompt_version"": ""v1"", ""persona"": ""phd""}"
"('epistemology', 'philosophyofbiology')",philosophy of biology,epistemology,2,0,null,v1,v1,"{""model"": ""llama-3.3-70b-versatile"", ""temperature"": 0, ""date"": ""2025-10-21T05:58:45.992847+00:00"", ""prompt_version"": ""v1"", ""persona"": ""null""}"
"('identityofindiscernibles', 'metaphysics')",identity of indiscernibles,metaphysics,4,0,expert,v1,v1,"{""model"": ""llama-3.3-70b-versatile"", ""temperature"": 0, ""date"": ""2025-10-21T05:58:46.152638+00:00"", ""prompt_version"": ""v1"", ""persona"": ""expert""}"
"('identityofindiscernibles', 'metaphysics')",identity of indiscernibles,metaphysics,4,0,phd,v1,v1,"{""model"": ""llama-3.3-70b-versatile"", ""temperature"": 0, ""date"": ""2025-10-21T05:58:46.318820+00:00"", ""prompt_version"": ""v1"", ""persona"": ""phd""}"
"('identityofindiscernibles', 'metaphysics')",identity of indiscernibles,metaphysics,4,0,null,v1,v1,"{""model"": ""llama-3.3-70b-versatile"", ""temperature"": 0, ""date"": ""2025-10-21T05:58:46.471261+00:00"", ""prompt_version"": ""v1"", ""persona"": ""null""}"
"('backwardcausation', 'causation')",backward causation,causation,4,0,expert,v1,v1,"{""model"": ""llama-3.3-70b-versatile"", ""temperature"": 0, ""date"": ""2025-10-21T05:58:46.615977+00:00"", ""prompt_version"": ""v1"", ""persona"": ""expert""}"
"('backwardcausation', 'causation')",backward causation,causation,4,0,phd,v1,v1,"{""model"": ""llama-3.3-70b-versatile"", ""temperature"": 0, ""date"": ""2025-10-21T05:58:46.756866+00:00"", ""prompt_version"": ""v1"", ""persona"": ""phd""}"
"('backwardcausation', 'causation')",backward causation,causation,4,0,null,v1,v1,"{""model"": ""llama-3.3-70b-versatile"", ""temperature"": 0, ""date"": ""2025-10-21T05:58:46.904631+00:00"", ""prompt_version"": ""v1"", ""persona"": ""null""}"
"('aestheticsandphilosophyofart', 'philosophyofcomposition')",aesthetics and philosophy of art,philosophy of composition,4,1,course_taker,v1,v1,"{""model"": ""llama-3.3-70b-versatile"", ""temperature"": 0, ""date"": ""2025-10-21T05:58:47.136371+00:00"", ""prompt_version"": ""v1"", ""persona"": ""course_taker""}"
"('aestheticsandphilosophyofart', 'philosophyofcomposition')",aesthetics and philosophy of art,philosophy of composition,4,1,phd,v1,v1,"{""model"": ""llama-3.3-70b-versatile"", ""temperature"": 0, ""date"": ""2025-10-21T05:58:47.306884+00:00"", ""prompt_version"": ""v1"", ""persona"": ""phd""}"
"('aestheticsandphilosophyofart', 'philosophyofcomposition')",aesthetics and philosophy of art,philosophy of composition,4,1,null,v1,v1,"{""model"": ""llama-3.3-70b-versatile"", ""temperature"": 0, ""date"": ""2025-10-21T05:58:47.486217+00:00"", ""prompt_version"": ""v1"", ""persona"": ""null""}"
"('epistemology', 'scientificmethodology')",scientific methodology,epistemology,4,0,expert,v1,v1,"{""model"": ""llama-3.3-70b-versatile"", ""temperature"": 0, ""date"": ""2025-10-21T05:58:47.635785+00:00"", ""prompt_version"": ""v1"", ""persona"": ""expert""}"
"('epistemology', 'scientificmethodology')",scientific methodology,epistemology,4,0,phd,v1,v1,"{""model"": ""llama-3.3-70b-versatile"", ""temperature"": 0, ""date"": ""2025-10-21T05:58:47.783328+00:00"", ""prompt_version"": ""v1"", ""persona"": ""phd""}"
"('epistemology', 'scientificmethodology')",scientific methodology,epistemology,4,0,null,v1,v1,"{""model"": ""llama-3.3-70b-versatile"", ""temperature"": 0, ""date"": ""2025-10-21T05:58:47.936935+00:00"", ""prompt_version"": ""v1"", ""persona"": ""null""}"
"('animalcognition', 'cognitivescience')",animal cognition,cognitive science,4,0,expert,v1,v1,"{""model"": ""llama-3.3-70b-versatile"", ""temperature"": 0, ""date"": ""2025-10-21T05:58:48.085275+00:00"", ""prompt_version"": ""v1"", ""persona"": ""expert""}"
"('animalcognition', 'cognitivescience')",animal cognition,cognitive science,4,0,phd,v1,v1,"{""model"": ""llama-3.3-70b-versatile"", ""temperature"": 0, ""date"": ""2025-10-21T05:58:48.240459+00:00"", ""prompt_version"": ""v1"", ""persona"": ""phd""}"
"('animalcognition', 'cognitivescience')",animal cognition,cognitive science,4,0,null,v1,v1,"{""model"": ""llama-3.3-70b-versatile"", ""temperature"": 0, ""date"": ""2025-10-21T05:58:48.399327+00:00"", ""prompt_version"": ""v1"", ""persona"": ""null""}"
"('argumentsfortheexistenceofgod', 'philosophyofreligion')",arguments for the existence of god,philosophy of religion,4,0,expert,v1,v1,"{""model"": ""llama-3.3-70b-versatile"", ""temperature"": 0, ""date"": ""2025-10-21T05:58:48.630488+00:00"", ""prompt_version"": ""v1"", ""persona"": ""expert""}"
"('argumentsfortheexistenceofgod', 'philosophyofreligion')",arguments for the existence of god,philosophy of religion,4,0,phd,v1,v1,"{""model"": ""llama-3.3-70b-versatile"", ""temperature"": 0, ""date"": ""2025-10-21T05:58:48.818653+00:00"", ""prompt_version"": ""v1"", ""persona"": ""phd""}"
"('argumentsfortheexistenceofgod', 'philosophyofreligion')",arguments for the existence of god,philosophy of religion,4,0,null,v1,v1,"{""model"": ""llama-3.3-70b-versatile"", ""temperature"": 0, ""date"": ""2025-10-21T05:58:49.000477+00:00"", ""prompt_version"": ""v1"", ""persona"": ""null""}"
"('identityandindividualityinquantumtheory', 'metaphysics')",identity and individuality in quantum theory,metaphysics,4,0,expert,v1,v1,"{""model"": ""llama-3.3-70b-versatile"", ""temperature"": 0, ""date"": ""2025-10-21T05:58:49.179745+00:00"", ""prompt_version"": ""v1"", ""persona"": ""expert""}"
"('identityandindividualityinquantumtheory', 'metaphysics')",identity and individuality in quantum theory,metaphysics,4,0,phd,v1,v1,"{""model"": ""llama-3.3-70b-versatile"", ""temperature"": 0, ""date"": ""2025-10-21T05:58:49.358377+00:00"", ""prompt_version"": ""v1"", ""persona"": ""phd""}"
"('identityandindividualityinquantumtheory', 'metaphysics')",identity and individuality in quantum theory,metaphysics,3,0,null,v1,v1,"{""model"": ""llama-3.3-70b-versatile"", ""temperature"": 0, ""date"": ""2025-10-21T05:58:49.527799+00:00"", ""prompt_version"": ""v1"", ""persona"": ""null""}"
"('mentalstate', 'philosophyofmind')",mental state,philosophy of mind,4,0,expert,v1,v1,"{""model"": ""llama-3.3-70b-versatile"", ""temperature"": 0, ""date"": ""2025-10-21T05:58:49.689490+00:00"", ""prompt_version"": ""v1"", ""persona"": ""expert""}"
"('mentalstate', 'philosophyofmind')",mental state,philosophy of mind,4,0,phd,v1,v1,"{""model"": ""llama-3.3-70b-versatile"", ""temperature"": 0, ""date"": ""2025-10-21T05:58:49.845351+00:00"", ""prompt_version"": ""v1"", ""persona"": ""phd""}"
"('mentalstate', 'philosophyofmind')",mental state,philosophy of mind,4,0,null,v1,v1,"{""model"": ""llama-3.3-70b-versatile"", ""temperature"": 0, ""date"": ""2025-10-21T05:58:50.004405+00:00"", ""prompt_version"": ""v1"", ""persona"": ""null""}"
"('philosophyofmathematics', 'philosophyofscience')",philosophy of mathematics,philosophy of science,3,0,expert,v1,v1,"{""model"": ""llama-3.3-70b-versatile"", ""temperature"": 0, ""date"": ""2025-10-21T05:58:50.187814+00:00"", ""prompt_version"": ""v1"", ""persona"": ""expert""}"
"('philosophyofmathematics', 'philosophyofscience')",philosophy of mathematics,philosophy of science,3,0,phd,v1,v1,"{""model"": ""llama-3.3-70b-versatile"", ""temperature"": 0, ""date"": ""2025-10-21T05:58:50.375167+00:00"", ""prompt_version"": ""v1"", ""persona"": ""phd""}"
"('philosophyofmathematics', 'philosophyofscience')",philosophy of mathematics,philosophy of science,3,0,null,v1,v1,"{""model"": ""llama-3.3-70b-versatile"", ""temperature"": 0, ""date"": ""2025-10-21T05:58:50.562508+00:00"", ""prompt_version"": ""v1"", ""persona"": ""null""}"
"('monotheism', 'philosophyofreligion')",monotheism,philosophy of religion,4,0,expert,v1,v1,"{""model"": ""llama-3.3-70b-versatile"", ""temperature"": 0, ""date"": ""2025-10-21T05:58:50.750886+00:00"", ""prompt_version"": ""v1"", ""persona"": ""expert""}"
"('monotheism', 'philosophyofreligion')",monotheism,philosophy of religion,4,0,phd,v1,v1,"{""model"": ""llama-3.3-70b-versatile"", ""temperature"": 0, ""date"": ""2025-10-21T05:58:51.001879+00:00"", ""prompt_version"": ""v1"", ""persona"": ""phd""}"
"('monotheism', 'philosophyofreligion')",monotheism,philosophy of religion,3,0,null,v1,v1,"{""model"": ""llama-3.3-70b-versatile"", ""temperature"": 0, ""date"": ""2025-10-21T05:58:51.207757+00:00"", ""prompt_version"": ""v1"", ""persona"": ""null""}"
"('logicandlanguage', 'philosophyofmind')",logic and language,philosophy of mind,2,0,expert,v1,v1,"{""model"": ""llama-3.3-70b-versatile"", ""temperature"": 0, ""date"": ""2025-10-21T05:58:51.380008+00:00"", ""prompt_version"": ""v1"", ""persona"": ""expert""}"
"('logicandlanguage', 'philosophyofmind')",logic and language,philosophy of mind,2,0,phd,v1,v1,"{""model"": ""llama-3.3-70b-versatile"", ""temperature"": 0, ""date"": ""2025-10-21T05:58:51.558719+00:00"", ""prompt_version"": ""v1"", ""persona"": ""phd""}"
"('logicandlanguage', 'philosophyofmind')",logic and language,philosophy of mind,2,0,null,v1,v1,"{""model"": ""llama-3.3-70b-versatile"", ""temperature"": 0, ""date"": ""2025-10-21T05:58:51.703410+00:00"", ""prompt_version"": ""v1"", ""persona"": ""null""}"
"('chineseroomargument', 'philosophyofmind')",chinese room argument,philosophy of mind,4,0,expert,v1,v1,"{""model"": ""llama-3.3-70b-versatile"", ""temperature"": 0, ""date"": ""2025-10-21T05:58:51.860069+00:00"", ""prompt_version"": ""v1"", ""persona"": ""expert""}"
"('chineseroomargument', 'philosophyofmind')",chinese room argument,philosophy of mind,4,0,phd,v1,v1,"{""model"": ""llama-3.3-70b-versatile"", ""temperature"": 0, ""date"": ""2025-10-21T05:58:52.042384+00:00"", ""prompt_version"": ""v1"", ""persona"": ""phd""}"
"('chineseroomargument', 'philosophyofmind')",chinese room argument,philosophy of mind,4,0,null,v1,v1,"{""model"": ""llama-3.3-70b-versatile"", ""temperature"": 0, ""date"": ""2025-10-21T05:58:52.257386+00:00"", ""prompt_version"": ""v1"", ""persona"": ""null""}"
"('neutralmonism', 'philosophyofmind')",neutral monism,philosophy of mind,4,0,expert,v1,v1,"{""model"": ""llama-3.3-70b-versatile"", ""temperature"": 0, ""date"": ""2025-10-21T05:58:52.457878+00:00"", ""prompt_version"": ""v1"", ""persona"": ""expert""}"
"('neutralmonism', 'philosophyofmind')",neutral monism,philosophy of mind,4,0,phd,v1,v1,"{""model"": ""llama-3.3-70b-versatile"", ""temperature"": 0, ""date"": ""2025-10-21T05:58:52.645356+00:00"", ""prompt_version"": ""v1"", ""persona"": ""phd""}"
"('neutralmonism', 'philosophyofmind')",neutral monism,philosophy of mind,4,0,null,v1,v1,"{""model"": ""llama-3.3-70b-versatile"", ""temperature"": 0, ""date"": ""2025-10-21T05:58:52.835436+00:00"", ""prompt_version"": ""v1"", ""persona"": ""null""}"
"('consciousness', 'phenomenologicalapproachestoselfconsciousness')",phenomenological approaches to self-consciousness,consciousness,4,0,expert,v1,v1,"{""model"": ""llama-3.3-70b-versatile"", ""temperature"": 0, ""date"": ""2025-10-21T05:58:52.999836+00:00"", ""prompt_version"": ""v1"", ""persona"": ""expert""}"
"('consciousness', 'phenomenologicalapproachestoselfconsciousness')",phenomenological approaches to self-consciousness,consciousness,4,0,phd,v1,v1,"{""model"": ""llama-3.3-70b-versatile"", ""temperature"": 0, ""date"": ""2025-10-21T05:58:53.145621+00:00"", ""prompt_version"": ""v1"", ""persona"": ""phd""}"
"('consciousness', 'phenomenologicalapproachestoselfconsciousness')",phenomenological approaches to self-consciousness,consciousness,4,0,null,v1,v1,"{""model"": ""llama-3.3-70b-versatile"", ""temperature"": 0, ""date"": ""2025-10-21T05:58:53.322771+00:00"", ""prompt_version"": ""v1"", ""persona"": ""null""}"
"('omniscience', 'philosophyofreligion')",omniscience,philosophy of religion,4,0,expert,v1,v1,"{""model"": ""llama-3.3-70b-versatile"", ""temperature"": 0, ""date"": ""2025-10-21T05:58:53.470149+00:00"", ""prompt_version"": ""v1"", ""persona"": ""expert""}"
"('omniscience', 'philosophyofreligion')",omniscience,philosophy of religion,4,0,phd,v1,v1,"{""model"": ""llama-3.3-70b-versatile"", ""temperature"": 0, ""date"": ""2025-10-21T05:58:53.623269+00:00"", ""prompt_version"": ""v1"", ""persona"": ""phd""}"
"('omniscience', 'philosophyofreligion')",omniscience,philosophy of religion,3,0,null,v1,v1,"{""model"": ""llama-3.3-70b-versatile"", ""temperature"": 0, ""date"": ""2025-10-21T05:58:53.794763+00:00"", ""prompt_version"": ""v1"", ""persona"": ""null""}"
"('epistemeandtechne', 'metaphysics')",episteme and techne,metaphysics,2,0,expert,v1,v1,"{""model"": ""llama-3.3-70b-versatile"", ""temperature"": 0, ""date"": ""2025-10-21T05:58:53.955868+00:00"", ""prompt_version"": ""v1"", ""persona"": ""expert""}"
"('epistemeandtechne', 'metaphysics')",episteme and techne,metaphysics,2,0,phd,v1,v1,"{""model"": ""llama-3.3-70b-versatile"", ""temperature"": 0, ""date"": ""2025-10-21T05:58:54.148044+00:00"", ""prompt_version"": ""v1"", ""persona"": ""phd""}"
"('epistemeandtechne', 'metaphysics')",episteme and techne,metaphysics,2,0,null,v1,v1,"{""model"": ""llama-3.3-70b-versatile"", ""temperature"": 0, ""date"": ""2025-10-21T05:58:54.347824+00:00"", ""prompt_version"": ""v1"", ""persona"": ""null""}"
"('aristotleandmathematics', 'philosophyofmathematics')",aristotle and mathematics,philosophy of mathematics,3,0,course_taker,v1,v1,"{""model"": ""llama-3.3-70b-versatile"", ""temperature"": 0, ""date"": ""2025-10-21T05:58:54.499499+00:00"", ""prompt_version"": ""v1"", ""persona"": ""course_taker""}"
"('aristotleandmathematics', 'philosophyofmathematics')",aristotle and mathematics,philosophy of mathematics,4,0,phd,v1,v1,"{""model"": ""llama-3.3-70b-versatile"", ""temperature"": 0, ""date"": ""2025-10-21T05:58:54.676735+00:00"", ""prompt_version"": ""v1"", ""persona"": ""phd""}"
"('aristotleandmathematics', 'philosophyofmathematics')",aristotle and mathematics,philosophy of mathematics,4,0,null,v1,v1,"{""model"": ""llama-3.3-70b-versatile"", ""temperature"": 0, ""date"": ""2025-10-21T05:58:54.863922+00:00"", ""prompt_version"": ""v1"", ""persona"": ""null""}"
"('logic', 'philosophyofcomputerscience')",philosophy of computer science,logic,4,0,course_taker,v1,v1,"{""model"": ""llama-3.3-70b-versatile"", ""temperature"": 0, ""date"": ""2025-10-21T05:58:55.059522+00:00"", ""prompt_version"": ""v1"", ""persona"": ""course_taker""}"
"('logic', 'philosophyofcomputerscience')",philosophy of computer science,logic,4,0,phd,v1,v1,"{""model"": ""llama-3.3-70b-versatile"", ""temperature"": 0, ""date"": ""2025-10-21T05:58:55.237730+00:00"", ""prompt_version"": ""v1"", ""persona"": ""phd""}"
"('logic', 'philosophyofcomputerscience')",philosophy of computer science,logic,3,0,null,v1,v1,"{""model"": ""llama-3.3-70b-versatile"", ""temperature"": 0, ""date"": ""2025-10-21T05:58:55.422916+00:00"", ""prompt_version"": ""v1"", ""persona"": ""null""}"
"('thinkingmachine', 'turingtest')",thinking machine,turing test,4,1,course_taker,v1,v1,"{""model"": ""llama-3.3-70b-versatile"", ""temperature"": 0, ""date"": ""2025-10-21T05:58:55.577904+00:00"", ""prompt_version"": ""v1"", ""persona"": ""course_taker""}"
"('thinkingmachine', 'turingtest')",thinking machine,turing test,4,1,phd,v1,v1,"{""model"": ""llama-3.3-70b-versatile"", ""temperature"": 0, ""date"": ""2025-10-21T05:58:55.719259+00:00"", ""prompt_version"": ""v1"", ""persona"": ""phd""}"
"('thinkingmachine', 'turingtest')",thinking machine,turing test,4,1,null,v1,v1,"{""model"": ""llama-3.3-70b-versatile"", ""temperature"": 0, ""date"": ""2025-10-21T05:58:55.863159+00:00"", ""prompt_version"": ""v1"", ""persona"": ""null""}"
"('mentalrepresentationinmedievalphilosophy', 'philosophyofmind')",mental representation in medieval philosophy,philosophy of mind,4,0,expert,v1,v1,"{""model"": ""llama-3.3-70b-versatile"", ""temperature"": 0, ""date"": ""2025-10-21T05:58:56.051778+00:00"", ""prompt_version"": ""v1"", ""persona"": ""expert""}"
"('mentalrepresentationinmedievalphilosophy', 'philosophyofmind')",mental representation in medieval philosophy,philosophy of mind,4,0,phd,v1,v1,"{""model"": ""llama-3.3-70b-versatile"", ""temperature"": 0, ""date"": ""2025-10-21T05:58:56.207330+00:00"", ""prompt_version"": ""v1"", ""persona"": ""phd""}"
"('mentalrepresentationinmedievalphilosophy', 'philosophyofmind')",mental representation in medieval philosophy,philosophy of mind,4,0,null,v1,v1,"{""model"": ""llama-3.3-70b-versatile"", ""temperature"": 0, ""date"": ""2025-10-21T05:58:56.360330+00:00"", ""prompt_version"": ""v1"", ""persona"": ""null""}"
"('epistemology', 'philosophyofnature')",philosophy of nature,epistemology,2,1,expert,v1,v1,"{""model"": ""llama-3.3-70b-versatile"", ""temperature"": 0, ""date"": ""2025-10-21T05:58:56.518595+00:00"", ""prompt_version"": ""v1"", ""persona"": ""expert""}"
"('epistemology', 'philosophyofnature')",philosophy of nature,epistemology,2,1,phd,v1,v1,"{""model"": ""llama-3.3-70b-versatile"", ""temperature"": 0, ""date"": ""2025-10-21T05:58:56.705063+00:00"", ""prompt_version"": ""v1"", ""persona"": ""phd""}"
"('epistemology', 'philosophyofnature')",philosophy of nature,epistemology,2,1,null,v1,v1,"{""model"": ""llama-3.3-70b-versatile"", ""temperature"": 0, ""date"": ""2025-10-21T05:58:56.849238+00:00"", ""prompt_version"": ""v1"", ""persona"": ""null""}"
"('philosophyofreligion', 'religionandmorality')",religion and morality,philosophy of religion,4,1,expert,v1,v1,"{""model"": ""llama-3.3-70b-versatile"", ""temperature"": 0, ""date"": ""2025-10-21T05:58:57.010057+00:00"", ""prompt_version"": ""v1"", ""persona"": ""expert""}"
"('philosophyofreligion', 'religionandmorality')",religion and morality,philosophy of religion,4,0,phd,v1,v1,"{""model"": ""llama-3.3-70b-versatile"", ""temperature"": 0, ""date"": ""2025-10-21T05:58:57.170676+00:00"", ""prompt_version"": ""v1"", ""persona"": ""phd""}"
"('philosophyofreligion', 'religionandmorality')",religion and morality,philosophy of religion,4,1,null,v1,v1,"{""model"": ""llama-3.3-70b-versatile"", ""temperature"": 0, ""date"": ""2025-10-21T05:58:57.370634+00:00"", ""prompt_version"": ""v1"", ""persona"": ""null""}"
"('philosophyoflanguage', 'privatelanguage')",private language,philosophy of language,4,0,expert,v1,v1,"{""model"": ""llama-3.3-70b-versatile"", ""temperature"": 0, ""date"": ""2025-10-21T05:58:57.563425+00:00"", ""prompt_version"": ""v1"", ""persona"": ""expert""}"
"('philosophyoflanguage', 'privatelanguage')",private language,philosophy of language,4,0,phd,v1,v1,"{""model"": ""llama-3.3-70b-versatile"", ""temperature"": 0, ""date"": ""2025-10-21T05:58:57.737291+00:00"", ""prompt_version"": ""v1"", ""persona"": ""phd""}"
"('philosophyoflanguage', 'privatelanguage')",private language,philosophy of language,4,0,null,v1,v1,"{""model"": ""llama-3.3-70b-versatile"", ""temperature"": 0, ""date"": ""2025-10-21T05:58:57.926141+00:00"", ""prompt_version"": ""v1"", ""persona"": ""null""}"
"('epistemology', 'indeterminism')",indeterminism,epistemology,2,0,expert,v1,v1,"{""model"": ""llama-3.3-70b-versatile"", ""temperature"": 0, ""date"": ""2025-10-21T05:58:58.119570+00:00"", ""prompt_version"": ""v1"", ""persona"": ""expert""}"
"('epistemology', 'indeterminism')",indeterminism,epistemology,2,0,phd,v1,v1,"{""model"": ""llama-3.3-70b-versatile"", ""temperature"": 0, ""date"": ""2025-10-21T05:58:58.308893+00:00"", ""prompt_version"": ""v1"", ""persona"": ""phd""}"
"('epistemology', 'indeterminism')",indeterminism,epistemology,2,0,null,v1,v1,"{""model"": ""llama-3.3-70b-versatile"", ""temperature"": 0, ""date"": ""2025-10-21T05:58:58.498527+00:00"", ""prompt_version"": ""v1"", ""persona"": ""null""}"
"('evolutionarypsychology', 'philosophyofreligion')",evolutionary psychology,philosophy of religion,1,3,expert,v1,v1,"{""model"": ""llama-3.3-70b-versatile"", ""temperature"": 0, ""date"": ""2025-10-21T05:58:58.647365+00:00"", ""prompt_version"": ""v1"", ""persona"": ""expert""}"
"('evolutionarypsychology', 'philosophyofreligion')",evolutionary psychology,philosophy of religion,1,3,phd,v1,v1,"{""model"": ""llama-3.3-70b-versatile"", ""temperature"": 0, ""date"": ""2025-10-21T05:58:58.805604+00:00"", ""prompt_version"": ""v1"", ""persona"": ""phd""}"
"('evolutionarypsychology', 'philosophyofreligion')",evolutionary psychology,philosophy of religion,1,3,null,v1,v1,"{""model"": ""llama-3.3-70b-versatile"", ""temperature"": 0, ""date"": ""2025-10-21T05:58:58.963584+00:00"", ""prompt_version"": ""v1"", ""persona"": ""null""}"
"('philosophyofmind', 'philosophyofperception')",philosophy of perception,philosophy of mind,4,0,expert,v1,v1,"{""model"": ""llama-3.3-70b-versatile"", ""temperature"": 0, ""date"": ""2025-10-21T05:58:59.139172+00:00"", ""prompt_version"": ""v1"", ""persona"": ""expert""}"
"('philosophyofmind', 'philosophyofperception')",philosophy of perception,philosophy of mind,4,0,phd,v1,v1,"{""model"": ""llama-3.3-70b-versatile"", ""temperature"": 0, ""date"": ""2025-10-21T05:58:59.299775+00:00"", ""prompt_version"": ""v1"", ""persona"": ""phd""}"
"('philosophyofmind', 'philosophyofperception')",philosophy of perception,philosophy of mind,4,0,null,v1,v1,"{""model"": ""llama-3.3-70b-versatile"", ""temperature"": 0, ""date"": ""2025-10-21T05:58:59.447299+00:00"", ""prompt_version"": ""v1"", ""persona"": ""null""}"
"('algebra', 'philosophyofmathematics')",philosophy of mathematics,algebra,3,1,course_taker,v1,v1,"{""model"": ""llama-3.3-70b-versatile"", ""temperature"": 0, ""date"": ""2025-10-21T05:58:59.585379+00:00"", ""prompt_version"": ""v1"", ""persona"": ""course_taker""}"
"('algebra', 'philosophyofmathematics')",philosophy of mathematics,algebra,3,1,phd,v1,v1,"{""model"": ""llama-3.3-70b-versatile"", ""temperature"": 0, ""date"": ""2025-10-21T05:58:59.725432+00:00"", ""prompt_version"": ""v1"", ""persona"": ""phd""}"
"('algebra', 'philosophyofmathematics')",philosophy of mathematics,algebra,2,1,null,v1,v1,"{""model"": ""llama-3.3-70b-versatile"", ""temperature"": 0, ""date"": ""2025-10-21T05:58:59.880477+00:00"", ""prompt_version"": ""v1"", ""persona"": ""null""}"
"('metaphysics', 'philosophyofbiology')",philosophy of biology,metaphysics,3,0,expert,v1,v1,"{""model"": ""llama-3.3-70b-versatile"", ""temperature"": 0, ""date"": ""2025-10-21T05:59:00.029745+00:00"", ""prompt_version"": ""v1"", ""persona"": ""expert""}"
"('metaphysics', 'philosophyofbiology')",philosophy of biology,metaphysics,2,0,phd,v1,v1,"{""model"": ""llama-3.3-70b-versatile"", ""temperature"": 0, ""date"": ""2025-10-21T05:59:00.198977+00:00"", ""prompt_version"": ""v1"", ""persona"": ""phd""}"
"('metaphysics', 'philosophyofbiology')",philosophy of biology,metaphysics,2,0,null,v1,v1,"{""model"": ""llama-3.3-70b-versatile"", ""temperature"": 0, ""date"": ""2025-10-21T05:59:00.361767+00:00"", ""prompt_version"": ""v1"", ""persona"": ""null""}"
"('afterlife', 'eternityoftheworld')",eternity of the world,afterlife,2,3,expert,v1,v1,"{""model"": ""llama-3.3-70b-versatile"", ""temperature"": 0, ""date"": ""2025-10-21T05:59:00.547704+00:00"", ""prompt_version"": ""v1"", ""persona"": ""expert""}"
"('afterlife', 'eternityoftheworld')",eternity of the world,afterlife,2,3,phd,v1,v1,"{""model"": ""llama-3.3-70b-versatile"", ""temperature"": 0, ""date"": ""2025-10-21T05:59:00.729537+00:00"", ""prompt_version"": ""v1"", ""persona"": ""phd""}"
"('afterlife', 'eternityoftheworld')",eternity of the world,afterlife,2,3,null,v1,v1,"{""model"": ""llama-3.3-70b-versatile"", ""temperature"": 0, ""date"": ""2025-10-21T05:59:00.873797+00:00"", ""prompt_version"": ""v1"", ""persona"": ""null""}"
"('artificialintelligence', 'modernhistoryofcomputing')",modern history of computing,artificial intelligence,2,1,expert,v1,v1,"{""model"": ""llama-3.3-70b-versatile"", ""temperature"": 0, ""date"": ""2025-10-21T05:59:01.043540+00:00"", ""prompt_version"": ""v1"", ""persona"": ""expert""}"
"('artificialintelligence', 'modernhistoryofcomputing')",modern history of computing,artificial intelligence,3,1,phd,v1,v1,"{""model"": ""llama-3.3-70b-versatile"", ""temperature"": 0, ""date"": ""2025-10-21T05:59:01.232172+00:00"", ""prompt_version"": ""v1"", ""persona"": ""phd""}"
"('artificialintelligence', 'modernhistoryofcomputing')",modern history of computing,artificial intelligence,3,1,null,v1,v1,"{""model"": ""llama-3.3-70b-versatile"", ""temperature"": 0, ""date"": ""2025-10-21T05:59:01.412267+00:00"", ""prompt_version"": ""v1"", ""persona"": ""null""}"
"('ambiguity', 'epistemology')",ambiguity,epistemology,2,0,expert,v1,v1,"{""model"": ""llama-3.3-70b-versatile"", ""temperature"": 0, ""date"": ""2025-10-21T05:59:01.608488+00:00"", ""prompt_version"": ""v1"", ""persona"": ""expert""}"
"('ambiguity', 'epistemology')",ambiguity,epistemology,2,0,phd,v1,v1,"{""model"": ""llama-3.3-70b-versatile"", ""temperature"": 0, ""date"": ""2025-10-21T05:59:01.809843+00:00"", ""prompt_version"": ""v1"", ""persona"": ""phd""}"
"('ambiguity', 'epistemology')",ambiguity,epistemology,2,0,null,v1,v1,"{""model"": ""llama-3.3-70b-versatile"", ""temperature"": 0, ""date"": ""2025-10-21T05:59:02.007012+00:00"", ""prompt_version"": ""v1"", ""persona"": ""null""}"
"('artificialintelligence', 'frameproblem')",frame problem,artificial intelligence,4,0,expert,v1,v1,"{""model"": ""llama-3.3-70b-versatile"", ""temperature"": 0, ""date"": ""2025-10-21T05:59:02.188485+00:00"", ""prompt_version"": ""v1"", ""persona"": ""expert""}"
"('artificialintelligence', 'frameproblem')",frame problem,artificial intelligence,4,0,phd,v1,v1,"{""model"": ""llama-3.3-70b-versatile"", ""temperature"": 0, ""date"": ""2025-10-21T05:59:02.365747+00:00"", ""prompt_version"": ""v1"", ""persona"": ""phd""}"
"('artificialintelligence', 'frameproblem')",frame problem,artificial intelligence,4,0,null,v1,v1,"{""model"": ""llama-3.3-70b-versatile"", ""temperature"": 0, ""date"": ""2025-10-21T05:59:02.560358+00:00"", ""prompt_version"": ""v1"", ""persona"": ""null""}"
"('consciousnessandcontent', 'perception')",consciousness and content,perception,4,0,expert,v1,v1,"{""model"": ""llama-3.3-70b-versatile"", ""temperature"": 0, ""date"": ""2025-10-21T05:59:02.753428+00:00"", ""prompt_version"": ""v1"", ""persona"": ""expert""}"
"('consciousnessandcontent', 'perception')",consciousness and content,perception,4,0,phd,v1,v1,"{""model"": ""llama-3.3-70b-versatile"", ""temperature"": 0, ""date"": ""2025-10-21T05:59:03.010062+00:00"", ""prompt_version"": ""v1"", ""persona"": ""phd""}"
"('consciousnessandcontent', 'perception')",consciousness and content,perception,3,1,null,v1,v1,"{""model"": ""llama-3.3-70b-versatile"", ""temperature"": 0, ""date"": ""2025-10-21T05:59:03.234427+00:00"", ""prompt_version"": ""v1"", ""persona"": ""null""}"
"('epistemology', 'interpretation')",interpretation,epistemology,3,0,expert,v1,v1,"{""model"": ""llama-3.3-70b-versatile"", ""temperature"": 0, ""date"": ""2025-10-21T05:59:03.419179+00:00"", ""prompt_version"": ""v1"", ""persona"": ""expert""}"
"('epistemology', 'interpretation')",interpretation,epistemology,3,0,phd,v1,v1,"{""model"": ""llama-3.3-70b-versatile"", ""temperature"": 0, ""date"": ""2025-10-21T05:59:03.609776+00:00"", ""prompt_version"": ""v1"", ""persona"": ""phd""}"
"('epistemology', 'interpretation')",interpretation,epistemology,2,0,null,v1,v1,"{""model"": ""llama-3.3-70b-versatile"", ""temperature"": 0, ""date"": ""2025-10-21T05:59:03.778474+00:00"", ""prompt_version"": ""v1"", ""persona"": ""null""}"
"('dualism', 'philosophyofmind')",dualism,philosophy of mind,4,0,expert,v1,v1,"{""model"": ""llama-3.3-70b-versatile"", ""temperature"": 0, ""date"": ""2025-10-21T05:59:03.960436+00:00"", ""prompt_version"": ""v1"", ""persona"": ""expert""}"
"('dualism', 'philosophyofmind')",dualism,philosophy of mind,4,0,phd,v1,v1,"{""model"": ""llama-3.3-70b-versatile"", ""temperature"": 0, ""date"": ""2025-10-21T05:59:04.115556+00:00"", ""prompt_version"": ""v1"", ""persona"": ""phd""}"
"('dualism', 'philosophyofmind')",dualism,philosophy of mind,4,0,null,v1,v1,"{""model"": ""llama-3.3-70b-versatile"", ""temperature"": 0, ""date"": ""2025-10-21T05:59:04.276956+00:00"", ""prompt_version"": ""v1"", ""persona"": ""null""}"
"('cognitivescience', 'philosophiesoftheparticularsciences')",cognitive science,philosophies of the particular sciences,4,0,expert,v1,v1,"{""model"": ""llama-3.3-70b-versatile"", ""temperature"": 0, ""date"": ""2025-10-21T05:59:04.460832+00:00"", ""prompt_version"": ""v1"", ""persona"": ""expert""}"
"('cognitivescience', 'philosophiesoftheparticularsciences')",cognitive science,philosophies of the particular sciences,4,0,phd,v1,v1,"{""model"": ""llama-3.3-70b-versatile"", ""temperature"": 0, ""date"": ""2025-10-21T05:59:04.650801+00:00"", ""prompt_version"": ""v1"", ""persona"": ""phd""}"
"('cognitivescience', 'philosophiesoftheparticularsciences')",cognitive science,philosophies of the particular sciences,2,0,null,v1,v1,"{""model"": ""llama-3.3-70b-versatile"", ""temperature"": 0, ""date"": ""2025-10-21T05:59:04.850182+00:00"", ""prompt_version"": ""v1"", ""persona"": ""null""}"
"('animalcognition', 'perception')",animal cognition,perception,4,0,expert,v1,v1,"{""model"": ""llama-3.3-70b-versatile"", ""temperature"": 0, ""date"": ""2025-10-21T05:59:05.000636+00:00"", ""prompt_version"": ""v1"", ""persona"": ""expert""}"
"('animalcognition', 'perception')",animal cognition,perception,4,0,phd,v1,v1,"{""model"": ""llama-3.3-70b-versatile"", ""temperature"": 0, ""date"": ""2025-10-21T05:59:05.188425+00:00"", ""prompt_version"": ""v1"", ""persona"": ""phd""}"
"('animalcognition', 'perception')",animal cognition,perception,3,0,null,v1,v1,"{""model"": ""llama-3.3-70b-versatile"", ""temperature"": 0, ""date"": ""2025-10-21T05:59:05.394808+00:00"", ""prompt_version"": ""v1"", ""persona"": ""null""}"
"('epistemology', 'virtueepistemology')",virtue epistemology,epistemology,4,0,expert,v1,v1,"{""model"": ""llama-3.3-70b-versatile"", ""temperature"": 0, ""date"": ""2025-10-21T05:59:05.539778+00:00"", ""prompt_version"": ""v1"", ""persona"": ""expert""}"
"('epistemology', 'virtueepistemology')",virtue epistemology,epistemology,4,0,phd,v1,v1,"{""model"": ""llama-3.3-70b-versatile"", ""temperature"": 0, ""date"": ""2025-10-21T05:59:05.728670+00:00"", ""prompt_version"": ""v1"", ""persona"": ""phd""}"
"('epistemology', 'virtueepistemology')",virtue epistemology,epistemology,4,0,null,v1,v1,"{""model"": ""llama-3.3-70b-versatile"", ""temperature"": 0, ""date"": ""2025-10-21T05:59:05.918837+00:00"", ""prompt_version"": ""v1"", ""persona"": ""null""}"
"('mentalcontent', 'theoriesofmentalcontent')",theories of mental content,mental content,4,0,expert,v1,v1,"{""model"": ""llama-3.3-70b-versatile"", ""temperature"": 0, ""date"": ""2025-10-21T05:59:06.105469+00:00"", ""prompt_version"": ""v1"", ""persona"": ""expert""}"
"('mentalcontent', 'theoriesofmentalcontent')",theories of mental content,mental content,4,0,phd,v1,v1,"{""model"": ""llama-3.3-70b-versatile"", ""temperature"": 0, ""date"": ""2025-10-21T05:59:06.288185+00:00"", ""prompt_version"": ""v1"", ""persona"": ""phd""}"
"('mentalcontent', 'theoriesofmentalcontent')",theories of mental content,mental content,4,0,null,v1,v1,"{""model"": ""llama-3.3-70b-versatile"", ""temperature"": 0, ""date"": ""2025-10-21T05:59:06.447011+00:00"", ""prompt_version"": ""v1"", ""persona"": ""null""}"
"('mentalcontent', 'mentalimagery')",mental imagery,mental content,4,0,expert,v1,v1,"{""model"": ""llama-3.3-70b-versatile"", ""temperature"": 0, ""date"": ""2025-10-21T05:59:06.612369+00:00"", ""prompt_version"": ""v1"", ""persona"": ""expert""}"
"('mentalcontent', 'mentalimagery')",mental imagery,mental content,4,0,phd,v1,v1,"{""model"": ""llama-3.3-70b-versatile"", ""temperature"": 0, ""date"": ""2025-10-21T05:59:06.764340+00:00"", ""prompt_version"": ""v1"", ""persona"": ""phd""}"
"('mentalcontent', 'mentalimagery')",mental imagery,mental content,4,0,null,v1,v1,"{""model"": ""llama-3.3-70b-versatile"", ""temperature"": 0, ""date"": ""2025-10-21T05:59:06.911966+00:00"", ""prompt_version"": ""v1"", ""persona"": ""null""}"
"('continentalphilosophy', 'feminism')",feminism,continental philosophy,2,0,expert,v1,v1,"{""model"": ""llama-3.3-70b-versatile"", ""temperature"": 0, ""date"": ""2025-10-21T05:59:07.094612+00:00"", ""prompt_version"": ""v1"", ""persona"": ""expert""}"
"('continentalphilosophy', 'feminism')",feminism,continental philosophy,2,0,phd,v1,v1,"{""model"": ""llama-3.3-70b-versatile"", ""temperature"": 0, ""date"": ""2025-10-21T05:59:07.256585+00:00"", ""prompt_version"": ""v1"", ""persona"": ""phd""}"
"('continentalphilosophy', 'feminism')",feminism,continental philosophy,2,3,null,v1,v1,"{""model"": ""llama-3.3-70b-versatile"", ""temperature"": 0, ""date"": ""2025-10-21T05:59:07.425341+00:00"", ""prompt_version"": ""v1"", ""persona"": ""null""}"
"('epistemology', 'psychiatry')",psychiatry,epistemology,1,3,expert,v1,v1,"{""model"": ""llama-3.3-70b-versatile"", ""temperature"": 0, ""date"": ""2025-10-21T05:59:07.581715+00:00"", ""prompt_version"": ""v1"", ""persona"": ""expert""}"
"('epistemology', 'psychiatry')",psychiatry,epistemology,1,3,phd,v1,v1,"{""model"": ""llama-3.3-70b-versatile"", ""temperature"": 0, ""date"": ""2025-10-21T05:59:07.769463+00:00"", ""prompt_version"": ""v1"", ""persona"": ""phd""}"
"('epistemology', 'psychiatry')",psychiatry,epistemology,1,3,null,v1,v1,"{""model"": ""llama-3.3-70b-versatile"", ""temperature"": 0, ""date"": ""2025-10-21T05:59:07.945664+00:00"", ""prompt_version"": ""v1"", ""persona"": ""null""}"
"('africanandafricanamericanphilosophy', 'africansagephilosophy')",african sage philosophy,african and african-american philosophy,4,0,course_taker,v1,v1,"{""model"": ""llama-3.3-70b-versatile"", ""temperature"": 0, ""date"": ""2025-10-21T05:59:08.127294+00:00"", ""prompt_version"": ""v1"", ""persona"": ""course_taker""}"
"('africanandafricanamericanphilosophy', 'africansagephilosophy')",african sage philosophy,african and african-american philosophy,3,0,phd,v1,v1,"{""model"": ""llama-3.3-70b-versatile"", ""temperature"": 0, ""date"": ""2025-10-21T05:59:08.331622+00:00"", ""prompt_version"": ""v1"", ""persona"": ""phd""}"
"('africanandafricanamericanphilosophy', 'africansagephilosophy')",african sage philosophy,african and african-american philosophy,3,0,null,v1,v1,"{""model"": ""llama-3.3-70b-versatile"", ""temperature"": 0, ""date"": ""2025-10-21T05:59:08.515909+00:00"", ""prompt_version"": ""v1"", ""persona"": ""null""}"
"('molecularbiology', 'philosophyofbiology')",molecular biology,philosophy of biology,3,0,expert,v1,v1,"{""model"": ""llama-3.3-70b-versatile"", ""temperature"": 0, ""date"": ""2025-10-21T05:59:08.703775+00:00"", ""prompt_version"": ""v1"", ""persona"": ""expert""}"
"('molecularbiology', 'philosophyofbiology')",molecular biology,philosophy of biology,3,0,phd,v1,v1,"{""model"": ""llama-3.3-70b-versatile"", ""temperature"": 0, ""date"": ""2025-10-21T05:59:08.879025+00:00"", ""prompt_version"": ""v1"", ""persona"": ""phd""}"
"('molecularbiology', 'philosophyofbiology')",molecular biology,philosophy of biology,2,0,null,v1,v1,"{""model"": ""llama-3.3-70b-versatile"", ""temperature"": 0, ""date"": ""2025-10-21T05:59:09.030649+00:00"", ""prompt_version"": ""v1"", ""persona"": ""null""}"
"('churchturingthesis', 'function')",church-turing thesis,function,4,0,expert,v1,v1,"{""model"": ""llama-3.3-70b-versatile"", ""temperature"": 0, ""date"": ""2025-10-21T05:59:09.191986+00:00"", ""prompt_version"": ""v1"", ""persona"": ""expert""}"
"('churchturingthesis', 'function')",church-turing thesis,function,4,0,phd,v1,v1,"{""model"": ""llama-3.3-70b-versatile"", ""temperature"": 0, ""date"": ""2025-10-21T05:59:09.349903+00:00"", ""prompt_version"": ""v1"", ""persona"": ""phd""}"
"('churchturingthesis', 'function')",church-turing thesis,function,4,0,null,v1,v1,"{""model"": ""llama-3.3-70b-versatile"", ""temperature"": 0, ""date"": ""2025-10-21T05:59:09.511451+00:00"", ""prompt_version"": ""v1"", ""persona"": ""null""}"
"('analysis', 'metaphysics')",analysis,metaphysics,2,0,expert,v1,v1,"{""model"": ""llama-3.3-70b-versatile"", ""temperature"": 0, ""date"": ""2025-10-21T05:59:09.669694+00:00"", ""prompt_version"": ""v1"", ""persona"": ""expert""}"
"('analysis', 'metaphysics')",analysis,metaphysics,2,0,phd,v1,v1,"{""model"": ""llama-3.3-70b-versatile"", ""temperature"": 0, ""date"": ""2025-10-21T05:59:09.835432+00:00"", ""prompt_version"": ""v1"", ""persona"": ""phd""}"
"('analysis', 'metaphysics')",analysis,metaphysics,2,0,null,v1,v1,"{""model"": ""llama-3.3-70b-versatile"", ""temperature"": 0, ""date"": ""2025-10-21T05:59:10.001005+00:00"", ""prompt_version"": ""v1"", ""persona"": ""null""}"
"('philosophyoflanguage', 'syntax')",philosophy of language,syntax,4,1,expert,v1,v1,"{""model"": ""llama-3.3-70b-versatile"", ""temperature"": 0, ""date"": ""2025-10-21T05:59:10.149067+00:00"", ""prompt_version"": ""v1"", ""persona"": ""expert""}"
"('philosophyoflanguage', 'syntax')",philosophy of language,syntax,2,1,phd,v1,v1,"{""model"": ""llama-3.3-70b-versatile"", ""temperature"": 0, ""date"": ""2025-10-21T05:59:10.327937+00:00"", ""prompt_version"": ""v1"", ""persona"": ""phd""}"
"('philosophyoflanguage', 'syntax')",philosophy of language,syntax,3,1,null,v1,v1,"{""model"": ""llama-3.3-70b-versatile"", ""temperature"": 0, ""date"": ""2025-10-21T05:59:10.503782+00:00"", ""prompt_version"": ""v1"", ""persona"": ""null""}"
"('africanandafricanamericanphilosophy', 'race')",race,african and african-american philosophy,4,1,course_taker,v1,v1,"{""model"": ""llama-3.3-70b-versatile"", ""temperature"": 0, ""date"": ""2025-10-21T05:59:10.709002+00:00"", ""prompt_version"": ""v1"", ""persona"": ""course_taker""}"
"('africanandafricanamericanphilosophy', 'race')",race,african and african-american philosophy,4,0,phd,v1,v1,"{""model"": ""llama-3.3-70b-versatile"", ""temperature"": 0, ""date"": ""2025-10-21T05:59:10.901802+00:00"", ""prompt_version"": ""v1"", ""persona"": ""phd""}"
"('africanandafricanamericanphilosophy', 'race')",race,african and african-american philosophy,3,1,null,v1,v1,"{""model"": ""llama-3.3-70b-versatile"", ""temperature"": 0, ""date"": ""2025-10-21T05:59:11.045180+00:00"", ""prompt_version"": ""v1"", ""persona"": ""null""}"
"('cognitivescience', 'languagelearning')",language learning,cognitive science,3,0,expert,v1,v1,"{""model"": ""llama-3.3-70b-versatile"", ""temperature"": 0, ""date"": ""2025-10-21T05:59:11.219798+00:00"", ""prompt_version"": ""v1"", ""persona"": ""expert""}"
"('cognitivescience', 'languagelearning')",language learning,cognitive science,4,0,phd,v1,v1,"{""model"": ""llama-3.3-70b-versatile"", ""temperature"": 0, ""date"": ""2025-10-21T05:59:11.386310+00:00"", ""prompt_version"": ""v1"", ""persona"": ""phd""}"
"('cognitivescience', 'languagelearning')",language learning,cognitive science,2,0,null,v1,v1,"{""model"": ""llama-3.3-70b-versatile"", ""temperature"": 0, ""date"": ""2025-10-21T05:59:11.597849+00:00"", ""prompt_version"": ""v1"", ""persona"": ""null""}"
"('aspectsofconsciousness', 'unityofconsciousness')",unity of consciousness,aspects of consciousness,4,0,expert,v1,v1,"{""model"": ""llama-3.3-70b-versatile"", ""temperature"": 0, ""date"": ""2025-10-21T05:59:11.776134+00:00"", ""prompt_version"": ""v1"", ""persona"": ""expert""}"
"('aspectsofconsciousness', 'unityofconsciousness')",unity of consciousness,aspects of consciousness,4,0,phd,v1,v1,"{""model"": ""llama-3.3-70b-versatile"", ""temperature"": 0, ""date"": ""2025-10-21T05:59:11.924057+00:00"", ""prompt_version"": ""v1"", ""persona"": ""phd""}"
"('aspectsofconsciousness', 'unityofconsciousness')",unity of consciousness,aspects of consciousness,4,0,null,v1,v1,"{""model"": ""llama-3.3-70b-versatile"", ""temperature"": 0, ""date"": ""2025-10-21T05:59:12.097656+00:00"", ""prompt_version"": ""v1"", ""persona"": ""null""}"
"('epistemology', 'transworldidentity')",transworld identity,epistemology,2,0,expert,v1,v1,"{""model"": ""llama-3.3-70b-versatile"", ""temperature"": 0, ""date"": ""2025-10-21T05:59:12.252438+00:00"", ""prompt_version"": ""v1"", ""persona"": ""expert""}"
"('epistemology', 'transworldidentity')",transworld identity,epistemology,1,0,phd,v1,v1,"{""model"": ""llama-3.3-70b-versatile"", ""temperature"": 0, ""date"": ""2025-10-21T05:59:12.404256+00:00"", ""prompt_version"": ""v1"", ""persona"": ""phd""}"
"('epistemology', 'transworldidentity')",transworld identity,epistemology,2,0,null,v1,v1,"{""model"": ""llama-3.3-70b-versatile"", ""temperature"": 0, ""date"": ""2025-10-21T05:59:12.566199+00:00"", ""prompt_version"": ""v1"", ""persona"": ""null""}"
"('judaism', 'philosophyofreligion')",judaism,philosophy of religion,3,0,expert,v1,v1,"{""model"": ""llama-3.3-70b-versatile"", ""temperature"": 0, ""date"": ""2025-10-21T05:59:12.756046+00:00"", ""prompt_version"": ""v1"", ""persona"": ""expert""}"
"('judaism', 'philosophyofreligion')",judaism,philosophy of religion,3,0,phd,v1,v1,"{""model"": ""llama-3.3-70b-versatile"", ""temperature"": 0, ""date"": ""2025-10-21T05:59:12.943932+00:00"", ""prompt_version"": ""v1"", ""persona"": ""phd""}"
"('judaism', 'philosophyofreligion')",judaism,philosophy of religion,3,0,null,v1,v1,"{""model"": ""llama-3.3-70b-versatile"", ""temperature"": 0, ""date"": ""2025-10-21T05:59:13.133053+00:00"", ""prompt_version"": ""v1"", ""persona"": ""null""}"
"('metaphysics', 'processtheism')",process theism,metaphysics,3,0,expert,v1,v1,"{""model"": ""llama-3.3-70b-versatile"", ""temperature"": 0, ""date"": ""2025-10-21T05:59:13.308018+00:00"", ""prompt_version"": ""v1"", ""persona"": ""expert""}"
"('metaphysics', 'processtheism')",process theism,metaphysics,3,0,phd,v1,v1,"{""model"": ""llama-3.3-70b-versatile"", ""temperature"": 0, ""date"": ""2025-10-21T05:59:13.464290+00:00"", ""prompt_version"": ""v1"", ""persona"": ""phd""}"
"('metaphysics', 'processtheism')",process theism,metaphysics,3,0,null,v1,v1,"{""model"": ""llama-3.3-70b-versatile"", ""temperature"": 0, ""date"": ""2025-10-21T05:59:13.653286+00:00"", ""prompt_version"": ""v1"", ""persona"": ""null""}"
"('metaphysics', 'philosophiesoftheparticularsciences')",philosophies of the particular sciences,metaphysics,3,0,expert,v1,v1,"{""model"": ""llama-3.3-70b-versatile"", ""temperature"": 0, ""date"": ""2025-10-21T05:59:13.808710+00:00"", ""prompt_version"": ""v1"", ""persona"": ""expert""}"
"('metaphysics', 'philosophiesoftheparticularsciences')",philosophies of the particular sciences,metaphysics,3,0,phd,v1,v1,"{""model"": ""llama-3.3-70b-versatile"", ""temperature"": 0, ""date"": ""2025-10-21T05:59:14.004227+00:00"", ""prompt_version"": ""v1"", ""persona"": ""phd""}"
"('metaphysics', 'philosophiesoftheparticularsciences')",philosophies of the particular sciences,metaphysics,2,0,null,v1,v1,"{""model"": ""llama-3.3-70b-versatile"", ""temperature"": 0, ""date"": ""2025-10-21T05:59:14.196324+00:00"", ""prompt_version"": ""v1"", ""persona"": ""null""}"
"('creationism', 'philosophyofreligion')",creationism,philosophy of religion,3,0,expert,v1,v1,"{""model"": ""llama-3.3-70b-versatile"", ""temperature"": 0, ""date"": ""2025-10-21T05:59:14.372193+00:00"", ""prompt_version"": ""v1"", ""persona"": ""expert""}"
"('creationism', 'philosophyofreligion')",creationism,philosophy of religion,3,0,phd,v1,v1,"{""model"": ""llama-3.3-70b-versatile"", ""temperature"": 0, ""date"": ""2025-10-21T05:59:14.521768+00:00"", ""prompt_version"": ""v1"", ""persona"": ""phd""}"
"('creationism', 'philosophyofreligion')",creationism,philosophy of religion,3,0,null,v1,v1,"{""model"": ""llama-3.3-70b-versatile"", ""temperature"": 0, ""date"": ""2025-10-21T05:59:14.678511+00:00"", ""prompt_version"": ""v1"", ""persona"": ""null""}"
"('epistemology', 'historyofscience')",history of science,epistemology,2,0,expert,v1,v1,"{""model"": ""llama-3.3-70b-versatile"", ""temperature"": 0, ""date"": ""2025-10-21T05:59:14.825429+00:00"", ""prompt_version"": ""v1"", ""persona"": ""expert""}"
"('epistemology', 'historyofscience')",history of science,epistemology,2,0,phd,v1,v1,"{""model"": ""llama-3.3-70b-versatile"", ""temperature"": 0, ""date"": ""2025-10-21T05:59:14.986191+00:00"", ""prompt_version"": ""v1"", ""persona"": ""phd""}"
"('epistemology', 'historyofscience')",history of science,epistemology,2,0,null,v1,v1,"{""model"": ""llama-3.3-70b-versatile"", ""temperature"": 0, ""date"": ""2025-10-21T05:59:15.140206+00:00"", ""prompt_version"": ""v1"", ""persona"": ""null""}"
"('causation', 'counterfactualtheoriesofcausation')",counterfactual theories of causation,causation,4,0,expert,v1,v1,"{""model"": ""llama-3.3-70b-versatile"", ""temperature"": 0, ""date"": ""2025-10-21T05:59:15.324936+00:00"", ""prompt_version"": ""v1"", ""persona"": ""expert""}"
"('causation', 'counterfactualtheoriesofcausation')",counterfactual theories of causation,causation,4,0,phd,v1,v1,"{""model"": ""llama-3.3-70b-versatile"", ""temperature"": 0, ""date"": ""2025-10-21T05:59:15.478485+00:00"", ""prompt_version"": ""v1"", ""persona"": ""phd""}"
"('causation', 'counterfactualtheoriesofcausation')",counterfactual theories of causation,causation,4,0,null,v1,v1,"{""model"": ""llama-3.3-70b-versatile"", ""temperature"": 0, ""date"": ""2025-10-21T05:59:15.623599+00:00"", ""prompt_version"": ""v1"", ""persona"": ""null""}"
"('consciousnessandintentionality', 'philosophyofmind')",consciousness and intentionality,philosophy of mind,4,0,expert,v1,v1,"{""model"": ""llama-3.3-70b-versatile"", ""temperature"": 0, ""date"": ""2025-10-21T05:59:15.792139+00:00"", ""prompt_version"": ""v1"", ""persona"": ""expert""}"
"('consciousnessandintentionality', 'philosophyofmind')",consciousness and intentionality,philosophy of mind,4,0,phd,v1,v1,"{""model"": ""llama-3.3-70b-versatile"", ""temperature"": 0, ""date"": ""2025-10-21T05:59:15.939831+00:00"", ""prompt_version"": ""v1"", ""persona"": ""phd""}"
"('consciousnessandintentionality', 'philosophyofmind')",consciousness and intentionality,philosophy of mind,4,0,null,v1,v1,"{""model"": ""llama-3.3-70b-versatile"", ""temperature"": 0, ""date"": ""2025-10-21T05:59:16.095715+00:00"", ""prompt_version"": ""v1"", ""persona"": ""null""}"
"('descartesepistemology', 'philosophyofmind')",descartes' epistemology,philosophy of mind,4,0,expert,v1,v1,"{""model"": ""llama-3.3-70b-versatile"", ""temperature"": 0, ""date"": ""2025-10-21T05:59:16.270639+00:00"", ""prompt_version"": ""v1"", ""persona"": ""expert""}"
"('descartesepistemology', 'philosophyofmind')",descartes' epistemology,philosophy of mind,4,0,phd,v1,v1,"{""model"": ""llama-3.3-70b-versatile"", ""temperature"": 0, ""date"": ""2025-10-21T05:59:16.429335+00:00"", ""prompt_version"": ""v1"", ""persona"": ""phd""}"
"('descartesepistemology', 'philosophyofmind')",descartes' epistemology,philosophy of mind,4,0,null,v1,v1,"{""model"": ""llama-3.3-70b-versatile"", ""temperature"": 0, ""date"": ""2025-10-21T05:59:16.618009+00:00"", ""prompt_version"": ""v1"", ""persona"": ""null""}"
"('descartesmodalmetaphysics', 'philosophyofmind')",descartes' modal metaphysics,philosophy of mind,2,0,expert,v1,v1,"{""model"": ""llama-3.3-70b-versatile"", ""temperature"": 0, ""date"": ""2025-10-21T05:59:16.798310+00:00"", ""prompt_version"": ""v1"", ""persona"": ""expert""}"
"('descartesmodalmetaphysics', 'philosophyofmind')",descartes' modal metaphysics,philosophy of mind,2,0,phd,v1,v1,"{""model"": ""llama-3.3-70b-versatile"", ""temperature"": 0, ""date"": ""2025-10-21T05:59:16.991954+00:00"", ""prompt_version"": ""v1"", ""persona"": ""phd""}"
"('descartesmodalmetaphysics', 'philosophyofmind')",descartes' modal metaphysics,philosophy of mind,3,0,null,v1,v1,"{""model"": ""llama-3.3-70b-versatile"", ""temperature"": 0, ""date"": ""2025-10-21T05:59:17.188142+00:00"", ""prompt_version"": ""v1"", ""persona"": ""null""}"
"('cognitivescience', 'explanation')",cognitive science,explanation,2,0,course_taker,v1,v1,"{""model"": ""llama-3.3-70b-versatile"", ""temperature"": 0, ""date"": ""2025-10-21T05:59:17.375431+00:00"", ""prompt_version"": ""v1"", ""persona"": ""course_taker""}"
"('cognitivescience', 'explanation')",cognitive science,explanation,2,0,expert,v1,v1,"{""model"": ""llama-3.3-70b-versatile"", ""temperature"": 0, ""date"": ""2025-10-21T05:59:17.529423+00:00"", ""prompt_version"": ""v1"", ""persona"": ""expert""}"
"('cognitivescience', 'explanation')",cognitive science,explanation,2,0,null,v1,v1,"{""model"": ""llama-3.3-70b-versatile"", ""temperature"": 0, ""date"": ""2025-10-21T05:59:17.697963+00:00"", ""prompt_version"": ""v1"", ""persona"": ""null""}"
"('philosophyofmind', 'probability')",probability,philosophy of mind,1,3,expert,v1,v1,"{""model"": ""llama-3.3-70b-versatile"", ""temperature"": 0, ""date"": ""2025-10-21T05:59:17.897294+00:00"", ""prompt_version"": ""v1"", ""persona"": ""expert""}"
"('philosophyofmind', 'probability')",probability,philosophy of mind,1,3,phd,v1,v1,"{""model"": ""llama-3.3-70b-versatile"", ""temperature"": 0, ""date"": ""2025-10-21T05:59:18.061331+00:00"", ""prompt_version"": ""v1"", ""persona"": ""phd""}"
"('philosophyofmind', 'probability')",probability,philosophy of mind,1,3,null,v1,v1,"{""model"": ""llama-3.3-70b-versatile"", ""temperature"": 0, ""date"": ""2025-10-21T05:59:18.209413+00:00"", ""prompt_version"": ""v1"", ""persona"": ""null""}"
"('dadaism', 'perception')",dadaism,perception,2,0,expert,v1,v1,"{""model"": ""llama-3.3-70b-versatile"", ""temperature"": 0, ""date"": ""2025-10-21T05:59:18.358787+00:00"", ""prompt_version"": ""v1"", ""persona"": ""expert""}"
"('dadaism', 'perception')",dadaism,perception,1,3,phd,v1,v1,"{""model"": ""llama-3.3-70b-versatile"", ""temperature"": 0, ""date"": ""2025-10-21T05:59:18.514423+00:00"", ""prompt_version"": ""v1"", ""persona"": ""phd""}"
"('dadaism', 'perception')",dadaism,perception,2,0,null,v1,v1,"{""model"": ""llama-3.3-70b-versatile"", ""temperature"": 0, ""date"": ""2025-10-21T05:59:18.711660+00:00"", ""prompt_version"": ""v1"", ""persona"": ""null""}"
"('cognitivescience', 'computationaltheoryofmind')",computational theory of mind,cognitive science,4,0,expert,v1,v1,"{""model"": ""llama-3.3-70b-versatile"", ""temperature"": 0, ""date"": ""2025-10-21T05:59:18.898936+00:00"", ""prompt_version"": ""v1"", ""persona"": ""expert""}"
"('cognitivescience', 'computationaltheoryofmind')",computational theory of mind,cognitive science,4,0,phd,v1,v1,"{""model"": ""llama-3.3-70b-versatile"", ""temperature"": 0, ""date"": ""2025-10-21T05:59:19.074461+00:00"", ""prompt_version"": ""v1"", ""persona"": ""phd""}"
"('cognitivescience', 'computationaltheoryofmind')",computational theory of mind,cognitive science,4,0,null,v1,v1,"{""model"": ""llama-3.3-70b-versatile"", ""temperature"": 0, ""date"": ""2025-10-21T05:59:19.251761+00:00"", ""prompt_version"": ""v1"", ""persona"": ""null""}"
"('artificialintelligence', 'chineseroomargument')",chinese room argument,artificial intelligence,4,0,expert,v1,v1,"{""model"": ""llama-3.3-70b-versatile"", ""temperature"": 0, ""date"": ""2025-10-21T05:59:19.406314+00:00"", ""prompt_version"": ""v1"", ""persona"": ""expert""}"
"('artificialintelligence', 'chineseroomargument')",chinese room argument,artificial intelligence,4,0,phd,v1,v1,"{""model"": ""llama-3.3-70b-versatile"", ""temperature"": 0, ""date"": ""2025-10-21T05:59:19.552464+00:00"", ""prompt_version"": ""v1"", ""persona"": ""phd""}"
"('artificialintelligence', 'chineseroomargument')",chinese room argument,artificial intelligence,4,0,null,v1,v1,"{""model"": ""llama-3.3-70b-versatile"", ""temperature"": 0, ""date"": ""2025-10-21T05:59:19.711872+00:00"", ""prompt_version"": ""v1"", ""persona"": ""null""}"
"('daoism', 'philosophyofreligion')",daoism,philosophy of religion,3,0,expert,v1,v1,"{""model"": ""llama-3.3-70b-versatile"", ""temperature"": 0, ""date"": ""2025-10-21T05:59:19.882376+00:00"", ""prompt_version"": ""v1"", ""persona"": ""expert""}"
"('daoism', 'philosophyofreligion')",daoism,philosophy of religion,3,0,phd,v1,v1,"{""model"": ""llama-3.3-70b-versatile"", ""temperature"": 0, ""date"": ""2025-10-21T05:59:20.046249+00:00"", ""prompt_version"": ""v1"", ""persona"": ""phd""}"
"('daoism', 'philosophyofreligion')",daoism,philosophy of religion,2,0,null,v1,v1,"{""model"": ""llama-3.3-70b-versatile"", ""temperature"": 0, ""date"": ""2025-10-21T05:59:20.222513+00:00"", ""prompt_version"": ""v1"", ""persona"": ""null""}"
"('epistemology', 'evolutionaryepistemology')",evolutionary epistemology,epistemology,4,0,expert,v1,v1,"{""model"": ""llama-3.3-70b-versatile"", ""temperature"": 0, ""date"": ""2025-10-21T05:59:20.407098+00:00"", ""prompt_version"": ""v1"", ""persona"": ""expert""}"
"('epistemology', 'evolutionaryepistemology')",evolutionary epistemology,epistemology,4,0,phd,v1,v1,"{""model"": ""llama-3.3-70b-versatile"", ""temperature"": 0, ""date"": ""2025-10-21T05:59:20.596877+00:00"", ""prompt_version"": ""v1"", ""persona"": ""phd""}"
"('epistemology', 'evolutionaryepistemology')",evolutionary epistemology,epistemology,4,0,null,v1,v1,"{""model"": ""llama-3.3-70b-versatile"", ""temperature"": 0, ""date"": ""2025-10-21T05:59:20.783584+00:00"", ""prompt_version"": ""v1"", ""persona"": ""null""}"
"('causationinthelaw', 'philosophyoflaw')",causation in the law,philosophy of law,4,0,novice,v1,v1,"{""model"": ""llama-3.3-70b-versatile"", ""temperature"": 0, ""date"": ""2025-10-21T05:59:20.966593+00:00"", ""prompt_version"": ""v1"", ""persona"": ""novice""}"
"('causationinthelaw', 'philosophyoflaw')",causation in the law,philosophy of law,4,0,phd,v1,v1,"{""model"": ""llama-3.3-70b-versatile"", ""temperature"": 0, ""date"": ""2025-10-21T05:59:21.163735+00:00"", ""prompt_version"": ""v1"", ""persona"": ""phd""}"
"('causationinthelaw', 'philosophyoflaw')",causation in the law,philosophy of law,4,0,null,v1,v1,"{""model"": ""llama-3.3-70b-versatile"", ""temperature"": 0, ""date"": ""2025-10-21T05:59:21.354191+00:00"", ""prompt_version"": ""v1"", ""persona"": ""null""}"
"('philosophyofmind', 'problemofperception')",problem of perception,philosophy of mind,4,0,expert,v1,v1,"{""model"": ""llama-3.3-70b-versatile"", ""temperature"": 0, ""date"": ""2025-10-21T05:59:21.512065+00:00"", ""prompt_version"": ""v1"", ""persona"": ""expert""}"
"('philosophyofmind', 'problemofperception')",problem of perception,philosophy of mind,4,0,phd,v1,v1,"{""model"": ""llama-3.3-70b-versatile"", ""temperature"": 0, ""date"": ""2025-10-21T05:59:21.665204+00:00"", ""prompt_version"": ""v1"", ""persona"": ""phd""}"
"('philosophyofmind', 'problemofperception')",problem of perception,philosophy of mind,4,0,null,v1,v1,"{""model"": ""llama-3.3-70b-versatile"", ""temperature"": 0, ""date"": ""2025-10-21T05:59:21.822654+00:00"", ""prompt_version"": ""v1"", ""persona"": ""null""}"
"('consciousnessandpsychology', 'philosophyofmind')",consciousness and psychology,philosophy of mind,4,0,expert,v1,v1,"{""model"": ""llama-3.3-70b-versatile"", ""temperature"": 0, ""date"": ""2025-10-21T05:59:21.976273+00:00"", ""prompt_version"": ""v1"", ""persona"": ""expert""}"
"('consciousnessandpsychology', 'philosophyofmind')",consciousness and psychology,philosophy of mind,4,0,phd,v1,v1,"{""model"": ""llama-3.3-70b-versatile"", ""temperature"": 0, ""date"": ""2025-10-21T05:59:22.139975+00:00"", ""prompt_version"": ""v1"", ""persona"": ""phd""}"
"('consciousnessandpsychology', 'philosophyofmind')",consciousness and psychology,philosophy of mind,4,0,null,v1,v1,"{""model"": ""llama-3.3-70b-versatile"", ""temperature"": 0, ""date"": ""2025-10-21T05:59:22.351443+00:00"", ""prompt_version"": ""v1"", ""persona"": ""null""}"
"('body', 'perception')",body,perception,2,0,expert,v1,v1,"{""model"": ""llama-3.3-70b-versatile"", ""temperature"": 0, ""date"": ""2025-10-21T05:59:22.544927+00:00"", ""prompt_version"": ""v1"", ""persona"": ""expert""}"
"('body', 'perception')",body,perception,2,0,phd,v1,v1,"{""model"": ""llama-3.3-70b-versatile"", ""temperature"": 0, ""date"": ""2025-10-21T05:59:22.751166+00:00"", ""prompt_version"": ""v1"", ""persona"": ""phd""}"
"('body', 'perception')",body,perception,2,3,null,v1,v1,"{""model"": ""llama-3.3-70b-versatile"", ""temperature"": 0, ""date"": ""2025-10-21T05:59:22.940021+00:00"", ""prompt_version"": ""v1"", ""persona"": ""null""}"
"('metaphysics', 'singularpropositions')",singular propositions,metaphysics,3,0,expert,v1,v1,"{""model"": ""llama-3.3-70b-versatile"", ""temperature"": 0, ""date"": ""2025-10-21T05:59:23.088980+00:00"", ""prompt_version"": ""v1"", ""persona"": ""expert""}"
"('metaphysics', 'singularpropositions')",singular propositions,metaphysics,4,0,phd,v1,v1,"{""model"": ""llama-3.3-70b-versatile"", ""temperature"": 0, ""date"": ""2025-10-21T05:59:23.277136+00:00"", ""prompt_version"": ""v1"", ""persona"": ""phd""}"
"('metaphysics', 'singularpropositions')",singular propositions,metaphysics,3,0,null,v1,v1,"{""model"": ""llama-3.3-70b-versatile"", ""temperature"": 0, ""date"": ""2025-10-21T05:59:23.428870+00:00"", ""prompt_version"": ""v1"", ""persona"": ""null""}"
"('philosophyofmind', 'philosophyofphysics')",philosophy of physics,philosophy of mind,2,3,expert,v1,v1,"{""model"": ""llama-3.3-70b-versatile"", ""temperature"": 0, ""date"": ""2025-10-21T05:59:23.604497+00:00"", ""prompt_version"": ""v1"", ""persona"": ""expert""}"
"('philosophyofmind', 'philosophyofphysics')",philosophy of physics,philosophy of mind,2,3,phd,v1,v1,"{""model"": ""llama-3.3-70b-versatile"", ""temperature"": 0, ""date"": ""2025-10-21T05:59:23.794896+00:00"", ""prompt_version"": ""v1"", ""persona"": ""phd""}"
"('philosophyofmind', 'philosophyofphysics')",philosophy of physics,philosophy of mind,2,3,null,v1,v1,"{""model"": ""llama-3.3-70b-versatile"", ""temperature"": 0, ""date"": ""2025-10-21T05:59:23.979615+00:00"", ""prompt_version"": ""v1"", ""persona"": ""null""}"
"('aposterioriknowledge', 'perception')",a posteriori knowledge,perception,4,1,expert,v1,v1,"{""model"": ""llama-3.3-70b-versatile"", ""temperature"": 0, ""date"": ""2025-10-21T05:59:24.178994+00:00"", ""prompt_version"": ""v1"", ""persona"": ""expert""}"
"('aposterioriknowledge', 'perception')",a posteriori knowledge,perception,4,0,phd,v1,v1,"{""model"": ""llama-3.3-70b-versatile"", ""temperature"": 0, ""date"": ""2025-10-21T05:59:24.362315+00:00"", ""prompt_version"": ""v1"", ""persona"": ""phd""}"
"('aposterioriknowledge', 'perception')",a posteriori knowledge,perception,4,0,null,v1,v1,"{""model"": ""llama-3.3-70b-versatile"", ""temperature"": 0, ""date"": ""2025-10-21T05:59:24.507555+00:00"", ""prompt_version"": ""v1"", ""persona"": ""null""}"
"('emotionsinthechristiantradition', 'philosophyofreligion')",emotions in the christian tradition,philosophy of religion,4,0,expert,v1,v1,"{""model"": ""llama-3.3-70b-versatile"", ""temperature"": 0, ""date"": ""2025-10-21T05:59:24.661983+00:00"", ""prompt_version"": ""v1"", ""persona"": ""expert""}"
"('emotionsinthechristiantradition', 'philosophyofreligion')",emotions in the christian tradition,philosophy of religion,4,0,phd,v1,v1,"{""model"": ""llama-3.3-70b-versatile"", ""temperature"": 0, ""date"": ""2025-10-21T05:59:24.809182+00:00"", ""prompt_version"": ""v1"", ""persona"": ""phd""}"
"('emotionsinthechristiantradition', 'philosophyofreligion')",emotions in the christian tradition,philosophy of religion,4,0,null,v1,v1,"{""model"": ""llama-3.3-70b-versatile"", ""temperature"": 0, ""date"": ""2025-10-21T05:59:24.965793+00:00"", ""prompt_version"": ""v1"", ""persona"": ""null""}"
"('consciousnessandintentionality', 'intentionality')",consciousness and intentionality,intentionality,4,0,expert,v1,v1,"{""model"": ""llama-3.3-70b-versatile"", ""temperature"": 0, ""date"": ""2025-10-21T05:59:25.129184+00:00"", ""prompt_version"": ""v1"", ""persona"": ""expert""}"
"('consciousnessandintentionality', 'intentionality')",consciousness and intentionality,intentionality,4,0,phd,v1,v1,"{""model"": ""llama-3.3-70b-versatile"", ""temperature"": 0, ""date"": ""2025-10-21T05:59:25.297591+00:00"", ""prompt_version"": ""v1"", ""persona"": ""phd""}"
"('consciousnessandintentionality', 'intentionality')",consciousness and intentionality,intentionality,4,0,null,v1,v1,"{""model"": ""llama-3.3-70b-versatile"", ""temperature"": 0, ""date"": ""2025-10-21T05:59:25.445618+00:00"", ""prompt_version"": ""v1"", ""persona"": ""null""}"
"('perception', 'phenomenologicalapproachestoselfconsciousness')",phenomenological approaches to self-consciousness,perception,4,0,expert,v1,v1,"{""model"": ""llama-3.3-70b-versatile"", ""temperature"": 0, ""date"": ""2025-10-21T05:59:25.601776+00:00"", ""prompt_version"": ""v1"", ""persona"": ""expert""}"
"('perception', 'phenomenologicalapproachestoselfconsciousness')",phenomenological approaches to self-consciousness,perception,3,0,phd,v1,v1,"{""model"": ""llama-3.3-70b-versatile"", ""temperature"": 0, ""date"": ""2025-10-21T05:59:25.783996+00:00"", ""prompt_version"": ""v1"", ""persona"": ""phd""}"
"('perception', 'phenomenologicalapproachestoselfconsciousness')",phenomenological approaches to self-consciousness,perception,3,0,null,v1,v1,"{""model"": ""llama-3.3-70b-versatile"", ""temperature"": 0, ""date"": ""2025-10-21T05:59:25.970655+00:00"", ""prompt_version"": ""v1"", ""persona"": ""null""}"
"('antirealism', 'epistemology')",anti-realism,epistemology,3,0,expert,v1,v1,"{""model"": ""llama-3.3-70b-versatile"", ""temperature"": 0, ""date"": ""2025-10-21T05:59:26.149329+00:00"", ""prompt_version"": ""v1"", ""persona"": ""expert""}"
"('antirealism', 'epistemology')",anti-realism,epistemology,3,0,phd,v1,v1,"{""model"": ""llama-3.3-70b-versatile"", ""temperature"": 0, ""date"": ""2025-10-21T05:59:26.303004+00:00"", ""prompt_version"": ""v1"", ""persona"": ""phd""}"
"('antirealism', 'epistemology')",anti-realism,epistemology,2,0,null,v1,v1,"{""model"": ""llama-3.3-70b-versatile"", ""temperature"": 0, ""date"": ""2025-10-21T05:59:26.489336+00:00"", ""prompt_version"": ""v1"", ""persona"": ""null""}"
"('experienceandperceptionoftime', 'perception')",experience and perception of time,perception,4,0,expert,v1,v1,"{""model"": ""llama-3.3-70b-versatile"", ""temperature"": 0, ""date"": ""2025-10-21T05:59:26.668933+00:00"", ""prompt_version"": ""v1"", ""persona"": ""expert""}"
"('experienceandperceptionoftime', 'perception')",experience and perception of time,perception,4,0,phd,v1,v1,"{""model"": ""llama-3.3-70b-versatile"", ""temperature"": 0, ""date"": ""2025-10-21T05:59:26.815571+00:00"", ""prompt_version"": ""v1"", ""persona"": ""phd""}"
"('experienceandperceptionoftime', 'perception')",experience and perception of time,perception,3,0,null,v1,v1,"{""model"": ""llama-3.3-70b-versatile"", ""temperature"": 0, ""date"": ""2025-10-21T05:59:26.966764+00:00"", ""prompt_version"": ""v1"", ""persona"": ""null""}"
"('scientificmethodology', 'thescientificmethod')",the scientific method,scientific methodology,4,2,novice,v1,v1,"{""model"": ""llama-3.3-70b-versatile"", ""temperature"": 0, ""date"": ""2025-10-21T05:59:27.127009+00:00"", ""prompt_version"": ""v1"", ""persona"": ""novice""}"
"('scientificmethodology', 'thescientificmethod')",the scientific method,scientific methodology,4,2,phd,v1,v1,"{""model"": ""llama-3.3-70b-versatile"", ""temperature"": 0, ""date"": ""2025-10-21T05:59:27.285038+00:00"", ""prompt_version"": ""v1"", ""persona"": ""phd""}"
"('scientificmethodology', 'thescientificmethod')",the scientific method,scientific methodology,4,2,null,v1,v1,"{""model"": ""llama-3.3-70b-versatile"", ""temperature"": 0, ""date"": ""2025-10-21T05:59:27.429141+00:00"", ""prompt_version"": ""v1"", ""persona"": ""null""}"
"('mentalcontent', 'nonconceptualmentalcontent')",nonconceptual mental content,mental content,4,0,expert,v1,v1,"{""model"": ""llama-3.3-70b-versatile"", ""temperature"": 0, ""date"": ""2025-10-21T05:59:27.622878+00:00"", ""prompt_version"": ""v1"", ""persona"": ""expert""}"
"('mentalcontent', 'nonconceptualmentalcontent')",nonconceptual mental content,mental content,4,0,phd,v1,v1,"{""model"": ""llama-3.3-70b-versatile"", ""temperature"": 0, ""date"": ""2025-10-21T05:59:27.805137+00:00"", ""prompt_version"": ""v1"", ""persona"": ""phd""}"
"('mentalcontent', 'nonconceptualmentalcontent')",nonconceptual mental content,mental content,4,0,null,v1,v1,"{""model"": ""llama-3.3-70b-versatile"", ""temperature"": 0, ""date"": ""2025-10-21T05:59:27.989915+00:00"", ""prompt_version"": ""v1"", ""persona"": ""null""}"
"('epistemology', 'philosophyofphysics')",philosophy of physics,epistemology,2,0,expert,v1,v1,"{""model"": ""llama-3.3-70b-versatile"", ""temperature"": 0, ""date"": ""2025-10-21T05:59:28.191023+00:00"", ""prompt_version"": ""v1"", ""persona"": ""expert""}"
"('epistemology', 'philosophyofphysics')",philosophy of physics,epistemology,2,0,phd,v1,v1,"{""model"": ""llama-3.3-70b-versatile"", ""temperature"": 0, ""date"": ""2025-10-21T05:59:28.373604+00:00"", ""prompt_version"": ""v1"", ""persona"": ""phd""}"
"('epistemology', 'philosophyofphysics')",philosophy of physics,epistemology,2,0,null,v1,v1,"{""model"": ""llama-3.3-70b-versatile"", ""temperature"": 0, ""date"": ""2025-10-21T05:59:28.549364+00:00"", ""prompt_version"": ""v1"", ""persona"": ""null""}"
"('metaphysics', 'peripatetic')",peripatetic,metaphysics,2,0,expert,v1,v1,"{""model"": ""llama-3.3-70b-versatile"", ""temperature"": 0, ""date"": ""2025-10-21T05:59:28.709649+00:00"", ""prompt_version"": ""v1"", ""persona"": ""expert""}"
"('metaphysics', 'peripatetic')",peripatetic,metaphysics,2,0,phd,v1,v1,"{""model"": ""llama-3.3-70b-versatile"", ""temperature"": 0, ""date"": ""2025-10-21T05:59:28.908061+00:00"", ""prompt_version"": ""v1"", ""persona"": ""phd""}"
"('metaphysics', 'peripatetic')",peripatetic,metaphysics,2,3,null,v1,v1,"{""model"": ""llama-3.3-70b-versatile"", ""temperature"": 0, ""date"": ""2025-10-21T05:59:29.092408+00:00"", ""prompt_version"": ""v1"", ""persona"": ""null""}"
"('expressionism', 'perception')",expressionism,perception,2,0,expert,v1,v1,"{""model"": ""llama-3.3-70b-versatile"", ""temperature"": 0, ""date"": ""2025-10-21T05:59:29.272951+00:00"", ""prompt_version"": ""v1"", ""persona"": ""expert""}"
"('expressionism', 'perception')",expressionism,perception,2,0,phd,v1,v1,"{""model"": ""llama-3.3-70b-versatile"", ""temperature"": 0, ""date"": ""2025-10-21T05:59:29.432544+00:00"", ""prompt_version"": ""v1"", ""persona"": ""phd""}"
"('expressionism', 'perception')",expressionism,perception,2,0,null,v1,v1,"{""model"": ""llama-3.3-70b-versatile"", ""temperature"": 0, ""date"": ""2025-10-21T05:59:29.591876+00:00"", ""prompt_version"": ""v1"", ""persona"": ""null""}"
"('philosophiesoftheparticularsciences', 'philosophyofmind')",philosophies of the particular sciences,philosophy of mind,3,1,expert,v1,v1,"{""model"": ""llama-3.3-70b-versatile"", ""temperature"": 0, ""date"": ""2025-10-21T05:59:29.761660+00:00"", ""prompt_version"": ""v1"", ""persona"": ""expert""}"
"('philosophiesoftheparticularsciences', 'philosophyofmind')",philosophies of the particular sciences,philosophy of mind,2,1,phd,v1,v1,"{""model"": ""llama-3.3-70b-versatile"", ""temperature"": 0, ""date"": ""2025-10-21T05:59:29.906505+00:00"", ""prompt_version"": ""v1"", ""persona"": ""phd""}"
"('philosophiesoftheparticularsciences', 'philosophyofmind')",philosophies of the particular sciences,philosophy of mind,3,1,null,v1,v1,"{""model"": ""llama-3.3-70b-versatile"", ""temperature"": 0, ""date"": ""2025-10-21T05:59:30.059083+00:00"", ""prompt_version"": ""v1"", ""persona"": ""null""}"
"('africanamericanphilosophy', 'africanandafricanamericanphilosophy')",african american philosophy,african and african-american philosophy,4,0,course_taker,v1,v1,"{""model"": ""llama-3.3-70b-versatile"", ""temperature"": 0, ""date"": ""2025-10-21T05:59:30.256432+00:00"", ""prompt_version"": ""v1"", ""persona"": ""course_taker""}"
"('africanamericanphilosophy', 'africanandafricanamericanphilosophy')",african american philosophy,african and african-american philosophy,4,0,phd,v1,v1,"{""model"": ""llama-3.3-70b-versatile"", ""temperature"": 0, ""date"": ""2025-10-21T05:59:30.442218+00:00"", ""prompt_version"": ""v1"", ""persona"": ""phd""}"
"('africanamericanphilosophy', 'africanandafricanamericanphilosophy')",african american philosophy,african and african-american philosophy,4,0,null,v1,v1,"{""model"": ""llama-3.3-70b-versatile"", ""temperature"": 0, ""date"": ""2025-10-21T05:59:30.623943+00:00"", ""prompt_version"": ""v1"", ""persona"": ""null""}"
"('philosophyofmind', 'scottishphilosophyinthe19thcentury')",scottish philosophy in the 19th century,philosophy of mind,2,0,expert,v1,v1,"{""model"": ""llama-3.3-70b-versatile"", ""temperature"": 0, ""date"": ""2025-10-21T05:59:30.807214+00:00"", ""prompt_version"": ""v1"", ""persona"": ""expert""}"
"('philosophyofmind', 'scottishphilosophyinthe19thcentury')",scottish philosophy in the 19th century,philosophy of mind,2,0,phd,v1,v1,"{""model"": ""llama-3.3-70b-versatile"", ""temperature"": 0, ""date"": ""2025-10-21T05:59:30.985420+00:00"", ""prompt_version"": ""v1"", ""persona"": ""phd""}"
"('philosophyofmind', 'scottishphilosophyinthe19thcentury')",scottish philosophy in the 19th century,philosophy of mind,2,0,null,v1,v1,"{""model"": ""llama-3.3-70b-versatile"", ""temperature"": 0, ""date"": ""2025-10-21T05:59:31.175697+00:00"", ""prompt_version"": ""v1"", ""persona"": ""null""}"
"('aristotleandmathematics', 'metaphysics')",aristotle and mathematics,metaphysics,2,0,expert,v1,v1,"{""model"": ""llama-3.3-70b-versatile"", ""temperature"": 0, ""date"": ""2025-10-21T05:59:31.358159+00:00"", ""prompt_version"": ""v1"", ""persona"": ""expert""}"
"('aristotleandmathematics', 'metaphysics')",aristotle and mathematics,metaphysics,3,0,phd,v1,v1,"{""model"": ""llama-3.3-70b-versatile"", ""temperature"": 0, ""date"": ""2025-10-21T05:59:31.504651+00:00"", ""prompt_version"": ""v1"", ""persona"": ""phd""}"
"('aristotleandmathematics', 'metaphysics')",aristotle and mathematics,metaphysics,2,0,null,v1,v1,"{""model"": ""llama-3.3-70b-versatile"", ""temperature"": 0, ""date"": ""2025-10-21T05:59:31.659689+00:00"", ""prompt_version"": ""v1"", ""persona"": ""null""}"
"('epistemology', 'logicandlanguage')",logic and language,epistemology,3,0,expert,v1,v1,"{""model"": ""llama-3.3-70b-versatile"", ""temperature"": 0, ""date"": ""2025-10-21T05:59:31.812060+00:00"", ""prompt_version"": ""v1"", ""persona"": ""expert""}"
"('epistemology', 'logicandlanguage')",logic and language,epistemology,2,0,phd,v1,v1,"{""model"": ""llama-3.3-70b-versatile"", ""temperature"": 0, ""date"": ""2025-10-21T05:59:31.963358+00:00"", ""prompt_version"": ""v1"", ""persona"": ""phd""}"
"('epistemology', 'logicandlanguage')",logic and language,epistemology,2,0,null,v1,v1,"{""model"": ""llama-3.3-70b-versatile"", ""temperature"": 0, ""date"": ""2025-10-21T05:59:32.154937+00:00"", ""prompt_version"": ""v1"", ""persona"": ""null""}"
"('idealism', 'modernism')",modernism,idealism,2,3,course_taker,v1,v1,"{""model"": ""llama-3.3-70b-versatile"", ""temperature"": 0, ""date"": ""2025-10-21T05:59:32.303461+00:00"", ""prompt_version"": ""v1"", ""persona"": ""course_taker""}"
"('idealism', 'modernism')",modernism,idealism,2,3,expert,v1,v1,"{""model"": ""llama-3.3-70b-versatile"", ""temperature"": 0, ""date"": ""2025-10-21T05:59:32.465242+00:00"", ""prompt_version"": ""v1"", ""persona"": ""expert""}"
"('idealism', 'modernism')",modernism,idealism,2,3,null,v1,v1,"{""model"": ""llama-3.3-70b-versatile"", ""temperature"": 0, ""date"": ""2025-10-21T05:59:32.628738+00:00"", ""prompt_version"": ""v1"", ""persona"": ""null""}"
"('epistemology', 'philosophyofchemistry')",philosophy of chemistry,epistemology,2,0,expert,v1,v1,"{""model"": ""llama-3.3-70b-versatile"", ""temperature"": 0, ""date"": ""2025-10-21T05:59:32.829159+00:00"", ""prompt_version"": ""v1"", ""persona"": ""expert""}"
"('epistemology', 'philosophyofchemistry')",philosophy of chemistry,epistemology,2,0,phd,v1,v1,"{""model"": ""llama-3.3-70b-versatile"", ""temperature"": 0, ""date"": ""2025-10-21T05:59:33.034641+00:00"", ""prompt_version"": ""v1"", ""persona"": ""phd""}"
"('epistemology', 'philosophyofchemistry')",philosophy of chemistry,epistemology,3,0,null,v1,v1,"{""model"": ""llama-3.3-70b-versatile"", ""temperature"": 0, ""date"": ""2025-10-21T05:59:33.231431+00:00"", ""prompt_version"": ""v1"", ""persona"": ""null""}"
"('africanandafricanamericanphilosophy', 'humanrights')",human rights,african and african-american philosophy,2,1,course_taker,v1,v1,"{""model"": ""llama-3.3-70b-versatile"", ""temperature"": 0, ""date"": ""2025-10-21T05:59:33.421435+00:00"", ""prompt_version"": ""v1"", ""persona"": ""course_taker""}"
"('africanandafricanamericanphilosophy', 'humanrights')",human rights,african and african-american philosophy,2,1,phd,v1,v1,"{""model"": ""llama-3.3-70b-versatile"", ""temperature"": 0, ""date"": ""2025-10-21T05:59:33.578310+00:00"", ""prompt_version"": ""v1"", ""persona"": ""phd""}"
"('africanandafricanamericanphilosophy', 'humanrights')",human rights,african and african-american philosophy,2,1,null,v1,v1,"{""model"": ""llama-3.3-70b-versatile"", ""temperature"": 0, ""date"": ""2025-10-21T05:59:33.728764+00:00"", ""prompt_version"": ""v1"", ""persona"": ""null""}"
"('logic', 'modallogic')",logic,modal logic,4,1,course_taker,v1,v1,"{""model"": ""llama-3.3-70b-versatile"", ""temperature"": 0, ""date"": ""2025-10-21T05:59:33.884853+00:00"", ""prompt_version"": ""v1"", ""persona"": ""course_taker""}"
"('logic', 'modallogic')",logic,modal logic,4,1,phd,v1,v1,"{""model"": ""llama-3.3-70b-versatile"", ""temperature"": 0, ""date"": ""2025-10-21T05:59:34.057973+00:00"", ""prompt_version"": ""v1"", ""persona"": ""phd""}"
"('logic', 'modallogic')",logic,modal logic,4,1,null,v1,v1,"{""model"": ""llama-3.3-70b-versatile"", ""temperature"": 0, ""date"": ""2025-10-21T05:59:34.200883+00:00"", ""prompt_version"": ""v1"", ""persona"": ""null""}"
"('epistemology', 'platoonutopia')",plato on utopia,epistemology,1,0,expert,v1,v1,"{""model"": ""llama-3.3-70b-versatile"", ""temperature"": 0, ""date"": ""2025-10-21T05:59:34.378792+00:00"", ""prompt_version"": ""v1"", ""persona"": ""expert""}"
"('epistemology', 'platoonutopia')",plato on utopia,epistemology,2,0,phd,v1,v1,"{""model"": ""llama-3.3-70b-versatile"", ""temperature"": 0, ""date"": ""2025-10-21T05:59:34.568241+00:00"", ""prompt_version"": ""v1"", ""persona"": ""phd""}"
"('epistemology', 'platoonutopia')",plato on utopia,epistemology,2,0,null,v1,v1,"{""model"": ""llama-3.3-70b-versatile"", ""temperature"": 0, ""date"": ""2025-10-21T05:59:34.741896+00:00"", ""prompt_version"": ""v1"", ""persona"": ""null""}"
"('introspection', 'perception')",introspection,perception,3,0,expert,v1,v1,"{""model"": ""llama-3.3-70b-versatile"", ""temperature"": 0, ""date"": ""2025-10-21T05:59:34.920549+00:00"", ""prompt_version"": ""v1"", ""persona"": ""expert""}"
"('introspection', 'perception')",introspection,perception,3,0,phd,v1,v1,"{""model"": ""llama-3.3-70b-versatile"", ""temperature"": 0, ""date"": ""2025-10-21T05:59:35.091291+00:00"", ""prompt_version"": ""v1"", ""persona"": ""phd""}"
"('introspection', 'perception')",introspection,perception,2,0,null,v1,v1,"{""model"": ""llama-3.3-70b-versatile"", ""temperature"": 0, ""date"": ""2025-10-21T05:59:35.270702+00:00"", ""prompt_version"": ""v1"", ""persona"": ""null""}"
"('philosophyofreligion', 'transcendentalism')",transcendentalism,philosophy of religion,2,0,expert,v1,v1,"{""model"": ""llama-3.3-70b-versatile"", ""temperature"": 0, ""date"": ""2025-10-21T05:59:35.449565+00:00"", ""prompt_version"": ""v1"", ""persona"": ""expert""}"
"('philosophyofreligion', 'transcendentalism')",transcendentalism,philosophy of religion,3,0,phd,v1,v1,"{""model"": ""llama-3.3-70b-versatile"", ""temperature"": 0, ""date"": ""2025-10-21T05:59:35.607705+00:00"", ""prompt_version"": ""v1"", ""persona"": ""phd""}"
"('philosophyofreligion', 'transcendentalism')",transcendentalism,philosophy of religion,2,0,null,v1,v1,"{""model"": ""llama-3.3-70b-versatile"", ""temperature"": 0, ""date"": ""2025-10-21T05:59:35.777952+00:00"", ""prompt_version"": ""v1"", ""persona"": ""null""}"
"('connectionistmodel', 'perception')",connectionist model,perception,3,0,expert,v1,v1,"{""model"": ""llama-3.3-70b-versatile"", ""temperature"": 0, ""date"": ""2025-10-21T05:59:35.939067+00:00"", ""prompt_version"": ""v1"", ""persona"": ""expert""}"
"('connectionistmodel', 'perception')",connectionist model,perception,3,0,phd,v1,v1,"{""model"": ""llama-3.3-70b-versatile"", ""temperature"": 0, ""date"": ""2025-10-21T05:59:36.097981+00:00"", ""prompt_version"": ""v1"", ""persona"": ""phd""}"
"('connectionistmodel', 'perception')",connectionist model,perception,2,0,null,v1,v1,"{""model"": ""llama-3.3-70b-versatile"", ""temperature"": 0, ""date"": ""2025-10-21T05:59:36.290961+00:00"", ""prompt_version"": ""v1"", ""persona"": ""null""}"
"('philosophyofcomputerscience', 'philosophyoflanguage')",philosophy of computer science,philosophy of language,2,3,course_taker,v1,v1,"{""model"": ""llama-3.3-70b-versatile"", ""temperature"": 0, ""date"": ""2025-10-21T05:59:36.453708+00:00"", ""prompt_version"": ""v1"", ""persona"": ""course_taker""}"
"('philosophyofcomputerscience', 'philosophyoflanguage')",philosophy of computer science,philosophy of language,2,3,expert,v1,v1,"{""model"": ""llama-3.3-70b-versatile"", ""temperature"": 0, ""date"": ""2025-10-21T05:59:36.650766+00:00"", ""prompt_version"": ""v1"", ""persona"": ""expert""}"
"('philosophyofcomputerscience', 'philosophyoflanguage')",philosophy of computer science,philosophy of language,2,3,null,v1,v1,"{""model"": ""llama-3.3-70b-versatile"", ""temperature"": 0, ""date"": ""2025-10-21T05:59:36.806584+00:00"", ""prompt_version"": ""v1"", ""persona"": ""null""}"
"('atonement', 'philosophyofreligion')",atonement,philosophy of religion,4,0,expert,v1,v1,"{""model"": ""llama-3.3-70b-versatile"", ""temperature"": 0, ""date"": ""2025-10-21T05:59:37.004031+00:00"", ""prompt_version"": ""v1"", ""persona"": ""expert""}"
"('atonement', 'philosophyofreligion')",atonement,philosophy of religion,3,0,phd,v1,v1,"{""model"": ""llama-3.3-70b-versatile"", ""temperature"": 0, ""date"": ""2025-10-21T05:59:37.179793+00:00"", ""prompt_version"": ""v1"", ""persona"": ""phd""}"
"('atonement', 'philosophyofreligion')",atonement,philosophy of religion,3,0,null,v1,v1,"{""model"": ""llama-3.3-70b-versatile"", ""temperature"": 0, ""date"": ""2025-10-21T05:59:37.367231+00:00"", ""prompt_version"": ""v1"", ""persona"": ""null""}"
"('cosmologicalargument', 'philosophyofreligion')",cosmological argument,philosophy of religion,4,0,expert,v1,v1,"{""model"": ""llama-3.3-70b-versatile"", ""temperature"": 0, ""date"": ""2025-10-21T05:59:37.537467+00:00"", ""prompt_version"": ""v1"", ""persona"": ""expert""}"
"('cosmologicalargument', 'philosophyofreligion')",cosmological argument,philosophy of religion,4,0,phd,v1,v1,"{""model"": ""llama-3.3-70b-versatile"", ""temperature"": 0, ""date"": ""2025-10-21T05:59:37.712422+00:00"", ""prompt_version"": ""v1"", ""persona"": ""phd""}"
"('cosmologicalargument', 'philosophyofreligion')",cosmological argument,philosophy of religion,4,0,null,v1,v1,"{""model"": ""llama-3.3-70b-versatile"", ""temperature"": 0, ""date"": ""2025-10-21T05:59:37.883692+00:00"", ""prompt_version"": ""v1"", ""persona"": ""null""}"
"('epistemology', 'internalismandexternalism')",internalism and externalism,epistemology,4,0,expert,v1,v1,"{""model"": ""llama-3.3-70b-versatile"", ""temperature"": 0, ""date"": ""2025-10-21T05:59:38.063948+00:00"", ""prompt_version"": ""v1"", ""persona"": ""expert""}"
"('epistemology', 'internalismandexternalism')",internalism and externalism,epistemology,4,0,phd,v1,v1,"{""model"": ""llama-3.3-70b-versatile"", ""temperature"": 0, ""date"": ""2025-10-21T05:59:38.219173+00:00"", ""prompt_version"": ""v1"", ""persona"": ""phd""}"
"('epistemology', 'internalismandexternalism')",internalism and externalism,epistemology,4,0,null,v1,v1,"{""model"": ""llama-3.3-70b-versatile"", ""temperature"": 0, ""date"": ""2025-10-21T05:59:38.426503+00:00"", ""prompt_version"": ""v1"", ""persona"": ""null""}"
"('historyoflogic', 'informallogic')",informal logic,history of logic,2,0,novice,v1,v1,"{""model"": ""llama-3.3-70b-versatile"", ""temperature"": 0, ""date"": ""2025-10-21T05:59:38.588506+00:00"", ""prompt_version"": ""v1"", ""persona"": ""novice""}"
"('historyoflogic', 'informallogic')",informal logic,history of logic,2,0,phd,v1,v1,"{""model"": ""llama-3.3-70b-versatile"", ""temperature"": 0, ""date"": ""2025-10-21T05:59:38.751402+00:00"", ""prompt_version"": ""v1"", ""persona"": ""phd""}"
"('historyoflogic', 'informallogic')",informal logic,history of logic,2,0,null,v1,v1,"{""model"": ""llama-3.3-70b-versatile"", ""temperature"": 0, ""date"": ""2025-10-21T05:59:38.952916+00:00"", ""prompt_version"": ""v1"", ""persona"": ""null""}"
"('metaphysics', 'socialphilosophyandpoliticalphilosophy')",social philosophy and political philosophy,metaphysics,2,0,expert,v1,v1,"{""model"": ""llama-3.3-70b-versatile"", ""temperature"": 0, ""date"": ""2025-10-21T05:59:39.151867+00:00"", ""prompt_version"": ""v1"", ""persona"": ""expert""}"
"('metaphysics', 'socialphilosophyandpoliticalphilosophy')",social philosophy and political philosophy,metaphysics,1,0,phd,v1,v1,"{""model"": ""llama-3.3-70b-versatile"", ""temperature"": 0, ""date"": ""2025-10-21T05:59:39.356358+00:00"", ""prompt_version"": ""v1"", ""persona"": ""phd""}"
"('metaphysics', 'socialphilosophyandpoliticalphilosophy')",social philosophy and political philosophy,metaphysics,2,0,null,v1,v1,"{""model"": ""llama-3.3-70b-versatile"", ""temperature"": 0, ""date"": ""2025-10-21T05:59:39.547577+00:00"", ""prompt_version"": ""v1"", ""persona"": ""null""}"
"('medievalpoliticalphilosophy', 'socialandpoliticalphilosophy')",medieval political philosophy,social and political philosophy,4,0,expert,v1,v1,"{""model"": ""llama-3.3-70b-versatile"", ""temperature"": 0, ""date"": ""2025-10-21T05:59:39.766772+00:00"", ""prompt_version"": ""v1"", ""persona"": ""expert""}"
"('medievalpoliticalphilosophy', 'socialandpoliticalphilosophy')",medieval political philosophy,social and political philosophy,4,0,phd,v1,v1,"{""model"": ""llama-3.3-70b-versatile"", ""temperature"": 0, ""date"": ""2025-10-21T05:59:39.912121+00:00"", ""prompt_version"": ""v1"", ""persona"": ""phd""}"
"('medievalpoliticalphilosophy', 'socialandpoliticalphilosophy')",medieval political philosophy,social and political philosophy,4,0,null,v1,v1,"{""model"": ""llama-3.3-70b-versatile"", ""temperature"": 0, ""date"": ""2025-10-21T05:59:40.056229+00:00"", ""prompt_version"": ""v1"", ""persona"": ""null""}"
"('determinatesvsdeterminables', 'historyoflogic')",determinates vs. determinables,history of logic,2,0,novice,v1,v1,"{""model"": ""llama-3.3-70b-versatile"", ""temperature"": 0, ""date"": ""2025-10-21T05:59:40.236664+00:00"", ""prompt_version"": ""v1"", ""persona"": ""novice""}"
"('determinatesvsdeterminables', 'historyoflogic')",determinates vs. determinables,history of logic,2,0,phd,v1,v1,"{""model"": ""llama-3.3-70b-versatile"", ""temperature"": 0, ""date"": ""2025-10-21T05:59:40.445099+00:00"", ""prompt_version"": ""v1"", ""persona"": ""phd""}"
"('determinatesvsdeterminables', 'historyoflogic')",determinates vs. determinables,history of logic,2,0,null,v1,v1,"{""model"": ""llama-3.3-70b-versatile"", ""temperature"": 0, ""date"": ""2025-10-21T05:59:40.628104+00:00"", ""prompt_version"": ""v1"", ""persona"": ""null""}"
"('epistemology', 'optimism')",optimism,epistemology,1,3,expert,v1,v1,"{""model"": ""llama-3.3-70b-versatile"", ""temperature"": 0, ""date"": ""2025-10-21T05:59:40.812786+00:00"", ""prompt_version"": ""v1"", ""persona"": ""expert""}"
"('epistemology', 'optimism')",optimism,epistemology,1,3,phd,v1,v1,"{""model"": ""llama-3.3-70b-versatile"", ""temperature"": 0, ""date"": ""2025-10-21T05:59:40.982613+00:00"", ""prompt_version"": ""v1"", ""persona"": ""phd""}"
"('epistemology', 'optimism')",optimism,epistemology,1,3,null,v1,v1,"{""model"": ""llama-3.3-70b-versatile"", ""temperature"": 0, ""date"": ""2025-10-21T05:59:41.143982+00:00"", ""prompt_version"": ""v1"", ""persona"": ""null""}"
"('phenomenologyofreligion', 'philosophyofreligion')",phenomenology of religion,philosophy of religion,4,0,expert,v1,v1,"{""model"": ""llama-3.3-70b-versatile"", ""temperature"": 0, ""date"": ""2025-10-21T05:59:41.294458+00:00"", ""prompt_version"": ""v1"", ""persona"": ""expert""}"
"('phenomenologyofreligion', 'philosophyofreligion')",phenomenology of religion,philosophy of religion,4,0,phd,v1,v1,"{""model"": ""llama-3.3-70b-versatile"", ""temperature"": 0, ""date"": ""2025-10-21T05:59:41.455495+00:00"", ""prompt_version"": ""v1"", ""persona"": ""phd""}"
"('phenomenologyofreligion', 'philosophyofreligion')",phenomenology of religion,philosophy of religion,4,0,null,v1,v1,"{""model"": ""llama-3.3-70b-versatile"", ""temperature"": 0, ""date"": ""2025-10-21T05:59:41.667015+00:00"", ""prompt_version"": ""v1"", ""persona"": ""null""}"
"('metaphysics', 'philosophyofspaceandtime')",philosophy of space and time,metaphysics,4,0,expert,v1,v1,"{""model"": ""llama-3.3-70b-versatile"", ""temperature"": 0, ""date"": ""2025-10-21T05:59:41.848792+00:00"", ""prompt_version"": ""v1"", ""persona"": ""expert""}"
"('metaphysics', 'philosophyofspaceandtime')",philosophy of space and time,metaphysics,4,0,phd,v1,v1,"{""model"": ""llama-3.3-70b-versatile"", ""temperature"": 0, ""date"": ""2025-10-21T05:59:41.996646+00:00"", ""prompt_version"": ""v1"", ""persona"": ""phd""}"
"('metaphysics', 'philosophyofspaceandtime')",philosophy of space and time,metaphysics,4,0,null,v1,v1,"{""model"": ""llama-3.3-70b-versatile"", ""temperature"": 0, ""date"": ""2025-10-21T05:59:42.145302+00:00"", ""prompt_version"": ""v1"", ""persona"": ""null""}"
"('epistemology', 'philosophyoflogic')",philosophy of logic,epistemology,2,0,expert,v1,v1,"{""model"": ""llama-3.3-70b-versatile"", ""temperature"": 0, ""date"": ""2025-10-21T05:59:42.288258+00:00"", ""prompt_version"": ""v1"", ""persona"": ""expert""}"
"('epistemology', 'philosophyoflogic')",philosophy of logic,epistemology,3,0,phd,v1,v1,"{""model"": ""llama-3.3-70b-versatile"", ""temperature"": 0, ""date"": ""2025-10-21T05:59:42.476520+00:00"", ""prompt_version"": ""v1"", ""persona"": ""phd""}"
"('epistemology', 'philosophyoflogic')",philosophy of logic,epistemology,3,0,null,v1,v1,"{""model"": ""llama-3.3-70b-versatile"", ""temperature"": 0, ""date"": ""2025-10-21T05:59:42.630620+00:00"", ""prompt_version"": ""v1"", ""persona"": ""null""}"
"('existence', 'perception')",existence,perception,2,1,expert,v1,v1,"{""model"": ""llama-3.3-70b-versatile"", ""temperature"": 0, ""date"": ""2025-10-21T05:59:42.825597+00:00"", ""prompt_version"": ""v1"", ""persona"": ""expert""}"
"('existence', 'perception')",existence,perception,2,1,phd,v1,v1,"{""model"": ""llama-3.3-70b-versatile"", ""temperature"": 0, ""date"": ""2025-10-21T05:59:43.006748+00:00"", ""prompt_version"": ""v1"", ""persona"": ""phd""}"
"('existence', 'perception')",existence,perception,2,1,null,v1,v1,"{""model"": ""llama-3.3-70b-versatile"", ""temperature"": 0, ""date"": ""2025-10-21T05:59:43.206923+00:00"", ""prompt_version"": ""v1"", ""persona"": ""null""}"
"('computationandrepresentation', 'perception')",computation and representation,perception,2,0,expert,v1,v1,"{""model"": ""llama-3.3-70b-versatile"", ""temperature"": 0, ""date"": ""2025-10-21T05:59:43.392031+00:00"", ""prompt_version"": ""v1"", ""persona"": ""expert""}"
"('computationandrepresentation', 'perception')",computation and representation,perception,2,1,phd,v1,v1,"{""model"": ""llama-3.3-70b-versatile"", ""temperature"": 0, ""date"": ""2025-10-21T05:59:43.607011+00:00"", ""prompt_version"": ""v1"", ""persona"": ""phd""}"
"('computationandrepresentation', 'perception')",computation and representation,perception,2,1,null,v1,v1,"{""model"": ""llama-3.3-70b-versatile"", ""temperature"": 0, ""date"": ""2025-10-21T05:59:43.745025+00:00"", ""prompt_version"": ""v1"", ""persona"": ""null""}"
"('ancientphilosophyaristotle', 'philosophyofmind')",ancient philosophy (aristotle),philosophy of mind,2,1,expert,v1,v1,"{""model"": ""llama-3.3-70b-versatile"", ""temperature"": 0, ""date"": ""2025-10-21T05:59:43.915859+00:00"", ""prompt_version"": ""v1"", ""persona"": ""expert""}"
"('ancientphilosophyaristotle', 'philosophyofmind')",ancient philosophy (aristotle),philosophy of mind,2,1,phd,v1,v1,"{""model"": ""llama-3.3-70b-versatile"", ""temperature"": 0, ""date"": ""2025-10-21T05:59:44.110254+00:00"", ""prompt_version"": ""v1"", ""persona"": ""phd""}"
"('ancientphilosophyaristotle', 'philosophyofmind')",ancient philosophy (aristotle),philosophy of mind,2,1,null,v1,v1,"{""model"": ""llama-3.3-70b-versatile"", ""temperature"": 0, ""date"": ""2025-10-21T05:59:44.294915+00:00"", ""prompt_version"": ""v1"", ""persona"": ""null""}"
"('philosophyofmind', 'virtuesandvices')",virtues and vices,philosophy of mind,2,0,expert,v1,v1,"{""model"": ""llama-3.3-70b-versatile"", ""temperature"": 0, ""date"": ""2025-10-21T05:59:44.476991+00:00"", ""prompt_version"": ""v1"", ""persona"": ""expert""}"
"('philosophyofmind', 'virtuesandvices')",virtues and vices,philosophy of mind,2,0,phd,v1,v1,"{""model"": ""llama-3.3-70b-versatile"", ""temperature"": 0, ""date"": ""2025-10-21T05:59:44.636909+00:00"", ""prompt_version"": ""v1"", ""persona"": ""phd""}"
"('philosophyofmind', 'virtuesandvices')",virtues and vices,philosophy of mind,2,0,null,v1,v1,"{""model"": ""llama-3.3-70b-versatile"", ""temperature"": 0, ""date"": ""2025-10-21T05:59:44.783448+00:00"", ""prompt_version"": ""v1"", ""persona"": ""null""}"
"('epistemology', 'ideas')",ideas,epistemology,4,0,expert,v1,v1,"{""model"": ""llama-3.3-70b-versatile"", ""temperature"": 0, ""date"": ""2025-10-21T05:59:44.928734+00:00"", ""prompt_version"": ""v1"", ""persona"": ""expert""}"
"('epistemology', 'ideas')",ideas,epistemology,4,0,phd,v1,v1,"{""model"": ""llama-3.3-70b-versatile"", ""temperature"": 0, ""date"": ""2025-10-21T05:59:45.085604+00:00"", ""prompt_version"": ""v1"", ""persona"": ""phd""}"
"('epistemology', 'ideas')",ideas,epistemology,3,0,null,v1,v1,"{""model"": ""llama-3.3-70b-versatile"", ""temperature"": 0, ""date"": ""2025-10-21T05:59:45.239771+00:00"", ""prompt_version"": ""v1"", ""persona"": ""null""}"
"('identitytheoryoftruth', 'metaphysics')",identity theory of truth,metaphysics,4,0,expert,v1,v1,"{""model"": ""llama-3.3-70b-versatile"", ""temperature"": 0, ""date"": ""2025-10-21T05:59:45.387767+00:00"", ""prompt_version"": ""v1"", ""persona"": ""expert""}"
"('identitytheoryoftruth', 'metaphysics')",identity theory of truth,metaphysics,3,0,phd,v1,v1,"{""model"": ""llama-3.3-70b-versatile"", ""temperature"": 0, ""date"": ""2025-10-21T05:59:45.586236+00:00"", ""prompt_version"": ""v1"", ""persona"": ""phd""}"
"('identitytheoryoftruth', 'metaphysics')",identity theory of truth,metaphysics,3,0,null,v1,v1,"{""model"": ""llama-3.3-70b-versatile"", ""temperature"": 0, ""date"": ""2025-10-21T05:59:45.747582+00:00"", ""prompt_version"": ""v1"", ""persona"": ""null""}"
"('abstractobject', 'metaphysics')",abstract object,metaphysics,4,0,expert,v1,v1,"{""model"": ""llama-3.3-70b-versatile"", ""temperature"": 0, ""date"": ""2025-10-21T05:59:45.928750+00:00"", ""prompt_version"": ""v1"", ""persona"": ""expert""}"
"('abstractobject', 'metaphysics')",abstract object,metaphysics,4,0,phd,v1,v1,"{""model"": ""llama-3.3-70b-versatile"", ""temperature"": 0, ""date"": ""2025-10-21T05:59:46.116039+00:00"", ""prompt_version"": ""v1"", ""persona"": ""phd""}"
"('abstractobject', 'metaphysics')",abstract object,metaphysics,4,0,null,v1,v1,"{""model"": ""llama-3.3-70b-versatile"", ""temperature"": 0, ""date"": ""2025-10-21T05:59:46.295601+00:00"", ""prompt_version"": ""v1"", ""persona"": ""null""}"
"('internalism', 'philosophyofmind')",internalism,philosophy of mind,4,0,expert,v1,v1,"{""model"": ""llama-3.3-70b-versatile"", ""temperature"": 0, ""date"": ""2025-10-21T05:59:46.476640+00:00"", ""prompt_version"": ""v1"", ""persona"": ""expert""}"
"('internalism', 'philosophyofmind')",internalism,philosophy of mind,4,0,phd,v1,v1,"{""model"": ""llama-3.3-70b-versatile"", ""temperature"": 0, ""date"": ""2025-10-21T05:59:46.658649+00:00"", ""prompt_version"": ""v1"", ""persona"": ""phd""}"
"('internalism', 'philosophyofmind')",internalism,philosophy of mind,4,0,null,v1,v1,"{""model"": ""llama-3.3-70b-versatile"", ""temperature"": 0, ""date"": ""2025-10-21T05:59:46.812311+00:00"", ""prompt_version"": ""v1"", ""persona"": ""null""}"
"('artificialintelligence', 'distributedrepresentation')",distributed representation,artificial intelligence,4,0,expert,v1,v1,"{""model"": ""llama-3.3-70b-versatile"", ""temperature"": 0, ""date"": ""2025-10-21T05:59:46.967454+00:00"", ""prompt_version"": ""v1"", ""persona"": ""expert""}"
"('artificialintelligence', 'distributedrepresentation')",distributed representation,artificial intelligence,4,0,phd,v1,v1,"{""model"": ""llama-3.3-70b-versatile"", ""temperature"": 0, ""date"": ""2025-10-21T05:59:47.121320+00:00"", ""prompt_version"": ""v1"", ""persona"": ""phd""}"
"('artificialintelligence', 'distributedrepresentation')",distributed representation,artificial intelligence,4,0,null,v1,v1,"{""model"": ""llama-3.3-70b-versatile"", ""temperature"": 0, ""date"": ""2025-10-21T05:59:47.265825+00:00"", ""prompt_version"": ""v1"", ""persona"": ""null""}"
"('consciousness', 'philosophyofmind')",consciousness,philosophy of mind,4,0,expert,v1,v1,"{""model"": ""llama-3.3-70b-versatile"", ""temperature"": 0, ""date"": ""2025-10-21T05:59:47.413882+00:00"", ""prompt_version"": ""v1"", ""persona"": ""expert""}"
"('consciousness', 'philosophyofmind')",consciousness,philosophy of mind,4,0,phd,v1,v1,"{""model"": ""llama-3.3-70b-versatile"", ""temperature"": 0, ""date"": ""2025-10-21T05:59:47.599146+00:00"", ""prompt_version"": ""v1"", ""persona"": ""phd""}"
"('consciousness', 'philosophyofmind')",consciousness,philosophy of mind,4,0,null,v1,v1,"{""model"": ""llama-3.3-70b-versatile"", ""temperature"": 0, ""date"": ""2025-10-21T05:59:47.749554+00:00"", ""prompt_version"": ""v1"", ""persona"": ""null""}"
"('epistemology', 'inductivelogicanddecisiontheory')",inductive logic and decision theory,epistemology,4,0,expert,v1,v1,"{""model"": ""llama-3.3-70b-versatile"", ""temperature"": 0, ""date"": ""2025-10-21T05:59:47.907324+00:00"", ""prompt_version"": ""v1"", ""persona"": ""expert""}"
"('epistemology', 'inductivelogicanddecisiontheory')",inductive logic and decision theory,epistemology,4,0,phd,v1,v1,"{""model"": ""llama-3.3-70b-versatile"", ""temperature"": 0, ""date"": ""2025-10-21T05:59:48.065685+00:00"", ""prompt_version"": ""v1"", ""persona"": ""phd""}"
"('epistemology', 'inductivelogicanddecisiontheory')",inductive logic and decision theory,epistemology,4,0,null,v1,v1,"{""model"": ""llama-3.3-70b-versatile"", ""temperature"": 0, ""date"": ""2025-10-21T05:59:48.247597+00:00"", ""prompt_version"": ""v1"", ""persona"": ""null""}"
"('folkpsychology', 'inputunit')",input unit,folk psychology,0,-1,expert,v1,v1,"{""model"": ""llama-3.3-70b-versatile"", ""temperature"": 0, ""date"": ""2025-10-21T05:59:48.428905+00:00"", ""prompt_version"": ""v1"", ""persona"": ""expert""}"
"('folkpsychology', 'inputunit')",input unit,folk psychology,0,-1,phd,v1,v1,"{""model"": ""llama-3.3-70b-versatile"", ""temperature"": 0, ""date"": ""2025-10-21T05:59:48.614935+00:00"", ""prompt_version"": ""v1"", ""persona"": ""phd""}"
"('folkpsychology', 'inputunit')",input unit,folk psychology,0,-1,null,v1,v1,"{""model"": ""llama-3.3-70b-versatile"", ""temperature"": 0, ""date"": ""2025-10-21T05:59:48.784014+00:00"", ""prompt_version"": ""v1"", ""persona"": ""null""}"
"('dualismandmetaphysicsofmind', 'philosophyofmind')",dualism and metaphysics of mind,philosophy of mind,4,0,expert,v1,v1,"{""model"": ""llama-3.3-70b-versatile"", ""temperature"": 0, ""date"": ""2025-10-21T05:59:48.971366+00:00"", ""prompt_version"": ""v1"", ""persona"": ""expert""}"
"('dualismandmetaphysicsofmind', 'philosophyofmind')",dualism and metaphysics of mind,philosophy of mind,4,0,phd,v1,v1,"{""model"": ""llama-3.3-70b-versatile"", ""temperature"": 0, ""date"": ""2025-10-21T05:59:49.122544+00:00"", ""prompt_version"": ""v1"", ""persona"": ""phd""}"
"('dualismandmetaphysicsofmind', 'philosophyofmind')",dualism and metaphysics of mind,philosophy of mind,4,0,null,v1,v1,"{""model"": ""llama-3.3-70b-versatile"", ""temperature"": 0, ""date"": ""2025-10-21T05:59:49.276861+00:00"", ""prompt_version"": ""v1"", ""persona"": ""null""}"
"('philosophyofphysics', 'philosophyofscienceandthesciences')",philosophy of physics,philosophy of science and the sciences,4,0,expert,v1,v1,"{""model"": ""llama-3.3-70b-versatile"", ""temperature"": 0, ""date"": ""2025-10-21T05:59:49.458677+00:00"", ""prompt_version"": ""v1"", ""persona"": ""expert""}"
"('philosophyofphysics', 'philosophyofscienceandthesciences')",philosophy of physics,philosophy of science and the sciences,4,0,phd,v1,v1,"{""model"": ""llama-3.3-70b-versatile"", ""temperature"": 0, ""date"": ""2025-10-21T05:59:49.617155+00:00"", ""prompt_version"": ""v1"", ""persona"": ""phd""}"
"('philosophyofphysics', 'philosophyofscienceandthesciences')",philosophy of physics,philosophy of science and the sciences,4,0,null,v1,v1,"{""model"": ""llama-3.3-70b-versatile"", ""temperature"": 0, ""date"": ""2025-10-21T05:59:49.791524+00:00"", ""prompt_version"": ""v1"", ""persona"": ""null""}"
"('mentalimagery', 'perception')",mental imagery,perception,4,0,expert,v1,v1,"{""model"": ""llama-3.3-70b-versatile"", ""temperature"": 0, ""date"": ""2025-10-21T05:59:49.973170+00:00"", ""prompt_version"": ""v1"", ""persona"": ""expert""}"
"('mentalimagery', 'perception')",mental imagery,perception,4,0,phd,v1,v1,"{""model"": ""llama-3.3-70b-versatile"", ""temperature"": 0, ""date"": ""2025-10-21T05:59:50.154835+00:00"", ""prompt_version"": ""v1"", ""persona"": ""phd""}"
"('mentalimagery', 'perception')",mental imagery,perception,4,0,null,v1,v1,"{""model"": ""llama-3.3-70b-versatile"", ""temperature"": 0, ""date"": ""2025-10-21T05:59:50.339216+00:00"", ""prompt_version"": ""v1"", ""persona"": ""null""}"
"('afterlife', 'heavenandhell')",heaven and hell,afterlife,4,0,expert,v1,v1,"{""model"": ""llama-3.3-70b-versatile"", ""temperature"": 0, ""date"": ""2025-10-21T05:59:50.529154+00:00"", ""prompt_version"": ""v1"", ""persona"": ""expert""}"
"('afterlife', 'heavenandhell')",heaven and hell,afterlife,4,0,phd,v1,v1,"{""model"": ""llama-3.3-70b-versatile"", ""temperature"": 0, ""date"": ""2025-10-21T05:59:50.709600+00:00"", ""prompt_version"": ""v1"", ""persona"": ""phd""}"
"('afterlife', 'heavenandhell')",heaven and hell,afterlife,4,0,null,v1,v1,"{""model"": ""llama-3.3-70b-versatile"", ""temperature"": 0, ""date"": ""2025-10-21T05:59:50.862453+00:00"", ""prompt_version"": ""v1"", ""persona"": ""null""}"
"('divinerevelation', 'philosophyofreligion')",divine revelation,philosophy of religion,4,0,expert,v1,v1,"{""model"": ""llama-3.3-70b-versatile"", ""temperature"": 0, ""date"": ""2025-10-21T05:59:51.016507+00:00"", ""prompt_version"": ""v1"", ""persona"": ""expert""}"
"('divinerevelation', 'philosophyofreligion')",divine revelation,philosophy of religion,4,0,phd,v1,v1,"{""model"": ""llama-3.3-70b-versatile"", ""temperature"": 0, ""date"": ""2025-10-21T05:59:51.183937+00:00"", ""prompt_version"": ""v1"", ""persona"": ""phd""}"
"('divinerevelation', 'philosophyofreligion')",divine revelation,philosophy of religion,3,0,null,v1,v1,"{""model"": ""llama-3.3-70b-versatile"", ""temperature"": 0, ""date"": ""2025-10-21T05:59:51.339136+00:00"", ""prompt_version"": ""v1"", ""persona"": ""null""}"
"('mind', 'philosophyofmind')",mind,philosophy of mind,4,0,expert,v1,v1,"{""model"": ""llama-3.3-70b-versatile"", ""temperature"": 0, ""date"": ""2025-10-21T05:59:51.488921+00:00"", ""prompt_version"": ""v1"", ""persona"": ""expert""}"
"('mind', 'philosophyofmind')",mind,philosophy of mind,4,0,phd,v1,v1,"{""model"": ""llama-3.3-70b-versatile"", ""temperature"": 0, ""date"": ""2025-10-21T05:59:51.646409+00:00"", ""prompt_version"": ""v1"", ""persona"": ""phd""}"
"('mind', 'philosophyofmind')",mind,philosophy of mind,4,1,null,v1,v1,"{""model"": ""llama-3.3-70b-versatile"", ""temperature"": 0, ""date"": ""2025-10-21T05:59:51.796567+00:00"", ""prompt_version"": ""v1"", ""persona"": ""null""}"
"('folkpsychology', 'simulationtheory')",simulation theory,folk psychology,2,0,expert,v1,v1,"{""model"": ""llama-3.3-70b-versatile"", ""temperature"": 0, ""date"": ""2025-10-21T05:59:51.979185+00:00"", ""prompt_version"": ""v1"", ""persona"": ""expert""}"
"('folkpsychology', 'simulationtheory')",simulation theory,folk psychology,4,0,phd,v1,v1,"{""model"": ""llama-3.3-70b-versatile"", ""temperature"": 0, ""date"": ""2025-10-21T05:59:52.135928+00:00"", ""prompt_version"": ""v1"", ""persona"": ""phd""}"
"('folkpsychology', 'simulationtheory')",simulation theory,folk psychology,2,3,null,v1,v1,"{""model"": ""llama-3.3-70b-versatile"", ""temperature"": 0, ""date"": ""2025-10-21T05:59:52.298026+00:00"", ""prompt_version"": ""v1"", ""persona"": ""null""}"
"('existence', 'existentialism')",existentialism,existence,4,0,course_taker,v1,v1,"{""model"": ""llama-3.3-70b-versatile"", ""temperature"": 0, ""date"": ""2025-10-21T05:59:52.482332+00:00"", ""prompt_version"": ""v1"", ""persona"": ""course_taker""}"
"('existence', 'existentialism')",existentialism,existence,4,0,phd,v1,v1,"{""model"": ""llama-3.3-70b-versatile"", ""temperature"": 0, ""date"": ""2025-10-21T05:59:52.636392+00:00"", ""prompt_version"": ""v1"", ""persona"": ""phd""}"
"('existence', 'existentialism')",existentialism,existence,4,0,null,v1,v1,"{""model"": ""llama-3.3-70b-versatile"", ""temperature"": 0, ""date"": ""2025-10-21T05:59:52.791958+00:00"", ""prompt_version"": ""v1"", ""persona"": ""null""}"
"('interpretationsofprobability', 'philosophyofscienceandthesciences')",interpretations of probability,philosophy of science and the sciences,3,0,expert,v1,v1,"{""model"": ""llama-3.3-70b-versatile"", ""temperature"": 0, ""date"": ""2025-10-21T05:59:52.972221+00:00"", ""prompt_version"": ""v1"", ""persona"": ""expert""}"
"('interpretationsofprobability', 'philosophyofscienceandthesciences')",interpretations of probability,philosophy of science and the sciences,3,0,phd,v1,v1,"{""model"": ""llama-3.3-70b-versatile"", ""temperature"": 0, ""date"": ""2025-10-21T05:59:53.118046+00:00"", ""prompt_version"": ""v1"", ""persona"": ""phd""}"
"('interpretationsofprobability', 'philosophyofscienceandthesciences')",interpretations of probability,philosophy of science and the sciences,3,0,null,v1,v1,"{""model"": ""llama-3.3-70b-versatile"", ""temperature"": 0, ""date"": ""2025-10-21T05:59:53.273073+00:00"", ""prompt_version"": ""v1"", ""persona"": ""null""}"
"('deontology', 'ethics')",ethics,deontology,4,1,novice,v1,v1,"{""model"": ""llama-3.3-70b-versatile"", ""temperature"": 0, ""date"": ""2025-10-21T05:59:53.432612+00:00"", ""prompt_version"": ""v1"", ""persona"": ""novice""}"
"('deontology', 'ethics')",ethics,deontology,4,1,phd,v1,v1,"{""model"": ""llama-3.3-70b-versatile"", ""temperature"": 0, ""date"": ""2025-10-21T05:59:53.586952+00:00"", ""prompt_version"": ""v1"", ""persona"": ""phd""}"
"('deontology', 'ethics')",ethics,deontology,4,1,null,v1,v1,"{""model"": ""llama-3.3-70b-versatile"", ""temperature"": 0, ""date"": ""2025-10-21T05:59:53.724525+00:00"", ""prompt_version"": ""v1"", ""persona"": ""null""}"
"('logic', 'logicandlanguage')",logic,logic and language,4,0,course_taker,v1,v1,"{""model"": ""llama-3.3-70b-versatile"", ""temperature"": 0, ""date"": ""2025-10-21T05:59:53.882166+00:00"", ""prompt_version"": ""v1"", ""persona"": ""course_taker""}"
"('logic', 'logicandlanguage')",logic,logic and language,4,0,phd,v1,v1,"{""model"": ""llama-3.3-70b-versatile"", ""temperature"": 0, ""date"": ""2025-10-21T05:59:54.038099+00:00"", ""prompt_version"": ""v1"", ""persona"": ""phd""}"
"('logic', 'logicandlanguage')",logic,logic and language,4,0,null,v1,v1,"{""model"": ""llama-3.3-70b-versatile"", ""temperature"": 0, ""date"": ""2025-10-21T05:59:54.208956+00:00"", ""prompt_version"": ""v1"", ""persona"": ""null""}"
"('constructivemathematics', 'philosophyofscienceandthesciences')",constructive mathematics,philosophy of science and the sciences,3,0,expert,v1,v1,"{""model"": ""llama-3.3-70b-versatile"", ""temperature"": 0, ""date"": ""2025-10-21T05:59:54.376818+00:00"", ""prompt_version"": ""v1"", ""persona"": ""expert""}"
"('constructivemathematics', 'philosophyofscienceandthesciences')",constructive mathematics,philosophy of science and the sciences,2,0,phd,v1,v1,"{""model"": ""llama-3.3-70b-versatile"", ""temperature"": 0, ""date"": ""2025-10-21T05:59:54.531092+00:00"", ""prompt_version"": ""v1"", ""persona"": ""phd""}"
"('constructivemathematics', 'philosophyofscienceandthesciences')",constructive mathematics,philosophy of science and the sciences,2,0,null,v1,v1,"{""model"": ""llama-3.3-70b-versatile"", ""temperature"": 0, ""date"": ""2025-10-21T05:59:54.730368+00:00"", ""prompt_version"": ""v1"", ""persona"": ""null""}"
"('philosophyofmind', 'unityofconsciousness')",unity of consciousness,philosophy of mind,4,0,expert,v1,v1,"{""model"": ""llama-3.3-70b-versatile"", ""temperature"": 0, ""date"": ""2025-10-21T05:59:54.916243+00:00"", ""prompt_version"": ""v1"", ""persona"": ""expert""}"
"('philosophyofmind', 'unityofconsciousness')",unity of consciousness,philosophy of mind,4,0,phd,v1,v1,"{""model"": ""llama-3.3-70b-versatile"", ""temperature"": 0, ""date"": ""2025-10-21T05:59:55.064229+00:00"", ""prompt_version"": ""v1"", ""persona"": ""phd""}"
"('philosophyofmind', 'unityofconsciousness')",unity of consciousness,philosophy of mind,4,0,null,v1,v1,"{""model"": ""llama-3.3-70b-versatile"", ""temperature"": 0, ""date"": ""2025-10-21T05:59:55.217000+00:00"", ""prompt_version"": ""v1"", ""persona"": ""null""}"
"('otherminds', 'philosophyofmind')",other minds,philosophy of mind,4,0,expert,v1,v1,"{""model"": ""llama-3.3-70b-versatile"", ""temperature"": 0, ""date"": ""2025-10-21T05:59:55.362793+00:00"", ""prompt_version"": ""v1"", ""persona"": ""expert""}"
"('otherminds', 'philosophyofmind')",other minds,philosophy of mind,4,0,phd,v1,v1,"{""model"": ""llama-3.3-70b-versatile"", ""temperature"": 0, ""date"": ""2025-10-21T05:59:55.512775+00:00"", ""prompt_version"": ""v1"", ""persona"": ""phd""}"
"('otherminds', 'philosophyofmind')",other minds,philosophy of mind,4,0,null,v1,v1,"{""model"": ""llama-3.3-70b-versatile"", ""temperature"": 0, ""date"": ""2025-10-21T05:59:55.687864+00:00"", ""prompt_version"": ""v1"", ""persona"": ""null""}"
"('perception', 'psychologicaltheory')",psychological theory,perception,3,1,expert,v1,v1,"{""model"": ""llama-3.3-70b-versatile"", ""temperature"": 0, ""date"": ""2025-10-21T05:59:55.861439+00:00"", ""prompt_version"": ""v1"", ""persona"": ""expert""}"
"('perception', 'psychologicaltheory')",psychological theory,perception,3,1,phd,v1,v1,"{""model"": ""llama-3.3-70b-versatile"", ""temperature"": 0, ""date"": ""2025-10-21T05:59:56.001419+00:00"", ""prompt_version"": ""v1"", ""persona"": ""phd""}"
"('perception', 'psychologicaltheory')",psychological theory,perception,3,1,null,v1,v1,"{""model"": ""llama-3.3-70b-versatile"", ""temperature"": 0, ""date"": ""2025-10-21T05:59:56.156979+00:00"", ""prompt_version"": ""v1"", ""persona"": ""null""}"
"('knowledgeargument', 'physicalism')",knowledge argument,physicalism,4,0,expert,v1,v1,"{""model"": ""llama-3.3-70b-versatile"", ""temperature"": 0, ""date"": ""2025-10-21T05:59:56.303636+00:00"", ""prompt_version"": ""v1"", ""persona"": ""expert""}"
"('knowledgeargument', 'physicalism')",knowledge argument,physicalism,4,0,phd,v1,v1,"{""model"": ""llama-3.3-70b-versatile"", ""temperature"": 0, ""date"": ""2025-10-21T05:59:56.496400+00:00"", ""prompt_version"": ""v1"", ""persona"": ""phd""}"
"('knowledgeargument', 'physicalism')",knowledge argument,physicalism,4,0,null,v1,v1,"{""model"": ""llama-3.3-70b-versatile"", ""temperature"": 0, ""date"": ""2025-10-21T05:59:56.642902+00:00"", ""prompt_version"": ""v1"", ""persona"": ""null""}"
"('epistemology', 'moralepistemology')",moral epistemology,epistemology,4,0,expert,v1,v1,"{""model"": ""llama-3.3-70b-versatile"", ""temperature"": 0, ""date"": ""2025-10-21T05:59:56.806120+00:00"", ""prompt_version"": ""v1"", ""persona"": ""expert""}"
"('epistemology', 'moralepistemology')",moral epistemology,epistemology,4,0,phd,v1,v1,"{""model"": ""llama-3.3-70b-versatile"", ""temperature"": 0, ""date"": ""2025-10-21T05:59:56.967306+00:00"", ""prompt_version"": ""v1"", ""persona"": ""phd""}"
"('epistemology', 'moralepistemology')",moral epistemology,epistemology,4,0,null,v1,v1,"{""model"": ""llama-3.3-70b-versatile"", ""temperature"": 0, ""date"": ""2025-10-21T05:59:57.172125+00:00"", ""prompt_version"": ""v1"", ""persona"": ""null""}"
"('epistemology', 'externalism')",externalism,epistemology,4,0,expert,v1,v1,"{""model"": ""llama-3.3-70b-versatile"", ""temperature"": 0, ""date"": ""2025-10-21T05:59:57.361685+00:00"", ""prompt_version"": ""v1"", ""persona"": ""expert""}"
"('epistemology', 'externalism')",externalism,epistemology,3,0,phd,v1,v1,"{""model"": ""llama-3.3-70b-versatile"", ""temperature"": 0, ""date"": ""2025-10-21T05:59:57.507505+00:00"", ""prompt_version"": ""v1"", ""persona"": ""phd""}"
"('epistemology', 'externalism')",externalism,epistemology,3,0,null,v1,v1,"{""model"": ""llama-3.3-70b-versatile"", ""temperature"": 0, ""date"": ""2025-10-21T05:59:57.666717+00:00"", ""prompt_version"": ""v1"", ""persona"": ""null""}"
"('epistemology', 'realismandantirealism')",realism and anti-realism,epistemology,4,0,expert,v1,v1,"{""model"": ""llama-3.3-70b-versatile"", ""temperature"": 0, ""date"": ""2025-10-21T05:59:57.828308+00:00"", ""prompt_version"": ""v1"", ""persona"": ""expert""}"
"('epistemology', 'realismandantirealism')",realism and anti-realism,epistemology,3,0,phd,v1,v1,"{""model"": ""llama-3.3-70b-versatile"", ""temperature"": 0, ""date"": ""2025-10-21T05:59:57.978321+00:00"", ""prompt_version"": ""v1"", ""persona"": ""phd""}"
"('epistemology', 'realismandantirealism')",realism and anti-realism,epistemology,2,0,null,v1,v1,"{""model"": ""llama-3.3-70b-versatile"", ""temperature"": 0, ""date"": ""2025-10-21T05:59:58.174446+00:00"", ""prompt_version"": ""v1"", ""persona"": ""null""}"
"('object', 'perception')",object,perception,2,0,expert,v1,v1,"{""model"": ""llama-3.3-70b-versatile"", ""temperature"": 0, ""date"": ""2025-10-21T05:59:58.370220+00:00"", ""prompt_version"": ""v1"", ""persona"": ""expert""}"
"('object', 'perception')",object,perception,2,1,phd,v1,v1,"{""model"": ""llama-3.3-70b-versatile"", ""temperature"": 0, ""date"": ""2025-10-21T05:59:58.556982+00:00"", ""prompt_version"": ""v1"", ""persona"": ""phd""}"
"('object', 'perception')",object,perception,2,3,null,v1,v1,"{""model"": ""llama-3.3-70b-versatile"", ""temperature"": 0, ""date"": ""2025-10-21T05:59:58.708697+00:00"", ""prompt_version"": ""v1"", ""persona"": ""null""}"
"('artificialintelligence', 'logicandlanguage')",logic and language,artificial intelligence,4,0,expert,v1,v1,"{""model"": ""llama-3.3-70b-versatile"", ""temperature"": 0, ""date"": ""2025-10-21T05:59:58.934882+00:00"", ""prompt_version"": ""v1"", ""persona"": ""expert""}"
"('artificialintelligence', 'logicandlanguage')",logic and language,artificial intelligence,2,0,phd,v1,v1,"{""model"": ""llama-3.3-70b-versatile"", ""temperature"": 0, ""date"": ""2025-10-21T05:59:59.089508+00:00"", ""prompt_version"": ""v1"", ""persona"": ""phd""}"
"('artificialintelligence', 'logicandlanguage')",logic and language,artificial intelligence,3,0,null,v1,v1,"{""model"": ""llama-3.3-70b-versatile"", ""temperature"": 0, ""date"": ""2025-10-21T05:59:59.254143+00:00"", ""prompt_version"": ""v1"", ""persona"": ""null""}"
"('animalcognition', 'folkpsychology')",animal cognition,folk psychology,2,0,expert,v1,v1,"{""model"": ""llama-3.3-70b-versatile"", ""temperature"": 0, ""date"": ""2025-10-21T05:59:59.401811+00:00"", ""prompt_version"": ""v1"", ""persona"": ""expert""}"
"('animalcognition', 'folkpsychology')",animal cognition,folk psychology,2,0,phd,v1,v1,"{""model"": ""llama-3.3-70b-versatile"", ""temperature"": 0, ""date"": ""2025-10-21T05:59:59.562064+00:00"", ""prompt_version"": ""v1"", ""persona"": ""phd""}"
"('animalcognition', 'folkpsychology')",animal cognition,folk psychology,2,0,null,v1,v1,"{""model"": ""llama-3.3-70b-versatile"", ""temperature"": 0, ""date"": ""2025-10-21T05:59:59.721001+00:00"", ""prompt_version"": ""v1"", ""persona"": ""null""}"
"('metaphysics', 'sophists')",sophists,metaphysics,2,0,expert,v1,v1,"{""model"": ""llama-3.3-70b-versatile"", ""temperature"": 0, ""date"": ""2025-10-21T05:59:59.874070+00:00"", ""prompt_version"": ""v1"", ""persona"": ""expert""}"
"('metaphysics', 'sophists')",sophists,metaphysics,2,0,phd,v1,v1,"{""model"": ""llama-3.3-70b-versatile"", ""temperature"": 0, ""date"": ""2025-10-21T06:00:00.065379+00:00"", ""prompt_version"": ""v1"", ""persona"": ""phd""}"
"('metaphysics', 'sophists')",sophists,metaphysics,2,3,null,v1,v1,"{""model"": ""llama-3.3-70b-versatile"", ""temperature"": 0, ""date"": ""2025-10-21T06:00:00.210860+00:00"", ""prompt_version"": ""v1"", ""persona"": ""null""}"
"('fideism', 'philosophyofreligion')",fideism,philosophy of religion,4,0,expert,v1,v1,"{""model"": ""llama-3.3-70b-versatile"", ""temperature"": 0, ""date"": ""2025-10-21T06:00:00.365981+00:00"", ""prompt_version"": ""v1"", ""persona"": ""expert""}"
"('fideism', 'philosophyofreligion')",fideism,philosophy of religion,4,0,phd,v1,v1,"{""model"": ""llama-3.3-70b-versatile"", ""temperature"": 0, ""date"": ""2025-10-21T06:00:00.521405+00:00"", ""prompt_version"": ""v1"", ""persona"": ""phd""}"
"('fideism', 'philosophyofreligion')",fideism,philosophy of religion,4,0,null,v1,v1,"{""model"": ""llama-3.3-70b-versatile"", ""temperature"": 0, ""date"": ""2025-10-21T06:00:00.696794+00:00"", ""prompt_version"": ""v1"", ""persona"": ""null""}"
"('logicandlanguage', 'philosophyoflanguage')",logic and language,philosophy of language,4,1,expert,v1,v1,"{""model"": ""llama-3.3-70b-versatile"", ""temperature"": 0, ""date"": ""2025-10-21T06:00:00.853226+00:00"", ""prompt_version"": ""v1"", ""persona"": ""expert""}"
"('logicandlanguage', 'philosophyoflanguage')",logic and language,philosophy of language,4,1,phd,v1,v1,"{""model"": ""llama-3.3-70b-versatile"", ""temperature"": 0, ""date"": ""2025-10-21T06:00:01.058163+00:00"", ""prompt_version"": ""v1"", ""persona"": ""phd""}"
"('logicandlanguage', 'philosophyoflanguage')",logic and language,philosophy of language,4,1,null,v1,v1,"{""model"": ""llama-3.3-70b-versatile"", ""temperature"": 0, ""date"": ""2025-10-21T06:00:01.228398+00:00"", ""prompt_version"": ""v1"", ""persona"": ""null""}"
"('determinism', 'freewill')",determinism,free will,4,3,expert,v1,v1,"{""model"": ""llama-3.3-70b-versatile"", ""temperature"": 0, ""date"": ""2025-10-21T06:00:01.399931+00:00"", ""prompt_version"": ""v1"", ""persona"": ""expert""}"
"('determinism', 'freewill')",determinism,free will,4,3,phd,v1,v1,"{""model"": ""llama-3.3-70b-versatile"", ""temperature"": 0, ""date"": ""2025-10-21T06:00:01.583134+00:00"", ""prompt_version"": ""v1"", ""persona"": ""phd""}"
"('determinism', 'freewill')",determinism,free will,4,3,null,v1,v1,"{""model"": ""llama-3.3-70b-versatile"", ""temperature"": 0, ""date"": ""2025-10-21T06:00:01.791887+00:00"", ""prompt_version"": ""v1"", ""persona"": ""null""}"
"('kantsphilosophyofreligion', 'metaphysics')",kant's philosophy of religion,metaphysics,3,0,expert,v1,v1,"{""model"": ""llama-3.3-70b-versatile"", ""temperature"": 0, ""date"": ""2025-10-21T06:00:01.991494+00:00"", ""prompt_version"": ""v1"", ""persona"": ""expert""}"
"('kantsphilosophyofreligion', 'metaphysics')",kant's philosophy of religion,metaphysics,3,0,phd,v1,v1,"{""model"": ""llama-3.3-70b-versatile"", ""temperature"": 0, ""date"": ""2025-10-21T06:00:02.177444+00:00"", ""prompt_version"": ""v1"", ""persona"": ""phd""}"
"('kantsphilosophyofreligion', 'metaphysics')",kant's philosophy of religion,metaphysics,3,0,null,v1,v1,"{""model"": ""llama-3.3-70b-versatile"", ""temperature"": 0, ""date"": ""2025-10-21T06:00:02.327057+00:00"", ""prompt_version"": ""v1"", ""persona"": ""null""}"
"('causaltheoriesofmentalcontent', 'mentalcontent')",causal theories of mental content,mental content,4,0,expert,v1,v1,"{""model"": ""llama-3.3-70b-versatile"", ""temperature"": 0, ""date"": ""2025-10-21T06:00:02.509877+00:00"", ""prompt_version"": ""v1"", ""persona"": ""expert""}"
"('causaltheoriesofmentalcontent', 'mentalcontent')",causal theories of mental content,mental content,4,0,phd,v1,v1,"{""model"": ""llama-3.3-70b-versatile"", ""temperature"": 0, ""date"": ""2025-10-21T06:00:02.664443+00:00"", ""prompt_version"": ""v1"", ""persona"": ""phd""}"
"('causaltheoriesofmentalcontent', 'mentalcontent')",causal theories of mental content,mental content,4,0,null,v1,v1,"{""model"": ""llama-3.3-70b-versatile"", ""temperature"": 0, ""date"": ""2025-10-21T06:00:02.855422+00:00"", ""prompt_version"": ""v1"", ""persona"": ""null""}"
"('bioethics', 'culturalrelativism')",cultural relativism,bioethics,2,1,expert,v1,v1,"{""model"": ""llama-3.3-70b-versatile"", ""temperature"": 0, ""date"": ""2025-10-21T06:00:03.008128+00:00"", ""prompt_version"": ""v1"", ""persona"": ""expert""}"
"('bioethics', 'culturalrelativism')",cultural relativism,bioethics,2,1,phd,v1,v1,"{""model"": ""llama-3.3-70b-versatile"", ""temperature"": 0, ""date"": ""2025-10-21T06:00:03.209572+00:00"", ""prompt_version"": ""v1"", ""persona"": ""phd""}"
"('bioethics', 'culturalrelativism')",cultural relativism,bioethics,2,1,null,v1,v1,"{""model"": ""llama-3.3-70b-versatile"", ""temperature"": 0, ""date"": ""2025-10-21T06:00:03.392376+00:00"", ""prompt_version"": ""v1"", ""persona"": ""null""}"
"('judaicphilosophy', 'judaism')",judaic philosophy,judaism,4,0,course_taker,v1,v1,"{""model"": ""llama-3.3-70b-versatile"", ""temperature"": 0, ""date"": ""2025-10-21T06:00:03.604497+00:00"", ""prompt_version"": ""v1"", ""persona"": ""course_taker""}"
"('judaicphilosophy', 'judaism')",judaic philosophy,judaism,4,0,phd,v1,v1,"{""model"": ""llama-3.3-70b-versatile"", ""temperature"": 0, ""date"": ""2025-10-21T06:00:03.841928+00:00"", ""prompt_version"": ""v1"", ""persona"": ""phd""}"
"('judaicphilosophy', 'judaism')",judaic philosophy,judaism,4,0,null,v1,v1,"{""model"": ""llama-3.3-70b-versatile"", ""temperature"": 0, ""date"": ""2025-10-21T06:00:04.047507+00:00"", ""prompt_version"": ""v1"", ""persona"": ""null""}"
"('epistemologicalproblemsofperception', 'philosophyofmind')",epistemological problems of perception,philosophy of mind,4,0,expert,v1,v1,"{""model"": ""llama-3.3-70b-versatile"", ""temperature"": 0, ""date"": ""2025-10-21T06:00:04.239899+00:00"", ""prompt_version"": ""v1"", ""persona"": ""expert""}"
"('epistemologicalproblemsofperception', 'philosophyofmind')",epistemological problems of perception,philosophy of mind,4,0,phd,v1,v1,"{""model"": ""llama-3.3-70b-versatile"", ""temperature"": 0, ""date"": ""2025-10-21T06:00:04.421044+00:00"", ""prompt_version"": ""v1"", ""persona"": ""phd""}"
"('epistemologicalproblemsofperception', 'philosophyofmind')",epistemological problems of perception,philosophy of mind,4,0,null,v1,v1,"{""model"": ""llama-3.3-70b-versatile"", ""temperature"": 0, ""date"": ""2025-10-21T06:00:04.589393+00:00"", ""prompt_version"": ""v1"", ""persona"": ""null""}"
"('epistemologicalproblemsofperception', 'perception')",epistemological problems of perception,perception,4,0,expert,v1,v1,"{""model"": ""llama-3.3-70b-versatile"", ""temperature"": 0, ""date"": ""2025-10-21T06:00:04.748860+00:00"", ""prompt_version"": ""v1"", ""persona"": ""expert""}"
"('epistemologicalproblemsofperception', 'perception')",epistemological problems of perception,perception,4,0,phd,v1,v1,"{""model"": ""llama-3.3-70b-versatile"", ""temperature"": 0, ""date"": ""2025-10-21T06:00:04.898726+00:00"", ""prompt_version"": ""v1"", ""persona"": ""phd""}"
"('epistemologicalproblemsofperception', 'perception')",epistemological problems of perception,perception,4,0,null,v1,v1,"{""model"": ""llama-3.3-70b-versatile"", ""temperature"": 0, ""date"": ""2025-10-21T06:00:05.058788+00:00"", ""prompt_version"": ""v1"", ""persona"": ""null""}"
"('kantsphilosophicaldevelopment', 'metaphysics')",kant's philosophical development,metaphysics,4,0,expert,v1,v1,"{""model"": ""llama-3.3-70b-versatile"", ""temperature"": 0, ""date"": ""2025-10-21T06:00:05.214200+00:00"", ""prompt_version"": ""v1"", ""persona"": ""expert""}"
"('kantsphilosophicaldevelopment', 'metaphysics')",kant's philosophical development,metaphysics,4,0,phd,v1,v1,"{""model"": ""llama-3.3-70b-versatile"", ""temperature"": 0, ""date"": ""2025-10-21T06:00:05.409478+00:00"", ""prompt_version"": ""v1"", ""persona"": ""phd""}"
"('kantsphilosophicaldevelopment', 'metaphysics')",kant's philosophical development,metaphysics,4,0,null,v1,v1,"{""model"": ""llama-3.3-70b-versatile"", ""temperature"": 0, ""date"": ""2025-10-21T06:00:05.601407+00:00"", ""prompt_version"": ""v1"", ""persona"": ""null""}"
"('abstractexpressionism', 'perception')",abstract expressionism,perception,2,0,expert,v1,v1,"{""model"": ""llama-3.3-70b-versatile"", ""temperature"": 0, ""date"": ""2025-10-21T06:00:05.808446+00:00"", ""prompt_version"": ""v1"", ""persona"": ""expert""}"
"('abstractexpressionism', 'perception')",abstract expressionism,perception,2,0,phd,v1,v1,"{""model"": ""llama-3.3-70b-versatile"", ""temperature"": 0, ""date"": ""2025-10-21T06:00:05.961650+00:00"", ""prompt_version"": ""v1"", ""persona"": ""phd""}"
"('abstractexpressionism', 'perception')",abstract expressionism,perception,2,0,null,v1,v1,"{""model"": ""llama-3.3-70b-versatile"", ""temperature"": 0, ""date"": ""2025-10-21T06:00:06.118906+00:00"", ""prompt_version"": ""v1"", ""persona"": ""null""}"
"('mentalcontent', 'narrowmentalcontent')",narrow mental content,mental content,4,0,expert,v1,v1,"{""model"": ""llama-3.3-70b-versatile"", ""temperature"": 0, ""date"": ""2025-10-21T06:00:06.299653+00:00"", ""prompt_version"": ""v1"", ""persona"": ""expert""}"
"('mentalcontent', 'narrowmentalcontent')",narrow mental content,mental content,4,0,phd,v1,v1,"{""model"": ""llama-3.3-70b-versatile"", ""temperature"": 0, ""date"": ""2025-10-21T06:00:06.486128+00:00"", ""prompt_version"": ""v1"", ""persona"": ""phd""}"
"('mentalcontent', 'narrowmentalcontent')",narrow mental content,mental content,4,0,null,v1,v1,"{""model"": ""llama-3.3-70b-versatile"", ""temperature"": 0, ""date"": ""2025-10-21T06:00:06.639720+00:00"", ""prompt_version"": ""v1"", ""persona"": ""null""}"
"('epistemology', 'perception')",perception,epistemology,4,0,expert,v1,v1,"{""model"": ""llama-3.3-70b-versatile"", ""temperature"": 0, ""date"": ""2025-10-21T06:00:06.805324+00:00"", ""prompt_version"": ""v1"", ""persona"": ""expert""}"
"('epistemology', 'perception')",perception,epistemology,4,0,phd,v1,v1,"{""model"": ""llama-3.3-70b-versatile"", ""temperature"": 0, ""date"": ""2025-10-21T06:00:06.987360+00:00"", ""prompt_version"": ""v1"", ""persona"": ""phd""}"
"('epistemology', 'perception')",perception,epistemology,3,0,null,v1,v1,"{""model"": ""llama-3.3-70b-versatile"", ""temperature"": 0, ""date"": ""2025-10-21T06:00:07.189686+00:00"", ""prompt_version"": ""v1"", ""persona"": ""null""}"
"('causaltheoriesofmentalcontent', 'theoriesofmentalcontent')",theories of mental content,causal theories of mental content,4,1,course_taker,v1,v1,"{""model"": ""llama-3.3-70b-versatile"", ""temperature"": 0, ""date"": ""2025-10-21T06:00:07.380284+00:00"", ""prompt_version"": ""v1"", ""persona"": ""course_taker""}"
"('causaltheoriesofmentalcontent', 'theoriesofmentalcontent')",theories of mental content,causal theories of mental content,4,1,phd,v1,v1,"{""model"": ""llama-3.3-70b-versatile"", ""temperature"": 0, ""date"": ""2025-10-21T06:00:07.530141+00:00"", ""prompt_version"": ""v1"", ""persona"": ""phd""}"
"('causaltheoriesofmentalcontent', 'theoriesofmentalcontent')",theories of mental content,causal theories of mental content,4,1,null,v1,v1,"{""model"": ""llama-3.3-70b-versatile"", ""temperature"": 0, ""date"": ""2025-10-21T06:00:07.680999+00:00"", ""prompt_version"": ""v1"", ""persona"": ""null""}"
"('philosophyofmind', 'sensedata')",sense-data,philosophy of mind,4,0,expert,v1,v1,"{""model"": ""llama-3.3-70b-versatile"", ""temperature"": 0, ""date"": ""2025-10-21T06:00:07.870330+00:00"", ""prompt_version"": ""v1"", ""persona"": ""expert""}"
"('philosophyofmind', 'sensedata')",sense-data,philosophy of mind,4,0,phd,v1,v1,"{""model"": ""llama-3.3-70b-versatile"", ""temperature"": 0, ""date"": ""2025-10-21T06:00:08.024896+00:00"", ""prompt_version"": ""v1"", ""persona"": ""phd""}"
"('philosophyofmind', 'sensedata')",sense-data,philosophy of mind,4,0,null,v1,v1,"{""model"": ""llama-3.3-70b-versatile"", ""temperature"": 0, ""date"": ""2025-10-21T06:00:08.183075+00:00"", ""prompt_version"": ""v1"", ""persona"": ""null""}"
"('belief', 'epistemology')",belief,epistemology,4,0,expert,v1,v1,"{""model"": ""llama-3.3-70b-versatile"", ""temperature"": 0, ""date"": ""2025-10-21T06:00:08.334497+00:00"", ""prompt_version"": ""v1"", ""persona"": ""expert""}"
"('belief', 'epistemology')",belief,epistemology,4,0,phd,v1,v1,"{""model"": ""llama-3.3-70b-versatile"", ""temperature"": 0, ""date"": ""2025-10-21T06:00:08.533944+00:00"", ""prompt_version"": ""v1"", ""persona"": ""phd""}"
"('belief', 'epistemology')",belief,epistemology,4,0,null,v1,v1,"{""model"": ""llama-3.3-70b-versatile"", ""temperature"": 0, ""date"": ""2025-10-21T06:00:08.718720+00:00"", ""prompt_version"": ""v1"", ""persona"": ""null""}"
"('feministphilosophyoflanguage', 'philosophyoflanguage')",feminist philosophy of language,philosophy of language,4,0,expert,v1,v1,"{""model"": ""llama-3.3-70b-versatile"", ""temperature"": 0, ""date"": ""2025-10-21T06:00:08.936713+00:00"", ""prompt_version"": ""v1"", ""persona"": ""expert""}"
"('feministphilosophyoflanguage', 'philosophyoflanguage')",feminist philosophy of language,philosophy of language,4,0,phd,v1,v1,"{""model"": ""llama-3.3-70b-versatile"", ""temperature"": 0, ""date"": ""2025-10-21T06:00:09.099979+00:00"", ""prompt_version"": ""v1"", ""persona"": ""phd""}"
"('feministphilosophyoflanguage', 'philosophyoflanguage')",feminist philosophy of language,philosophy of language,4,0,null,v1,v1,"{""model"": ""llama-3.3-70b-versatile"", ""temperature"": 0, ""date"": ""2025-10-21T06:00:09.246684+00:00"", ""prompt_version"": ""v1"", ""persona"": ""null""}"
"('divinelaw', 'philosophyofreligion')",divine law,philosophy of religion,4,0,expert,v1,v1,"{""model"": ""llama-3.3-70b-versatile"", ""temperature"": 0, ""date"": ""2025-10-21T06:00:09.401714+00:00"", ""prompt_version"": ""v1"", ""persona"": ""expert""}"
"('divinelaw', 'philosophyofreligion')",divine law,philosophy of religion,4,0,phd,v1,v1,"{""model"": ""llama-3.3-70b-versatile"", ""temperature"": 0, ""date"": ""2025-10-21T06:00:09.583934+00:00"", ""prompt_version"": ""v1"", ""persona"": ""phd""}"
"('divinelaw', 'philosophyofreligion')",divine law,philosophy of religion,3,0,null,v1,v1,"{""model"": ""llama-3.3-70b-versatile"", ""temperature"": 0, ""date"": ""2025-10-21T06:00:09.740599+00:00"", ""prompt_version"": ""v1"", ""persona"": ""null""}"
"('existence', 'philosophyofmind')",existence,philosophy of mind,2,1,expert,v1,v1,"{""model"": ""llama-3.3-70b-versatile"", ""temperature"": 0, ""date"": ""2025-10-21T06:00:09.917494+00:00"", ""prompt_version"": ""v1"", ""persona"": ""expert""}"
"('existence', 'philosophyofmind')",existence,philosophy of mind,2,1,phd,v1,v1,"{""model"": ""llama-3.3-70b-versatile"", ""temperature"": 0, ""date"": ""2025-10-21T06:00:10.113091+00:00"", ""prompt_version"": ""v1"", ""persona"": ""phd""}"
"('existence', 'philosophyofmind')",existence,philosophy of mind,2,1,null,v1,v1,"{""model"": ""llama-3.3-70b-versatile"", ""temperature"": 0, ""date"": ""2025-10-21T06:00:10.290722+00:00"", ""prompt_version"": ""v1"", ""persona"": ""null""}"
"('epistemology', 'philosophyofscience')",philosophy of science,epistemology,4,0,expert,v1,v1,"{""model"": ""llama-3.3-70b-versatile"", ""temperature"": 0, ""date"": ""2025-10-21T06:00:10.448847+00:00"", ""prompt_version"": ""v1"", ""persona"": ""expert""}"
"('epistemology', 'philosophyofscience')",philosophy of science,epistemology,4,0,phd,v1,v1,"{""model"": ""llama-3.3-70b-versatile"", ""temperature"": 0, ""date"": ""2025-10-21T06:00:10.637294+00:00"", ""prompt_version"": ""v1"", ""persona"": ""phd""}"
"('epistemology', 'philosophyofscience')",philosophy of science,epistemology,4,0,null,v1,v1,"{""model"": ""llama-3.3-70b-versatile"", ""temperature"": 0, ""date"": ""2025-10-21T06:00:10.805958+00:00"", ""prompt_version"": ""v1"", ""persona"": ""null""}"
"('lawsofnature', 'metaphysics')",laws of nature,metaphysics,4,0,expert,v1,v1,"{""model"": ""llama-3.3-70b-versatile"", ""temperature"": 0, ""date"": ""2025-10-21T06:00:10.963080+00:00"", ""prompt_version"": ""v1"", ""persona"": ""expert""}"
"('lawsofnature', 'metaphysics')",laws of nature,metaphysics,4,0,phd,v1,v1,"{""model"": ""llama-3.3-70b-versatile"", ""temperature"": 0, ""date"": ""2025-10-21T06:00:11.120850+00:00"", ""prompt_version"": ""v1"", ""persona"": ""phd""}"
"('lawsofnature', 'metaphysics')",laws of nature,metaphysics,3,0,null,v1,v1,"{""model"": ""llama-3.3-70b-versatile"", ""temperature"": 0, ""date"": ""2025-10-21T06:00:11.383787+00:00"", ""prompt_version"": ""v1"", ""persona"": ""null""}"
"('ideas', 'perception')",ideas,perception,2,1,expert,v1,v1,"{""model"": ""llama-3.3-70b-versatile"", ""temperature"": 0, ""date"": ""2025-10-21T06:00:11.576523+00:00"", ""prompt_version"": ""v1"", ""persona"": ""expert""}"
"('ideas', 'perception')",ideas,perception,2,1,phd,v1,v1,"{""model"": ""llama-3.3-70b-versatile"", ""temperature"": 0, ""date"": ""2025-10-21T06:00:11.764322+00:00"", ""prompt_version"": ""v1"", ""persona"": ""phd""}"
"('ideas', 'perception')",ideas,perception,2,1,null,v1,v1,"{""model"": ""llama-3.3-70b-versatile"", ""temperature"": 0, ""date"": ""2025-10-21T06:00:11.956387+00:00"", ""prompt_version"": ""v1"", ""persona"": ""null""}"
