key,ideaA,ideaB,relatedness,generality,persona,system_prompt,user_prompt,metadata
"('chinesephilosophy', 'taoism')",taoism,chinese philosophy,4,0,novice,v1,v1,"{""model"": ""open-mistral-nemo"", ""temperature"": 0, ""date"": ""2025-10-21T03:45:46.340114+00:00"", ""prompt_version"": ""v1"", ""persona"": ""novice""}"
"('chinesephilosophy', 'taoism')",taoism,chinese philosophy,4,0,course_taker,v1,v1,"{""model"": ""open-mistral-nemo"", ""temperature"": 0, ""date"": ""2025-10-21T03:45:47.674941+00:00"", ""prompt_version"": ""v1"", ""persona"": ""course_taker""}"
"('chinesephilosophy', 'taoism')",taoism,chinese philosophy,4,0,expert,v1,v1,"{""model"": ""open-mistral-nemo"", ""temperature"": 0, ""date"": ""2025-10-21T03:45:49.026433+00:00"", ""prompt_version"": ""v1"", ""persona"": ""expert""}"
"('chinesephilosophy', 'taoism')",taoism,chinese philosophy,4,0,phd,v1,v1,"{""model"": ""open-mistral-nemo"", ""temperature"": 0, ""date"": ""2025-10-21T03:45:50.391247+00:00"", ""prompt_version"": ""v1"", ""persona"": ""phd""}"
"('chinesephilosophy', 'taoism')",taoism,chinese philosophy,4,0,null,v1,v1,"{""model"": ""open-mistral-nemo"", ""temperature"": 0, ""date"": ""2025-10-21T03:45:51.748608+00:00"", ""prompt_version"": ""v1"", ""persona"": ""null""}"
"('meaning', 'philosophyoflanguage')",philosophy of language,meaning,4,0,novice,v1,v1,"{""model"": ""open-mistral-nemo"", ""temperature"": 0, ""date"": ""2025-10-21T03:45:53.061967+00:00"", ""prompt_version"": ""v1"", ""persona"": ""novice""}"
"('meaning', 'philosophyoflanguage')",philosophy of language,meaning,4,0,course_taker,v1,v1,"{""model"": ""open-mistral-nemo"", ""temperature"": 0, ""date"": ""2025-10-21T03:45:54.582186+00:00"", ""prompt_version"": ""v1"", ""persona"": ""course_taker""}"
"('meaning', 'philosophyoflanguage')",philosophy of language,meaning,4,0,expert,v1,v1,"{""model"": ""open-mistral-nemo"", ""temperature"": 0, ""date"": ""2025-10-21T03:45:55.956303+00:00"", ""prompt_version"": ""v1"", ""persona"": ""expert""}"
"('meaning', 'philosophyoflanguage')",philosophy of language,meaning,4,0,phd,v1,v1,"{""model"": ""open-mistral-nemo"", ""temperature"": 0, ""date"": ""2025-10-21T03:45:57.330587+00:00"", ""prompt_version"": ""v1"", ""persona"": ""phd""}"
"('meaning', 'philosophyoflanguage')",philosophy of language,meaning,4,0,null,v1,v1,"{""model"": ""open-mistral-nemo"", ""temperature"": 0, ""date"": ""2025-10-21T03:45:58.863674+00:00"", ""prompt_version"": ""v1"", ""persona"": ""null""}"
"('philosophyofscience', 'philosophyofscienceandthesciences')",philosophy of science and the sciences,philosophy of science,4,0,novice,v1,v1,"{""model"": ""open-mistral-nemo"", ""temperature"": 0, ""date"": ""2025-10-21T03:46:00.337598+00:00"", ""prompt_version"": ""v1"", ""persona"": ""novice""}"
"('philosophyofscience', 'philosophyofscienceandthesciences')",philosophy of science and the sciences,philosophy of science,4,0,expert,v1,v1,"{""model"": ""open-mistral-nemo"", ""temperature"": 0, ""date"": ""2025-10-21T03:46:01.703983+00:00"", ""prompt_version"": ""v1"", ""persona"": ""expert""}"
"('philosophyofscience', 'philosophyofscienceandthesciences')",philosophy of science and the sciences,philosophy of science,4,0,phd,v1,v1,"{""model"": ""open-mistral-nemo"", ""temperature"": 0, ""date"": ""2025-10-21T03:46:03.044127+00:00"", ""prompt_version"": ""v1"", ""persona"": ""phd""}"
"('philosophyofscience', 'philosophyofscienceandthesciences')",philosophy of science and the sciences,philosophy of science,4,0,null,v1,v1,"{""model"": ""open-mistral-nemo"", ""temperature"": 0, ""date"": ""2025-10-21T03:46:04.390921+00:00"", ""prompt_version"": ""v1"", ""persona"": ""null""}"
"('epistemology', 'epistemologyofscience')",epistemology,epistemology of science,4,1,course_taker,v1,v1,"{""model"": ""open-mistral-nemo"", ""temperature"": 0, ""date"": ""2025-10-21T03:46:05.742537+00:00"", ""prompt_version"": ""v1"", ""persona"": ""course_taker""}"
"('epistemology', 'epistemologyofscience')",epistemology,epistemology of science,4,0,expert,v1,v1,"{""model"": ""open-mistral-nemo"", ""temperature"": 0, ""date"": ""2025-10-21T03:46:07.083216+00:00"", ""prompt_version"": ""v1"", ""persona"": ""expert""}"
"('epistemology', 'epistemologyofscience')",epistemology,epistemology of science,4,0,phd,v1,v1,"{""model"": ""open-mistral-nemo"", ""temperature"": 0, ""date"": ""2025-10-21T03:46:08.423031+00:00"", ""prompt_version"": ""v1"", ""persona"": ""phd""}"
"('epistemology', 'epistemologyofscience')",epistemology,epistemology of science,4,1,null,v1,v1,"{""model"": ""open-mistral-nemo"", ""temperature"": 0, ""date"": ""2025-10-21T03:46:09.766478+00:00"", ""prompt_version"": ""v1"", ""persona"": ""null""}"
"('metaphysics', 'substance')",metaphysics,substance,4,1,course_taker,v1,v1,"{""model"": ""open-mistral-nemo"", ""temperature"": 0, ""date"": ""2025-10-21T03:46:11.109122+00:00"", ""prompt_version"": ""v1"", ""persona"": ""course_taker""}"
"('metaphysics', 'substance')",metaphysics,substance,4,1,expert,v1,v1,"{""model"": ""open-mistral-nemo"", ""temperature"": 0, ""date"": ""2025-10-21T03:46:12.468863+00:00"", ""prompt_version"": ""v1"", ""persona"": ""expert""}"
"('metaphysics', 'substance')",metaphysics,substance,4,1,phd,v1,v1,"{""model"": ""open-mistral-nemo"", ""temperature"": 0, ""date"": ""2025-10-21T03:46:13.829945+00:00"", ""prompt_version"": ""v1"", ""persona"": ""phd""}"
"('metaphysics', 'substance')",metaphysics,substance,3,1,null,v1,v1,"{""model"": ""open-mistral-nemo"", ""temperature"": 0, ""date"": ""2025-10-21T03:46:15.192153+00:00"", ""prompt_version"": ""v1"", ""persona"": ""null""}"
"('philosophyofbiology', 'philosophyofscienceandthesciences')",philosophy of science and the sciences,philosophy of biology,3,1,novice,v1,v1,"{""model"": ""open-mistral-nemo"", ""temperature"": 0, ""date"": ""2025-10-21T03:46:16.558596+00:00"", ""prompt_version"": ""v1"", ""persona"": ""novice""}"
"('philosophyofbiology', 'philosophyofscienceandthesciences')",philosophy of science and the sciences,philosophy of biology,4,1,expert,v1,v1,"{""model"": ""open-mistral-nemo"", ""temperature"": 0, ""date"": ""2025-10-21T03:46:17.916140+00:00"", ""prompt_version"": ""v1"", ""persona"": ""expert""}"
"('philosophyofbiology', 'philosophyofscienceandthesciences')",philosophy of science and the sciences,philosophy of biology,3,1,phd,v1,v1,"{""model"": ""open-mistral-nemo"", ""temperature"": 0, ""date"": ""2025-10-21T03:46:19.284999+00:00"", ""prompt_version"": ""v1"", ""persona"": ""phd""}"
"('philosophyofbiology', 'philosophyofscienceandthesciences')",philosophy of science and the sciences,philosophy of biology,4,1,null,v1,v1,"{""model"": ""open-mistral-nemo"", ""temperature"": 0, ""date"": ""2025-10-21T03:46:20.666409+00:00"", ""prompt_version"": ""v1"", ""persona"": ""null""}"
"('artificialintelligence', 'neuralnetwork')",artificial intelligence,neural network,4,0,course_taker,v1,v1,"{""model"": ""open-mistral-nemo"", ""temperature"": 0, ""date"": ""2025-10-21T03:46:21.994701+00:00"", ""prompt_version"": ""v1"", ""persona"": ""course_taker""}"
"('artificialintelligence', 'neuralnetwork')",artificial intelligence,neural network,4,1,expert,v1,v1,"{""model"": ""open-mistral-nemo"", ""temperature"": 0, ""date"": ""2025-10-21T03:46:23.368622+00:00"", ""prompt_version"": ""v1"", ""persona"": ""expert""}"
"('artificialintelligence', 'neuralnetwork')",artificial intelligence,neural network,4,0,phd,v1,v1,"{""model"": ""open-mistral-nemo"", ""temperature"": 0, ""date"": ""2025-10-21T03:46:24.699692+00:00"", ""prompt_version"": ""v1"", ""persona"": ""phd""}"
"('artificialintelligence', 'neuralnetwork')",artificial intelligence,neural network,4,1,null,v1,v1,"{""model"": ""open-mistral-nemo"", ""temperature"": 0, ""date"": ""2025-10-21T03:46:26.072330+00:00"", ""prompt_version"": ""v1"", ""persona"": ""null""}"
"('epistemology', 'moralepistemologyandmoralreasoning')",epistemology,moral epistemology and moral reasoning,4,1,novice,v1,v1,"{""model"": ""open-mistral-nemo"", ""temperature"": 0, ""date"": ""2025-10-21T03:46:27.449917+00:00"", ""prompt_version"": ""v1"", ""persona"": ""novice""}"
"('epistemology', 'moralepistemologyandmoralreasoning')",epistemology,moral epistemology and moral reasoning,4,1,expert,v1,v1,"{""model"": ""open-mistral-nemo"", ""temperature"": 0, ""date"": ""2025-10-21T03:46:28.810127+00:00"", ""prompt_version"": ""v1"", ""persona"": ""expert""}"
"('epistemology', 'moralepistemologyandmoralreasoning')",epistemology,moral epistemology and moral reasoning,4,1,phd,v1,v1,"{""model"": ""open-mistral-nemo"", ""temperature"": 0, ""date"": ""2025-10-21T03:46:30.146478+00:00"", ""prompt_version"": ""v1"", ""persona"": ""phd""}"
"('epistemology', 'moralepistemologyandmoralreasoning')",epistemology,moral epistemology and moral reasoning,4,1,null,v1,v1,"{""model"": ""open-mistral-nemo"", ""temperature"": 0, ""date"": ""2025-10-21T03:46:31.482935+00:00"", ""prompt_version"": ""v1"", ""persona"": ""null""}"
"('revisiontheoryoftruth', 'truth')",revision theory of truth,truth,4,0,course_taker,v1,v1,"{""model"": ""open-mistral-nemo"", ""temperature"": 0, ""date"": ""2025-10-21T03:46:32.832356+00:00"", ""prompt_version"": ""v1"", ""persona"": ""course_taker""}"
"('revisiontheoryoftruth', 'truth')",revision theory of truth,truth,4,0,expert,v1,v1,"{""model"": ""open-mistral-nemo"", ""temperature"": 0, ""date"": ""2025-10-21T03:46:34.162396+00:00"", ""prompt_version"": ""v1"", ""persona"": ""expert""}"
"('revisiontheoryoftruth', 'truth')",revision theory of truth,truth,4,0,phd,v1,v1,"{""model"": ""open-mistral-nemo"", ""temperature"": 0, ""date"": ""2025-10-21T03:46:35.507259+00:00"", ""prompt_version"": ""v1"", ""persona"": ""phd""}"
"('revisiontheoryoftruth', 'truth')",revision theory of truth,truth,3,0,null,v1,v1,"{""model"": ""open-mistral-nemo"", ""temperature"": 0, ""date"": ""2025-10-21T03:46:36.991075+00:00"", ""prompt_version"": ""v1"", ""persona"": ""null""}"
"('philosophyofreligion', 'religion')",philosophy of religion,religion,4,0,course_taker,v1,v1,"{""model"": ""open-mistral-nemo"", ""temperature"": 0, ""date"": ""2025-10-21T03:46:38.344496+00:00"", ""prompt_version"": ""v1"", ""persona"": ""course_taker""}"
"('philosophyofreligion', 'religion')",philosophy of religion,religion,4,0,expert,v1,v1,"{""model"": ""open-mistral-nemo"", ""temperature"": 0, ""date"": ""2025-10-21T03:46:39.676757+00:00"", ""prompt_version"": ""v1"", ""persona"": ""expert""}"
"('philosophyofreligion', 'religion')",philosophy of religion,religion,4,0,phd,v1,v1,"{""model"": ""open-mistral-nemo"", ""temperature"": 0, ""date"": ""2025-10-21T03:46:41.032092+00:00"", ""prompt_version"": ""v1"", ""persona"": ""phd""}"
"('philosophyofreligion', 'religion')",philosophy of religion,religion,4,0,null,v1,v1,"{""model"": ""open-mistral-nemo"", ""temperature"": 0, ""date"": ""2025-10-21T03:46:42.493129+00:00"", ""prompt_version"": ""v1"", ""persona"": ""null""}"
"('artificialintelligence', 'thinkingmachine')",thinking machine,artificial intelligence,4,0,course_taker,v1,v1,"{""model"": ""open-mistral-nemo"", ""temperature"": 0, ""date"": ""2025-10-21T03:46:43.856369+00:00"", ""prompt_version"": ""v1"", ""persona"": ""course_taker""}"
"('artificialintelligence', 'thinkingmachine')",thinking machine,artificial intelligence,4,0,expert,v1,v1,"{""model"": ""open-mistral-nemo"", ""temperature"": 0, ""date"": ""2025-10-21T03:46:45.297371+00:00"", ""prompt_version"": ""v1"", ""persona"": ""expert""}"
"('artificialintelligence', 'thinkingmachine')",thinking machine,artificial intelligence,4,0,phd,v1,v1,"{""model"": ""open-mistral-nemo"", ""temperature"": 0, ""date"": ""2025-10-21T03:46:46.723521+00:00"", ""prompt_version"": ""v1"", ""persona"": ""phd""}"
"('artificialintelligence', 'thinkingmachine')",thinking machine,artificial intelligence,4,0,null,v1,v1,"{""model"": ""open-mistral-nemo"", ""temperature"": 0, ""date"": ""2025-10-21T03:46:48.099911+00:00"", ""prompt_version"": ""v1"", ""persona"": ""null""}"
"('belief', 'philosophyofreligion')",philosophy of religion,belief,3,0,course_taker,v1,v1,"{""model"": ""open-mistral-nemo"", ""temperature"": 0, ""date"": ""2025-10-21T03:46:49.449667+00:00"", ""prompt_version"": ""v1"", ""persona"": ""course_taker""}"
"('belief', 'philosophyofreligion')",philosophy of religion,belief,3,0,expert,v1,v1,"{""model"": ""open-mistral-nemo"", ""temperature"": 0, ""date"": ""2025-10-21T03:46:50.810764+00:00"", ""prompt_version"": ""v1"", ""persona"": ""expert""}"
"('belief', 'philosophyofreligion')",philosophy of religion,belief,3,0,phd,v1,v1,"{""model"": ""open-mistral-nemo"", ""temperature"": 0, ""date"": ""2025-10-21T03:46:52.145409+00:00"", ""prompt_version"": ""v1"", ""persona"": ""phd""}"
"('belief', 'philosophyofreligion')",philosophy of religion,belief,3,0,null,v1,v1,"{""model"": ""open-mistral-nemo"", ""temperature"": 0, ""date"": ""2025-10-21T03:46:53.493526+00:00"", ""prompt_version"": ""v1"", ""persona"": ""null""}"
"('chinesephilosophy', 'daoism')",chinese philosophy,daoism,4,0,course_taker,v1,v1,"{""model"": ""open-mistral-nemo"", ""temperature"": 0, ""date"": ""2025-10-21T03:46:54.837815+00:00"", ""prompt_version"": ""v1"", ""persona"": ""course_taker""}"
"('chinesephilosophy', 'daoism')",chinese philosophy,daoism,4,0,expert,v1,v1,"{""model"": ""open-mistral-nemo"", ""temperature"": 0, ""date"": ""2025-10-21T03:46:56.165001+00:00"", ""prompt_version"": ""v1"", ""persona"": ""expert""}"
"('chinesephilosophy', 'daoism')",chinese philosophy,daoism,4,0,phd,v1,v1,"{""model"": ""open-mistral-nemo"", ""temperature"": 0, ""date"": ""2025-10-21T03:46:57.495311+00:00"", ""prompt_version"": ""v1"", ""persona"": ""phd""}"
"('chinesephilosophy', 'daoism')",chinese philosophy,daoism,4,1,null,v1,v1,"{""model"": ""open-mistral-nemo"", ""temperature"": 0, ""date"": ""2025-10-21T03:46:58.849460+00:00"", ""prompt_version"": ""v1"", ""persona"": ""null""}"
"('artificialintelligence', 'philosophyofcomputerscience')",artificial intelligence,philosophy of computer science,3,0,course_taker,v1,v1,"{""model"": ""open-mistral-nemo"", ""temperature"": 0, ""date"": ""2025-10-21T03:47:00.186217+00:00"", ""prompt_version"": ""v1"", ""persona"": ""course_taker""}"
"('artificialintelligence', 'philosophyofcomputerscience')",artificial intelligence,philosophy of computer science,3,0,expert,v1,v1,"{""model"": ""open-mistral-nemo"", ""temperature"": 0, ""date"": ""2025-10-21T03:47:01.498718+00:00"", ""prompt_version"": ""v1"", ""persona"": ""expert""}"
"('artificialintelligence', 'philosophyofcomputerscience')",artificial intelligence,philosophy of computer science,3,0,phd,v1,v1,"{""model"": ""open-mistral-nemo"", ""temperature"": 0, ""date"": ""2025-10-21T03:47:02.860892+00:00"", ""prompt_version"": ""v1"", ""persona"": ""phd""}"
"('artificialintelligence', 'philosophyofcomputerscience')",artificial intelligence,philosophy of computer science,3,0,null,v1,v1,"{""model"": ""open-mistral-nemo"", ""temperature"": 0, ""date"": ""2025-10-21T03:47:04.191974+00:00"", ""prompt_version"": ""v1"", ""persona"": ""null""}"
"('cognitivescience', 'philosophyofscience')",cognitive science,philosophy of science,3,0,course_taker,v1,v1,"{""model"": ""open-mistral-nemo"", ""temperature"": 0, ""date"": ""2025-10-21T03:47:05.557588+00:00"", ""prompt_version"": ""v1"", ""persona"": ""course_taker""}"
"('cognitivescience', 'philosophyofscience')",cognitive science,philosophy of science,4,0,expert,v1,v1,"{""model"": ""open-mistral-nemo"", ""temperature"": 0, ""date"": ""2025-10-21T03:47:06.875810+00:00"", ""prompt_version"": ""v1"", ""persona"": ""expert""}"
"('cognitivescience', 'philosophyofscience')",cognitive science,philosophy of science,4,0,phd,v1,v1,"{""model"": ""open-mistral-nemo"", ""temperature"": 0, ""date"": ""2025-10-21T03:47:08.205723+00:00"", ""prompt_version"": ""v1"", ""persona"": ""phd""}"
"('cognitivescience', 'philosophyofscience')",cognitive science,philosophy of science,3,0,null,v1,v1,"{""model"": ""open-mistral-nemo"", ""temperature"": 0, ""date"": ""2025-10-21T03:47:09.662031+00:00"", ""prompt_version"": ""v1"", ""persona"": ""null""}"
"('philosophyofreligion', 'religiousdiversity')",philosophy of religion,religious diversity,3,0,course_taker,v1,v1,"{""model"": ""open-mistral-nemo"", ""temperature"": 0, ""date"": ""2025-10-21T03:47:11.115465+00:00"", ""prompt_version"": ""v1"", ""persona"": ""course_taker""}"
"('philosophyofreligion', 'religiousdiversity')",philosophy of religion,religious diversity,3,0,expert,v1,v1,"{""model"": ""open-mistral-nemo"", ""temperature"": 0, ""date"": ""2025-10-21T03:47:12.598905+00:00"", ""prompt_version"": ""v1"", ""persona"": ""expert""}"
"('philosophyofreligion', 'religiousdiversity')",philosophy of religion,religious diversity,3,0,phd,v1,v1,"{""model"": ""open-mistral-nemo"", ""temperature"": 0, ""date"": ""2025-10-21T03:47:13.953959+00:00"", ""prompt_version"": ""v1"", ""persona"": ""phd""}"
"('philosophyofreligion', 'religiousdiversity')",philosophy of religion,religious diversity,3,0,null,v1,v1,"{""model"": ""open-mistral-nemo"", ""temperature"": 0, ""date"": ""2025-10-21T03:47:15.302788+00:00"", ""prompt_version"": ""v1"", ""persona"": ""null""}"
"('cognitivescience', 'mind')",cognitive science,mind,3,0,course_taker,v1,v1,"{""model"": ""open-mistral-nemo"", ""temperature"": 0, ""date"": ""2025-10-21T03:47:16.649652+00:00"", ""prompt_version"": ""v1"", ""persona"": ""course_taker""}"
"('cognitivescience', 'mind')",cognitive science,mind,4,0,expert,v1,v1,"{""model"": ""open-mistral-nemo"", ""temperature"": 0, ""date"": ""2025-10-21T03:47:18.065957+00:00"", ""prompt_version"": ""v1"", ""persona"": ""expert""}"
"('cognitivescience', 'mind')",cognitive science,mind,4,0,phd,v1,v1,"{""model"": ""open-mistral-nemo"", ""temperature"": 0, ""date"": ""2025-10-21T03:47:19.422597+00:00"", ""prompt_version"": ""v1"", ""persona"": ""phd""}"
"('cognitivescience', 'mind')",cognitive science,mind,4,0,null,v1,v1,"{""model"": ""open-mistral-nemo"", ""temperature"": 0, ""date"": ""2025-10-21T03:47:20.836706+00:00"", ""prompt_version"": ""v1"", ""persona"": ""null""}"
"('japaneseconfucianphilosophy', 'japanesephilosophy')",japanese confucian philosophy,japanese philosophy,4,0,novice,v1,v1,"{""model"": ""open-mistral-nemo"", ""temperature"": 0, ""date"": ""2025-10-21T03:47:22.283537+00:00"", ""prompt_version"": ""v1"", ""persona"": ""novice""}"
"('japaneseconfucianphilosophy', 'japanesephilosophy')",japanese confucian philosophy,japanese philosophy,4,0,expert,v1,v1,"{""model"": ""open-mistral-nemo"", ""temperature"": 0, ""date"": ""2025-10-21T03:47:23.637075+00:00"", ""prompt_version"": ""v1"", ""persona"": ""expert""}"
"('japaneseconfucianphilosophy', 'japanesephilosophy')",japanese confucian philosophy,japanese philosophy,4,0,phd,v1,v1,"{""model"": ""open-mistral-nemo"", ""temperature"": 0, ""date"": ""2025-10-21T03:47:24.976092+00:00"", ""prompt_version"": ""v1"", ""persona"": ""phd""}"
"('japaneseconfucianphilosophy', 'japanesephilosophy')",japanese confucian philosophy,japanese philosophy,4,0,null,v1,v1,"{""model"": ""open-mistral-nemo"", ""temperature"": 0, ""date"": ""2025-10-21T03:47:26.305193+00:00"", ""prompt_version"": ""v1"", ""persona"": ""null""}"
"('artificialintelligence', 'logicandartificialintelligence')",artificial intelligence,logic and artificial intelligence,4,0,course_taker,v1,v1,"{""model"": ""open-mistral-nemo"", ""temperature"": 0, ""date"": ""2025-10-21T03:47:27.642081+00:00"", ""prompt_version"": ""v1"", ""persona"": ""course_taker""}"
"('artificialintelligence', 'logicandartificialintelligence')",artificial intelligence,logic and artificial intelligence,4,0,expert,v1,v1,"{""model"": ""open-mistral-nemo"", ""temperature"": 0, ""date"": ""2025-10-21T03:47:28.963541+00:00"", ""prompt_version"": ""v1"", ""persona"": ""expert""}"
"('artificialintelligence', 'logicandartificialintelligence')",artificial intelligence,logic and artificial intelligence,4,0,phd,v1,v1,"{""model"": ""open-mistral-nemo"", ""temperature"": 0, ""date"": ""2025-10-21T03:47:30.324818+00:00"", ""prompt_version"": ""v1"", ""persona"": ""phd""}"
"('artificialintelligence', 'logicandartificialintelligence')",artificial intelligence,logic and artificial intelligence,4,0,null,v1,v1,"{""model"": ""open-mistral-nemo"", ""temperature"": 0, ""date"": ""2025-10-21T03:47:31.759359+00:00"", ""prompt_version"": ""v1"", ""persona"": ""null""}"
"('cognitivescience', 'philosophyofmind')",cognitive science,philosophy of mind,4,0,course_taker,v1,v1,"{""model"": ""open-mistral-nemo"", ""temperature"": 0, ""date"": ""2025-10-21T03:47:33.081323+00:00"", ""prompt_version"": ""v1"", ""persona"": ""course_taker""}"
"('cognitivescience', 'philosophyofmind')",cognitive science,philosophy of mind,4,0,expert,v1,v1,"{""model"": ""open-mistral-nemo"", ""temperature"": 0, ""date"": ""2025-10-21T03:47:34.406960+00:00"", ""prompt_version"": ""v1"", ""persona"": ""expert""}"
"('cognitivescience', 'philosophyofmind')",cognitive science,philosophy of mind,4,0,phd,v1,v1,"{""model"": ""open-mistral-nemo"", ""temperature"": 0, ""date"": ""2025-10-21T03:47:35.742489+00:00"", ""prompt_version"": ""v1"", ""persona"": ""phd""}"
"('cognitivescience', 'philosophyofmind')",cognitive science,philosophy of mind,4,0,null,v1,v1,"{""model"": ""open-mistral-nemo"", ""temperature"": 0, ""date"": ""2025-10-21T03:47:37.146566+00:00"", ""prompt_version"": ""v1"", ""persona"": ""null""}"
"('philosophyofmathematics', 'philosophyofscienceandthesciences')",philosophy of science and the sciences,philosophy of mathematics,4,2,course_taker,v1,v1,"{""model"": ""open-mistral-nemo"", ""temperature"": 0, ""date"": ""2025-10-21T03:47:38.471334+00:00"", ""prompt_version"": ""v1"", ""persona"": ""course_taker""}"
"('philosophyofmathematics', 'philosophyofscienceandthesciences')",philosophy of science and the sciences,philosophy of mathematics,4,2,expert,v1,v1,"{""model"": ""open-mistral-nemo"", ""temperature"": 0, ""date"": ""2025-10-21T03:47:39.813519+00:00"", ""prompt_version"": ""v1"", ""persona"": ""expert""}"
"('philosophyofmathematics', 'philosophyofscienceandthesciences')",philosophy of science and the sciences,philosophy of mathematics,3,1,phd,v1,v1,"{""model"": ""open-mistral-nemo"", ""temperature"": 0, ""date"": ""2025-10-21T03:47:41.148839+00:00"", ""prompt_version"": ""v1"", ""persona"": ""phd""}"
"('philosophyofmathematics', 'philosophyofscienceandthesciences')",philosophy of science and the sciences,philosophy of mathematics,4,2,null,v1,v1,"{""model"": ""open-mistral-nemo"", ""temperature"": 0, ""date"": ""2025-10-21T03:47:42.498841+00:00"", ""prompt_version"": ""v1"", ""persona"": ""null""}"
"('cognitivescience', 'connectionism')",connectionism,cognitive science,3,0,course_taker,v1,v1,"{""model"": ""open-mistral-nemo"", ""temperature"": 0, ""date"": ""2025-10-21T03:47:43.851302+00:00"", ""prompt_version"": ""v1"", ""persona"": ""course_taker""}"
"('cognitivescience', 'connectionism')",connectionism,cognitive science,3,0,expert,v1,v1,"{""model"": ""open-mistral-nemo"", ""temperature"": 0, ""date"": ""2025-10-21T03:47:45.177305+00:00"", ""prompt_version"": ""v1"", ""persona"": ""expert""}"
"('cognitivescience', 'connectionism')",connectionism,cognitive science,3,0,phd,v1,v1,"{""model"": ""open-mistral-nemo"", ""temperature"": 0, ""date"": ""2025-10-21T03:47:46.492530+00:00"", ""prompt_version"": ""v1"", ""persona"": ""phd""}"
"('cognitivescience', 'connectionism')",connectionism,cognitive science,3,0,null,v1,v1,"{""model"": ""open-mistral-nemo"", ""temperature"": 0, ""date"": ""2025-10-21T03:47:47.811176+00:00"", ""prompt_version"": ""v1"", ""persona"": ""null""}"
"('feministphilosophyofreligion', 'philosophyofreligion')",philosophy of religion,feminist philosophy of religion,4,0,course_taker,v1,v1,"{""model"": ""open-mistral-nemo"", ""temperature"": 0, ""date"": ""2025-10-21T03:47:49.149198+00:00"", ""prompt_version"": ""v1"", ""persona"": ""course_taker""}"
"('feministphilosophyofreligion', 'philosophyofreligion')",philosophy of religion,feminist philosophy of religion,4,0,expert,v1,v1,"{""model"": ""open-mistral-nemo"", ""temperature"": 0, ""date"": ""2025-10-21T03:47:50.531087+00:00"", ""prompt_version"": ""v1"", ""persona"": ""expert""}"
"('feministphilosophyofreligion', 'philosophyofreligion')",philosophy of religion,feminist philosophy of religion,4,0,phd,v1,v1,"{""model"": ""open-mistral-nemo"", ""temperature"": 0, ""date"": ""2025-10-21T03:47:51.864101+00:00"", ""prompt_version"": ""v1"", ""persona"": ""phd""}"
"('feministphilosophyofreligion', 'philosophyofreligion')",philosophy of religion,feminist philosophy of religion,4,0,null,v1,v1,"{""model"": ""open-mistral-nemo"", ""temperature"": 0, ""date"": ""2025-10-21T03:47:53.185646+00:00"", ""prompt_version"": ""v1"", ""persona"": ""null""}"
"('philosophyofreligion', 'religionandscience')",philosophy of religion,religion and science,3,0,course_taker,v1,v1,"{""model"": ""open-mistral-nemo"", ""temperature"": 0, ""date"": ""2025-10-21T03:47:54.534740+00:00"", ""prompt_version"": ""v1"", ""persona"": ""course_taker""}"
"('philosophyofreligion', 'religionandscience')",philosophy of religion,religion and science,3,0,expert,v1,v1,"{""model"": ""open-mistral-nemo"", ""temperature"": 0, ""date"": ""2025-10-21T03:47:55.865148+00:00"", ""prompt_version"": ""v1"", ""persona"": ""expert""}"
"('philosophyofreligion', 'religionandscience')",philosophy of religion,religion and science,3,0,phd,v1,v1,"{""model"": ""open-mistral-nemo"", ""temperature"": 0, ""date"": ""2025-10-21T03:47:57.281096+00:00"", ""prompt_version"": ""v1"", ""persona"": ""phd""}"
"('philosophyofreligion', 'religionandscience')",philosophy of religion,religion and science,3,0,null,v1,v1,"{""model"": ""open-mistral-nemo"", ""temperature"": 0, ""date"": ""2025-10-21T03:47:59.041259+00:00"", ""prompt_version"": ""v1"", ""persona"": ""null""}"
"('chinesebuddhism', 'chinesephilosophy')",chinese buddhism,chinese philosophy,4,0,novice,v1,v1,"{""model"": ""open-mistral-nemo"", ""temperature"": 0, ""date"": ""2025-10-21T03:48:00.398816+00:00"", ""prompt_version"": ""v1"", ""persona"": ""novice""}"
"('chinesebuddhism', 'chinesephilosophy')",chinese buddhism,chinese philosophy,4,0,expert,v1,v1,"{""model"": ""open-mistral-nemo"", ""temperature"": 0, ""date"": ""2025-10-21T03:48:02.016279+00:00"", ""prompt_version"": ""v1"", ""persona"": ""expert""}"
"('chinesebuddhism', 'chinesephilosophy')",chinese buddhism,chinese philosophy,4,0,phd,v1,v1,"{""model"": ""open-mistral-nemo"", ""temperature"": 0, ""date"": ""2025-10-21T03:48:03.397738+00:00"", ""prompt_version"": ""v1"", ""persona"": ""phd""}"
"('chinesebuddhism', 'chinesephilosophy')",chinese buddhism,chinese philosophy,4,0,null,v1,v1,"{""model"": ""open-mistral-nemo"", ""temperature"": 0, ""date"": ""2025-10-21T03:48:04.723383+00:00"", ""prompt_version"": ""v1"", ""persona"": ""null""}"
"('cognitivescience', 'philosophyofpsychology')",cognitive science,philosophy of psychology,3,0,course_taker,v1,v1,"{""model"": ""open-mistral-nemo"", ""temperature"": 0, ""date"": ""2025-10-21T03:48:06.055761+00:00"", ""prompt_version"": ""v1"", ""persona"": ""course_taker""}"
"('cognitivescience', 'philosophyofpsychology')",cognitive science,philosophy of psychology,4,0,expert,v1,v1,"{""model"": ""open-mistral-nemo"", ""temperature"": 0, ""date"": ""2025-10-21T03:48:07.380727+00:00"", ""prompt_version"": ""v1"", ""persona"": ""expert""}"
"('cognitivescience', 'philosophyofpsychology')",cognitive science,philosophy of psychology,4,0,phd,v1,v1,"{""model"": ""open-mistral-nemo"", ""temperature"": 0, ""date"": ""2025-10-21T03:48:08.728577+00:00"", ""prompt_version"": ""v1"", ""persona"": ""phd""}"
"('cognitivescience', 'philosophyofpsychology')",cognitive science,philosophy of psychology,3,0,null,v1,v1,"{""model"": ""open-mistral-nemo"", ""temperature"": 0, ""date"": ""2025-10-21T03:48:10.055927+00:00"", ""prompt_version"": ""v1"", ""persona"": ""null""}"
"('cognitivescience', 'representation')",cognitive science,representation,4,0,course_taker,v1,v1,"{""model"": ""open-mistral-nemo"", ""temperature"": 0, ""date"": ""2025-10-21T03:48:11.382086+00:00"", ""prompt_version"": ""v1"", ""persona"": ""course_taker""}"
"('cognitivescience', 'representation')",cognitive science,representation,4,0,expert,v1,v1,"{""model"": ""open-mistral-nemo"", ""temperature"": 0, ""date"": ""2025-10-21T03:48:12.749565+00:00"", ""prompt_version"": ""v1"", ""persona"": ""expert""}"
"('cognitivescience', 'representation')",cognitive science,representation,4,0,phd,v1,v1,"{""model"": ""open-mistral-nemo"", ""temperature"": 0, ""date"": ""2025-10-21T03:48:14.081788+00:00"", ""prompt_version"": ""v1"", ""persona"": ""phd""}"
"('cognitivescience', 'representation')",cognitive science,representation,3,0,null,v1,v1,"{""model"": ""open-mistral-nemo"", ""temperature"": 0, ""date"": ""2025-10-21T03:48:15.426036+00:00"", ""prompt_version"": ""v1"", ""persona"": ""null""}"
"('philosophyofscienceandthesciences', 'probabilityandstatistics')",philosophy of science and the sciences,probability and statistics,2,1,novice,v1,v1,"{""model"": ""open-mistral-nemo"", ""temperature"": 0, ""date"": ""2025-10-21T03:48:16.764693+00:00"", ""prompt_version"": ""v1"", ""persona"": ""novice""}"
"('philosophyofscienceandthesciences', 'probabilityandstatistics')",philosophy of science and the sciences,probability and statistics,3,1,expert,v1,v1,"{""model"": ""open-mistral-nemo"", ""temperature"": 0, ""date"": ""2025-10-21T03:48:18.110382+00:00"", ""prompt_version"": ""v1"", ""persona"": ""expert""}"
"('philosophyofscienceandthesciences', 'probabilityandstatistics')",philosophy of science and the sciences,probability and statistics,2,1,phd,v1,v1,"{""model"": ""open-mistral-nemo"", ""temperature"": 0, ""date"": ""2025-10-21T03:48:19.435430+00:00"", ""prompt_version"": ""v1"", ""persona"": ""phd""}"
"('philosophyofscienceandthesciences', 'probabilityandstatistics')",philosophy of science and the sciences,probability and statistics,3,1,null,v1,v1,"{""model"": ""open-mistral-nemo"", ""temperature"": 0, ""date"": ""2025-10-21T03:48:20.789744+00:00"", ""prompt_version"": ""v1"", ""persona"": ""null""}"
"('artificialintelligence', 'logic')",artificial intelligence,logic,3,0,course_taker,v1,v1,"{""model"": ""open-mistral-nemo"", ""temperature"": 0, ""date"": ""2025-10-21T03:48:22.145435+00:00"", ""prompt_version"": ""v1"", ""persona"": ""course_taker""}"
"('artificialintelligence', 'logic')",artificial intelligence,logic,3,0,expert,v1,v1,"{""model"": ""open-mistral-nemo"", ""temperature"": 0, ""date"": ""2025-10-21T03:48:23.485556+00:00"", ""prompt_version"": ""v1"", ""persona"": ""expert""}"
"('artificialintelligence', 'logic')",artificial intelligence,logic,2,0,phd,v1,v1,"{""model"": ""open-mistral-nemo"", ""temperature"": 0, ""date"": ""2025-10-21T03:48:24.823774+00:00"", ""prompt_version"": ""v1"", ""persona"": ""phd""}"
"('artificialintelligence', 'logic')",artificial intelligence,logic,3,0,null,v1,v1,"{""model"": ""open-mistral-nemo"", ""temperature"": 0, ""date"": ""2025-10-21T03:48:26.143445+00:00"", ""prompt_version"": ""v1"", ""persona"": ""null""}"
"('bioethics', 'biomedicalethics')",biomedical ethics,bioethics,4,2,expert,v1,v1,"{""model"": ""open-mistral-nemo"", ""temperature"": 0, ""date"": ""2025-10-21T03:48:27.490600+00:00"", ""prompt_version"": ""v1"", ""persona"": ""expert""}"
"('bioethics', 'biomedicalethics')",biomedical ethics,bioethics,4,2,phd,v1,v1,"{""model"": ""open-mistral-nemo"", ""temperature"": 0, ""date"": ""2025-10-21T03:48:28.833607+00:00"", ""prompt_version"": ""v1"", ""persona"": ""phd""}"
"('bioethics', 'biomedicalethics')",biomedical ethics,bioethics,4,2,null,v1,v1,"{""model"": ""open-mistral-nemo"", ""temperature"": 0, ""date"": ""2025-10-21T03:48:30.195764+00:00"", ""prompt_version"": ""v1"", ""persona"": ""null""}"
"('mentalcontent', 'representation')",representation,mental content,4,0,expert,v1,v1,"{""model"": ""open-mistral-nemo"", ""temperature"": 0, ""date"": ""2025-10-21T03:48:31.538570+00:00"", ""prompt_version"": ""v1"", ""persona"": ""expert""}"
"('mentalcontent', 'representation')",representation,mental content,4,0,phd,v1,v1,"{""model"": ""open-mistral-nemo"", ""temperature"": 0, ""date"": ""2025-10-21T03:48:32.893990+00:00"", ""prompt_version"": ""v1"", ""persona"": ""phd""}"
"('mentalcontent', 'representation')",representation,mental content,3,1,null,v1,v1,"{""model"": ""open-mistral-nemo"", ""temperature"": 0, ""date"": ""2025-10-21T03:48:34.218556+00:00"", ""prompt_version"": ""v1"", ""persona"": ""null""}"
"('cognitivescience', 'folkpsychology')",folk psychology,cognitive science,3,0,expert,v1,v1,"{""model"": ""open-mistral-nemo"", ""temperature"": 0, ""date"": ""2025-10-21T03:48:35.631492+00:00"", ""prompt_version"": ""v1"", ""persona"": ""expert""}"
"('cognitivescience', 'folkpsychology')",folk psychology,cognitive science,3,0,phd,v1,v1,"{""model"": ""open-mistral-nemo"", ""temperature"": 0, ""date"": ""2025-10-21T03:48:36.996737+00:00"", ""prompt_version"": ""v1"", ""persona"": ""phd""}"
"('cognitivescience', 'folkpsychology')",folk psychology,cognitive science,3,0,null,v1,v1,"{""model"": ""open-mistral-nemo"", ""temperature"": 0, ""date"": ""2025-10-21T03:48:38.321278+00:00"", ""prompt_version"": ""v1"", ""persona"": ""null""}"
"('aristotleonnoncontradiction', 'perception')",aristotle on non-contradiction,perception,2,0,expert,v1,v1,"{""model"": ""open-mistral-nemo"", ""temperature"": 0, ""date"": ""2025-10-21T03:48:39.662992+00:00"", ""prompt_version"": ""v1"", ""persona"": ""expert""}"
"('aristotleonnoncontradiction', 'perception')",aristotle on non-contradiction,perception,2,1,phd,v1,v1,"{""model"": ""open-mistral-nemo"", ""temperature"": 0, ""date"": ""2025-10-21T03:48:40.998353+00:00"", ""prompt_version"": ""v1"", ""persona"": ""phd""}"
"('aristotleonnoncontradiction', 'perception')",aristotle on non-contradiction,perception,2,1,null,v1,v1,"{""model"": ""open-mistral-nemo"", ""temperature"": 0, ""date"": ""2025-10-21T03:48:42.365747+00:00"", ""prompt_version"": ""v1"", ""persona"": ""null""}"
"('epistemology', 'socialphilosophyandpoliticalphilosophy')",social philosophy and political philosophy,epistemology,2,1,expert,v1,v1,"{""model"": ""open-mistral-nemo"", ""temperature"": 0, ""date"": ""2025-10-21T03:48:43.747134+00:00"", ""prompt_version"": ""v1"", ""persona"": ""expert""}"
"('epistemology', 'socialphilosophyandpoliticalphilosophy')",social philosophy and political philosophy,epistemology,2,1,phd,v1,v1,"{""model"": ""open-mistral-nemo"", ""temperature"": 0, ""date"": ""2025-10-21T03:48:45.099372+00:00"", ""prompt_version"": ""v1"", ""persona"": ""phd""}"
"('epistemology', 'socialphilosophyandpoliticalphilosophy')",social philosophy and political philosophy,epistemology,2,1,null,v1,v1,"{""model"": ""open-mistral-nemo"", ""temperature"": 0, ""date"": ""2025-10-21T03:48:46.517829+00:00"", ""prompt_version"": ""v1"", ""persona"": ""null""}"
"('epistemology', 'realism')",realism,epistemology,3,0,expert,v1,v1,"{""model"": ""open-mistral-nemo"", ""temperature"": 0, ""date"": ""2025-10-21T03:48:47.882337+00:00"", ""prompt_version"": ""v1"", ""persona"": ""expert""}"
"('epistemology', 'realism')",realism,epistemology,3,0,phd,v1,v1,"{""model"": ""open-mistral-nemo"", ""temperature"": 0, ""date"": ""2025-10-21T03:48:49.266030+00:00"", ""prompt_version"": ""v1"", ""persona"": ""phd""}"
"('epistemology', 'realism')",realism,epistemology,3,0,null,v1,v1,"{""model"": ""open-mistral-nemo"", ""temperature"": 0, ""date"": ""2025-10-21T03:48:50.595563+00:00"", ""prompt_version"": ""v1"", ""persona"": ""null""}"
"('epistemology', 'philosophiesoftheparticularsciences')",philosophies of the particular sciences,epistemology,3,0,expert,v1,v1,"{""model"": ""open-mistral-nemo"", ""temperature"": 0, ""date"": ""2025-10-21T03:48:53.127067+00:00"", ""prompt_version"": ""v1"", ""persona"": ""expert""}"
"('epistemology', 'philosophiesoftheparticularsciences')",philosophies of the particular sciences,epistemology,2,0,phd,v1,v1,"{""model"": ""open-mistral-nemo"", ""temperature"": 0, ""date"": ""2025-10-21T03:48:54.448970+00:00"", ""prompt_version"": ""v1"", ""persona"": ""phd""}"
"('epistemology', 'philosophiesoftheparticularsciences')",philosophies of the particular sciences,epistemology,3,0,null,v1,v1,"{""model"": ""open-mistral-nemo"", ""temperature"": 0, ""date"": ""2025-10-21T03:48:55.782193+00:00"", ""prompt_version"": ""v1"", ""persona"": ""null""}"
"('metaphysics', 'realismandantirealism')",realism and anti-realism,metaphysics,4,0,expert,v1,v1,"{""model"": ""open-mistral-nemo"", ""temperature"": 0, ""date"": ""2025-10-21T03:48:57.124593+00:00"", ""prompt_version"": ""v1"", ""persona"": ""expert""}"
"('metaphysics', 'realismandantirealism')",realism and anti-realism,metaphysics,4,0,phd,v1,v1,"{""model"": ""open-mistral-nemo"", ""temperature"": 0, ""date"": ""2025-10-21T03:48:58.438629+00:00"", ""prompt_version"": ""v1"", ""persona"": ""phd""}"
"('metaphysics', 'realismandantirealism')",realism and anti-realism,metaphysics,3,0,null,v1,v1,"{""model"": ""open-mistral-nemo"", ""temperature"": 0, ""date"": ""2025-10-21T03:48:59.748953+00:00"", ""prompt_version"": ""v1"", ""persona"": ""null""}"
"('einsteinsphilosophyofscience', 'philosophyofscienceandthesciences')",einstein's philosophy of science,philosophy of science and the sciences,4,0,expert,v1,v1,"{""model"": ""open-mistral-nemo"", ""temperature"": 0, ""date"": ""2025-10-21T03:49:01.080592+00:00"", ""prompt_version"": ""v1"", ""persona"": ""expert""}"
"('einsteinsphilosophyofscience', 'philosophyofscienceandthesciences')",einstein's philosophy of science,philosophy of science and the sciences,3,0,phd,v1,v1,"{""model"": ""open-mistral-nemo"", ""temperature"": 0, ""date"": ""2025-10-21T03:49:02.514561+00:00"", ""prompt_version"": ""v1"", ""persona"": ""phd""}"
"('einsteinsphilosophyofscience', 'philosophyofscienceandthesciences')",einstein's philosophy of science,philosophy of science and the sciences,4,0,null,v1,v1,"{""model"": ""open-mistral-nemo"", ""temperature"": 0, ""date"": ""2025-10-21T03:49:03.893266+00:00"", ""prompt_version"": ""v1"", ""persona"": ""null""}"
"('medievaltheoriesofrelations', 'metaphysics')",medieval theories of relations,metaphysics,3,0,expert,v1,v1,"{""model"": ""open-mistral-nemo"", ""temperature"": 0, ""date"": ""2025-10-21T03:49:05.231893+00:00"", ""prompt_version"": ""v1"", ""persona"": ""expert""}"
"('medievaltheoriesofrelations', 'metaphysics')",medieval theories of relations,metaphysics,3,0,phd,v1,v1,"{""model"": ""open-mistral-nemo"", ""temperature"": 0, ""date"": ""2025-10-21T03:49:06.569097+00:00"", ""prompt_version"": ""v1"", ""persona"": ""phd""}"
"('medievaltheoriesofrelations', 'metaphysics')",medieval theories of relations,metaphysics,3,0,null,v1,v1,"{""model"": ""open-mistral-nemo"", ""temperature"": 0, ""date"": ""2025-10-21T03:49:07.895414+00:00"", ""prompt_version"": ""v1"", ""persona"": ""null""}"
"('epistemology', 'probability')",probability,epistemology,3,0,expert,v1,v1,"{""model"": ""open-mistral-nemo"", ""temperature"": 0, ""date"": ""2025-10-21T03:49:09.351901+00:00"", ""prompt_version"": ""v1"", ""persona"": ""expert""}"
"('epistemology', 'probability')",probability,epistemology,2,0,phd,v1,v1,"{""model"": ""open-mistral-nemo"", ""temperature"": 0, ""date"": ""2025-10-21T03:49:10.704034+00:00"", ""prompt_version"": ""v1"", ""persona"": ""phd""}"
"('epistemology', 'probability')",probability,epistemology,2,-1,null,v1,v1,"{""model"": ""open-mistral-nemo"", ""temperature"": 0, ""date"": ""2025-10-21T03:49:12.075410+00:00"", ""prompt_version"": ""v1"", ""persona"": ""null""}"
"('epistemologicalproblemsoftestimony', 'epistemology')",epistemological problems of testimony,epistemology,4,0,expert,v1,v1,"{""model"": ""open-mistral-nemo"", ""temperature"": 0, ""date"": ""2025-10-21T03:49:13.734020+00:00"", ""prompt_version"": ""v1"", ""persona"": ""expert""}"
"('epistemologicalproblemsoftestimony', 'epistemology')",epistemological problems of testimony,epistemology,4,0,phd,v1,v1,"{""model"": ""open-mistral-nemo"", ""temperature"": 0, ""date"": ""2025-10-21T03:49:15.125582+00:00"", ""prompt_version"": ""v1"", ""persona"": ""phd""}"
"('epistemologicalproblemsoftestimony', 'epistemology')",epistemological problems of testimony,epistemology,4,0,null,v1,v1,"{""model"": ""open-mistral-nemo"", ""temperature"": 0, ""date"": ""2025-10-21T03:49:16.446815+00:00"", ""prompt_version"": ""v1"", ""persona"": ""null""}"
"('epistemology', 'reliabilism')",reliabilism,epistemology,4,0,expert,v1,v1,"{""model"": ""open-mistral-nemo"", ""temperature"": 0, ""date"": ""2025-10-21T03:49:17.797816+00:00"", ""prompt_version"": ""v1"", ""persona"": ""expert""}"
"('epistemology', 'reliabilism')",reliabilism,epistemology,4,0,phd,v1,v1,"{""model"": ""open-mistral-nemo"", ""temperature"": 0, ""date"": ""2025-10-21T03:49:19.162988+00:00"", ""prompt_version"": ""v1"", ""persona"": ""phd""}"
"('epistemology', 'reliabilism')",reliabilism,epistemology,4,0,null,v1,v1,"{""model"": ""open-mistral-nemo"", ""temperature"": 0, ""date"": ""2025-10-21T03:49:20.477033+00:00"", ""prompt_version"": ""v1"", ""persona"": ""null""}"
"('connectionism', 'connectionistmodel')",connectionism,connectionist model,4,0,course_taker,v1,v1,"{""model"": ""open-mistral-nemo"", ""temperature"": 0, ""date"": ""2025-10-21T03:49:21.815361+00:00"", ""prompt_version"": ""v1"", ""persona"": ""course_taker""}"
"('connectionism', 'connectionistmodel')",connectionism,connectionist model,4,0,phd,v1,v1,"{""model"": ""open-mistral-nemo"", ""temperature"": 0, ""date"": ""2025-10-21T03:49:23.155216+00:00"", ""prompt_version"": ""v1"", ""persona"": ""phd""}"
"('connectionism', 'connectionistmodel')",connectionism,connectionist model,4,0,null,v1,v1,"{""model"": ""open-mistral-nemo"", ""temperature"": 0, ""date"": ""2025-10-21T03:49:24.477401+00:00"", ""prompt_version"": ""v1"", ""persona"": ""null""}"
"('japanesezenbuddhistphilosophy', 'philosophyofmind')",japanese zen buddhist philosophy,philosophy of mind,2,0,expert,v1,v1,"{""model"": ""open-mistral-nemo"", ""temperature"": 0, ""date"": ""2025-10-21T03:49:25.806186+00:00"", ""prompt_version"": ""v1"", ""persona"": ""expert""}"
"('japanesezenbuddhistphilosophy', 'philosophyofmind')",japanese zen buddhist philosophy,philosophy of mind,2,0,phd,v1,v1,"{""model"": ""open-mistral-nemo"", ""temperature"": 0, ""date"": ""2025-10-21T03:49:27.179030+00:00"", ""prompt_version"": ""v1"", ""persona"": ""phd""}"
"('japanesezenbuddhistphilosophy', 'philosophyofmind')",japanese zen buddhist philosophy,philosophy of mind,2,-1,null,v1,v1,"{""model"": ""open-mistral-nemo"", ""temperature"": 0, ""date"": ""2025-10-21T03:49:28.523847+00:00"", ""prompt_version"": ""v1"", ""persona"": ""null""}"
"('autism', 'perception')",autism,perception,2,0,expert,v1,v1,"{""model"": ""open-mistral-nemo"", ""temperature"": 0, ""date"": ""2025-10-21T03:49:29.846705+00:00"", ""prompt_version"": ""v1"", ""persona"": ""expert""}"
"('autism', 'perception')",autism,perception,2,-1,phd,v1,v1,"{""model"": ""open-mistral-nemo"", ""temperature"": 0, ""date"": ""2025-10-21T03:49:31.218283+00:00"", ""prompt_version"": ""v1"", ""persona"": ""phd""}"
"('autism', 'perception')",autism,perception,2,-1,null,v1,v1,"{""model"": ""open-mistral-nemo"", ""temperature"": 0, ""date"": ""2025-10-21T03:49:32.543454+00:00"", ""prompt_version"": ""v1"", ""persona"": ""null""}"
"('internalismandexternalism', 'philosophyofmind')",internalism and externalism,philosophy of mind,4,0,expert,v1,v1,"{""model"": ""open-mistral-nemo"", ""temperature"": 0, ""date"": ""2025-10-21T03:49:33.904843+00:00"", ""prompt_version"": ""v1"", ""persona"": ""expert""}"
"('internalismandexternalism', 'philosophyofmind')",internalism and externalism,philosophy of mind,4,0,phd,v1,v1,"{""model"": ""open-mistral-nemo"", ""temperature"": 0, ""date"": ""2025-10-21T03:49:35.224333+00:00"", ""prompt_version"": ""v1"", ""persona"": ""phd""}"
"('internalismandexternalism', 'philosophyofmind')",internalism and externalism,philosophy of mind,4,0,null,v1,v1,"{""model"": ""open-mistral-nemo"", ""temperature"": 0, ""date"": ""2025-10-21T03:49:36.548857+00:00"", ""prompt_version"": ""v1"", ""persona"": ""null""}"
"('knowledge', 'rationalismvsempiricism')",rationalism vs. empiricism,knowledge,4,0,expert,v1,v1,"{""model"": ""open-mistral-nemo"", ""temperature"": 0, ""date"": ""2025-10-21T03:49:37.866484+00:00"", ""prompt_version"": ""v1"", ""persona"": ""expert""}"
"('knowledge', 'rationalismvsempiricism')",rationalism vs. empiricism,knowledge,4,0,phd,v1,v1,"{""model"": ""open-mistral-nemo"", ""temperature"": 0, ""date"": ""2025-10-21T03:49:39.197516+00:00"", ""prompt_version"": ""v1"", ""persona"": ""phd""}"
"('knowledge', 'rationalismvsempiricism')",rationalism vs. empiricism,knowledge,4,0,null,v1,v1,"{""model"": ""open-mistral-nemo"", ""temperature"": 0, ""date"": ""2025-10-21T03:49:40.554876+00:00"", ""prompt_version"": ""v1"", ""persona"": ""null""}"
"('higherordertheoriesofconsciousness', 'perception')",higher-order theories of consciousness,perception,4,0,expert,v1,v1,"{""model"": ""open-mistral-nemo"", ""temperature"": 0, ""date"": ""2025-10-21T03:49:41.892483+00:00"", ""prompt_version"": ""v1"", ""persona"": ""expert""}"
"('higherordertheoriesofconsciousness', 'perception')",higher-order theories of consciousness,perception,3,0,phd,v1,v1,"{""model"": ""open-mistral-nemo"", ""temperature"": 0, ""date"": ""2025-10-21T03:49:43.259616+00:00"", ""prompt_version"": ""v1"", ""persona"": ""phd""}"
"('higherordertheoriesofconsciousness', 'perception')",higher-order theories of consciousness,perception,3,0,null,v1,v1,"{""model"": ""open-mistral-nemo"", ""temperature"": 0, ""date"": ""2025-10-21T03:49:44.596441+00:00"", ""prompt_version"": ""v1"", ""persona"": ""null""}"
"('artisticrepresentation', 'perception')",artistic representation,perception,2,0,expert,v1,v1,"{""model"": ""open-mistral-nemo"", ""temperature"": 0, ""date"": ""2025-10-21T03:49:45.962254+00:00"", ""prompt_version"": ""v1"", ""persona"": ""expert""}"
"('artisticrepresentation', 'perception')",artistic representation,perception,2,0,phd,v1,v1,"{""model"": ""open-mistral-nemo"", ""temperature"": 0, ""date"": ""2025-10-21T03:49:47.296418+00:00"", ""prompt_version"": ""v1"", ""persona"": ""phd""}"
"('artisticrepresentation', 'perception')",artistic representation,perception,2,-1,null,v1,v1,"{""model"": ""open-mistral-nemo"", ""temperature"": 0, ""date"": ""2025-10-21T03:49:48.630041+00:00"", ""prompt_version"": ""v1"", ""persona"": ""null""}"
"('chineseandwestern', 'chinesephilosophy')",chinese and western,chinese philosophy,4,1,novice,v1,v1,"{""model"": ""open-mistral-nemo"", ""temperature"": 0, ""date"": ""2025-10-21T03:49:49.946210+00:00"", ""prompt_version"": ""v1"", ""persona"": ""novice""}"
"('chineseandwestern', 'chinesephilosophy')",chinese and western,chinese philosophy,4,1,expert,v1,v1,"{""model"": ""open-mistral-nemo"", ""temperature"": 0, ""date"": ""2025-10-21T03:49:51.287855+00:00"", ""prompt_version"": ""v1"", ""persona"": ""expert""}"
"('chineseandwestern', 'chinesephilosophy')",chinese and western,chinese philosophy,3,1,null,v1,v1,"{""model"": ""open-mistral-nemo"", ""temperature"": 0, ""date"": ""2025-10-21T03:49:52.654434+00:00"", ""prompt_version"": ""v1"", ""persona"": ""null""}"
"('philosophyofcomputerscience', 'philosophyofmathematics')",philosophy of computer science,philosophy of mathematics,4,2,course_taker,v1,v1,"{""model"": ""open-mistral-nemo"", ""temperature"": 0, ""date"": ""2025-10-21T03:49:54.027027+00:00"", ""prompt_version"": ""v1"", ""persona"": ""course_taker""}"
"('philosophyofcomputerscience', 'philosophyofmathematics')",philosophy of computer science,philosophy of mathematics,3,2,phd,v1,v1,"{""model"": ""open-mistral-nemo"", ""temperature"": 0, ""date"": ""2025-10-21T03:49:55.364022+00:00"", ""prompt_version"": ""v1"", ""persona"": ""phd""}"
"('philosophyofcomputerscience', 'philosophyofmathematics')",philosophy of computer science,philosophy of mathematics,4,2,null,v1,v1,"{""model"": ""open-mistral-nemo"", ""temperature"": 0, ""date"": ""2025-10-21T03:49:56.729220+00:00"", ""prompt_version"": ""v1"", ""persona"": ""null""}"
"('epistemologicalproblemsoftestimony', 'perception')",epistemological problems of testimony,perception,2,0,expert,v1,v1,"{""model"": ""open-mistral-nemo"", ""temperature"": 0, ""date"": ""2025-10-21T03:49:58.070925+00:00"", ""prompt_version"": ""v1"", ""persona"": ""expert""}"
"('epistemologicalproblemsoftestimony', 'perception')",epistemological problems of testimony,perception,2,0,phd,v1,v1,"{""model"": ""open-mistral-nemo"", ""temperature"": 0, ""date"": ""2025-10-21T03:49:59.407622+00:00"", ""prompt_version"": ""v1"", ""persona"": ""phd""}"
"('epistemologicalproblemsoftestimony', 'perception')",epistemological problems of testimony,perception,2,0,null,v1,v1,"{""model"": ""open-mistral-nemo"", ""temperature"": 0, ""date"": ""2025-10-21T03:50:00.748228+00:00"", ""prompt_version"": ""v1"", ""persona"": ""null""}"
"('everettsrelativestateformulationofquantummechanics', 'philosophyofmind')",everett's relative-state formulation of quantum mechanics,philosophy of mind,2,0,expert,v1,v1,"{""model"": ""open-mistral-nemo"", ""temperature"": 0, ""date"": ""2025-10-21T03:50:02.330601+00:00"", ""prompt_version"": ""v1"", ""persona"": ""expert""}"
"('everettsrelativestateformulationofquantummechanics', 'philosophyofmind')",everett's relative-state formulation of quantum mechanics,philosophy of mind,2,0,phd,v1,v1,"{""model"": ""open-mistral-nemo"", ""temperature"": 0, ""date"": ""2025-10-21T03:50:03.685803+00:00"", ""prompt_version"": ""v1"", ""persona"": ""phd""}"
"('everettsrelativestateformulationofquantummechanics', 'philosophyofmind')",everett's relative-state formulation of quantum mechanics,philosophy of mind,2,-1,null,v1,v1,"{""model"": ""open-mistral-nemo"", ""temperature"": 0, ""date"": ""2025-10-21T03:50:05.054534+00:00"", ""prompt_version"": ""v1"", ""persona"": ""null""}"
"('consciousness', 'unityofconsciousness')",unity of consciousness,consciousness,4,0,expert,v1,v1,"{""model"": ""open-mistral-nemo"", ""temperature"": 0, ""date"": ""2025-10-21T03:50:06.392681+00:00"", ""prompt_version"": ""v1"", ""persona"": ""expert""}"
"('consciousness', 'unityofconsciousness')",unity of consciousness,consciousness,4,0,phd,v1,v1,"{""model"": ""open-mistral-nemo"", ""temperature"": 0, ""date"": ""2025-10-21T03:50:07.746977+00:00"", ""prompt_version"": ""v1"", ""persona"": ""phd""}"
"('consciousness', 'unityofconsciousness')",unity of consciousness,consciousness,4,0,null,v1,v1,"{""model"": ""open-mistral-nemo"", ""temperature"": 0, ""date"": ""2025-10-21T03:50:09.132559+00:00"", ""prompt_version"": ""v1"", ""persona"": ""null""}"
"('foreknowledgeandfreewill', 'freewill')",foreknowledge and free will,free will,4,0,expert,v1,v1,"{""model"": ""open-mistral-nemo"", ""temperature"": 0, ""date"": ""2025-10-21T03:50:10.481677+00:00"", ""prompt_version"": ""v1"", ""persona"": ""expert""}"
"('foreknowledgeandfreewill', 'freewill')",foreknowledge and free will,free will,4,0,phd,v1,v1,"{""model"": ""open-mistral-nemo"", ""temperature"": 0, ""date"": ""2025-10-21T03:50:11.830301+00:00"", ""prompt_version"": ""v1"", ""persona"": ""phd""}"
"('foreknowledgeandfreewill', 'freewill')",foreknowledge and free will,free will,4,0,null,v1,v1,"{""model"": ""open-mistral-nemo"", ""temperature"": 0, ""date"": ""2025-10-21T03:50:13.216349+00:00"", ""prompt_version"": ""v1"", ""persona"": ""null""}"
"('aristotleslogic', 'metaphysics')",aristotle's logic,metaphysics,3,0,expert,v1,v1,"{""model"": ""open-mistral-nemo"", ""temperature"": 0, ""date"": ""2025-10-21T03:50:14.597092+00:00"", ""prompt_version"": ""v1"", ""persona"": ""expert""}"
"('aristotleslogic', 'metaphysics')",aristotle's logic,metaphysics,2,0,phd,v1,v1,"{""model"": ""open-mistral-nemo"", ""temperature"": 0, ""date"": ""2025-10-21T03:50:15.947099+00:00"", ""prompt_version"": ""v1"", ""persona"": ""phd""}"
"('aristotleslogic', 'metaphysics')",aristotle's logic,metaphysics,2,0,null,v1,v1,"{""model"": ""open-mistral-nemo"", ""temperature"": 0, ""date"": ""2025-10-21T03:50:17.284892+00:00"", ""prompt_version"": ""v1"", ""persona"": ""null""}"
"('intentionality', 'perception')",intentionality,perception,4,0,expert,v1,v1,"{""model"": ""open-mistral-nemo"", ""temperature"": 0, ""date"": ""2025-10-21T03:50:18.649463+00:00"", ""prompt_version"": ""v1"", ""persona"": ""expert""}"
"('intentionality', 'perception')",intentionality,perception,4,2,phd,v1,v1,"{""model"": ""open-mistral-nemo"", ""temperature"": 0, ""date"": ""2025-10-21T03:50:19.989671+00:00"", ""prompt_version"": ""v1"", ""persona"": ""phd""}"
"('intentionality', 'perception')",intentionality,perception,2,-1,null,v1,v1,"{""model"": ""open-mistral-nemo"", ""temperature"": 0, ""date"": ""2025-10-21T03:50:21.327188+00:00"", ""prompt_version"": ""v1"", ""persona"": ""null""}"
"('philosophyandchristiantheology', 'philosophyofreligion')",philosophy and christian theology,philosophy of religion,4,1,expert,v1,v1,"{""model"": ""open-mistral-nemo"", ""temperature"": 0, ""date"": ""2025-10-21T03:50:22.672174+00:00"", ""prompt_version"": ""v1"", ""persona"": ""expert""}"
"('philosophyandchristiantheology', 'philosophyofreligion')",philosophy and christian theology,philosophy of religion,4,1,phd,v1,v1,"{""model"": ""open-mistral-nemo"", ""temperature"": 0, ""date"": ""2025-10-21T03:50:24.055564+00:00"", ""prompt_version"": ""v1"", ""persona"": ""phd""}"
"('philosophyandchristiantheology', 'philosophyofreligion')",philosophy and christian theology,philosophy of religion,4,1,null,v1,v1,"{""model"": ""open-mistral-nemo"", ""temperature"": 0, ""date"": ""2025-10-21T03:50:25.407852+00:00"", ""prompt_version"": ""v1"", ""persona"": ""null""}"
"('computationallinguistics', 'perception')",computational linguistics,perception,2,0,expert,v1,v1,"{""model"": ""open-mistral-nemo"", ""temperature"": 0, ""date"": ""2025-10-21T03:50:26.749567+00:00"", ""prompt_version"": ""v1"", ""persona"": ""expert""}"
"('computationallinguistics', 'perception')",computational linguistics,perception,2,0,phd,v1,v1,"{""model"": ""open-mistral-nemo"", ""temperature"": 0, ""date"": ""2025-10-21T03:50:28.112882+00:00"", ""prompt_version"": ""v1"", ""persona"": ""phd""}"
"('computationallinguistics', 'perception')",computational linguistics,perception,2,-1,null,v1,v1,"{""model"": ""open-mistral-nemo"", ""temperature"": 0, ""date"": ""2025-10-21T03:50:29.513616+00:00"", ""prompt_version"": ""v1"", ""persona"": ""null""}"
"('metaphysics', 'naturaltheology')",natural theology,metaphysics,3,0,expert,v1,v1,"{""model"": ""open-mistral-nemo"", ""temperature"": 0, ""date"": ""2025-10-21T03:50:30.840548+00:00"", ""prompt_version"": ""v1"", ""persona"": ""expert""}"
"('metaphysics', 'naturaltheology')",natural theology,metaphysics,3,0,phd,v1,v1,"{""model"": ""open-mistral-nemo"", ""temperature"": 0, ""date"": ""2025-10-21T03:50:32.217504+00:00"", ""prompt_version"": ""v1"", ""persona"": ""phd""}"
"('metaphysics', 'naturaltheology')",natural theology,metaphysics,3,0,null,v1,v1,"{""model"": ""open-mistral-nemo"", ""temperature"": 0, ""date"": ""2025-10-21T03:50:33.632133+00:00"", ""prompt_version"": ""v1"", ""persona"": ""null""}"
"('artificialintelligence', 'outputunit')",output unit,artificial intelligence,2,0,expert,v1,v1,"{""model"": ""open-mistral-nemo"", ""temperature"": 0, ""date"": ""2025-10-21T03:50:35.116152+00:00"", ""prompt_version"": ""v1"", ""persona"": ""expert""}"
"('artificialintelligence', 'outputunit')",output unit,artificial intelligence,2,0,phd,v1,v1,"{""model"": ""open-mistral-nemo"", ""temperature"": 0, ""date"": ""2025-10-21T03:50:36.497545+00:00"", ""prompt_version"": ""v1"", ""persona"": ""phd""}"
"('artificialintelligence', 'outputunit')",output unit,artificial intelligence,2,0,null,v1,v1,"{""model"": ""open-mistral-nemo"", ""temperature"": 0, ""date"": ""2025-10-21T03:50:37.865384+00:00"", ""prompt_version"": ""v1"", ""persona"": ""null""}"
"('externalism', 'philosophyofmind')",externalism,philosophy of mind,4,0,expert,v1,v1,"{""model"": ""open-mistral-nemo"", ""temperature"": 0, ""date"": ""2025-10-21T03:50:39.212619+00:00"", ""prompt_version"": ""v1"", ""persona"": ""expert""}"
"('externalism', 'philosophyofmind')",externalism,philosophy of mind,3,0,phd,v1,v1,"{""model"": ""open-mistral-nemo"", ""temperature"": 0, ""date"": ""2025-10-21T03:50:40.599161+00:00"", ""prompt_version"": ""v1"", ""persona"": ""phd""}"
"('externalism', 'philosophyofmind')",externalism,philosophy of mind,3,0,null,v1,v1,"{""model"": ""open-mistral-nemo"", ""temperature"": 0, ""date"": ""2025-10-21T03:50:41.975014+00:00"", ""prompt_version"": ""v1"", ""persona"": ""null""}"
"('philosophyoflanguage', 'sentence')",sentence,philosophy of language,3,0,expert,v1,v1,"{""model"": ""open-mistral-nemo"", ""temperature"": 0, ""date"": ""2025-10-21T03:50:43.316054+00:00"", ""prompt_version"": ""v1"", ""persona"": ""expert""}"
"('philosophyoflanguage', 'sentence')",sentence,philosophy of language,4,0,phd,v1,v1,"{""model"": ""open-mistral-nemo"", ""temperature"": 0, ""date"": ""2025-10-21T03:50:44.683467+00:00"", ""prompt_version"": ""v1"", ""persona"": ""phd""}"
"('philosophyoflanguage', 'sentence')",sentence,philosophy of language,2,0,null,v1,v1,"{""model"": ""open-mistral-nemo"", ""temperature"": 0, ""date"": ""2025-10-21T03:50:46.019857+00:00"", ""prompt_version"": ""v1"", ""persona"": ""null""}"
"('perception', 'selfknowledge')",self-knowledge,perception,3,0,expert,v1,v1,"{""model"": ""open-mistral-nemo"", ""temperature"": 0, ""date"": ""2025-10-21T03:50:47.385722+00:00"", ""prompt_version"": ""v1"", ""persona"": ""expert""}"
"('perception', 'selfknowledge')",self-knowledge,perception,2,0,phd,v1,v1,"{""model"": ""open-mistral-nemo"", ""temperature"": 0, ""date"": ""2025-10-21T03:50:48.722749+00:00"", ""prompt_version"": ""v1"", ""persona"": ""phd""}"
"('perception', 'selfknowledge')",self-knowledge,perception,2,-1,null,v1,v1,"{""model"": ""open-mistral-nemo"", ""temperature"": 0, ""date"": ""2025-10-21T03:50:50.062746+00:00"", ""prompt_version"": ""v1"", ""persona"": ""null""}"
"('continuant', 'metaphysics')",continuant,metaphysics,2,0,expert,v1,v1,"{""model"": ""open-mistral-nemo"", ""temperature"": 0, ""date"": ""2025-10-21T03:50:51.430199+00:00"", ""prompt_version"": ""v1"", ""persona"": ""expert""}"
"('continuant', 'metaphysics')",continuant,metaphysics,2,0,phd,v1,v1,"{""model"": ""open-mistral-nemo"", ""temperature"": 0, ""date"": ""2025-10-21T03:50:52.777044+00:00"", ""prompt_version"": ""v1"", ""persona"": ""phd""}"
"('continuant', 'metaphysics')",continuant,metaphysics,1,-1,null,v1,v1,"{""model"": ""open-mistral-nemo"", ""temperature"": 0, ""date"": ""2025-10-21T03:50:54.135635+00:00"", ""prompt_version"": ""v1"", ""persona"": ""null""}"
"('matter', 'philosophyofreligion')",matter,philosophy of religion,2,1,expert,v1,v1,"{""model"": ""open-mistral-nemo"", ""temperature"": 0, ""date"": ""2025-10-21T03:50:55.546617+00:00"", ""prompt_version"": ""v1"", ""persona"": ""expert""}"
"('matter', 'philosophyofreligion')",matter,philosophy of religion,2,0,phd,v1,v1,"{""model"": ""open-mistral-nemo"", ""temperature"": 0, ""date"": ""2025-10-21T03:50:56.927626+00:00"", ""prompt_version"": ""v1"", ""persona"": ""phd""}"
"('matter', 'philosophyofreligion')",matter,philosophy of religion,2,1,null,v1,v1,"{""model"": ""open-mistral-nemo"", ""temperature"": 0, ""date"": ""2025-10-21T03:50:58.277976+00:00"", ""prompt_version"": ""v1"", ""persona"": ""null""}"
"('metaphysics', 'philosophyofart')",philosophy of art,metaphysics,2,0,expert,v1,v1,"{""model"": ""open-mistral-nemo"", ""temperature"": 0, ""date"": ""2025-10-21T03:50:59.617988+00:00"", ""prompt_version"": ""v1"", ""persona"": ""expert""}"
"('metaphysics', 'philosophyofart')",philosophy of art,metaphysics,2,0,phd,v1,v1,"{""model"": ""open-mistral-nemo"", ""temperature"": 0, ""date"": ""2025-10-21T03:51:00.963289+00:00"", ""prompt_version"": ""v1"", ""persona"": ""phd""}"
"('metaphysics', 'philosophyofart')",philosophy of art,metaphysics,2,0,null,v1,v1,"{""model"": ""open-mistral-nemo"", ""temperature"": 0, ""date"": ""2025-10-21T03:51:02.424059+00:00"", ""prompt_version"": ""v1"", ""persona"": ""null""}"
"('philosophyofscience', 'philosophyofsocialscience')",philosophy of social science,philosophy of science,4,0,expert,v1,v1,"{""model"": ""open-mistral-nemo"", ""temperature"": 0, ""date"": ""2025-10-21T03:51:03.789150+00:00"", ""prompt_version"": ""v1"", ""persona"": ""expert""}"
"('philosophyofscience', 'philosophyofsocialscience')",philosophy of social science,philosophy of science,4,0,phd,v1,v1,"{""model"": ""open-mistral-nemo"", ""temperature"": 0, ""date"": ""2025-10-21T03:51:05.210760+00:00"", ""prompt_version"": ""v1"", ""persona"": ""phd""}"
"('philosophyofscience', 'philosophyofsocialscience')",philosophy of social science,philosophy of science,4,0,null,v1,v1,"{""model"": ""open-mistral-nemo"", ""temperature"": 0, ""date"": ""2025-10-21T03:51:06.564256+00:00"", ""prompt_version"": ""v1"", ""persona"": ""null""}"
"('aesthetics', 'aestheticsandphilosophyofart')",aesthetics,aesthetics and philosophy of art,4,0,expert,v1,v1,"{""model"": ""open-mistral-nemo"", ""temperature"": 0, ""date"": ""2025-10-21T03:51:07.891462+00:00"", ""prompt_version"": ""v1"", ""persona"": ""expert""}"
"('aesthetics', 'aestheticsandphilosophyofart')",aesthetics,aesthetics and philosophy of art,4,0,phd,v1,v1,"{""model"": ""open-mistral-nemo"", ""temperature"": 0, ""date"": ""2025-10-21T03:51:09.239009+00:00"", ""prompt_version"": ""v1"", ""persona"": ""phd""}"
"('aesthetics', 'aestheticsandphilosophyofart')",aesthetics,aesthetics and philosophy of art,4,0,null,v1,v1,"{""model"": ""open-mistral-nemo"", ""temperature"": 0, ""date"": ""2025-10-21T03:51:10.605816+00:00"", ""prompt_version"": ""v1"", ""persona"": ""null""}"
"('epistemology', 'probabilityandstatistics')",probability and statistics,epistemology,2,0,expert,v1,v1,"{""model"": ""open-mistral-nemo"", ""temperature"": 0, ""date"": ""2025-10-21T03:51:11.949143+00:00"", ""prompt_version"": ""v1"", ""persona"": ""expert""}"
"('epistemology', 'probabilityandstatistics')",probability and statistics,epistemology,2,0,phd,v1,v1,"{""model"": ""open-mistral-nemo"", ""temperature"": 0, ""date"": ""2025-10-21T03:51:13.417767+00:00"", ""prompt_version"": ""v1"", ""persona"": ""phd""}"
"('epistemology', 'probabilityandstatistics')",probability and statistics,epistemology,2,0,null,v1,v1,"{""model"": ""open-mistral-nemo"", ""temperature"": 0, ""date"": ""2025-10-21T03:51:14.778280+00:00"", ""prompt_version"": ""v1"", ""persona"": ""null""}"
"('essenceandexistence', 'existence')",essence and existence,existence,4,0,expert,v1,v1,"{""model"": ""open-mistral-nemo"", ""temperature"": 0, ""date"": ""2025-10-21T03:51:16.145878+00:00"", ""prompt_version"": ""v1"", ""persona"": ""expert""}"
"('essenceandexistence', 'existence')",essence and existence,existence,4,0,phd,v1,v1,"{""model"": ""open-mistral-nemo"", ""temperature"": 0, ""date"": ""2025-10-21T03:51:18.928210+00:00"", ""prompt_version"": ""v1"", ""persona"": ""phd""}"
"('essenceandexistence', 'existence')",essence and existence,existence,3,1,null,v1,v1,"{""model"": ""open-mistral-nemo"", ""temperature"": 0, ""date"": ""2025-10-21T03:51:20.268297+00:00"", ""prompt_version"": ""v1"", ""persona"": ""null""}"
"('epistemology', 'foundationalism')",foundationalism,epistemology,4,0,expert,v1,v1,"{""model"": ""open-mistral-nemo"", ""temperature"": 0, ""date"": ""2025-10-21T03:51:21.614741+00:00"", ""prompt_version"": ""v1"", ""persona"": ""expert""}"
"('epistemology', 'foundationalism')",foundationalism,epistemology,4,0,phd,v1,v1,"{""model"": ""open-mistral-nemo"", ""temperature"": 0, ""date"": ""2025-10-21T03:51:22.957798+00:00"", ""prompt_version"": ""v1"", ""persona"": ""phd""}"
"('epistemology', 'foundationalism')",foundationalism,epistemology,4,0,null,v1,v1,"{""model"": ""open-mistral-nemo"", ""temperature"": 0, ""date"": ""2025-10-21T03:51:24.352091+00:00"", ""prompt_version"": ""v1"", ""persona"": ""null""}"
"('body', 'philosophyofmind')",body,philosophy of mind,3,0,expert,v1,v1,"{""model"": ""open-mistral-nemo"", ""temperature"": 0, ""date"": ""2025-10-21T03:51:25.701734+00:00"", ""prompt_version"": ""v1"", ""persona"": ""expert""}"
"('body', 'philosophyofmind')",body,philosophy of mind,3,0,phd,v1,v1,"{""model"": ""open-mistral-nemo"", ""temperature"": 0, ""date"": ""2025-10-21T03:51:27.026225+00:00"", ""prompt_version"": ""v1"", ""persona"": ""phd""}"
"('body', 'philosophyofmind')",body,philosophy of mind,3,0,null,v1,v1,"{""model"": ""open-mistral-nemo"", ""temperature"": 0, ""date"": ""2025-10-21T03:51:28.379373+00:00"", ""prompt_version"": ""v1"", ""persona"": ""null""}"
"('philosophyofcomputerscience', 'philosophyofscience')",philosophy of computer science,philosophy of science,4,0,course_taker,v1,v1,"{""model"": ""open-mistral-nemo"", ""temperature"": 0, ""date"": ""2025-10-21T03:51:29.796350+00:00"", ""prompt_version"": ""v1"", ""persona"": ""course_taker""}"
"('philosophyofcomputerscience', 'philosophyofscience')",philosophy of computer science,philosophy of science,3,0,phd,v1,v1,"{""model"": ""open-mistral-nemo"", ""temperature"": 0, ""date"": ""2025-10-21T03:51:31.132891+00:00"", ""prompt_version"": ""v1"", ""persona"": ""phd""}"
"('philosophyofcomputerscience', 'philosophyofscience')",philosophy of computer science,philosophy of science,3,0,null,v1,v1,"{""model"": ""open-mistral-nemo"", ""temperature"": 0, ""date"": ""2025-10-21T03:51:32.465922+00:00"", ""prompt_version"": ""v1"", ""persona"": ""null""}"
"('causalprocesses', 'causation')",causal processes,causation,4,0,expert,v1,v1,"{""model"": ""open-mistral-nemo"", ""temperature"": 0, ""date"": ""2025-10-21T03:51:33.864328+00:00"", ""prompt_version"": ""v1"", ""persona"": ""expert""}"
"('causalprocesses', 'causation')",causal processes,causation,4,0,phd,v1,v1,"{""model"": ""open-mistral-nemo"", ""temperature"": 0, ""date"": ""2025-10-21T03:51:35.203393+00:00"", ""prompt_version"": ""v1"", ""persona"": ""phd""}"
"('causalprocesses', 'causation')",causal processes,causation,4,0,null,v1,v1,"{""model"": ""open-mistral-nemo"", ""temperature"": 0, ""date"": ""2025-10-21T03:51:36.551652+00:00"", ""prompt_version"": ""v1"", ""persona"": ""null""}"
"('ethics', 'gametheoryinethics')",game theory in ethics,ethics,4,0,expert,v1,v1,"{""model"": ""open-mistral-nemo"", ""temperature"": 0, ""date"": ""2025-10-21T03:51:37.896206+00:00"", ""prompt_version"": ""v1"", ""persona"": ""expert""}"
"('ethics', 'gametheoryinethics')",game theory in ethics,ethics,4,0,phd,v1,v1,"{""model"": ""open-mistral-nemo"", ""temperature"": 0, ""date"": ""2025-10-21T03:51:39.228500+00:00"", ""prompt_version"": ""v1"", ""persona"": ""phd""}"
"('ethics', 'gametheoryinethics')",game theory in ethics,ethics,3,0,null,v1,v1,"{""model"": ""open-mistral-nemo"", ""temperature"": 0, ""date"": ""2025-10-21T03:51:41.068161+00:00"", ""prompt_version"": ""v1"", ""persona"": ""null""}"
"('cognitivescience', 'kantsviewofthemindandconsciousnessofself')",kant's view of the mind and consciousness of self,cognitive science,2,0,expert,v1,v1,"{""model"": ""open-mistral-nemo"", ""temperature"": 0, ""date"": ""2025-10-21T03:51:42.412194+00:00"", ""prompt_version"": ""v1"", ""persona"": ""expert""}"
"('cognitivescience', 'kantsviewofthemindandconsciousnessofself')",kant's view of the mind and consciousness of self,cognitive science,2,1,phd,v1,v1,"{""model"": ""open-mistral-nemo"", ""temperature"": 0, ""date"": ""2025-10-21T03:51:43.973881+00:00"", ""prompt_version"": ""v1"", ""persona"": ""phd""}"
"('cognitivescience', 'kantsviewofthemindandconsciousnessofself')",kant's view of the mind and consciousness of self,cognitive science,2,0,null,v1,v1,"{""model"": ""open-mistral-nemo"", ""temperature"": 0, ""date"": ""2025-10-21T03:51:45.317071+00:00"", ""prompt_version"": ""v1"", ""persona"": ""null""}"
"('metaphysics', 'realism')",realism,metaphysics,4,0,expert,v1,v1,"{""model"": ""open-mistral-nemo"", ""temperature"": 0, ""date"": ""2025-10-21T03:51:46.663852+00:00"", ""prompt_version"": ""v1"", ""persona"": ""expert""}"
"('metaphysics', 'realism')",realism,metaphysics,4,0,phd,v1,v1,"{""model"": ""open-mistral-nemo"", ""temperature"": 0, ""date"": ""2025-10-21T03:51:48.018408+00:00"", ""prompt_version"": ""v1"", ""persona"": ""phd""}"
"('metaphysics', 'realism')",realism,metaphysics,2,0,null,v1,v1,"{""model"": ""open-mistral-nemo"", ""temperature"": 0, ""date"": ""2025-10-21T03:51:49.390478+00:00"", ""prompt_version"": ""v1"", ""persona"": ""null""}"
"('perception', 'sensedata')",sense-data,perception,4,0,expert,v1,v1,"{""model"": ""open-mistral-nemo"", ""temperature"": 0, ""date"": ""2025-10-21T03:51:50.736793+00:00"", ""prompt_version"": ""v1"", ""persona"": ""expert""}"
"('perception', 'sensedata')",sense-data,perception,4,0,phd,v1,v1,"{""model"": ""open-mistral-nemo"", ""temperature"": 0, ""date"": ""2025-10-21T03:51:52.065903+00:00"", ""prompt_version"": ""v1"", ""persona"": ""phd""}"
"('perception', 'sensedata')",sense-data,perception,4,0,null,v1,v1,"{""model"": ""open-mistral-nemo"", ""temperature"": 0, ""date"": ""2025-10-21T03:51:53.397045+00:00"", ""prompt_version"": ""v1"", ""persona"": ""null""}"
"('continentalphilosophy', 'philosophyofhistory')",philosophy of history,continental philosophy,2,0,expert,v1,v1,"{""model"": ""open-mistral-nemo"", ""temperature"": 0, ""date"": ""2025-10-21T03:51:54.739976+00:00"", ""prompt_version"": ""v1"", ""persona"": ""expert""}"
"('continentalphilosophy', 'philosophyofhistory')",philosophy of history,continental philosophy,2,0,phd,v1,v1,"{""model"": ""open-mistral-nemo"", ""temperature"": 0, ""date"": ""2025-10-21T03:51:56.077610+00:00"", ""prompt_version"": ""v1"", ""persona"": ""phd""}"
"('continentalphilosophy', 'philosophyofhistory')",philosophy of history,continental philosophy,3,0,null,v1,v1,"{""model"": ""open-mistral-nemo"", ""temperature"": 0, ""date"": ""2025-10-21T03:51:57.504821+00:00"", ""prompt_version"": ""v1"", ""persona"": ""null""}"
"('cognitivescience', 'mentalimagery')",mental imagery,cognitive science,3,0,expert,v1,v1,"{""model"": ""open-mistral-nemo"", ""temperature"": 0, ""date"": ""2025-10-21T03:51:58.867451+00:00"", ""prompt_version"": ""v1"", ""persona"": ""expert""}"
"('cognitivescience', 'mentalimagery')",mental imagery,cognitive science,3,0,phd,v1,v1,"{""model"": ""open-mistral-nemo"", ""temperature"": 0, ""date"": ""2025-10-21T03:52:00.198848+00:00"", ""prompt_version"": ""v1"", ""persona"": ""phd""}"
"('cognitivescience', 'mentalimagery')",mental imagery,cognitive science,3,0,null,v1,v1,"{""model"": ""open-mistral-nemo"", ""temperature"": 0, ""date"": ""2025-10-21T03:52:01.579415+00:00"", ""prompt_version"": ""v1"", ""persona"": ""null""}"
"('humeonreligion', 'philosophyofreligion')",hume on religion,philosophy of religion,4,0,expert,v1,v1,"{""model"": ""open-mistral-nemo"", ""temperature"": 0, ""date"": ""2025-10-21T03:52:02.901381+00:00"", ""prompt_version"": ""v1"", ""persona"": ""expert""}"
"('humeonreligion', 'philosophyofreligion')",hume on religion,philosophy of religion,4,0,phd,v1,v1,"{""model"": ""open-mistral-nemo"", ""temperature"": 0, ""date"": ""2025-10-21T03:52:04.238173+00:00"", ""prompt_version"": ""v1"", ""persona"": ""phd""}"
"('humeonreligion', 'philosophyofreligion')",hume on religion,philosophy of religion,4,0,null,v1,v1,"{""model"": ""open-mistral-nemo"", ""temperature"": 0, ""date"": ""2025-10-21T03:52:05.569712+00:00"", ""prompt_version"": ""v1"", ""persona"": ""null""}"
"('epistemology', 'justifiedtruebelief')",justified true belief,epistemology,4,0,expert,v1,v1,"{""model"": ""open-mistral-nemo"", ""temperature"": 0, ""date"": ""2025-10-21T03:52:06.888536+00:00"", ""prompt_version"": ""v1"", ""persona"": ""expert""}"
"('epistemology', 'justifiedtruebelief')",justified true belief,epistemology,4,0,phd,v1,v1,"{""model"": ""open-mistral-nemo"", ""temperature"": 0, ""date"": ""2025-10-21T03:52:08.270339+00:00"", ""prompt_version"": ""v1"", ""persona"": ""phd""}"
"('epistemology', 'justifiedtruebelief')",justified true belief,epistemology,4,0,null,v1,v1,"{""model"": ""open-mistral-nemo"", ""temperature"": 0, ""date"": ""2025-10-21T03:52:09.614864+00:00"", ""prompt_version"": ""v1"", ""persona"": ""null""}"
"('bioethics', 'cloning')",cloning,bioethics,3,0,expert,v1,v1,"{""model"": ""open-mistral-nemo"", ""temperature"": 0, ""date"": ""2025-10-21T03:52:10.987907+00:00"", ""prompt_version"": ""v1"", ""persona"": ""expert""}"
"('bioethics', 'cloning')",cloning,bioethics,4,0,phd,v1,v1,"{""model"": ""open-mistral-nemo"", ""temperature"": 0, ""date"": ""2025-10-21T03:52:12.389812+00:00"", ""prompt_version"": ""v1"", ""persona"": ""phd""}"
"('bioethics', 'cloning')",cloning,bioethics,3,0,null,v1,v1,"{""model"": ""open-mistral-nemo"", ""temperature"": 0, ""date"": ""2025-10-21T03:52:13.732070+00:00"", ""prompt_version"": ""v1"", ""persona"": ""null""}"
"('epistemology', 'knowledge')",knowledge,epistemology,4,0,expert,v1,v1,"{""model"": ""open-mistral-nemo"", ""temperature"": 0, ""date"": ""2025-10-21T03:52:15.084428+00:00"", ""prompt_version"": ""v1"", ""persona"": ""expert""}"
"('epistemology', 'knowledge')",knowledge,epistemology,4,0,phd,v1,v1,"{""model"": ""open-mistral-nemo"", ""temperature"": 0, ""date"": ""2025-10-21T03:52:16.439296+00:00"", ""prompt_version"": ""v1"", ""persona"": ""phd""}"
"('epistemology', 'knowledge')",knowledge,epistemology,4,1,null,v1,v1,"{""model"": ""open-mistral-nemo"", ""temperature"": 0, ""date"": ""2025-10-21T03:52:17.826916+00:00"", ""prompt_version"": ""v1"", ""persona"": ""null""}"
"('civildisobedience', 'philosophyoflaw')",philosophy of law,civil disobedience,3,0,novice,v1,v1,"{""model"": ""open-mistral-nemo"", ""temperature"": 0, ""date"": ""2025-10-21T03:52:19.174700+00:00"", ""prompt_version"": ""v1"", ""persona"": ""novice""}"
"('civildisobedience', 'philosophyoflaw')",philosophy of law,civil disobedience,2,1,phd,v1,v1,"{""model"": ""open-mistral-nemo"", ""temperature"": 0, ""date"": ""2025-10-21T03:52:20.607671+00:00"", ""prompt_version"": ""v1"", ""persona"": ""phd""}"
"('civildisobedience', 'philosophyoflaw')",philosophy of law,civil disobedience,2,1,null,v1,v1,"{""model"": ""open-mistral-nemo"", ""temperature"": 0, ""date"": ""2025-10-21T03:52:22.138519+00:00"", ""prompt_version"": ""v1"", ""persona"": ""null""}"
"('emergence', 'panpsychism')",panpsychism,emergence,2,1,expert,v1,v1,"{""model"": ""open-mistral-nemo"", ""temperature"": 0, ""date"": ""2025-10-21T03:52:24.250965+00:00"", ""prompt_version"": ""v1"", ""persona"": ""expert""}"
"('emergence', 'panpsychism')",panpsychism,emergence,2,1,phd,v1,v1,"{""model"": ""open-mistral-nemo"", ""temperature"": 0, ""date"": ""2025-10-21T03:52:25.899751+00:00"", ""prompt_version"": ""v1"", ""persona"": ""phd""}"
"('emergence', 'panpsychism')",panpsychism,emergence,2,-1,null,v1,v1,"{""model"": ""open-mistral-nemo"", ""temperature"": 0, ""date"": ""2025-10-21T03:52:27.287363+00:00"", ""prompt_version"": ""v1"", ""persona"": ""null""}"
"('kantsphilosophyofscience', 'metaphysics')",kant's philosophy of science,metaphysics,3,0,expert,v1,v1,"{""model"": ""open-mistral-nemo"", ""temperature"": 0, ""date"": ""2025-10-21T03:52:28.754805+00:00"", ""prompt_version"": ""v1"", ""persona"": ""expert""}"
"('kantsphilosophyofscience', 'metaphysics')",kant's philosophy of science,metaphysics,2,0,phd,v1,v1,"{""model"": ""open-mistral-nemo"", ""temperature"": 0, ""date"": ""2025-10-21T03:52:30.099286+00:00"", ""prompt_version"": ""v1"", ""persona"": ""phd""}"
"('kantsphilosophyofscience', 'metaphysics')",kant's philosophy of science,metaphysics,3,0,null,v1,v1,"{""model"": ""open-mistral-nemo"", ""temperature"": 0, ""date"": ""2025-10-21T03:52:31.418989+00:00"", ""prompt_version"": ""v1"", ""persona"": ""null""}"
"('historyoflogic', 'medievallogic')",medieval logic,history of logic,3,0,novice,v1,v1,"{""model"": ""open-mistral-nemo"", ""temperature"": 0, ""date"": ""2025-10-21T03:52:32.762317+00:00"", ""prompt_version"": ""v1"", ""persona"": ""novice""}"
"('historyoflogic', 'medievallogic')",medieval logic,history of logic,4,0,phd,v1,v1,"{""model"": ""open-mistral-nemo"", ""temperature"": 0, ""date"": ""2025-10-21T03:52:34.107050+00:00"", ""prompt_version"": ""v1"", ""persona"": ""phd""}"
"('historyoflogic', 'medievallogic')",medieval logic,history of logic,3,0,null,v1,v1,"{""model"": ""open-mistral-nemo"", ""temperature"": 0, ""date"": ""2025-10-21T03:52:35.545160+00:00"", ""prompt_version"": ""v1"", ""persona"": ""null""}"
"('idiolects', 'philosophyoflanguage')",idiolects,philosophy of language,3,0,expert,v1,v1,"{""model"": ""open-mistral-nemo"", ""temperature"": 0, ""date"": ""2025-10-21T03:52:36.940573+00:00"", ""prompt_version"": ""v1"", ""persona"": ""expert""}"
"('idiolects', 'philosophyoflanguage')",idiolects,philosophy of language,3,0,phd,v1,v1,"{""model"": ""open-mistral-nemo"", ""temperature"": 0, ""date"": ""2025-10-21T03:52:38.280665+00:00"", ""prompt_version"": ""v1"", ""persona"": ""phd""}"
"('idiolects', 'philosophyoflanguage')",idiolects,philosophy of language,2,0,null,v1,v1,"{""model"": ""open-mistral-nemo"", ""temperature"": 0, ""date"": ""2025-10-21T03:52:39.614816+00:00"", ""prompt_version"": ""v1"", ""persona"": ""null""}"
"('divineillumination', 'philosophyofmind')",divine illumination,philosophy of mind,2,0,expert,v1,v1,"{""model"": ""open-mistral-nemo"", ""temperature"": 0, ""date"": ""2025-10-21T03:52:41.038177+00:00"", ""prompt_version"": ""v1"", ""persona"": ""expert""}"
"('divineillumination', 'philosophyofmind')",divine illumination,philosophy of mind,2,0,phd,v1,v1,"{""model"": ""open-mistral-nemo"", ""temperature"": 0, ""date"": ""2025-10-21T03:52:42.461538+00:00"", ""prompt_version"": ""v1"", ""persona"": ""phd""}"
"('divineillumination', 'philosophyofmind')",divine illumination,philosophy of mind,2,0,null,v1,v1,"{""model"": ""open-mistral-nemo"", ""temperature"": 0, ""date"": ""2025-10-21T03:52:43.819959+00:00"", ""prompt_version"": ""v1"", ""persona"": ""null""}"
"('consciousness', 'consciousnessandintentionality')",consciousness and intentionality,consciousness,4,0,expert,v1,v1,"{""model"": ""open-mistral-nemo"", ""temperature"": 0, ""date"": ""2025-10-21T03:52:45.155532+00:00"", ""prompt_version"": ""v1"", ""persona"": ""expert""}"
"('consciousness', 'consciousnessandintentionality')",consciousness and intentionality,consciousness,4,0,phd,v1,v1,"{""model"": ""open-mistral-nemo"", ""temperature"": 0, ""date"": ""2025-10-21T03:52:46.496215+00:00"", ""prompt_version"": ""v1"", ""persona"": ""phd""}"
"('consciousness', 'consciousnessandintentionality')",consciousness and intentionality,consciousness,4,0,null,v1,v1,"{""model"": ""open-mistral-nemo"", ""temperature"": 0, ""date"": ""2025-10-21T03:52:47.819369+00:00"", ""prompt_version"": ""v1"", ""persona"": ""null""}"
"('ethnocentrism', 'philosophyofreligion')",ethnocentrism,philosophy of religion,2,0,expert,v1,v1,"{""model"": ""open-mistral-nemo"", ""temperature"": 0, ""date"": ""2025-10-21T03:52:49.235996+00:00"", ""prompt_version"": ""v1"", ""persona"": ""expert""}"
"('ethnocentrism', 'philosophyofreligion')",ethnocentrism,philosophy of religion,2,0,phd,v1,v1,"{""model"": ""open-mistral-nemo"", ""temperature"": 0, ""date"": ""2025-10-21T03:52:50.587519+00:00"", ""prompt_version"": ""v1"", ""persona"": ""phd""}"
"('ethnocentrism', 'philosophyofreligion')",ethnocentrism,philosophy of religion,2,0,null,v1,v1,"{""model"": ""open-mistral-nemo"", ""temperature"": 0, ""date"": ""2025-10-21T03:52:51.967628+00:00"", ""prompt_version"": ""v1"", ""persona"": ""null""}"
"('foundationalism', 'skepticism')",foundationalism,skepticism,2,1,expert,v1,v1,"{""model"": ""open-mistral-nemo"", ""temperature"": 0, ""date"": ""2025-10-21T03:52:53.361665+00:00"", ""prompt_version"": ""v1"", ""persona"": ""expert""}"
"('foundationalism', 'skepticism')",foundationalism,skepticism,2,1,phd,v1,v1,"{""model"": ""open-mistral-nemo"", ""temperature"": 0, ""date"": ""2025-10-21T03:52:54.705997+00:00"", ""prompt_version"": ""v1"", ""persona"": ""phd""}"
"('foundationalism', 'skepticism')",foundationalism,skepticism,2,1,null,v1,v1,"{""model"": ""open-mistral-nemo"", ""temperature"": 0, ""date"": ""2025-10-21T03:52:56.056750+00:00"", ""prompt_version"": ""v1"", ""persona"": ""null""}"
"('folkpsychology', 'philosophyofmind')",folk psychology,philosophy of mind,4,0,expert,v1,v1,"{""model"": ""open-mistral-nemo"", ""temperature"": 0, ""date"": ""2025-10-21T03:52:57.419836+00:00"", ""prompt_version"": ""v1"", ""persona"": ""expert""}"
"('folkpsychology', 'philosophyofmind')",folk psychology,philosophy of mind,4,0,phd,v1,v1,"{""model"": ""open-mistral-nemo"", ""temperature"": 0, ""date"": ""2025-10-21T03:52:58.770967+00:00"", ""prompt_version"": ""v1"", ""persona"": ""phd""}"
"('folkpsychology', 'philosophyofmind')",folk psychology,philosophy of mind,4,0,null,v1,v1,"{""model"": ""open-mistral-nemo"", ""temperature"": 0, ""date"": ""2025-10-21T03:53:00.109815+00:00"", ""prompt_version"": ""v1"", ""persona"": ""null""}"
"('perception', 'qualia')",qualia,perception,4,0,expert,v1,v1,"{""model"": ""open-mistral-nemo"", ""temperature"": 0, ""date"": ""2025-10-21T03:53:01.443959+00:00"", ""prompt_version"": ""v1"", ""persona"": ""expert""}"
"('perception', 'qualia')",qualia,perception,4,0,phd,v1,v1,"{""model"": ""open-mistral-nemo"", ""temperature"": 0, ""date"": ""2025-10-21T03:53:02.788352+00:00"", ""prompt_version"": ""v1"", ""persona"": ""phd""}"
"('perception', 'qualia')",qualia,perception,4,0,null,v1,v1,"{""model"": ""open-mistral-nemo"", ""temperature"": 0, ""date"": ""2025-10-21T03:53:04.145910+00:00"", ""prompt_version"": ""v1"", ""persona"": ""null""}"
"('metaphysics', 'motionandtime')",motion and time,metaphysics,2,0,expert,v1,v1,"{""model"": ""open-mistral-nemo"", ""temperature"": 0, ""date"": ""2025-10-21T03:53:05.494286+00:00"", ""prompt_version"": ""v1"", ""persona"": ""expert""}"
"('metaphysics', 'motionandtime')",motion and time,metaphysics,2,0,phd,v1,v1,"{""model"": ""open-mistral-nemo"", ""temperature"": 0, ""date"": ""2025-10-21T03:53:06.861866+00:00"", ""prompt_version"": ""v1"", ""persona"": ""phd""}"
"('metaphysics', 'motionandtime')",motion and time,metaphysics,2,0,null,v1,v1,"{""model"": ""open-mistral-nemo"", ""temperature"": 0, ""date"": ""2025-10-21T03:53:08.188419+00:00"", ""prompt_version"": ""v1"", ""persona"": ""null""}"
"('metaphysics', 'naturalphilosophy')",natural philosophy,metaphysics,4,0,expert,v1,v1,"{""model"": ""open-mistral-nemo"", ""temperature"": 0, ""date"": ""2025-10-21T03:53:09.524613+00:00"", ""prompt_version"": ""v1"", ""persona"": ""expert""}"
"('metaphysics', 'naturalphilosophy')",natural philosophy,metaphysics,4,1,phd,v1,v1,"{""model"": ""open-mistral-nemo"", ""temperature"": 0, ""date"": ""2025-10-21T03:53:10.877433+00:00"", ""prompt_version"": ""v1"", ""persona"": ""phd""}"
"('metaphysics', 'naturalphilosophy')",natural philosophy,metaphysics,3,1,null,v1,v1,"{""model"": ""open-mistral-nemo"", ""temperature"": 0, ""date"": ""2025-10-21T03:53:12.237754+00:00"", ""prompt_version"": ""v1"", ""persona"": ""null""}"
"('pantheism', 'philosophyofreligion')",pantheism,philosophy of religion,3,0,expert,v1,v1,"{""model"": ""open-mistral-nemo"", ""temperature"": 0, ""date"": ""2025-10-21T03:53:13.640141+00:00"", ""prompt_version"": ""v1"", ""persona"": ""expert""}"
"('pantheism', 'philosophyofreligion')",pantheism,philosophy of religion,3,0,phd,v1,v1,"{""model"": ""open-mistral-nemo"", ""temperature"": 0, ""date"": ""2025-10-21T03:53:15.009567+00:00"", ""prompt_version"": ""v1"", ""persona"": ""phd""}"
"('pantheism', 'philosophyofreligion')",pantheism,philosophy of religion,3,0,null,v1,v1,"{""model"": ""open-mistral-nemo"", ""temperature"": 0, ""date"": ""2025-10-21T03:53:16.494318+00:00"", ""prompt_version"": ""v1"", ""persona"": ""null""}"
"('epistemology', 'naturalizedepistemology')",naturalized epistemology,epistemology,4,0,expert,v1,v1,"{""model"": ""open-mistral-nemo"", ""temperature"": 0, ""date"": ""2025-10-21T03:53:17.902936+00:00"", ""prompt_version"": ""v1"", ""persona"": ""expert""}"
"('epistemology', 'naturalizedepistemology')",naturalized epistemology,epistemology,4,0,phd,v1,v1,"{""model"": ""open-mistral-nemo"", ""temperature"": 0, ""date"": ""2025-10-21T03:53:19.297287+00:00"", ""prompt_version"": ""v1"", ""persona"": ""phd""}"
"('epistemology', 'naturalizedepistemology')",naturalized epistemology,epistemology,4,0,null,v1,v1,"{""model"": ""open-mistral-nemo"", ""temperature"": 0, ""date"": ""2025-10-21T03:53:20.649912+00:00"", ""prompt_version"": ""v1"", ""persona"": ""null""}"
"('logos', 'perception')",logos,perception,2,1,expert,v1,v1,"{""model"": ""open-mistral-nemo"", ""temperature"": 0, ""date"": ""2025-10-21T03:53:22.163783+00:00"", ""prompt_version"": ""v1"", ""persona"": ""expert""}"
"('logos', 'perception')",logos,perception,2,1,phd,v1,v1,"{""model"": ""open-mistral-nemo"", ""temperature"": 0, ""date"": ""2025-10-21T03:53:23.508286+00:00"", ""prompt_version"": ""v1"", ""persona"": ""phd""}"
"('logos', 'perception')",logos,perception,2,-1,null,v1,v1,"{""model"": ""open-mistral-nemo"", ""temperature"": 0, ""date"": ""2025-10-21T03:53:24.861663+00:00"", ""prompt_version"": ""v1"", ""persona"": ""null""}"
"('analyticfeminism', 'metaphysics')",analytic feminism,metaphysics,2,0,expert,v1,v1,"{""model"": ""open-mistral-nemo"", ""temperature"": 0, ""date"": ""2025-10-21T03:53:26.210424+00:00"", ""prompt_version"": ""v1"", ""persona"": ""expert""}"
"('analyticfeminism', 'metaphysics')",analytic feminism,metaphysics,2,0,phd,v1,v1,"{""model"": ""open-mistral-nemo"", ""temperature"": 0, ""date"": ""2025-10-21T03:53:27.554278+00:00"", ""prompt_version"": ""v1"", ""persona"": ""phd""}"
"('analyticfeminism', 'metaphysics')",analytic feminism,metaphysics,2,-1,null,v1,v1,"{""model"": ""open-mistral-nemo"", ""temperature"": 0, ""date"": ""2025-10-21T03:53:28.927255+00:00"", ""prompt_version"": ""v1"", ""persona"": ""null""}"
"('chinesephilosophy', 'chinesewesterncomparativephilosophy')",chinese-western comparative philosophy,chinese philosophy,4,0,expert,v1,v1,"{""model"": ""open-mistral-nemo"", ""temperature"": 0, ""date"": ""2025-10-21T03:53:30.300816+00:00"", ""prompt_version"": ""v1"", ""persona"": ""expert""}"
"('chinesephilosophy', 'chinesewesterncomparativephilosophy')",chinese-western comparative philosophy,chinese philosophy,4,0,phd,v1,v1,"{""model"": ""open-mistral-nemo"", ""temperature"": 0, ""date"": ""2025-10-21T03:53:31.626584+00:00"", ""prompt_version"": ""v1"", ""persona"": ""phd""}"
"('chinesephilosophy', 'chinesewesterncomparativephilosophy')",chinese-western comparative philosophy,chinese philosophy,4,0,null,v1,v1,"{""model"": ""open-mistral-nemo"", ""temperature"": 0, ""date"": ""2025-10-21T03:53:32.965960+00:00"", ""prompt_version"": ""v1"", ""persona"": ""null""}"
"('koreanphilosophy', 'perception')",korean philosophy,perception,2,0,expert,v1,v1,"{""model"": ""open-mistral-nemo"", ""temperature"": 0, ""date"": ""2025-10-21T03:53:34.331436+00:00"", ""prompt_version"": ""v1"", ""persona"": ""expert""}"
"('koreanphilosophy', 'perception')",korean philosophy,perception,2,-1,phd,v1,v1,"{""model"": ""open-mistral-nemo"", ""temperature"": 0, ""date"": ""2025-10-21T03:53:35.688307+00:00"", ""prompt_version"": ""v1"", ""persona"": ""phd""}"
"('koreanphilosophy', 'perception')",korean philosophy,perception,2,-1,null,v1,v1,"{""model"": ""open-mistral-nemo"", ""temperature"": 0, ""date"": ""2025-10-21T03:53:37.053239+00:00"", ""prompt_version"": ""v1"", ""persona"": ""null""}"
"('originofaesthetic', 'philosophyofmind')",origin of aesthetic,philosophy of mind,2,0,expert,v1,v1,"{""model"": ""open-mistral-nemo"", ""temperature"": 0, ""date"": ""2025-10-21T03:53:38.413579+00:00"", ""prompt_version"": ""v1"", ""persona"": ""expert""}"
"('originofaesthetic', 'philosophyofmind')",origin of aesthetic,philosophy of mind,2,0,phd,v1,v1,"{""model"": ""open-mistral-nemo"", ""temperature"": 0, ""date"": ""2025-10-21T03:53:39.786495+00:00"", ""prompt_version"": ""v1"", ""persona"": ""phd""}"
"('originofaesthetic', 'philosophyofmind')",origin of aesthetic,philosophy of mind,2,0,null,v1,v1,"{""model"": ""open-mistral-nemo"", ""temperature"": 0, ""date"": ""2025-10-21T03:53:41.131178+00:00"", ""prompt_version"": ""v1"", ""persona"": ""null""}"
"('connectionism', 'trainingset')",connectionism,training set,2,0,course_taker,v1,v1,"{""model"": ""open-mistral-nemo"", ""temperature"": 0, ""date"": ""2025-10-21T03:53:42.668306+00:00"", ""prompt_version"": ""v1"", ""persona"": ""course_taker""}"
"('connectionism', 'trainingset')",connectionism,training set,2,0,phd,v1,v1,"{""model"": ""open-mistral-nemo"", ""temperature"": 0, ""date"": ""2025-10-21T03:53:44.022587+00:00"", ""prompt_version"": ""v1"", ""persona"": ""phd""}"
"('connectionism', 'trainingset')",connectionism,training set,3,0,null,v1,v1,"{""model"": ""open-mistral-nemo"", ""temperature"": 0, ""date"": ""2025-10-21T03:53:45.368374+00:00"", ""prompt_version"": ""v1"", ""persona"": ""null""}"
"('evolution', 'unitsandlevelsofselection')",units and levels of selection,evolution,4,0,expert,v1,v1,"{""model"": ""open-mistral-nemo"", ""temperature"": 0, ""date"": ""2025-10-21T03:53:46.723979+00:00"", ""prompt_version"": ""v1"", ""persona"": ""expert""}"
"('evolution', 'unitsandlevelsofselection')",units and levels of selection,evolution,4,0,phd,v1,v1,"{""model"": ""open-mistral-nemo"", ""temperature"": 0, ""date"": ""2025-10-21T03:53:48.104056+00:00"", ""prompt_version"": ""v1"", ""persona"": ""phd""}"
"('evolution', 'unitsandlevelsofselection')",units and levels of selection,evolution,4,0,null,v1,v1,"{""model"": ""open-mistral-nemo"", ""temperature"": 0, ""date"": ""2025-10-21T03:53:49.448542+00:00"", ""prompt_version"": ""v1"", ""persona"": ""null""}"
"('consciousness', 'consciousnessandcontent')",consciousness and content,consciousness,4,0,expert,v1,v1,"{""model"": ""open-mistral-nemo"", ""temperature"": 0, ""date"": ""2025-10-21T03:53:50.821490+00:00"", ""prompt_version"": ""v1"", ""persona"": ""expert""}"
"('consciousness', 'consciousnessandcontent')",consciousness and content,consciousness,4,0,phd,v1,v1,"{""model"": ""open-mistral-nemo"", ""temperature"": 0, ""date"": ""2025-10-21T03:53:52.161328+00:00"", ""prompt_version"": ""v1"", ""persona"": ""phd""}"
"('consciousness', 'consciousnessandcontent')",consciousness and content,consciousness,4,0,null,v1,v1,"{""model"": ""open-mistral-nemo"", ""temperature"": 0, ""date"": ""2025-10-21T03:53:53.527846+00:00"", ""prompt_version"": ""v1"", ""persona"": ""null""}"
"('perception', 'philosophyofphysics')",philosophy of physics,perception,2,0,expert,v1,v1,"{""model"": ""open-mistral-nemo"", ""temperature"": 0, ""date"": ""2025-10-21T03:53:54.906833+00:00"", ""prompt_version"": ""v1"", ""persona"": ""expert""}"
"('perception', 'philosophyofphysics')",philosophy of physics,perception,2,0,phd,v1,v1,"{""model"": ""open-mistral-nemo"", ""temperature"": 0, ""date"": ""2025-10-21T03:53:56.491247+00:00"", ""prompt_version"": ""v1"", ""persona"": ""phd""}"
"('perception', 'philosophyofphysics')",philosophy of physics,perception,2,0,null,v1,v1,"{""model"": ""open-mistral-nemo"", ""temperature"": 0, ""date"": ""2025-10-21T03:53:57.945342+00:00"", ""prompt_version"": ""v1"", ""persona"": ""null""}"
"('dynamicalsystem', 'supertasks')",supertasks,dynamical system,2,0,expert,v1,v1,"{""model"": ""open-mistral-nemo"", ""temperature"": 0, ""date"": ""2025-10-21T03:53:59.255619+00:00"", ""prompt_version"": ""v1"", ""persona"": ""expert""}"
"('dynamicalsystem', 'supertasks')",supertasks,dynamical system,2,0,phd,v1,v1,"{""model"": ""open-mistral-nemo"", ""temperature"": 0, ""date"": ""2025-10-21T03:54:00.598260+00:00"", ""prompt_version"": ""v1"", ""persona"": ""phd""}"
"('dynamicalsystem', 'supertasks')",supertasks,dynamical system,2,-1,null,v1,v1,"{""model"": ""open-mistral-nemo"", ""temperature"": 0, ""date"": ""2025-10-21T03:54:01.931627+00:00"", ""prompt_version"": ""v1"", ""persona"": ""null""}"
"('modularity', 'philosophyofmind')",modularity,philosophy of mind,2,0,expert,v1,v1,"{""model"": ""open-mistral-nemo"", ""temperature"": 0, ""date"": ""2025-10-21T03:54:03.276229+00:00"", ""prompt_version"": ""v1"", ""persona"": ""expert""}"
"('modularity', 'philosophyofmind')",modularity,philosophy of mind,2,0,phd,v1,v1,"{""model"": ""open-mistral-nemo"", ""temperature"": 0, ""date"": ""2025-10-21T03:54:04.611734+00:00"", ""prompt_version"": ""v1"", ""persona"": ""phd""}"
"('modularity', 'philosophyofmind')",modularity,philosophy of mind,2,1,null,v1,v1,"{""model"": ""open-mistral-nemo"", ""temperature"": 0, ""date"": ""2025-10-21T03:54:05.957301+00:00"", ""prompt_version"": ""v1"", ""persona"": ""null""}"
"('logic', 'philosophyofmathematics')",logic,philosophy of mathematics,3,0,course_taker,v1,v1,"{""model"": ""open-mistral-nemo"", ""temperature"": 0, ""date"": ""2025-10-21T03:54:07.294574+00:00"", ""prompt_version"": ""v1"", ""persona"": ""course_taker""}"
"('logic', 'philosophyofmathematics')",logic,philosophy of mathematics,3,0,phd,v1,v1,"{""model"": ""open-mistral-nemo"", ""temperature"": 0, ""date"": ""2025-10-21T03:54:08.606485+00:00"", ""prompt_version"": ""v1"", ""persona"": ""phd""}"
"('logic', 'philosophyofmathematics')",logic,philosophy of mathematics,3,0,null,v1,v1,"{""model"": ""open-mistral-nemo"", ""temperature"": 0, ""date"": ""2025-10-21T03:54:09.972893+00:00"", ""prompt_version"": ""v1"", ""persona"": ""null""}"
"('defeasiblereasoning', 'epistemology')",defeasible reasoning,epistemology,3,0,expert,v1,v1,"{""model"": ""open-mistral-nemo"", ""temperature"": 0, ""date"": ""2025-10-21T03:54:11.301388+00:00"", ""prompt_version"": ""v1"", ""persona"": ""expert""}"
"('defeasiblereasoning', 'epistemology')",defeasible reasoning,epistemology,2,0,phd,v1,v1,"{""model"": ""open-mistral-nemo"", ""temperature"": 0, ""date"": ""2025-10-21T03:54:12.630406+00:00"", ""prompt_version"": ""v1"", ""persona"": ""phd""}"
"('defeasiblereasoning', 'epistemology')",defeasible reasoning,epistemology,3,0,null,v1,v1,"{""model"": ""open-mistral-nemo"", ""temperature"": 0, ""date"": ""2025-10-21T03:54:14.010084+00:00"", ""prompt_version"": ""v1"", ""persona"": ""null""}"
"('descartesontologicalargument', 'perception')",descartes' ontological argument,perception,2,0,expert,v1,v1,"{""model"": ""open-mistral-nemo"", ""temperature"": 0, ""date"": ""2025-10-21T03:54:15.805846+00:00"", ""prompt_version"": ""v1"", ""persona"": ""expert""}"
"('descartesontologicalargument', 'perception')",descartes' ontological argument,perception,2,1,phd,v1,v1,"{""model"": ""open-mistral-nemo"", ""temperature"": 0, ""date"": ""2025-10-21T03:54:17.160948+00:00"", ""prompt_version"": ""v1"", ""persona"": ""phd""}"
"('descartesontologicalargument', 'perception')",descartes' ontological argument,perception,2,1,null,v1,v1,"{""model"": ""open-mistral-nemo"", ""temperature"": 0, ""date"": ""2025-10-21T03:54:18.628768+00:00"", ""prompt_version"": ""v1"", ""persona"": ""null""}"
"('bioethics', 'feministbioethics')",feminist bioethics,bioethics,4,0,expert,v1,v1,"{""model"": ""open-mistral-nemo"", ""temperature"": 0, ""date"": ""2025-10-21T03:54:20.276753+00:00"", ""prompt_version"": ""v1"", ""persona"": ""expert""}"
"('bioethics', 'feministbioethics')",feminist bioethics,bioethics,3,0,phd,v1,v1,"{""model"": ""open-mistral-nemo"", ""temperature"": 0, ""date"": ""2025-10-21T03:54:21.620406+00:00"", ""prompt_version"": ""v1"", ""persona"": ""phd""}"
"('bioethics', 'feministbioethics')",feminist bioethics,bioethics,3,0,null,v1,v1,"{""model"": ""open-mistral-nemo"", ""temperature"": 0, ""date"": ""2025-10-21T03:54:22.939021+00:00"", ""prompt_version"": ""v1"", ""persona"": ""null""}"
"('justifiedtruebelief', 'perception')",justified true belief,perception,2,1,expert,v1,v1,"{""model"": ""open-mistral-nemo"", ""temperature"": 0, ""date"": ""2025-10-21T03:54:24.321131+00:00"", ""prompt_version"": ""v1"", ""persona"": ""expert""}"
"('justifiedtruebelief', 'perception')",justified true belief,perception,2,1,phd,v1,v1,"{""model"": ""open-mistral-nemo"", ""temperature"": 0, ""date"": ""2025-10-21T03:54:25.740664+00:00"", ""prompt_version"": ""v1"", ""persona"": ""phd""}"
"('justifiedtruebelief', 'perception')",justified true belief,perception,2,1,null,v1,v1,"{""model"": ""open-mistral-nemo"", ""temperature"": 0, ""date"": ""2025-10-21T03:54:27.121053+00:00"", ""prompt_version"": ""v1"", ""persona"": ""null""}"
"('philosophyofreligion', 'polytheism')",polytheism,philosophy of religion,3,0,expert,v1,v1,"{""model"": ""open-mistral-nemo"", ""temperature"": 0, ""date"": ""2025-10-21T03:54:28.526630+00:00"", ""prompt_version"": ""v1"", ""persona"": ""expert""}"
"('philosophyofreligion', 'polytheism')",polytheism,philosophy of religion,2,0,phd,v1,v1,"{""model"": ""open-mistral-nemo"", ""temperature"": 0, ""date"": ""2025-10-21T03:54:29.870813+00:00"", ""prompt_version"": ""v1"", ""persona"": ""phd""}"
"('philosophyofreligion', 'polytheism')",polytheism,philosophy of religion,3,0,null,v1,v1,"{""model"": ""open-mistral-nemo"", ""temperature"": 0, ""date"": ""2025-10-21T03:54:31.268720+00:00"", ""prompt_version"": ""v1"", ""persona"": ""null""}"
"('philosophyofmind', 'philosophyofpsychology')",philosophy of psychology,philosophy of mind,4,0,expert,v1,v1,"{""model"": ""open-mistral-nemo"", ""temperature"": 0, ""date"": ""2025-10-21T03:54:32.775284+00:00"", ""prompt_version"": ""v1"", ""persona"": ""expert""}"
"('philosophyofmind', 'philosophyofpsychology')",philosophy of psychology,philosophy of mind,4,0,phd,v1,v1,"{""model"": ""open-mistral-nemo"", ""temperature"": 0, ""date"": ""2025-10-21T03:54:34.103900+00:00"", ""prompt_version"": ""v1"", ""persona"": ""phd""}"
"('philosophyofmind', 'philosophyofpsychology')",philosophy of psychology,philosophy of mind,4,0,null,v1,v1,"{""model"": ""open-mistral-nemo"", ""temperature"": 0, ""date"": ""2025-10-21T03:54:35.433880+00:00"", ""prompt_version"": ""v1"", ""persona"": ""null""}"
"('metaphysics', 'philosophyofscienceandthesciences')",philosophy of science and the sciences,metaphysics,2,0,expert,v1,v1,"{""model"": ""open-mistral-nemo"", ""temperature"": 0, ""date"": ""2025-10-21T03:54:36.778671+00:00"", ""prompt_version"": ""v1"", ""persona"": ""expert""}"
"('metaphysics', 'philosophyofscienceandthesciences')",philosophy of science and the sciences,metaphysics,2,0,phd,v1,v1,"{""model"": ""open-mistral-nemo"", ""temperature"": 0, ""date"": ""2025-10-21T03:54:38.090160+00:00"", ""prompt_version"": ""v1"", ""persona"": ""phd""}"
"('metaphysics', 'philosophyofscienceandthesciences')",philosophy of science and the sciences,metaphysics,2,1,null,v1,v1,"{""model"": ""open-mistral-nemo"", ""temperature"": 0, ""date"": ""2025-10-21T03:54:39.467244+00:00"", ""prompt_version"": ""v1"", ""persona"": ""null""}"
"('consciousness', 'phenomenalconsciousness')",phenomenal consciousness,consciousness,4,0,expert,v1,v1,"{""model"": ""open-mistral-nemo"", ""temperature"": 0, ""date"": ""2025-10-21T03:54:40.824340+00:00"", ""prompt_version"": ""v1"", ""persona"": ""expert""}"
"('consciousness', 'phenomenalconsciousness')",phenomenal consciousness,consciousness,4,0,phd,v1,v1,"{""model"": ""open-mistral-nemo"", ""temperature"": 0, ""date"": ""2025-10-21T03:54:42.164916+00:00"", ""prompt_version"": ""v1"", ""persona"": ""phd""}"
"('consciousness', 'phenomenalconsciousness')",phenomenal consciousness,consciousness,4,0,null,v1,v1,"{""model"": ""open-mistral-nemo"", ""temperature"": 0, ""date"": ""2025-10-21T03:54:43.521256+00:00"", ""prompt_version"": ""v1"", ""persona"": ""null""}"
"('artificialintelligence', 'logicandcomputation')",logic and computation,artificial intelligence,4,0,expert,v1,v1,"{""model"": ""open-mistral-nemo"", ""temperature"": 0, ""date"": ""2025-10-21T03:54:44.914614+00:00"", ""prompt_version"": ""v1"", ""persona"": ""expert""}"
"('artificialintelligence', 'logicandcomputation')",logic and computation,artificial intelligence,4,0,phd,v1,v1,"{""model"": ""open-mistral-nemo"", ""temperature"": 0, ""date"": ""2025-10-21T03:54:46.268481+00:00"", ""prompt_version"": ""v1"", ""persona"": ""phd""}"
"('artificialintelligence', 'logicandcomputation')",logic and computation,artificial intelligence,4,0,null,v1,v1,"{""model"": ""open-mistral-nemo"", ""temperature"": 0, ""date"": ""2025-10-21T03:54:47.621151+00:00"", ""prompt_version"": ""v1"", ""persona"": ""null""}"
"('analysis', 'philosophyofmathematics')",analysis,philosophy of mathematics,3,0,expert,v1,v1,"{""model"": ""open-mistral-nemo"", ""temperature"": 0, ""date"": ""2025-10-21T03:54:48.950864+00:00"", ""prompt_version"": ""v1"", ""persona"": ""expert""}"
"('analysis', 'philosophyofmathematics')",analysis,philosophy of mathematics,3,0,phd,v1,v1,"{""model"": ""open-mistral-nemo"", ""temperature"": 0, ""date"": ""2025-10-21T03:54:50.308734+00:00"", ""prompt_version"": ""v1"", ""persona"": ""phd""}"
"('analysis', 'philosophyofmathematics')",analysis,philosophy of mathematics,2,1,null,v1,v1,"{""model"": ""open-mistral-nemo"", ""temperature"": 0, ""date"": ""2025-10-21T03:54:51.657357+00:00"", ""prompt_version"": ""v1"", ""persona"": ""null""}"
"('metaphysics', 'principleofsufficientreason')",principle of sufficient reason,metaphysics,4,0,expert,v1,v1,"{""model"": ""open-mistral-nemo"", ""temperature"": 0, ""date"": ""2025-10-21T03:54:52.995257+00:00"", ""prompt_version"": ""v1"", ""persona"": ""expert""}"
"('metaphysics', 'principleofsufficientreason')",principle of sufficient reason,metaphysics,3,0,phd,v1,v1,"{""model"": ""open-mistral-nemo"", ""temperature"": 0, ""date"": ""2025-10-21T03:54:54.377985+00:00"", ""prompt_version"": ""v1"", ""persona"": ""phd""}"
"('metaphysics', 'principleofsufficientreason')",principle of sufficient reason,metaphysics,3,0,null,v1,v1,"{""model"": ""open-mistral-nemo"", ""temperature"": 0, ""date"": ""2025-10-21T03:54:55.693266+00:00"", ""prompt_version"": ""v1"", ""persona"": ""null""}"
"('perception', 'unityofconsciousness')",unity of consciousness,perception,3,1,expert,v1,v1,"{""model"": ""open-mistral-nemo"", ""temperature"": 0, ""date"": ""2025-10-21T03:54:57.054073+00:00"", ""prompt_version"": ""v1"", ""persona"": ""expert""}"
"('perception', 'unityofconsciousness')",unity of consciousness,perception,2,0,phd,v1,v1,"{""model"": ""open-mistral-nemo"", ""temperature"": 0, ""date"": ""2025-10-21T03:54:58.458846+00:00"", ""prompt_version"": ""v1"", ""persona"": ""phd""}"
"('perception', 'unityofconsciousness')",unity of consciousness,perception,3,1,null,v1,v1,"{""model"": ""open-mistral-nemo"", ""temperature"": 0, ""date"": ""2025-10-21T03:54:59.797914+00:00"", ""prompt_version"": ""v1"", ""persona"": ""null""}"
"('meaning', 'metaphysics')",meaning,metaphysics,2,0,expert,v1,v1,"{""model"": ""open-mistral-nemo"", ""temperature"": 0, ""date"": ""2025-10-21T03:55:01.490946+00:00"", ""prompt_version"": ""v1"", ""persona"": ""expert""}"
"('meaning', 'metaphysics')",meaning,metaphysics,2,0,phd,v1,v1,"{""model"": ""open-mistral-nemo"", ""temperature"": 0, ""date"": ""2025-10-21T03:55:02.830577+00:00"", ""prompt_version"": ""v1"", ""persona"": ""phd""}"
"('meaning', 'metaphysics')",meaning,metaphysics,2,1,null,v1,v1,"{""model"": ""open-mistral-nemo"", ""temperature"": 0, ""date"": ""2025-10-21T03:55:04.172015+00:00"", ""prompt_version"": ""v1"", ""persona"": ""null""}"
"('philosophiesoftheparticularsciences', 'philosophyofscienceandthesciences')",philosophies of the particular sciences,philosophy of science and the sciences,4,0,expert,v1,v1,"{""model"": ""open-mistral-nemo"", ""temperature"": 0, ""date"": ""2025-10-21T03:55:05.527043+00:00"", ""prompt_version"": ""v1"", ""persona"": ""expert""}"
"('philosophiesoftheparticularsciences', 'philosophyofscienceandthesciences')",philosophies of the particular sciences,philosophy of science and the sciences,3,0,phd,v1,v1,"{""model"": ""open-mistral-nemo"", ""temperature"": 0, ""date"": ""2025-10-21T03:55:06.961430+00:00"", ""prompt_version"": ""v1"", ""persona"": ""phd""}"
"('philosophiesoftheparticularsciences', 'philosophyofscienceandthesciences')",philosophies of the particular sciences,philosophy of science and the sciences,4,0,null,v1,v1,"{""model"": ""open-mistral-nemo"", ""temperature"": 0, ""date"": ""2025-10-21T03:55:08.316310+00:00"", ""prompt_version"": ""v1"", ""persona"": ""null""}"
"('metaphysics', 'mind')",mind,metaphysics,4,0,expert,v1,v1,"{""model"": ""open-mistral-nemo"", ""temperature"": 0, ""date"": ""2025-10-21T03:55:09.674223+00:00"", ""prompt_version"": ""v1"", ""persona"": ""expert""}"
"('metaphysics', 'mind')",mind,metaphysics,3,0,phd,v1,v1,"{""model"": ""open-mistral-nemo"", ""temperature"": 0, ""date"": ""2025-10-21T03:55:10.991321+00:00"", ""prompt_version"": ""v1"", ""persona"": ""phd""}"
"('metaphysics', 'mind')",mind,metaphysics,3,0,null,v1,v1,"{""model"": ""open-mistral-nemo"", ""temperature"": 0, ""date"": ""2025-10-21T03:55:12.396866+00:00"", ""prompt_version"": ""v1"", ""persona"": ""null""}"
"('epistemology', 'propernames')",proper names,epistemology,2,0,expert,v1,v1,"{""model"": ""open-mistral-nemo"", ""temperature"": 0, ""date"": ""2025-10-21T03:55:13.818424+00:00"", ""prompt_version"": ""v1"", ""persona"": ""expert""}"
"('epistemology', 'propernames')",proper names,epistemology,2,0,phd,v1,v1,"{""model"": ""open-mistral-nemo"", ""temperature"": 0, ""date"": ""2025-10-21T03:55:15.872251+00:00"", ""prompt_version"": ""v1"", ""persona"": ""phd""}"
"('epistemology', 'propernames')",proper names,epistemology,1,-1,null,v1,v1,"{""model"": ""open-mistral-nemo"", ""temperature"": 0, ""date"": ""2025-10-21T03:55:17.199855+00:00"", ""prompt_version"": ""v1"", ""persona"": ""null""}"
"('metaphysics', 'simultaneity')",simultaneity,metaphysics,2,0,expert,v1,v1,"{""model"": ""open-mistral-nemo"", ""temperature"": 0, ""date"": ""2025-10-21T03:55:18.607911+00:00"", ""prompt_version"": ""v1"", ""persona"": ""expert""}"
"('metaphysics', 'simultaneity')",simultaneity,metaphysics,2,0,phd,v1,v1,"{""model"": ""open-mistral-nemo"", ""temperature"": 0, ""date"": ""2025-10-21T03:55:19.967439+00:00"", ""prompt_version"": ""v1"", ""persona"": ""phd""}"
"('metaphysics', 'simultaneity')",simultaneity,metaphysics,2,-1,null,v1,v1,"{""model"": ""open-mistral-nemo"", ""temperature"": 0, ""date"": ""2025-10-21T03:55:21.325431+00:00"", ""prompt_version"": ""v1"", ""persona"": ""null""}"
"('philosophyofmathematics', 'settheory')",philosophy of mathematics,set theory,4,0,expert,v1,v1,"{""model"": ""open-mistral-nemo"", ""temperature"": 0, ""date"": ""2025-10-21T03:55:22.650116+00:00"", ""prompt_version"": ""v1"", ""persona"": ""expert""}"
"('philosophyofmathematics', 'settheory')",philosophy of mathematics,set theory,4,0,phd,v1,v1,"{""model"": ""open-mistral-nemo"", ""temperature"": 0, ""date"": ""2025-10-21T03:55:24.013745+00:00"", ""prompt_version"": ""v1"", ""persona"": ""phd""}"
"('philosophyofmathematics', 'settheory')",philosophy of mathematics,set theory,4,0,null,v1,v1,"{""model"": ""open-mistral-nemo"", ""temperature"": 0, ""date"": ""2025-10-21T03:55:25.351699+00:00"", ""prompt_version"": ""v1"", ""persona"": ""null""}"
"('historyoflogic', 'medievaltheoriesofthesyllogism')",medieval theories of the syllogism,history of logic,3,0,novice,v1,v1,"{""model"": ""open-mistral-nemo"", ""temperature"": 0, ""date"": ""2025-10-21T03:55:27.011298+00:00"", ""prompt_version"": ""v1"", ""persona"": ""novice""}"
"('historyoflogic', 'medievaltheoriesofthesyllogism')",medieval theories of the syllogism,history of logic,4,0,phd,v1,v1,"{""model"": ""open-mistral-nemo"", ""temperature"": 0, ""date"": ""2025-10-21T03:55:28.345483+00:00"", ""prompt_version"": ""v1"", ""persona"": ""phd""}"
"('historyoflogic', 'medievaltheoriesofthesyllogism')",medieval theories of the syllogism,history of logic,3,0,null,v1,v1,"{""model"": ""open-mistral-nemo"", ""temperature"": 0, ""date"": ""2025-10-21T03:55:29.677669+00:00"", ""prompt_version"": ""v1"", ""persona"": ""null""}"
"('metaphysicsofmind', 'panpsychism')",panpsychism,metaphysics of mind,4,0,expert,v1,v1,"{""model"": ""open-mistral-nemo"", ""temperature"": 0, ""date"": ""2025-10-21T03:55:31.030542+00:00"", ""prompt_version"": ""v1"", ""persona"": ""expert""}"
"('metaphysicsofmind', 'panpsychism')",panpsychism,metaphysics of mind,4,0,phd,v1,v1,"{""model"": ""open-mistral-nemo"", ""temperature"": 0, ""date"": ""2025-10-21T03:55:32.463204+00:00"", ""prompt_version"": ""v1"", ""persona"": ""phd""}"
"('metaphysicsofmind', 'panpsychism')",panpsychism,metaphysics of mind,4,0,null,v1,v1,"{""model"": ""open-mistral-nemo"", ""temperature"": 0, ""date"": ""2025-10-21T03:55:33.893206+00:00"", ""prompt_version"": ""v1"", ""persona"": ""null""}"
"('philosophyofmind', 'symbolicprocessing')",symbolic processing,philosophy of mind,2,0,expert,v1,v1,"{""model"": ""open-mistral-nemo"", ""temperature"": 0, ""date"": ""2025-10-21T03:55:35.228631+00:00"", ""prompt_version"": ""v1"", ""persona"": ""expert""}"
"('philosophyofmind', 'symbolicprocessing')",symbolic processing,philosophy of mind,2,0,phd,v1,v1,"{""model"": ""open-mistral-nemo"", ""temperature"": 0, ""date"": ""2025-10-21T03:55:36.565542+00:00"", ""prompt_version"": ""v1"", ""persona"": ""phd""}"
"('philosophyofmind', 'symbolicprocessing')",symbolic processing,philosophy of mind,2,0,null,v1,v1,"{""model"": ""open-mistral-nemo"", ""temperature"": 0, ""date"": ""2025-10-21T03:55:37.890788+00:00"", ""prompt_version"": ""v1"", ""persona"": ""null""}"
"('modernphilosophy', 'philosophyofmind')",modern philosophy,philosophy of mind,3,1,expert,v1,v1,"{""model"": ""open-mistral-nemo"", ""temperature"": 0, ""date"": ""2025-10-21T03:55:39.260771+00:00"", ""prompt_version"": ""v1"", ""persona"": ""expert""}"
"('modernphilosophy', 'philosophyofmind')",modern philosophy,philosophy of mind,3,1,phd,v1,v1,"{""model"": ""open-mistral-nemo"", ""temperature"": 0, ""date"": ""2025-10-21T03:55:40.595407+00:00"", ""prompt_version"": ""v1"", ""persona"": ""phd""}"
"('modernphilosophy', 'philosophyofmind')",modern philosophy,philosophy of mind,3,0,null,v1,v1,"{""model"": ""open-mistral-nemo"", ""temperature"": 0, ""date"": ""2025-10-21T03:55:41.993225+00:00"", ""prompt_version"": ""v1"", ""persona"": ""null""}"
"('chineseroomargument', 'cognitivescience')",chinese room argument,cognitive science,2,0,expert,v1,v1,"{""model"": ""open-mistral-nemo"", ""temperature"": 0, ""date"": ""2025-10-21T03:55:43.346107+00:00"", ""prompt_version"": ""v1"", ""persona"": ""expert""}"
"('chineseroomargument', 'cognitivescience')",chinese room argument,cognitive science,2,0,phd,v1,v1,"{""model"": ""open-mistral-nemo"", ""temperature"": 0, ""date"": ""2025-10-21T03:55:44.694709+00:00"", ""prompt_version"": ""v1"", ""persona"": ""phd""}"
"('chineseroomargument', 'cognitivescience')",chinese room argument,cognitive science,2,-1,null,v1,v1,"{""model"": ""open-mistral-nemo"", ""temperature"": 0, ""date"": ""2025-10-21T03:55:46.042768+00:00"", ""prompt_version"": ""v1"", ""persona"": ""null""}"
"('arabicphilosophyandislamicphilosophy', 'metaphysics')",arabic philosophy and islamic philosophy,metaphysics,3,0,expert,v1,v1,"{""model"": ""open-mistral-nemo"", ""temperature"": 0, ""date"": ""2025-10-21T03:55:47.484842+00:00"", ""prompt_version"": ""v1"", ""persona"": ""expert""}"
"('arabicphilosophyandislamicphilosophy', 'metaphysics')",arabic philosophy and islamic philosophy,metaphysics,3,0,phd,v1,v1,"{""model"": ""open-mistral-nemo"", ""temperature"": 0, ""date"": ""2025-10-21T03:55:48.814514+00:00"", ""prompt_version"": ""v1"", ""persona"": ""phd""}"
"('arabicphilosophyandislamicphilosophy', 'metaphysics')",arabic philosophy and islamic philosophy,metaphysics,3,0,null,v1,v1,"{""model"": ""open-mistral-nemo"", ""temperature"": 0, ""date"": ""2025-10-21T03:55:50.162076+00:00"", ""prompt_version"": ""v1"", ""persona"": ""null""}"
"('consciousness', 'higherordertheoriesofconsciousness')",higher-order theories of consciousness,consciousness,4,0,expert,v1,v1,"{""model"": ""open-mistral-nemo"", ""temperature"": 0, ""date"": ""2025-10-21T03:55:51.514898+00:00"", ""prompt_version"": ""v1"", ""persona"": ""expert""}"
"('consciousness', 'higherordertheoriesofconsciousness')",higher-order theories of consciousness,consciousness,4,0,phd,v1,v1,"{""model"": ""open-mistral-nemo"", ""temperature"": 0, ""date"": ""2025-10-21T03:55:53.024005+00:00"", ""prompt_version"": ""v1"", ""persona"": ""phd""}"
"('consciousness', 'higherordertheoriesofconsciousness')",higher-order theories of consciousness,consciousness,4,0,null,v1,v1,"{""model"": ""open-mistral-nemo"", ""temperature"": 0, ""date"": ""2025-10-21T03:55:54.383134+00:00"", ""prompt_version"": ""v1"", ""persona"": ""null""}"
"('afterlife', 'meaningoflife')",meaning of life,afterlife,2,1,expert,v1,v1,"{""model"": ""open-mistral-nemo"", ""temperature"": 0, ""date"": ""2025-10-21T03:55:55.769438+00:00"", ""prompt_version"": ""v1"", ""persona"": ""expert""}"
"('afterlife', 'meaningoflife')",meaning of life,afterlife,2,0,phd,v1,v1,"{""model"": ""open-mistral-nemo"", ""temperature"": 0, ""date"": ""2025-10-21T03:55:57.122032+00:00"", ""prompt_version"": ""v1"", ""persona"": ""phd""}"
"('afterlife', 'meaningoflife')",meaning of life,afterlife,3,1,null,v1,v1,"{""model"": ""open-mistral-nemo"", ""temperature"": 0, ""date"": ""2025-10-21T03:55:58.527744+00:00"", ""prompt_version"": ""v1"", ""persona"": ""null""}"
"('philosophyofmind', 'syntacticanalysis')",syntactic analysis,philosophy of mind,2,0,expert,v1,v1,"{""model"": ""open-mistral-nemo"", ""temperature"": 0, ""date"": ""2025-10-21T03:55:59.892688+00:00"", ""prompt_version"": ""v1"", ""persona"": ""expert""}"
"('philosophyofmind', 'syntacticanalysis')",syntactic analysis,philosophy of mind,1,-1,phd,v1,v1,"{""model"": ""open-mistral-nemo"", ""temperature"": 0, ""date"": ""2025-10-21T03:56:01.240564+00:00"", ""prompt_version"": ""v1"", ""persona"": ""phd""}"
"('philosophyofmind', 'syntacticanalysis')",syntactic analysis,philosophy of mind,1,-1,null,v1,v1,"{""model"": ""open-mistral-nemo"", ""temperature"": 0, ""date"": ""2025-10-21T03:56:02.588604+00:00"", ""prompt_version"": ""v1"", ""persona"": ""null""}"
"('metaphysics', 'universals')",universals,metaphysics,4,0,expert,v1,v1,"{""model"": ""open-mistral-nemo"", ""temperature"": 0, ""date"": ""2025-10-21T03:56:03.911712+00:00"", ""prompt_version"": ""v1"", ""persona"": ""expert""}"
"('metaphysics', 'universals')",universals,metaphysics,4,0,phd,v1,v1,"{""model"": ""open-mistral-nemo"", ""temperature"": 0, ""date"": ""2025-10-21T03:56:05.249657+00:00"", ""prompt_version"": ""v1"", ""persona"": ""phd""}"
"('metaphysics', 'universals')",universals,metaphysics,4,0,null,v1,v1,"{""model"": ""open-mistral-nemo"", ""temperature"": 0, ""date"": ""2025-10-21T03:56:06.608744+00:00"", ""prompt_version"": ""v1"", ""persona"": ""null""}"
"('epistemology', 'matter')",matter,epistemology,2,0,expert,v1,v1,"{""model"": ""open-mistral-nemo"", ""temperature"": 0, ""date"": ""2025-10-21T03:56:07.923794+00:00"", ""prompt_version"": ""v1"", ""persona"": ""expert""}"
"('epistemology', 'matter')",matter,epistemology,1,-1,phd,v1,v1,"{""model"": ""open-mistral-nemo"", ""temperature"": 0, ""date"": ""2025-10-21T03:56:09.253497+00:00"", ""prompt_version"": ""v1"", ""persona"": ""phd""}"
"('epistemology', 'matter')",matter,epistemology,2,1,null,v1,v1,"{""model"": ""open-mistral-nemo"", ""temperature"": 0, ""date"": ""2025-10-21T03:56:10.642573+00:00"", ""prompt_version"": ""v1"", ""persona"": ""null""}"
"('philosophyofreligion', 'religiousexperience')",philosophy of religion,religious experience,4,0,course_taker,v1,v1,"{""model"": ""open-mistral-nemo"", ""temperature"": 0, ""date"": ""2025-10-21T03:56:12.023131+00:00"", ""prompt_version"": ""v1"", ""persona"": ""course_taker""}"
"('philosophyofreligion', 'religiousexperience')",philosophy of religion,religious experience,3,0,expert,v1,v1,"{""model"": ""open-mistral-nemo"", ""temperature"": 0, ""date"": ""2025-10-21T03:56:13.362174+00:00"", ""prompt_version"": ""v1"", ""persona"": ""expert""}"
"('philosophyofreligion', 'religiousexperience')",philosophy of religion,religious experience,4,0,null,v1,v1,"{""model"": ""open-mistral-nemo"", ""temperature"": 0, ""date"": ""2025-10-21T03:56:14.698571+00:00"", ""prompt_version"": ""v1"", ""persona"": ""null""}"
"('interpretation', 'judaicphilosophy')",judaic philosophy,interpretation,2,0,course_taker,v1,v1,"{""model"": ""open-mistral-nemo"", ""temperature"": 0, ""date"": ""2025-10-21T03:56:16.023618+00:00"", ""prompt_version"": ""v1"", ""persona"": ""course_taker""}"
"('interpretation', 'judaicphilosophy')",judaic philosophy,interpretation,2,0,expert,v1,v1,"{""model"": ""open-mistral-nemo"", ""temperature"": 0, ""date"": ""2025-10-21T03:56:17.354415+00:00"", ""prompt_version"": ""v1"", ""persona"": ""expert""}"
"('interpretation', 'judaicphilosophy')",judaic philosophy,interpretation,2,-1,null,v1,v1,"{""model"": ""open-mistral-nemo"", ""temperature"": 0, ""date"": ""2025-10-21T03:56:18.686783+00:00"", ""prompt_version"": ""v1"", ""persona"": ""null""}"
"('epistemology', 'philosophyofscienceandthesciences')",philosophy of science and the sciences,epistemology,4,0,expert,v1,v1,"{""model"": ""open-mistral-nemo"", ""temperature"": 0, ""date"": ""2025-10-21T03:56:20.073513+00:00"", ""prompt_version"": ""v1"", ""persona"": ""expert""}"
"('epistemology', 'philosophyofscienceandthesciences')",philosophy of science and the sciences,epistemology,3,0,phd,v1,v1,"{""model"": ""open-mistral-nemo"", ""temperature"": 0, ""date"": ""2025-10-21T03:56:21.438104+00:00"", ""prompt_version"": ""v1"", ""persona"": ""phd""}"
"('epistemology', 'philosophyofscienceandthesciences')",philosophy of science and the sciences,epistemology,4,0,null,v1,v1,"{""model"": ""open-mistral-nemo"", ""temperature"": 0, ""date"": ""2025-10-21T03:56:22.856269+00:00"", ""prompt_version"": ""v1"", ""persona"": ""null""}"
"('causeandeffect', 'perception')",cause and effect,perception,2,1,expert,v1,v1,"{""model"": ""open-mistral-nemo"", ""temperature"": 0, ""date"": ""2025-10-21T03:56:24.181118+00:00"", ""prompt_version"": ""v1"", ""persona"": ""expert""}"
"('causeandeffect', 'perception')",cause and effect,perception,2,1,phd,v1,v1,"{""model"": ""open-mistral-nemo"", ""temperature"": 0, ""date"": ""2025-10-21T03:56:25.532328+00:00"", ""prompt_version"": ""v1"", ""persona"": ""phd""}"
"('causeandeffect', 'perception')",cause and effect,perception,2,-1,null,v1,v1,"{""model"": ""open-mistral-nemo"", ""temperature"": 0, ""date"": ""2025-10-21T03:56:26.886195+00:00"", ""prompt_version"": ""v1"", ""persona"": ""null""}"
"('chinesephilosophy', 'westernphilosophy')",western philosophy,chinese philosophy,2,1,expert,v1,v1,"{""model"": ""open-mistral-nemo"", ""temperature"": 0, ""date"": ""2025-10-21T03:56:28.231086+00:00"", ""prompt_version"": ""v1"", ""persona"": ""expert""}"
"('chinesephilosophy', 'westernphilosophy')",western philosophy,chinese philosophy,2,3,phd,v1,v1,"{""model"": ""open-mistral-nemo"", ""temperature"": 0, ""date"": ""2025-10-21T03:56:29.598112+00:00"", ""prompt_version"": ""v1"", ""persona"": ""phd""}"
"('chinesephilosophy', 'westernphilosophy')",western philosophy,chinese philosophy,2,3,null,v1,v1,"{""model"": ""open-mistral-nemo"", ""temperature"": 0, ""date"": ""2025-10-21T03:56:30.941883+00:00"", ""prompt_version"": ""v1"", ""persona"": ""null""}"
"('naturallaw', 'philosophyoflaw')",natural law,philosophy of law,4,0,expert,v1,v1,"{""model"": ""open-mistral-nemo"", ""temperature"": 0, ""date"": ""2025-10-21T03:56:32.306447+00:00"", ""prompt_version"": ""v1"", ""persona"": ""expert""}"
"('naturallaw', 'philosophyoflaw')",natural law,philosophy of law,4,0,phd,v1,v1,"{""model"": ""open-mistral-nemo"", ""temperature"": 0, ""date"": ""2025-10-21T03:56:33.628480+00:00"", ""prompt_version"": ""v1"", ""persona"": ""phd""}"
"('naturallaw', 'philosophyoflaw')",natural law,philosophy of law,4,0,null,v1,v1,"{""model"": ""open-mistral-nemo"", ""temperature"": 0, ""date"": ""2025-10-21T03:56:34.957365+00:00"", ""prompt_version"": ""v1"", ""persona"": ""null""}"
"('chinesephilosophy', 'zenbuddhism')",zen buddhism,chinese philosophy,2,0,expert,v1,v1,"{""model"": ""open-mistral-nemo"", ""temperature"": 0, ""date"": ""2025-10-21T03:56:36.291277+00:00"", ""prompt_version"": ""v1"", ""persona"": ""expert""}"
"('chinesephilosophy', 'zenbuddhism')",zen buddhism,chinese philosophy,2,0,phd,v1,v1,"{""model"": ""open-mistral-nemo"", ""temperature"": 0, ""date"": ""2025-10-21T03:56:37.632506+00:00"", ""prompt_version"": ""v1"", ""persona"": ""phd""}"
"('chinesephilosophy', 'zenbuddhism')",zen buddhism,chinese philosophy,2,-1,null,v1,v1,"{""model"": ""open-mistral-nemo"", ""temperature"": 0, ""date"": ""2025-10-21T03:56:38.983463+00:00"", ""prompt_version"": ""v1"", ""persona"": ""null""}"
"('metaphysics', 'metaphysicsofscience')",metaphysics of science,metaphysics,4,0,expert,v1,v1,"{""model"": ""open-mistral-nemo"", ""temperature"": 0, ""date"": ""2025-10-21T03:56:40.356397+00:00"", ""prompt_version"": ""v1"", ""persona"": ""expert""}"
"('metaphysics', 'metaphysicsofscience')",metaphysics of science,metaphysics,4,0,phd,v1,v1,"{""model"": ""open-mistral-nemo"", ""temperature"": 0, ""date"": ""2025-10-21T03:56:41.693610+00:00"", ""prompt_version"": ""v1"", ""persona"": ""phd""}"
"('metaphysics', 'metaphysicsofscience')",metaphysics of science,metaphysics,4,0,null,v1,v1,"{""model"": ""open-mistral-nemo"", ""temperature"": 0, ""date"": ""2025-10-21T03:56:43.025861+00:00"", ""prompt_version"": ""v1"", ""persona"": ""null""}"
"('cognitivescience', 'philosophyofscienceandthesciences')",cognitive science,philosophy of science and the sciences,4,0,expert,v1,v1,"{""model"": ""open-mistral-nemo"", ""temperature"": 0, ""date"": ""2025-10-21T03:56:44.423563+00:00"", ""prompt_version"": ""v1"", ""persona"": ""expert""}"
"('cognitivescience', 'philosophyofscienceandthesciences')",cognitive science,philosophy of science and the sciences,4,0,phd,v1,v1,"{""model"": ""open-mistral-nemo"", ""temperature"": 0, ""date"": ""2025-10-21T03:56:45.811383+00:00"", ""prompt_version"": ""v1"", ""persona"": ""phd""}"
"('cognitivescience', 'philosophyofscienceandthesciences')",cognitive science,philosophy of science and the sciences,4,0,null,v1,v1,"{""model"": ""open-mistral-nemo"", ""temperature"": 0, ""date"": ""2025-10-21T03:56:47.202613+00:00"", ""prompt_version"": ""v1"", ""persona"": ""null""}"
"('metaphysics', 'modernphilosophy')",modern philosophy,metaphysics,4,0,expert,v1,v1,"{""model"": ""open-mistral-nemo"", ""temperature"": 0, ""date"": ""2025-10-21T03:56:48.654655+00:00"", ""prompt_version"": ""v1"", ""persona"": ""expert""}"
"('metaphysics', 'modernphilosophy')",modern philosophy,metaphysics,3,0,phd,v1,v1,"{""model"": ""open-mistral-nemo"", ""temperature"": 0, ""date"": ""2025-10-21T03:56:49.997135+00:00"", ""prompt_version"": ""v1"", ""persona"": ""phd""}"
"('metaphysics', 'modernphilosophy')",modern philosophy,metaphysics,4,0,null,v1,v1,"{""model"": ""open-mistral-nemo"", ""temperature"": 0, ""date"": ""2025-10-21T03:56:51.420870+00:00"", ""prompt_version"": ""v1"", ""persona"": ""null""}"
"('metaphysics', 'personalidentityandethics')",personal identity and ethics,metaphysics,3,0,expert,v1,v1,"{""model"": ""open-mistral-nemo"", ""temperature"": 0, ""date"": ""2025-10-21T03:56:52.785539+00:00"", ""prompt_version"": ""v1"", ""persona"": ""expert""}"
"('metaphysics', 'personalidentityandethics')",personal identity and ethics,metaphysics,2,0,phd,v1,v1,"{""model"": ""open-mistral-nemo"", ""temperature"": 0, ""date"": ""2025-10-21T03:56:54.203825+00:00"", ""prompt_version"": ""v1"", ""persona"": ""phd""}"
"('metaphysics', 'personalidentityandethics')",personal identity and ethics,metaphysics,3,0,null,v1,v1,"{""model"": ""open-mistral-nemo"", ""temperature"": 0, ""date"": ""2025-10-21T03:56:55.620080+00:00"", ""prompt_version"": ""v1"", ""persona"": ""null""}"
"('perception', 'unitarianism')",unitarianism,perception,2,0,expert,v1,v1,"{""model"": ""open-mistral-nemo"", ""temperature"": 0, ""date"": ""2025-10-21T03:56:57.148825+00:00"", ""prompt_version"": ""v1"", ""persona"": ""expert""}"
"('perception', 'unitarianism')",unitarianism,perception,2,-1,phd,v1,v1,"{""model"": ""open-mistral-nemo"", ""temperature"": 0, ""date"": ""2025-10-21T03:56:58.526401+00:00"", ""prompt_version"": ""v1"", ""persona"": ""phd""}"
"('perception', 'unitarianism')",unitarianism,perception,1,-1,null,v1,v1,"{""model"": ""open-mistral-nemo"", ""temperature"": 0, ""date"": ""2025-10-21T03:56:59.855969+00:00"", ""prompt_version"": ""v1"", ""persona"": ""null""}"
"('epistemology', 'feministepistemologyandphilosophyofscience')",feminist epistemology and philosophy of science,epistemology,4,0,expert,v1,v1,"{""model"": ""open-mistral-nemo"", ""temperature"": 0, ""date"": ""2025-10-21T03:57:01.218336+00:00"", ""prompt_version"": ""v1"", ""persona"": ""expert""}"
"('epistemology', 'feministepistemologyandphilosophyofscience')",feminist epistemology and philosophy of science,epistemology,4,0,phd,v1,v1,"{""model"": ""open-mistral-nemo"", ""temperature"": 0, ""date"": ""2025-10-21T03:57:02.539899+00:00"", ""prompt_version"": ""v1"", ""persona"": ""phd""}"
"('epistemology', 'feministepistemologyandphilosophyofscience')",feminist epistemology and philosophy of science,epistemology,4,0,null,v1,v1,"{""model"": ""open-mistral-nemo"", ""temperature"": 0, ""date"": ""2025-10-21T03:57:03.882044+00:00"", ""prompt_version"": ""v1"", ""persona"": ""null""}"
"('18thcenturygermanaesthetics', 'metaphysics')",18th century german aesthetics,metaphysics,2,0,expert,v1,v1,"{""model"": ""open-mistral-nemo"", ""temperature"": 0, ""date"": ""2025-10-21T03:57:05.240050+00:00"", ""prompt_version"": ""v1"", ""persona"": ""expert""}"
"('18thcenturygermanaesthetics', 'metaphysics')",18th century german aesthetics,metaphysics,1,-1,phd,v1,v1,"{""model"": ""open-mistral-nemo"", ""temperature"": 0, ""date"": ""2025-10-21T03:57:06.574537+00:00"", ""prompt_version"": ""v1"", ""persona"": ""phd""}"
"('18thcenturygermanaesthetics', 'metaphysics')",18th century german aesthetics,metaphysics,2,0,null,v1,v1,"{""model"": ""open-mistral-nemo"", ""temperature"": 0, ""date"": ""2025-10-21T03:57:07.921635+00:00"", ""prompt_version"": ""v1"", ""persona"": ""null""}"
"('activationvalue', 'folkpsychology')",activation value,folk psychology,2,0,expert,v1,v1,"{""model"": ""open-mistral-nemo"", ""temperature"": 0, ""date"": ""2025-10-21T03:57:09.421592+00:00"", ""prompt_version"": ""v1"", ""persona"": ""expert""}"
"('activationvalue', 'folkpsychology')",activation value,folk psychology,2,-1,phd,v1,v1,"{""model"": ""open-mistral-nemo"", ""temperature"": 0, ""date"": ""2025-10-21T03:57:10.750951+00:00"", ""prompt_version"": ""v1"", ""persona"": ""phd""}"
"('activationvalue', 'folkpsychology')",activation value,folk psychology,2,0,null,v1,v1,"{""model"": ""open-mistral-nemo"", ""temperature"": 0, ""date"": ""2025-10-21T03:57:12.114118+00:00"", ""prompt_version"": ""v1"", ""persona"": ""null""}"
"('hilbertsprogram', 'philosophyofmathematics')",hilbert's program,philosophy of mathematics,4,0,course_taker,v1,v1,"{""model"": ""open-mistral-nemo"", ""temperature"": 0, ""date"": ""2025-10-21T03:57:13.490106+00:00"", ""prompt_version"": ""v1"", ""persona"": ""course_taker""}"
"('hilbertsprogram', 'philosophyofmathematics')",hilbert's program,philosophy of mathematics,4,0,phd,v1,v1,"{""model"": ""open-mistral-nemo"", ""temperature"": 0, ""date"": ""2025-10-21T03:57:14.808561+00:00"", ""prompt_version"": ""v1"", ""persona"": ""phd""}"
"('hilbertsprogram', 'philosophyofmathematics')",hilbert's program,philosophy of mathematics,4,0,null,v1,v1,"{""model"": ""open-mistral-nemo"", ""temperature"": 0, ""date"": ""2025-10-21T03:57:16.183850+00:00"", ""prompt_version"": ""v1"", ""persona"": ""null""}"
"('eliminativematerialism', 'philosophyofmind')",eliminative materialism,philosophy of mind,4,0,expert,v1,v1,"{""model"": ""open-mistral-nemo"", ""temperature"": 0, ""date"": ""2025-10-21T03:57:17.520905+00:00"", ""prompt_version"": ""v1"", ""persona"": ""expert""}"
"('eliminativematerialism', 'philosophyofmind')",eliminative materialism,philosophy of mind,4,0,phd,v1,v1,"{""model"": ""open-mistral-nemo"", ""temperature"": 0, ""date"": ""2025-10-21T03:57:18.872780+00:00"", ""prompt_version"": ""v1"", ""persona"": ""phd""}"
"('eliminativematerialism', 'philosophyofmind')",eliminative materialism,philosophy of mind,3,0,null,v1,v1,"{""model"": ""open-mistral-nemo"", ""temperature"": 0, ""date"": ""2025-10-21T03:57:20.190148+00:00"", ""prompt_version"": ""v1"", ""persona"": ""null""}"
"('historyoflogic', 'intuitionisticlogic')",intuitionistic logic,history of logic,2,0,novice,v1,v1,"{""model"": ""open-mistral-nemo"", ""temperature"": 0, ""date"": ""2025-10-21T03:57:21.572321+00:00"", ""prompt_version"": ""v1"", ""persona"": ""novice""}"
"('historyoflogic', 'intuitionisticlogic')",intuitionistic logic,history of logic,2,0,phd,v1,v1,"{""model"": ""open-mistral-nemo"", ""temperature"": 0, ""date"": ""2025-10-21T03:57:22.895093+00:00"", ""prompt_version"": ""v1"", ""persona"": ""phd""}"
"('historyoflogic', 'intuitionisticlogic')",intuitionistic logic,history of logic,2,0,null,v1,v1,"{""model"": ""open-mistral-nemo"", ""temperature"": 0, ""date"": ""2025-10-21T03:57:24.497300+00:00"", ""prompt_version"": ""v1"", ""persona"": ""null""}"
"('blindsight', 'perception')",blindsight,perception,3,0,expert,v1,v1,"{""model"": ""open-mistral-nemo"", ""temperature"": 0, ""date"": ""2025-10-21T03:57:25.844531+00:00"", ""prompt_version"": ""v1"", ""persona"": ""expert""}"
"('blindsight', 'perception')",blindsight,perception,3,0,phd,v1,v1,"{""model"": ""open-mistral-nemo"", ""temperature"": 0, ""date"": ""2025-10-21T03:57:27.199859+00:00"", ""prompt_version"": ""v1"", ""persona"": ""phd""}"
"('blindsight', 'perception')",blindsight,perception,3,0,null,v1,v1,"{""model"": ""open-mistral-nemo"", ""temperature"": 0, ""date"": ""2025-10-21T03:57:28.542951+00:00"", ""prompt_version"": ""v1"", ""persona"": ""null""}"
"('scientificmethodology', 'unityofscience')",unity of science,scientific methodology,4,1,novice,v1,v1,"{""model"": ""open-mistral-nemo"", ""temperature"": 0, ""date"": ""2025-10-21T03:57:29.876952+00:00"", ""prompt_version"": ""v1"", ""persona"": ""novice""}"
"('scientificmethodology', 'unityofscience')",unity of science,scientific methodology,3,0,phd,v1,v1,"{""model"": ""open-mistral-nemo"", ""temperature"": 0, ""date"": ""2025-10-21T03:57:31.197621+00:00"", ""prompt_version"": ""v1"", ""persona"": ""phd""}"
"('scientificmethodology', 'unityofscience')",unity of science,scientific methodology,3,1,null,v1,v1,"{""model"": ""open-mistral-nemo"", ""temperature"": 0, ""date"": ""2025-10-21T03:57:32.564981+00:00"", ""prompt_version"": ""v1"", ""persona"": ""null""}"
"('cognitivescience', 'neuralnetwork')",neural network,cognitive science,4,0,expert,v1,v1,"{""model"": ""open-mistral-nemo"", ""temperature"": 0, ""date"": ""2025-10-21T03:57:33.880693+00:00"", ""prompt_version"": ""v1"", ""persona"": ""expert""}"
"('cognitivescience', 'neuralnetwork')",neural network,cognitive science,3,0,phd,v1,v1,"{""model"": ""open-mistral-nemo"", ""temperature"": 0, ""date"": ""2025-10-21T03:57:35.273572+00:00"", ""prompt_version"": ""v1"", ""persona"": ""phd""}"
"('cognitivescience', 'neuralnetwork')",neural network,cognitive science,3,0,null,v1,v1,"{""model"": ""open-mistral-nemo"", ""temperature"": 0, ""date"": ""2025-10-21T03:57:36.708606+00:00"", ""prompt_version"": ""v1"", ""persona"": ""null""}"
"('metaphysics', 'time')",time,metaphysics,3,0,expert,v1,v1,"{""model"": ""open-mistral-nemo"", ""temperature"": 0, ""date"": ""2025-10-21T03:57:38.044724+00:00"", ""prompt_version"": ""v1"", ""persona"": ""expert""}"
"('metaphysics', 'time')",time,metaphysics,2,0,phd,v1,v1,"{""model"": ""open-mistral-nemo"", ""temperature"": 0, ""date"": ""2025-10-21T03:57:39.448178+00:00"", ""prompt_version"": ""v1"", ""persona"": ""phd""}"
"('metaphysics', 'time')",time,metaphysics,2,1,null,v1,v1,"{""model"": ""open-mistral-nemo"", ""temperature"": 0, ""date"": ""2025-10-21T03:57:40.843168+00:00"", ""prompt_version"": ""v1"", ""persona"": ""null""}"
"('functionalism', 'philosophyofmind')",functionalism,philosophy of mind,4,0,expert,v1,v1,"{""model"": ""open-mistral-nemo"", ""temperature"": 0, ""date"": ""2025-10-21T03:57:42.178330+00:00"", ""prompt_version"": ""v1"", ""persona"": ""expert""}"
"('functionalism', 'philosophyofmind')",functionalism,philosophy of mind,4,0,phd,v1,v1,"{""model"": ""open-mistral-nemo"", ""temperature"": 0, ""date"": ""2025-10-21T03:57:43.523204+00:00"", ""prompt_version"": ""v1"", ""persona"": ""phd""}"
"('functionalism', 'philosophyofmind')",functionalism,philosophy of mind,3,0,null,v1,v1,"{""model"": ""open-mistral-nemo"", ""temperature"": 0, ""date"": ""2025-10-21T03:57:44.850626+00:00"", ""prompt_version"": ""v1"", ""persona"": ""null""}"
"('foundationalism', 'foundationalisttheoriesofepistemicjustification')",foundationalist theories of epistemic justification,foundationalism,4,0,expert,v1,v1,"{""model"": ""open-mistral-nemo"", ""temperature"": 0, ""date"": ""2025-10-21T03:57:46.271816+00:00"", ""prompt_version"": ""v1"", ""persona"": ""expert""}"
"('foundationalism', 'foundationalisttheoriesofepistemicjustification')",foundationalist theories of epistemic justification,foundationalism,4,0,phd,v1,v1,"{""model"": ""open-mistral-nemo"", ""temperature"": 0, ""date"": ""2025-10-21T03:57:48.304010+00:00"", ""prompt_version"": ""v1"", ""persona"": ""phd""}"
"('foundationalism', 'foundationalisttheoriesofepistemicjustification')",foundationalist theories of epistemic justification,foundationalism,4,0,null,v1,v1,"{""model"": ""open-mistral-nemo"", ""temperature"": 0, ""date"": ""2025-10-21T03:57:49.650113+00:00"", ""prompt_version"": ""v1"", ""persona"": ""null""}"
"('intuitionisticlogic', 'logic')",logic,intuitionistic logic,3,0,course_taker,v1,v1,"{""model"": ""open-mistral-nemo"", ""temperature"": 0, ""date"": ""2025-10-21T03:57:50.979731+00:00"", ""prompt_version"": ""v1"", ""persona"": ""course_taker""}"
"('intuitionisticlogic', 'logic')",logic,intuitionistic logic,4,1,phd,v1,v1,"{""model"": ""open-mistral-nemo"", ""temperature"": 0, ""date"": ""2025-10-21T03:57:52.317547+00:00"", ""prompt_version"": ""v1"", ""persona"": ""phd""}"
"('intuitionisticlogic', 'logic')",logic,intuitionistic logic,4,1,null,v1,v1,"{""model"": ""open-mistral-nemo"", ""temperature"": 0, ""date"": ""2025-10-21T03:57:53.677908+00:00"", ""prompt_version"": ""v1"", ""persona"": ""null""}"
"('connectionism', 'neuralnetwork')",connectionism,neural network,4,0,course_taker,v1,v1,"{""model"": ""open-mistral-nemo"", ""temperature"": 0, ""date"": ""2025-10-21T03:57:55.038866+00:00"", ""prompt_version"": ""v1"", ""persona"": ""course_taker""}"
"('connectionism', 'neuralnetwork')",connectionism,neural network,4,0,phd,v1,v1,"{""model"": ""open-mistral-nemo"", ""temperature"": 0, ""date"": ""2025-10-21T03:57:56.386481+00:00"", ""prompt_version"": ""v1"", ""persona"": ""phd""}"
"('connectionism', 'neuralnetwork')",connectionism,neural network,4,0,null,v1,v1,"{""model"": ""open-mistral-nemo"", ""temperature"": 0, ""date"": ""2025-10-21T03:57:57.754430+00:00"", ""prompt_version"": ""v1"", ""persona"": ""null""}"
"('causaltheoriesofmentalcontent', 'perception')",causal theories of mental content,perception,3,0,expert,v1,v1,"{""model"": ""open-mistral-nemo"", ""temperature"": 0, ""date"": ""2025-10-21T03:57:59.080823+00:00"", ""prompt_version"": ""v1"", ""persona"": ""expert""}"
"('causaltheoriesofmentalcontent', 'perception')",causal theories of mental content,perception,3,0,phd,v1,v1,"{""model"": ""open-mistral-nemo"", ""temperature"": 0, ""date"": ""2025-10-21T03:58:00.444746+00:00"", ""prompt_version"": ""v1"", ""persona"": ""phd""}"
"('causaltheoriesofmentalcontent', 'perception')",causal theories of mental content,perception,3,0,null,v1,v1,"{""model"": ""open-mistral-nemo"", ""temperature"": 0, ""date"": ""2025-10-21T03:58:01.806416+00:00"", ""prompt_version"": ""v1"", ""persona"": ""null""}"
"('metaphysics', 'mindbodyproblem')",mind-body problem,metaphysics,4,0,expert,v1,v1,"{""model"": ""open-mistral-nemo"", ""temperature"": 0, ""date"": ""2025-10-21T03:58:03.139231+00:00"", ""prompt_version"": ""v1"", ""persona"": ""expert""}"
"('metaphysics', 'mindbodyproblem')",mind-body problem,metaphysics,3,0,phd,v1,v1,"{""model"": ""open-mistral-nemo"", ""temperature"": 0, ""date"": ""2025-10-21T03:58:04.514217+00:00"", ""prompt_version"": ""v1"", ""persona"": ""phd""}"
"('metaphysics', 'mindbodyproblem')",mind-body problem,metaphysics,4,0,null,v1,v1,"{""model"": ""open-mistral-nemo"", ""temperature"": 0, ""date"": ""2025-10-21T03:58:05.857461+00:00"", ""prompt_version"": ""v1"", ""persona"": ""null""}"
"('greatapes', 'philosophyofmind')",great apes,philosophy of mind,2,0,expert,v1,v1,"{""model"": ""open-mistral-nemo"", ""temperature"": 0, ""date"": ""2025-10-21T03:58:07.216033+00:00"", ""prompt_version"": ""v1"", ""persona"": ""expert""}"
"('greatapes', 'philosophyofmind')",great apes,philosophy of mind,2,0,phd,v1,v1,"{""model"": ""open-mistral-nemo"", ""temperature"": 0, ""date"": ""2025-10-21T03:58:08.539723+00:00"", ""prompt_version"": ""v1"", ""persona"": ""phd""}"
"('greatapes', 'philosophyofmind')",great apes,philosophy of mind,2,-1,null,v1,v1,"{""model"": ""open-mistral-nemo"", ""temperature"": 0, ""date"": ""2025-10-21T03:58:09.928936+00:00"", ""prompt_version"": ""v1"", ""persona"": ""null""}"
"('philosophyofreligion', 'problemofevil')",problem of evil,philosophy of religion,4,0,expert,v1,v1,"{""model"": ""open-mistral-nemo"", ""temperature"": 0, ""date"": ""2025-10-21T03:58:11.258814+00:00"", ""prompt_version"": ""v1"", ""persona"": ""expert""}"
"('philosophyofreligion', 'problemofevil')",problem of evil,philosophy of religion,4,0,phd,v1,v1,"{""model"": ""open-mistral-nemo"", ""temperature"": 0, ""date"": ""2025-10-21T03:58:12.753245+00:00"", ""prompt_version"": ""v1"", ""persona"": ""phd""}"
"('philosophyofreligion', 'problemofevil')",problem of evil,philosophy of religion,4,0,null,v1,v1,"{""model"": ""open-mistral-nemo"", ""temperature"": 0, ""date"": ""2025-10-21T03:58:14.077058+00:00"", ""prompt_version"": ""v1"", ""persona"": ""null""}"
"('epistemology', 'gettierproblem')",gettier problem,epistemology,4,0,expert,v1,v1,"{""model"": ""open-mistral-nemo"", ""temperature"": 0, ""date"": ""2025-10-21T03:58:15.428399+00:00"", ""prompt_version"": ""v1"", ""persona"": ""expert""}"
"('epistemology', 'gettierproblem')",gettier problem,epistemology,3,0,phd,v1,v1,"{""model"": ""open-mistral-nemo"", ""temperature"": 0, ""date"": ""2025-10-21T03:58:16.823254+00:00"", ""prompt_version"": ""v1"", ""persona"": ""phd""}"
"('epistemology', 'gettierproblem')",gettier problem,epistemology,3,0,null,v1,v1,"{""model"": ""open-mistral-nemo"", ""temperature"": 0, ""date"": ""2025-10-21T03:58:18.195126+00:00"", ""prompt_version"": ""v1"", ""persona"": ""null""}"
"('epistemology', 'internalism')",internalism,epistemology,4,0,expert,v1,v1,"{""model"": ""open-mistral-nemo"", ""temperature"": 0, ""date"": ""2025-10-21T03:58:19.537652+00:00"", ""prompt_version"": ""v1"", ""persona"": ""expert""}"
"('epistemology', 'internalism')",internalism,epistemology,4,0,phd,v1,v1,"{""model"": ""open-mistral-nemo"", ""temperature"": 0, ""date"": ""2025-10-21T03:58:21.026782+00:00"", ""prompt_version"": ""v1"", ""persona"": ""phd""}"
"('epistemology', 'internalism')",internalism,epistemology,3,0,null,v1,v1,"{""model"": ""open-mistral-nemo"", ""temperature"": 0, ""date"": ""2025-10-21T03:58:22.374505+00:00"", ""prompt_version"": ""v1"", ""persona"": ""null""}"
"('eternityinchristianthought', 'philosophyofreligion')",Eternity in Christian Thought,philosophy of religion,4,0,expert,v1,v1,"{""model"": ""open-mistral-nemo"", ""temperature"": 0, ""date"": ""2025-10-21T03:58:23.727864+00:00"", ""prompt_version"": ""v1"", ""persona"": ""expert""}"
"('eternityinchristianthought', 'philosophyofreligion')",Eternity in Christian Thought,philosophy of religion,4,0,phd,v1,v1,"{""model"": ""open-mistral-nemo"", ""temperature"": 0, ""date"": ""2025-10-21T03:58:25.081294+00:00"", ""prompt_version"": ""v1"", ""persona"": ""phd""}"
"('eternityinchristianthought', 'philosophyofreligion')",Eternity in Christian Thought,philosophy of religion,4,0,null,v1,v1,"{""model"": ""open-mistral-nemo"", ""temperature"": 0, ""date"": ""2025-10-21T03:58:26.417906+00:00"", ""prompt_version"": ""v1"", ""persona"": ""null""}"
"('miracles', 'philosophyofreligion')",miracles,philosophy of religion,4,0,expert,v1,v1,"{""model"": ""open-mistral-nemo"", ""temperature"": 0, ""date"": ""2025-10-21T03:58:27.740168+00:00"", ""prompt_version"": ""v1"", ""persona"": ""expert""}"
"('miracles', 'philosophyofreligion')",miracles,philosophy of religion,4,0,phd,v1,v1,"{""model"": ""open-mistral-nemo"", ""temperature"": 0, ""date"": ""2025-10-21T03:58:29.095280+00:00"", ""prompt_version"": ""v1"", ""persona"": ""phd""}"
"('miracles', 'philosophyofreligion')",miracles,philosophy of religion,3,0,null,v1,v1,"{""model"": ""open-mistral-nemo"", ""temperature"": 0, ""date"": ""2025-10-21T03:58:30.468625+00:00"", ""prompt_version"": ""v1"", ""persona"": ""null""}"
"('existence', 'metaphysics')",existence,metaphysics,4,0,expert,v1,v1,"{""model"": ""open-mistral-nemo"", ""temperature"": 0, ""date"": ""2025-10-21T03:58:31.788534+00:00"", ""prompt_version"": ""v1"", ""persona"": ""expert""}"
"('existence', 'metaphysics')",existence,metaphysics,4,0,phd,v1,v1,"{""model"": ""open-mistral-nemo"", ""temperature"": 0, ""date"": ""2025-10-21T03:58:33.107373+00:00"", ""prompt_version"": ""v1"", ""persona"": ""phd""}"
"('existence', 'metaphysics')",existence,metaphysics,4,0,null,v1,v1,"{""model"": ""open-mistral-nemo"", ""temperature"": 0, ""date"": ""2025-10-21T03:58:34.479223+00:00"", ""prompt_version"": ""v1"", ""persona"": ""null""}"
"('philosophyofreligion', 'sovereignty')",sovereignty,philosophy of religion,2,1,expert,v1,v1,"{""model"": ""open-mistral-nemo"", ""temperature"": 0, ""date"": ""2025-10-21T03:58:35.820526+00:00"", ""prompt_version"": ""v1"", ""persona"": ""expert""}"
"('philosophyofreligion', 'sovereignty')",sovereignty,philosophy of religion,2,1,phd,v1,v1,"{""model"": ""open-mistral-nemo"", ""temperature"": 0, ""date"": ""2025-10-21T03:58:37.172914+00:00"", ""prompt_version"": ""v1"", ""persona"": ""phd""}"
"('philosophyofreligion', 'sovereignty')",sovereignty,philosophy of religion,2,1,null,v1,v1,"{""model"": ""open-mistral-nemo"", ""temperature"": 0, ""date"": ""2025-10-21T03:58:38.518832+00:00"", ""prompt_version"": ""v1"", ""persona"": ""null""}"
"('philosophyofpsychology', 'philosophyofscienceandthesciences')",philosophy of psychology,philosophy of science and the sciences,3,0,expert,v1,v1,"{""model"": ""open-mistral-nemo"", ""temperature"": 0, ""date"": ""2025-10-21T03:58:39.852884+00:00"", ""prompt_version"": ""v1"", ""persona"": ""expert""}"
"('philosophyofpsychology', 'philosophyofscienceandthesciences')",philosophy of psychology,philosophy of science and the sciences,3,0,phd,v1,v1,"{""model"": ""open-mistral-nemo"", ""temperature"": 0, ""date"": ""2025-10-21T03:58:41.297973+00:00"", ""prompt_version"": ""v1"", ""persona"": ""phd""}"
"('philosophyofpsychology', 'philosophyofscienceandthesciences')",philosophy of psychology,philosophy of science and the sciences,3,0,null,v1,v1,"{""model"": ""open-mistral-nemo"", ""temperature"": 0, ""date"": ""2025-10-21T03:58:42.631847+00:00"", ""prompt_version"": ""v1"", ""persona"": ""null""}"
"('epistemology', 'naturalisminlegalphilosophy')",naturalism in legal philosophy,epistemology,2,0,expert,v1,v1,"{""model"": ""open-mistral-nemo"", ""temperature"": 0, ""date"": ""2025-10-21T03:58:44.000284+00:00"", ""prompt_version"": ""v1"", ""persona"": ""expert""}"
"('epistemology', 'naturalisminlegalphilosophy')",naturalism in legal philosophy,epistemology,2,0,phd,v1,v1,"{""model"": ""open-mistral-nemo"", ""temperature"": 0, ""date"": ""2025-10-21T03:58:45.379135+00:00"", ""prompt_version"": ""v1"", ""persona"": ""phd""}"
"('epistemology', 'naturalisminlegalphilosophy')",naturalism in legal philosophy,epistemology,2,0,null,v1,v1,"{""model"": ""open-mistral-nemo"", ""temperature"": 0, ""date"": ""2025-10-21T03:58:46.718887+00:00"", ""prompt_version"": ""v1"", ""persona"": ""null""}"
"('perception', 'philosophyofperception')",philosophy of perception,perception,4,0,expert,v1,v1,"{""model"": ""open-mistral-nemo"", ""temperature"": 0, ""date"": ""2025-10-21T03:58:48.066477+00:00"", ""prompt_version"": ""v1"", ""persona"": ""expert""}"
"('perception', 'philosophyofperception')",philosophy of perception,perception,4,0,phd,v1,v1,"{""model"": ""open-mistral-nemo"", ""temperature"": 0, ""date"": ""2025-10-21T03:58:49.505490+00:00"", ""prompt_version"": ""v1"", ""persona"": ""phd""}"
"('perception', 'philosophyofperception')",philosophy of perception,perception,4,0,null,v1,v1,"{""model"": ""open-mistral-nemo"", ""temperature"": 0, ""date"": ""2025-10-21T03:58:50.847243+00:00"", ""prompt_version"": ""v1"", ""persona"": ""null""}"
"('epistemology', 'platonicrealism')",platonic realism,epistemology,3,0,expert,v1,v1,"{""model"": ""open-mistral-nemo"", ""temperature"": 0, ""date"": ""2025-10-21T03:58:52.222830+00:00"", ""prompt_version"": ""v1"", ""persona"": ""expert""}"
"('epistemology', 'platonicrealism')",platonic realism,epistemology,2,0,phd,v1,v1,"{""model"": ""open-mistral-nemo"", ""temperature"": 0, ""date"": ""2025-10-21T03:58:53.604321+00:00"", ""prompt_version"": ""v1"", ""persona"": ""phd""}"
"('epistemology', 'platonicrealism')",platonic realism,epistemology,3,0,null,v1,v1,"{""model"": ""open-mistral-nemo"", ""temperature"": 0, ""date"": ""2025-10-21T03:58:55.002894+00:00"", ""prompt_version"": ""v1"", ""persona"": ""null""}"
"('computationaltheoryofmind', 'philosophyofmind')",computational theory of mind,philosophy of mind,4,0,expert,v1,v1,"{""model"": ""open-mistral-nemo"", ""temperature"": 0, ""date"": ""2025-10-21T03:58:56.354083+00:00"", ""prompt_version"": ""v1"", ""persona"": ""expert""}"
"('computationaltheoryofmind', 'philosophyofmind')",computational theory of mind,philosophy of mind,4,0,phd,v1,v1,"{""model"": ""open-mistral-nemo"", ""temperature"": 0, ""date"": ""2025-10-21T03:58:57.811710+00:00"", ""prompt_version"": ""v1"", ""persona"": ""phd""}"
"('computationaltheoryofmind', 'philosophyofmind')",computational theory of mind,philosophy of mind,4,0,null,v1,v1,"{""model"": ""open-mistral-nemo"", ""temperature"": 0, ""date"": ""2025-10-21T03:58:59.254449+00:00"", ""prompt_version"": ""v1"", ""persona"": ""null""}"
"('civilrights', 'racism')",racism,civil rights,4,0,course_taker,v1,v1,"{""model"": ""open-mistral-nemo"", ""temperature"": 0, ""date"": ""2025-10-21T03:59:00.631776+00:00"", ""prompt_version"": ""v1"", ""persona"": ""course_taker""}"
"('civilrights', 'racism')",racism,civil rights,4,0,phd,v1,v1,"{""model"": ""open-mistral-nemo"", ""temperature"": 0, ""date"": ""2025-10-21T03:59:01.973933+00:00"", ""prompt_version"": ""v1"", ""persona"": ""phd""}"
"('civilrights', 'racism')",racism,civil rights,4,0,null,v1,v1,"{""model"": ""open-mistral-nemo"", ""temperature"": 0, ""date"": ""2025-10-21T03:59:03.340728+00:00"", ""prompt_version"": ""v1"", ""persona"": ""null""}"
"('epistemology', 'feministsocialepistemology')",feminist social epistemology,epistemology,4,0,expert,v1,v1,"{""model"": ""open-mistral-nemo"", ""temperature"": 0, ""date"": ""2025-10-21T03:59:04.723483+00:00"", ""prompt_version"": ""v1"", ""persona"": ""expert""}"
"('epistemology', 'feministsocialepistemology')",feminist social epistemology,epistemology,4,0,phd,v1,v1,"{""model"": ""open-mistral-nemo"", ""temperature"": 0, ""date"": ""2025-10-21T03:59:06.120676+00:00"", ""prompt_version"": ""v1"", ""persona"": ""phd""}"
"('epistemology', 'feministsocialepistemology')",feminist social epistemology,epistemology,3,0,null,v1,v1,"{""model"": ""open-mistral-nemo"", ""temperature"": 0, ""date"": ""2025-10-21T03:59:07.479899+00:00"", ""prompt_version"": ""v1"", ""persona"": ""null""}"
"('leibnizoncausation', 'perception')",leibniz on causation,perception,2,0,expert,v1,v1,"{""model"": ""open-mistral-nemo"", ""temperature"": 0, ""date"": ""2025-10-21T03:59:08.850734+00:00"", ""prompt_version"": ""v1"", ""persona"": ""expert""}"
"('leibnizoncausation', 'perception')",leibniz on causation,perception,2,-1,phd,v1,v1,"{""model"": ""open-mistral-nemo"", ""temperature"": 0, ""date"": ""2025-10-21T03:59:10.175771+00:00"", ""prompt_version"": ""v1"", ""persona"": ""phd""}"
"('leibnizoncausation', 'perception')",leibniz on causation,perception,2,-1,null,v1,v1,"{""model"": ""open-mistral-nemo"", ""temperature"": 0, ""date"": ""2025-10-21T03:59:11.533599+00:00"", ""prompt_version"": ""v1"", ""persona"": ""null""}"
"('philosophyofscienceandthesciences', 'scientificprogress')",scientific progress,philosophy of science and the sciences,4,0,expert,v1,v1,"{""model"": ""open-mistral-nemo"", ""temperature"": 0, ""date"": ""2025-10-21T03:59:12.850226+00:00"", ""prompt_version"": ""v1"", ""persona"": ""expert""}"
"('philosophyofscienceandthesciences', 'scientificprogress')",scientific progress,philosophy of science and the sciences,4,0,phd,v1,v1,"{""model"": ""open-mistral-nemo"", ""temperature"": 0, ""date"": ""2025-10-21T03:59:14.272729+00:00"", ""prompt_version"": ""v1"", ""persona"": ""phd""}"
"('philosophyofscienceandthesciences', 'scientificprogress')",scientific progress,philosophy of science and the sciences,4,0,null,v1,v1,"{""model"": ""open-mistral-nemo"", ""temperature"": 0, ""date"": ""2025-10-21T03:59:15.587273+00:00"", ""prompt_version"": ""v1"", ""persona"": ""null""}"
"('epistemology', 'sensedata')",sense data,epistemology,4,0,expert,v1,v1,"{""model"": ""open-mistral-nemo"", ""temperature"": 0, ""date"": ""2025-10-21T03:59:16.931212+00:00"", ""prompt_version"": ""v1"", ""persona"": ""expert""}"
"('epistemology', 'sensedata')",sense data,epistemology,2,0,phd,v1,v1,"{""model"": ""open-mistral-nemo"", ""temperature"": 0, ""date"": ""2025-10-21T03:59:18.329103+00:00"", ""prompt_version"": ""v1"", ""persona"": ""phd""}"
"('epistemology', 'sensedata')",sense data,epistemology,3,0,null,v1,v1,"{""model"": ""open-mistral-nemo"", ""temperature"": 0, ""date"": ""2025-10-21T03:59:19.658061+00:00"", ""prompt_version"": ""v1"", ""persona"": ""null""}"
"('epistemology', 'testimony')",testimony,epistemology,4,0,expert,v1,v1,"{""model"": ""open-mistral-nemo"", ""temperature"": 0, ""date"": ""2025-10-21T03:59:21.020537+00:00"", ""prompt_version"": ""v1"", ""persona"": ""expert""}"
"('epistemology', 'testimony')",testimony,epistemology,4,0,phd,v1,v1,"{""model"": ""open-mistral-nemo"", ""temperature"": 0, ""date"": ""2025-10-21T03:59:22.392341+00:00"", ""prompt_version"": ""v1"", ""persona"": ""phd""}"
"('epistemology', 'testimony')",testimony,epistemology,3,0,null,v1,v1,"{""model"": ""open-mistral-nemo"", ""temperature"": 0, ""date"": ""2025-10-21T03:59:23.745863+00:00"", ""prompt_version"": ""v1"", ""persona"": ""null""}"
"('epistemology', 'scientifictheory')",scientific theory,epistemology,3,0,expert,v1,v1,"{""model"": ""open-mistral-nemo"", ""temperature"": 0, ""date"": ""2025-10-21T03:59:25.080643+00:00"", ""prompt_version"": ""v1"", ""persona"": ""expert""}"
"('epistemology', 'scientifictheory')",scientific theory,epistemology,3,0,phd,v1,v1,"{""model"": ""open-mistral-nemo"", ""temperature"": 0, ""date"": ""2025-10-21T03:59:26.412265+00:00"", ""prompt_version"": ""v1"", ""persona"": ""phd""}"
"('epistemology', 'scientifictheory')",scientific theory,epistemology,3,0,null,v1,v1,"{""model"": ""open-mistral-nemo"", ""temperature"": 0, ""date"": ""2025-10-21T03:59:27.777387+00:00"", ""prompt_version"": ""v1"", ""persona"": ""null""}"
"('medievaltheoriesofcausality', 'metaphysics')",medieval theories of causality,metaphysics,3,0,expert,v1,v1,"{""model"": ""open-mistral-nemo"", ""temperature"": 0, ""date"": ""2025-10-21T03:59:29.100235+00:00"", ""prompt_version"": ""v1"", ""persona"": ""expert""}"
"('medievaltheoriesofcausality', 'metaphysics')",medieval theories of causality,metaphysics,3,0,phd,v1,v1,"{""model"": ""open-mistral-nemo"", ""temperature"": 0, ""date"": ""2025-10-21T03:59:30.456792+00:00"", ""prompt_version"": ""v1"", ""persona"": ""phd""}"
"('medievaltheoriesofcausality', 'metaphysics')",medieval theories of causality,metaphysics,2,0,null,v1,v1,"{""model"": ""open-mistral-nemo"", ""temperature"": 0, ""date"": ""2025-10-21T03:59:31.847102+00:00"", ""prompt_version"": ""v1"", ""persona"": ""null""}"
"('artificialintelligence', 'connectionistmodel')",connectionist model,artificial intelligence,3,0,expert,v1,v1,"{""model"": ""open-mistral-nemo"", ""temperature"": 0, ""date"": ""2025-10-21T03:59:33.169012+00:00"", ""prompt_version"": ""v1"", ""persona"": ""expert""}"
"('artificialintelligence', 'connectionistmodel')",connectionist model,artificial intelligence,3,0,phd,v1,v1,"{""model"": ""open-mistral-nemo"", ""temperature"": 0, ""date"": ""2025-10-21T03:59:34.554787+00:00"", ""prompt_version"": ""v1"", ""persona"": ""phd""}"
"('artificialintelligence', 'connectionistmodel')",connectionist model,artificial intelligence,3,0,null,v1,v1,"{""model"": ""open-mistral-nemo"", ""temperature"": 0, ""date"": ""2025-10-21T03:59:35.919089+00:00"", ""prompt_version"": ""v1"", ""persona"": ""null""}"
"('classicallogic', 'logic')",logic,classical logic,4,0,course_taker,v1,v1,"{""model"": ""open-mistral-nemo"", ""temperature"": 0, ""date"": ""2025-10-21T03:59:37.244385+00:00"", ""prompt_version"": ""v1"", ""persona"": ""course_taker""}"
"('classicallogic', 'logic')",logic,classical logic,4,0,phd,v1,v1,"{""model"": ""open-mistral-nemo"", ""temperature"": 0, ""date"": ""2025-10-21T03:59:38.637145+00:00"", ""prompt_version"": ""v1"", ""persona"": ""phd""}"
"('classicallogic', 'logic')",logic,classical logic,4,1,null,v1,v1,"{""model"": ""open-mistral-nemo"", ""temperature"": 0, ""date"": ""2025-10-21T03:59:40.000119+00:00"", ""prompt_version"": ""v1"", ""persona"": ""null""}"
"('epistemology', 'modernphilosophy')",modern philosophy,epistemology,4,1,expert,v1,v1,"{""model"": ""open-mistral-nemo"", ""temperature"": 0, ""date"": ""2025-10-21T03:59:41.341593+00:00"", ""prompt_version"": ""v1"", ""persona"": ""expert""}"
"('epistemology', 'modernphilosophy')",modern philosophy,epistemology,3,1,phd,v1,v1,"{""model"": ""open-mistral-nemo"", ""temperature"": 0, ""date"": ""2025-10-21T03:59:42.693278+00:00"", ""prompt_version"": ""v1"", ""persona"": ""phd""}"
"('epistemology', 'modernphilosophy')",modern philosophy,epistemology,3,0,null,v1,v1,"{""model"": ""open-mistral-nemo"", ""temperature"": 0, ""date"": ""2025-10-21T03:59:44.120142+00:00"", ""prompt_version"": ""v1"", ""persona"": ""null""}"
"('philosophyofreligion', 'scienceandreligion')",science and religion,philosophy of religion,4,1,expert,v1,v1,"{""model"": ""open-mistral-nemo"", ""temperature"": 0, ""date"": ""2025-10-21T03:59:45.531418+00:00"", ""prompt_version"": ""v1"", ""persona"": ""expert""}"
"('philosophyofreligion', 'scienceandreligion')",science and religion,philosophy of religion,4,1,phd,v1,v1,"{""model"": ""open-mistral-nemo"", ""temperature"": 0, ""date"": ""2025-10-21T03:59:46.954854+00:00"", ""prompt_version"": ""v1"", ""persona"": ""phd""}"
"('philosophyofreligion', 'scienceandreligion')",science and religion,philosophy of religion,3,1,null,v1,v1,"{""model"": ""open-mistral-nemo"", ""temperature"": 0, ""date"": ""2025-10-21T03:59:48.293950+00:00"", ""prompt_version"": ""v1"", ""persona"": ""null""}"
"('philosophyofmind', 'spinozaspsychologicaltheory')",spinoza's psychological theory,philosophy of mind,3,0,expert,v1,v1,"{""model"": ""open-mistral-nemo"", ""temperature"": 0, ""date"": ""2025-10-21T03:59:49.599076+00:00"", ""prompt_version"": ""v1"", ""persona"": ""expert""}"
"('philosophyofmind', 'spinozaspsychologicaltheory')",spinoza's psychological theory,philosophy of mind,3,0,phd,v1,v1,"{""model"": ""open-mistral-nemo"", ""temperature"": 0, ""date"": ""2025-10-21T03:59:50.928766+00:00"", ""prompt_version"": ""v1"", ""persona"": ""phd""}"
"('philosophyofmind', 'spinozaspsychologicaltheory')",spinoza's psychological theory,philosophy of mind,3,0,null,v1,v1,"{""model"": ""open-mistral-nemo"", ""temperature"": 0, ""date"": ""2025-10-21T03:59:52.282554+00:00"", ""prompt_version"": ""v1"", ""persona"": ""null""}"
"('intellectualism', 'philosophyofreligion')",intellectualism,philosophy of religion,3,0,novice,v1,v1,"{""model"": ""open-mistral-nemo"", ""temperature"": 0, ""date"": ""2025-10-21T03:59:53.638399+00:00"", ""prompt_version"": ""v1"", ""persona"": ""novice""}"
"('intellectualism', 'philosophyofreligion')",intellectualism,philosophy of religion,2,0,phd,v1,v1,"{""model"": ""open-mistral-nemo"", ""temperature"": 0, ""date"": ""2025-10-21T03:59:55.012984+00:00"", ""prompt_version"": ""v1"", ""persona"": ""phd""}"
"('intellectualism', 'philosophyofreligion')",intellectualism,philosophy of religion,3,0,null,v1,v1,"{""model"": ""open-mistral-nemo"", ""temperature"": 0, ""date"": ""2025-10-21T03:59:56.380995+00:00"", ""prompt_version"": ""v1"", ""persona"": ""null""}"
"('existence', 'existenceofgod')",existence of god,existence,3,0,expert,v1,v1,"{""model"": ""open-mistral-nemo"", ""temperature"": 0, ""date"": ""2025-10-21T03:59:57.734196+00:00"", ""prompt_version"": ""v1"", ""persona"": ""expert""}"
"('existence', 'existenceofgod')",existence of god,existence,4,0,phd,v1,v1,"{""model"": ""open-mistral-nemo"", ""temperature"": 0, ""date"": ""2025-10-21T03:59:59.078898+00:00"", ""prompt_version"": ""v1"", ""persona"": ""phd""}"
"('existence', 'existenceofgod')",existence of god,existence,3,0,null,v1,v1,"{""model"": ""open-mistral-nemo"", ""temperature"": 0, ""date"": ""2025-10-21T04:00:00.427451+00:00"", ""prompt_version"": ""v1"", ""persona"": ""null""}"
"('philosophyofmind', 'philosophyofscienceandthesciences')",philosophy of science and the sciences,philosophy of mind,2,-1,expert,v1,v1,"{""model"": ""open-mistral-nemo"", ""temperature"": 0, ""date"": ""2025-10-21T04:00:01.769365+00:00"", ""prompt_version"": ""v1"", ""persona"": ""expert""}"
"('philosophyofmind', 'philosophyofscienceandthesciences')",philosophy of science and the sciences,philosophy of mind,2,1,phd,v1,v1,"{""model"": ""open-mistral-nemo"", ""temperature"": 0, ""date"": ""2025-10-21T04:00:03.171526+00:00"", ""prompt_version"": ""v1"", ""persona"": ""phd""}"
"('philosophyofmind', 'philosophyofscienceandthesciences')",philosophy of science and the sciences,philosophy of mind,3,1,null,v1,v1,"{""model"": ""open-mistral-nemo"", ""temperature"": 0, ""date"": ""2025-10-21T04:00:04.579050+00:00"", ""prompt_version"": ""v1"", ""persona"": ""null""}"
"('introspection', 'philosophyofmind')",introspection,philosophy of mind,3,0,expert,v1,v1,"{""model"": ""open-mistral-nemo"", ""temperature"": 0, ""date"": ""2025-10-21T04:00:05.977694+00:00"", ""prompt_version"": ""v1"", ""persona"": ""expert""}"
"('introspection', 'philosophyofmind')",introspection,philosophy of mind,3,0,phd,v1,v1,"{""model"": ""open-mistral-nemo"", ""temperature"": 0, ""date"": ""2025-10-21T04:00:07.324426+00:00"", ""prompt_version"": ""v1"", ""persona"": ""phd""}"
"('introspection', 'philosophyofmind')",introspection,philosophy of mind,4,0,null,v1,v1,"{""model"": ""open-mistral-nemo"", ""temperature"": 0, ""date"": ""2025-10-21T04:00:08.707706+00:00"", ""prompt_version"": ""v1"", ""persona"": ""null""}"
"('physicalism', 'zombies')",zombies,physicalism,2,0,expert,v1,v1,"{""model"": ""open-mistral-nemo"", ""temperature"": 0, ""date"": ""2025-10-21T04:00:10.036786+00:00"", ""prompt_version"": ""v1"", ""persona"": ""expert""}"
"('physicalism', 'zombies')",zombies,physicalism,2,0,phd,v1,v1,"{""model"": ""open-mistral-nemo"", ""temperature"": 0, ""date"": ""2025-10-21T04:00:11.377908+00:00"", ""prompt_version"": ""v1"", ""persona"": ""phd""}"
"('physicalism', 'zombies')",zombies,physicalism,1,-1,null,v1,v1,"{""model"": ""open-mistral-nemo"", ""temperature"": 0, ""date"": ""2025-10-21T04:00:12.767236+00:00"", ""prompt_version"": ""v1"", ""persona"": ""null""}"
"('metaphysics', 'theoryoftruth')",theory of truth,metaphysics,3,0,expert,v1,v1,"{""model"": ""open-mistral-nemo"", ""temperature"": 0, ""date"": ""2025-10-21T04:00:14.150122+00:00"", ""prompt_version"": ""v1"", ""persona"": ""expert""}"
"('metaphysics', 'theoryoftruth')",theory of truth,metaphysics,2,0,phd,v1,v1,"{""model"": ""open-mistral-nemo"", ""temperature"": 0, ""date"": ""2025-10-21T04:00:15.473591+00:00"", ""prompt_version"": ""v1"", ""persona"": ""phd""}"
"('metaphysics', 'theoryoftruth')",theory of truth,metaphysics,3,0,null,v1,v1,"{""model"": ""open-mistral-nemo"", ""temperature"": 0, ""date"": ""2025-10-21T04:00:16.805868+00:00"", ""prompt_version"": ""v1"", ""persona"": ""null""}"
"('cartesiandualism', 'philosophyofmind')",cartesian dualism,philosophy of mind,4,0,expert,v1,v1,"{""model"": ""open-mistral-nemo"", ""temperature"": 0, ""date"": ""2025-10-21T04:00:18.154813+00:00"", ""prompt_version"": ""v1"", ""persona"": ""expert""}"
"('cartesiandualism', 'philosophyofmind')",cartesian dualism,philosophy of mind,4,0,phd,v1,v1,"{""model"": ""open-mistral-nemo"", ""temperature"": 0, ""date"": ""2025-10-21T04:00:19.495539+00:00"", ""prompt_version"": ""v1"", ""persona"": ""phd""}"
"('cartesiandualism', 'philosophyofmind')",cartesian dualism,philosophy of mind,4,0,null,v1,v1,"{""model"": ""open-mistral-nemo"", ""temperature"": 0, ""date"": ""2025-10-21T04:00:20.840049+00:00"", ""prompt_version"": ""v1"", ""persona"": ""null""}"
"('metaphysics', 'theoryofforms')",theory of forms,metaphysics,4,0,expert,v1,v1,"{""model"": ""open-mistral-nemo"", ""temperature"": 0, ""date"": ""2025-10-21T04:00:22.208538+00:00"", ""prompt_version"": ""v1"", ""persona"": ""expert""}"
"('metaphysics', 'theoryofforms')",theory of forms,metaphysics,4,0,phd,v1,v1,"{""model"": ""open-mistral-nemo"", ""temperature"": 0, ""date"": ""2025-10-21T04:00:23.561687+00:00"", ""prompt_version"": ""v1"", ""persona"": ""phd""}"
"('metaphysics', 'theoryofforms')",theory of forms,metaphysics,4,0,null,v1,v1,"{""model"": ""open-mistral-nemo"", ""temperature"": 0, ""date"": ""2025-10-21T04:00:24.904944+00:00"", ""prompt_version"": ""v1"", ""persona"": ""null""}"
"('epistemology', 'historyoffeminism')",history of feminism,epistemology,2,0,expert,v1,v1,"{""model"": ""open-mistral-nemo"", ""temperature"": 0, ""date"": ""2025-10-21T04:00:26.246130+00:00"", ""prompt_version"": ""v1"", ""persona"": ""expert""}"
"('epistemology', 'historyoffeminism')",history of feminism,epistemology,2,0,phd,v1,v1,"{""model"": ""open-mistral-nemo"", ""temperature"": 0, ""date"": ""2025-10-21T04:00:27.580354+00:00"", ""prompt_version"": ""v1"", ""persona"": ""phd""}"
"('epistemology', 'historyoffeminism')",history of feminism,epistemology,2,-1,null,v1,v1,"{""model"": ""open-mistral-nemo"", ""temperature"": 0, ""date"": ""2025-10-21T04:00:28.937039+00:00"", ""prompt_version"": ""v1"", ""persona"": ""null""}"
"('causation', 'metaphysicsofcausation')",metaphysics of causation,causation,4,0,expert,v1,v1,"{""model"": ""open-mistral-nemo"", ""temperature"": 0, ""date"": ""2025-10-21T04:00:30.340040+00:00"", ""prompt_version"": ""v1"", ""persona"": ""expert""}"
"('causation', 'metaphysicsofcausation')",metaphysics of causation,causation,4,0,phd,v1,v1,"{""model"": ""open-mistral-nemo"", ""temperature"": 0, ""date"": ""2025-10-21T04:00:31.730024+00:00"", ""prompt_version"": ""v1"", ""persona"": ""phd""}"
"('causation', 'metaphysicsofcausation')",metaphysics of causation,causation,4,0,null,v1,v1,"{""model"": ""open-mistral-nemo"", ""temperature"": 0, ""date"": ""2025-10-21T04:00:33.154288+00:00"", ""prompt_version"": ""v1"", ""persona"": ""null""}"
"('folkpsychology', 'perception')",folk psychology,perception,2,0,expert,v1,v1,"{""model"": ""open-mistral-nemo"", ""temperature"": 0, ""date"": ""2025-10-21T04:00:34.490109+00:00"", ""prompt_version"": ""v1"", ""persona"": ""expert""}"
"('folkpsychology', 'perception')",folk psychology,perception,2,-1,phd,v1,v1,"{""model"": ""open-mistral-nemo"", ""temperature"": 0, ""date"": ""2025-10-21T04:00:35.857570+00:00"", ""prompt_version"": ""v1"", ""persona"": ""phd""}"
"('folkpsychology', 'perception')",folk psychology,perception,2,0,null,v1,v1,"{""model"": ""open-mistral-nemo"", ""temperature"": 0, ""date"": ""2025-10-21T04:00:37.200839+00:00"", ""prompt_version"": ""v1"", ""persona"": ""null""}"
"('computerethics', 'ethics')",computer ethics,ethics,4,0,expert,v1,v1,"{""model"": ""open-mistral-nemo"", ""temperature"": 0, ""date"": ""2025-10-21T04:00:38.556422+00:00"", ""prompt_version"": ""v1"", ""persona"": ""expert""}"
"('computerethics', 'ethics')",computer ethics,ethics,4,0,phd,v1,v1,"{""model"": ""open-mistral-nemo"", ""temperature"": 0, ""date"": ""2025-10-21T04:00:39.909781+00:00"", ""prompt_version"": ""v1"", ""persona"": ""phd""}"
"('computerethics', 'ethics')",computer ethics,ethics,3,0,null,v1,v1,"{""model"": ""open-mistral-nemo"", ""temperature"": 0, ""date"": ""2025-10-21T04:00:41.282132+00:00"", ""prompt_version"": ""v1"", ""persona"": ""null""}"
"('essentialversusaccidentalproperties', 'propertyandownership')",essential versus accidental properties,property and ownership,2,0,expert,v1,v1,"{""model"": ""open-mistral-nemo"", ""temperature"": 0, ""date"": ""2025-10-21T04:00:42.653019+00:00"", ""prompt_version"": ""v1"", ""persona"": ""expert""}"
"('essentialversusaccidentalproperties', 'propertyandownership')",essential versus accidental properties,property and ownership,2,0,phd,v1,v1,"{""model"": ""open-mistral-nemo"", ""temperature"": 0, ""date"": ""2025-10-21T04:00:44.039424+00:00"", ""prompt_version"": ""v1"", ""persona"": ""phd""}"
"('essentialversusaccidentalproperties', 'propertyandownership')",essential versus accidental properties,property and ownership,2,0,null,v1,v1,"{""model"": ""open-mistral-nemo"", ""temperature"": 0, ""date"": ""2025-10-21T04:00:45.432758+00:00"", ""prompt_version"": ""v1"", ""persona"": ""null""}"
"('philosophyofreligion', 'publicreason')",public reason,philosophy of religion,2,0,expert,v1,v1,"{""model"": ""open-mistral-nemo"", ""temperature"": 0, ""date"": ""2025-10-21T04:00:46.829126+00:00"", ""prompt_version"": ""v1"", ""persona"": ""expert""}"
"('philosophyofreligion', 'publicreason')",public reason,philosophy of religion,2,0,phd,v1,v1,"{""model"": ""open-mistral-nemo"", ""temperature"": 0, ""date"": ""2025-10-21T04:00:48.158658+00:00"", ""prompt_version"": ""v1"", ""persona"": ""phd""}"
"('philosophyofreligion', 'publicreason')",public reason,philosophy of religion,2,0,null,v1,v1,"{""model"": ""open-mistral-nemo"", ""temperature"": 0, ""date"": ""2025-10-21T04:00:49.511143+00:00"", ""prompt_version"": ""v1"", ""persona"": ""null""}"
"('agnosticism', 'philosophyofreligion')",agnosticism,philosophy of religion,4,0,expert,v1,v1,"{""model"": ""open-mistral-nemo"", ""temperature"": 0, ""date"": ""2025-10-21T04:00:50.856349+00:00"", ""prompt_version"": ""v1"", ""persona"": ""expert""}"
"('agnosticism', 'philosophyofreligion')",agnosticism,philosophy of religion,3,0,phd,v1,v1,"{""model"": ""open-mistral-nemo"", ""temperature"": 0, ""date"": ""2025-10-21T04:00:52.200872+00:00"", ""prompt_version"": ""v1"", ""persona"": ""phd""}"
"('agnosticism', 'philosophyofreligion')",agnosticism,philosophy of religion,3,0,null,v1,v1,"{""model"": ""open-mistral-nemo"", ""temperature"": 0, ""date"": ""2025-10-21T04:00:53.519929+00:00"", ""prompt_version"": ""v1"", ""persona"": ""null""}"
"('chinesephilosophy', 'confucianism')",chinese philosophy,confucianism,4,0,course_taker,v1,v1,"{""model"": ""open-mistral-nemo"", ""temperature"": 0, ""date"": ""2025-10-21T04:00:54.881009+00:00"", ""prompt_version"": ""v1"", ""persona"": ""course_taker""}"
"('chinesephilosophy', 'confucianism')",chinese philosophy,confucianism,4,0,expert,v1,v1,"{""model"": ""open-mistral-nemo"", ""temperature"": 0, ""date"": ""2025-10-21T04:00:56.213168+00:00"", ""prompt_version"": ""v1"", ""persona"": ""expert""}"
"('chinesephilosophy', 'confucianism')",chinese philosophy,confucianism,3,1,null,v1,v1,"{""model"": ""open-mistral-nemo"", ""temperature"": 0, ""date"": ""2025-10-21T04:00:57.623684+00:00"", ""prompt_version"": ""v1"", ""persona"": ""null""}"
"('symmetryandinvariance', 'symmetryandsymmetrybreaking')",symmetry and symmetry breaking,symmetry and invariance,4,2,expert,v1,v1,"{""model"": ""open-mistral-nemo"", ""temperature"": 0, ""date"": ""2025-10-21T04:00:59.095524+00:00"", ""prompt_version"": ""v1"", ""persona"": ""expert""}"
"('symmetryandinvariance', 'symmetryandsymmetrybreaking')",symmetry and symmetry breaking,symmetry and invariance,4,2,phd,v1,v1,"{""model"": ""open-mistral-nemo"", ""temperature"": 0, ""date"": ""2025-10-21T04:01:00.490099+00:00"", ""prompt_version"": ""v1"", ""persona"": ""phd""}"
"('symmetryandinvariance', 'symmetryandsymmetrybreaking')",symmetry and symmetry breaking,symmetry and invariance,4,0,null,v1,v1,"{""model"": ""open-mistral-nemo"", ""temperature"": 0, ""date"": ""2025-10-21T04:01:01.864806+00:00"", ""prompt_version"": ""v1"", ""persona"": ""null""}"
"('epistemology', 'socialandpoliticalphilosophy')",social and political philosophy,epistemology,2,1,expert,v1,v1,"{""model"": ""open-mistral-nemo"", ""temperature"": 0, ""date"": ""2025-10-21T04:01:03.248298+00:00"", ""prompt_version"": ""v1"", ""persona"": ""expert""}"
"('epistemology', 'socialandpoliticalphilosophy')",social and political philosophy,epistemology,2,1,phd,v1,v1,"{""model"": ""open-mistral-nemo"", ""temperature"": 0, ""date"": ""2025-10-21T04:01:04.619912+00:00"", ""prompt_version"": ""v1"", ""persona"": ""phd""}"
"('epistemology', 'socialandpoliticalphilosophy')",social and political philosophy,epistemology,2,1,null,v1,v1,"{""model"": ""open-mistral-nemo"", ""temperature"": 0, ""date"": ""2025-10-21T04:01:05.982119+00:00"", ""prompt_version"": ""v1"", ""persona"": ""null""}"
"('ideas', 'metaphysics')",ideas,metaphysics,3,1,expert,v1,v1,"{""model"": ""open-mistral-nemo"", ""temperature"": 0, ""date"": ""2025-10-21T04:01:07.347492+00:00"", ""prompt_version"": ""v1"", ""persona"": ""expert""}"
"('ideas', 'metaphysics')",ideas,metaphysics,2,0,phd,v1,v1,"{""model"": ""open-mistral-nemo"", ""temperature"": 0, ""date"": ""2025-10-21T04:01:08.707656+00:00"", ""prompt_version"": ""v1"", ""persona"": ""phd""}"
"('ideas', 'metaphysics')",ideas,metaphysics,2,1,null,v1,v1,"{""model"": ""open-mistral-nemo"", ""temperature"": 0, ""date"": ""2025-10-21T04:01:10.093144+00:00"", ""prompt_version"": ""v1"", ""persona"": ""null""}"
"('matter', 'perception')",matter,perception,2,1,expert,v1,v1,"{""model"": ""open-mistral-nemo"", ""temperature"": 0, ""date"": ""2025-10-21T04:01:11.513818+00:00"", ""prompt_version"": ""v1"", ""persona"": ""expert""}"
"('matter', 'perception')",matter,perception,2,1,phd,v1,v1,"{""model"": ""open-mistral-nemo"", ""temperature"": 0, ""date"": ""2025-10-21T04:01:12.976216+00:00"", ""prompt_version"": ""v1"", ""persona"": ""phd""}"
"('matter', 'perception')",matter,perception,2,-1,null,v1,v1,"{""model"": ""open-mistral-nemo"", ""temperature"": 0, ""date"": ""2025-10-21T04:01:14.471307+00:00"", ""prompt_version"": ""v1"", ""persona"": ""null""}"
"('20thcenturycontinentalphilosophy', 'philosophyofmind')",20th century continental philosophy,philosophy of mind,2,1,expert,v1,v1,"{""model"": ""open-mistral-nemo"", ""temperature"": 0, ""date"": ""2025-10-21T04:01:15.924787+00:00"", ""prompt_version"": ""v1"", ""persona"": ""expert""}"
"('20thcenturycontinentalphilosophy', 'philosophyofmind')",20th century continental philosophy,philosophy of mind,2,1,phd,v1,v1,"{""model"": ""open-mistral-nemo"", ""temperature"": 0, ""date"": ""2025-10-21T04:01:17.307897+00:00"", ""prompt_version"": ""v1"", ""persona"": ""phd""}"
"('20thcenturycontinentalphilosophy', 'philosophyofmind')",20th century continental philosophy,philosophy of mind,2,1,null,v1,v1,"{""model"": ""open-mistral-nemo"", ""temperature"": 0, ""date"": ""2025-10-21T04:01:18.695166+00:00"", ""prompt_version"": ""v1"", ""persona"": ""null""}"
"('epistemology', 'philosophyofmathematics')",philosophy of mathematics,epistemology,3,0,expert,v1,v1,"{""model"": ""open-mistral-nemo"", ""temperature"": 0, ""date"": ""2025-10-21T04:01:20.094662+00:00"", ""prompt_version"": ""v1"", ""persona"": ""expert""}"
"('epistemology', 'philosophyofmathematics')",philosophy of mathematics,epistemology,2,0,phd,v1,v1,"{""model"": ""open-mistral-nemo"", ""temperature"": 0, ""date"": ""2025-10-21T04:01:21.465112+00:00"", ""prompt_version"": ""v1"", ""persona"": ""phd""}"
"('epistemology', 'philosophyofmathematics')",philosophy of mathematics,epistemology,3,0,null,v1,v1,"{""model"": ""open-mistral-nemo"", ""temperature"": 0, ""date"": ""2025-10-21T04:01:22.842940+00:00"", ""prompt_version"": ""v1"", ""persona"": ""null""}"
"('churchturingthesis', 'turingmachine')",church-turing thesis,turing machine,4,0,expert,v1,v1,"{""model"": ""open-mistral-nemo"", ""temperature"": 0, ""date"": ""2025-10-21T04:01:24.210877+00:00"", ""prompt_version"": ""v1"", ""persona"": ""expert""}"
"('churchturingthesis', 'turingmachine')",church-turing thesis,turing machine,4,0,phd,v1,v1,"{""model"": ""open-mistral-nemo"", ""temperature"": 0, ""date"": ""2025-10-21T04:01:25.567648+00:00"", ""prompt_version"": ""v1"", ""persona"": ""phd""}"
"('churchturingthesis', 'turingmachine')",church-turing thesis,turing machine,4,0,null,v1,v1,"{""model"": ""open-mistral-nemo"", ""temperature"": 0, ""date"": ""2025-10-21T04:01:26.920715+00:00"", ""prompt_version"": ""v1"", ""persona"": ""null""}"
"('cognitivevalueofart', 'perception')",cognitive value of art,perception,2,0,expert,v1,v1,"{""model"": ""open-mistral-nemo"", ""temperature"": 0, ""date"": ""2025-10-21T04:01:28.280899+00:00"", ""prompt_version"": ""v1"", ""persona"": ""expert""}"
"('cognitivevalueofart', 'perception')",cognitive value of art,perception,2,0,phd,v1,v1,"{""model"": ""open-mistral-nemo"", ""temperature"": 0, ""date"": ""2025-10-21T04:01:29.606788+00:00"", ""prompt_version"": ""v1"", ""persona"": ""phd""}"
"('cognitivevalueofart', 'perception')",cognitive value of art,perception,2,0,null,v1,v1,"{""model"": ""open-mistral-nemo"", ""temperature"": 0, ""date"": ""2025-10-21T04:01:30.970569+00:00"", ""prompt_version"": ""v1"", ""persona"": ""null""}"
"('kantscritiqueofmetaphysics', 'metaphysics')",kant's critique of metaphysics,metaphysics,4,0,expert,v1,v1,"{""model"": ""open-mistral-nemo"", ""temperature"": 0, ""date"": ""2025-10-21T04:01:32.303070+00:00"", ""prompt_version"": ""v1"", ""persona"": ""expert""}"
"('kantscritiqueofmetaphysics', 'metaphysics')",kant's critique of metaphysics,metaphysics,4,0,phd,v1,v1,"{""model"": ""open-mistral-nemo"", ""temperature"": 0, ""date"": ""2025-10-21T04:01:33.629737+00:00"", ""prompt_version"": ""v1"", ""persona"": ""phd""}"
"('kantscritiqueofmetaphysics', 'metaphysics')",kant's critique of metaphysics,metaphysics,4,0,null,v1,v1,"{""model"": ""open-mistral-nemo"", ""temperature"": 0, ""date"": ""2025-10-21T04:01:35.005463+00:00"", ""prompt_version"": ""v1"", ""persona"": ""null""}"
"('koreanphilosophy', 'philosophyofmind')",korean philosophy,philosophy of mind,2,0,expert,v1,v1,"{""model"": ""open-mistral-nemo"", ""temperature"": 0, ""date"": ""2025-10-21T04:01:36.358750+00:00"", ""prompt_version"": ""v1"", ""persona"": ""expert""}"
"('koreanphilosophy', 'philosophyofmind')",korean philosophy,philosophy of mind,2,0,phd,v1,v1,"{""model"": ""open-mistral-nemo"", ""temperature"": 0, ""date"": ""2025-10-21T04:01:37.739021+00:00"", ""prompt_version"": ""v1"", ""persona"": ""phd""}"
"('koreanphilosophy', 'philosophyofmind')",korean philosophy,philosophy of mind,2,0,null,v1,v1,"{""model"": ""open-mistral-nemo"", ""temperature"": 0, ""date"": ""2025-10-21T04:01:39.161624+00:00"", ""prompt_version"": ""v1"", ""persona"": ""null""}"
"('artificialintelligence', 'churchturingthesis')",church-turing thesis,artificial intelligence,2,1,expert,v1,v1,"{""model"": ""open-mistral-nemo"", ""temperature"": 0, ""date"": ""2025-10-21T04:01:40.546467+00:00"", ""prompt_version"": ""v1"", ""persona"": ""expert""}"
"('artificialintelligence', 'churchturingthesis')",church-turing thesis,artificial intelligence,2,1,phd,v1,v1,"{""model"": ""open-mistral-nemo"", ""temperature"": 0, ""date"": ""2025-10-21T04:01:41.951042+00:00"", ""prompt_version"": ""v1"", ""persona"": ""phd""}"
"('artificialintelligence', 'churchturingthesis')",church-turing thesis,artificial intelligence,2,1,null,v1,v1,"{""model"": ""open-mistral-nemo"", ""temperature"": 0, ""date"": ""2025-10-21T04:01:43.322577+00:00"", ""prompt_version"": ""v1"", ""persona"": ""null""}"
"('nonconceptualmentalcontent', 'perception')",nonconceptual mental content,perception,4,0,expert,v1,v1,"{""model"": ""open-mistral-nemo"", ""temperature"": 0, ""date"": ""2025-10-21T04:01:44.705460+00:00"", ""prompt_version"": ""v1"", ""persona"": ""expert""}"
"('nonconceptualmentalcontent', 'perception')",nonconceptual mental content,perception,4,0,phd,v1,v1,"{""model"": ""open-mistral-nemo"", ""temperature"": 0, ""date"": ""2025-10-21T04:01:46.026516+00:00"", ""prompt_version"": ""v1"", ""persona"": ""phd""}"
"('nonconceptualmentalcontent', 'perception')",nonconceptual mental content,perception,3,0,null,v1,v1,"{""model"": ""open-mistral-nemo"", ""temperature"": 0, ""date"": ""2025-10-21T04:01:47.405856+00:00"", ""prompt_version"": ""v1"", ""persona"": ""null""}"
"('cognitivescience', 'eliminativematerialism')",eliminative materialism,cognitive science,3,0,expert,v1,v1,"{""model"": ""open-mistral-nemo"", ""temperature"": 0, ""date"": ""2025-10-21T04:01:48.736855+00:00"", ""prompt_version"": ""v1"", ""persona"": ""expert""}"
"('cognitivescience', 'eliminativematerialism')",eliminative materialism,cognitive science,2,0,phd,v1,v1,"{""model"": ""open-mistral-nemo"", ""temperature"": 0, ""date"": ""2025-10-21T04:01:50.078849+00:00"", ""prompt_version"": ""v1"", ""persona"": ""phd""}"
"('cognitivescience', 'eliminativematerialism')",eliminative materialism,cognitive science,2,0,null,v1,v1,"{""model"": ""open-mistral-nemo"", ""temperature"": 0, ""date"": ""2025-10-21T04:01:51.439145+00:00"", ""prompt_version"": ""v1"", ""persona"": ""null""}"
"('epistemologyofscience', 'metaphysics')",epistemology of science,metaphysics,2,0,expert,v1,v1,"{""model"": ""open-mistral-nemo"", ""temperature"": 0, ""date"": ""2025-10-21T04:01:52.959103+00:00"", ""prompt_version"": ""v1"", ""persona"": ""expert""}"
"('epistemologyofscience', 'metaphysics')",epistemology of science,metaphysics,2,0,phd,v1,v1,"{""model"": ""open-mistral-nemo"", ""temperature"": 0, ""date"": ""2025-10-21T04:01:54.318421+00:00"", ""prompt_version"": ""v1"", ""persona"": ""phd""}"
"('epistemologyofscience', 'metaphysics')",epistemology of science,metaphysics,2,0,null,v1,v1,"{""model"": ""open-mistral-nemo"", ""temperature"": 0, ""date"": ""2025-10-21T04:01:55.665508+00:00"", ""prompt_version"": ""v1"", ""persona"": ""null""}"
"('medievalproblemofuniversals', 'philosophyofmind')",medieval problem of universals,philosophy of mind,2,0,expert,v1,v1,"{""model"": ""open-mistral-nemo"", ""temperature"": 0, ""date"": ""2025-10-21T04:01:57.030197+00:00"", ""prompt_version"": ""v1"", ""persona"": ""expert""}"
"('medievalproblemofuniversals', 'philosophyofmind')",medieval problem of universals,philosophy of mind,2,0,phd,v1,v1,"{""model"": ""open-mistral-nemo"", ""temperature"": 0, ""date"": ""2025-10-21T04:01:58.378687+00:00"", ""prompt_version"": ""v1"", ""persona"": ""phd""}"
"('medievalproblemofuniversals', 'philosophyofmind')",medieval problem of universals,philosophy of mind,2,1,null,v1,v1,"{""model"": ""open-mistral-nemo"", ""temperature"": 0, ""date"": ""2025-10-21T04:01:59.757677+00:00"", ""prompt_version"": ""v1"", ""persona"": ""null""}"
"('bellstheorem', 'quantummechanics')",bell's theorem,quantum mechanics,3,0,expert,v1,v1,"{""model"": ""open-mistral-nemo"", ""temperature"": 0, ""date"": ""2025-10-21T04:02:01.118039+00:00"", ""prompt_version"": ""v1"", ""persona"": ""expert""}"
"('bellstheorem', 'quantummechanics')",bell's theorem,quantum mechanics,4,0,phd,v1,v1,"{""model"": ""open-mistral-nemo"", ""temperature"": 0, ""date"": ""2025-10-21T04:02:02.465879+00:00"", ""prompt_version"": ""v1"", ""persona"": ""phd""}"
"('bellstheorem', 'quantummechanics')",bell's theorem,quantum mechanics,3,0,null,v1,v1,"{""model"": ""open-mistral-nemo"", ""temperature"": 0, ""date"": ""2025-10-21T04:02:03.815808+00:00"", ""prompt_version"": ""v1"", ""persona"": ""null""}"
"('africanandafricanamericanphilosophy', 'akanphilosophyoftheperson')",akan philosophy of the person,african and african-american philosophy,2,0,course_taker,v1,v1,"{""model"": ""open-mistral-nemo"", ""temperature"": 0, ""date"": ""2025-10-21T04:02:05.157200+00:00"", ""prompt_version"": ""v1"", ""persona"": ""course_taker""}"
"('africanandafricanamericanphilosophy', 'akanphilosophyoftheperson')",akan philosophy of the person,african and african-american philosophy,2,0,phd,v1,v1,"{""model"": ""open-mistral-nemo"", ""temperature"": 0, ""date"": ""2025-10-21T04:02:06.569376+00:00"", ""prompt_version"": ""v1"", ""persona"": ""phd""}"
"('africanandafricanamericanphilosophy', 'akanphilosophyoftheperson')",akan philosophy of the person,african and african-american philosophy,3,0,null,v1,v1,"{""model"": ""open-mistral-nemo"", ""temperature"": 0, ""date"": ""2025-10-21T04:02:08.004722+00:00"", ""prompt_version"": ""v1"", ""persona"": ""null""}"
"('epistemology', 'theoryofforms')",theory of forms,epistemology,2,0,expert,v1,v1,"{""model"": ""open-mistral-nemo"", ""temperature"": 0, ""date"": ""2025-10-21T04:02:09.382670+00:00"", ""prompt_version"": ""v1"", ""persona"": ""expert""}"
"('epistemology', 'theoryofforms')",theory of forms,epistemology,2,0,phd,v1,v1,"{""model"": ""open-mistral-nemo"", ""temperature"": 0, ""date"": ""2025-10-21T04:02:10.756450+00:00"", ""prompt_version"": ""v1"", ""persona"": ""phd""}"
"('epistemology', 'theoryofforms')",theory of forms,epistemology,3,0,null,v1,v1,"{""model"": ""open-mistral-nemo"", ""temperature"": 0, ""date"": ""2025-10-21T04:02:12.389803+00:00"", ""prompt_version"": ""v1"", ""persona"": ""null""}"
"('philosophyofscienceandthesciences', 'socialdimensionsofscientificknowledge')",social dimensions of scientific knowledge,philosophy of science and the sciences,3,0,expert,v1,v1,"{""model"": ""open-mistral-nemo"", ""temperature"": 0, ""date"": ""2025-10-21T04:02:13.765038+00:00"", ""prompt_version"": ""v1"", ""persona"": ""expert""}"
"('philosophyofscienceandthesciences', 'socialdimensionsofscientificknowledge')",social dimensions of scientific knowledge,philosophy of science and the sciences,3,0,phd,v1,v1,"{""model"": ""open-mistral-nemo"", ""temperature"": 0, ""date"": ""2025-10-21T04:02:15.186898+00:00"", ""prompt_version"": ""v1"", ""persona"": ""phd""}"
"('philosophyofscienceandthesciences', 'socialdimensionsofscientificknowledge')",social dimensions of scientific knowledge,philosophy of science and the sciences,3,0,null,v1,v1,"{""model"": ""open-mistral-nemo"", ""temperature"": 0, ""date"": ""2025-10-21T04:02:16.577562+00:00"", ""prompt_version"": ""v1"", ""persona"": ""null""}"
"('chinesephilosophy', 'chineseroomargument')",chinese room argument,chinese philosophy,2,-1,expert,v1,v1,"{""model"": ""open-mistral-nemo"", ""temperature"": 0, ""date"": ""2025-10-21T04:02:17.954223+00:00"", ""prompt_version"": ""v1"", ""persona"": ""expert""}"
"('chinesephilosophy', 'chineseroomargument')",chinese room argument,chinese philosophy,2,-1,phd,v1,v1,"{""model"": ""open-mistral-nemo"", ""temperature"": 0, ""date"": ""2025-10-21T04:02:20.469620+00:00"", ""prompt_version"": ""v1"", ""persona"": ""phd""}"
"('chinesephilosophy', 'chineseroomargument')",chinese room argument,chinese philosophy,2,0,null,v1,v1,"{""model"": ""open-mistral-nemo"", ""temperature"": 0, ""date"": ""2025-10-21T04:02:22.044043+00:00"", ""prompt_version"": ""v1"", ""persona"": ""null""}"
"('inherence', 'metaphysics')",inherence,metaphysics,4,0,expert,v1,v1,"{""model"": ""open-mistral-nemo"", ""temperature"": 0, ""date"": ""2025-10-21T04:02:23.554197+00:00"", ""prompt_version"": ""v1"", ""persona"": ""expert""}"
"('inherence', 'metaphysics')",inherence,metaphysics,2,0,phd,v1,v1,"{""model"": ""open-mistral-nemo"", ""temperature"": 0, ""date"": ""2025-10-21T04:02:24.897325+00:00"", ""prompt_version"": ""v1"", ""persona"": ""phd""}"
"('inherence', 'metaphysics')",inherence,metaphysics,2,0,null,v1,v1,"{""model"": ""open-mistral-nemo"", ""temperature"": 0, ""date"": ""2025-10-21T04:02:26.305684+00:00"", ""prompt_version"": ""v1"", ""persona"": ""null""}"
"('cosmologicalargumentsfortheexistenceofgod', 'philosophyofreligion')",cosmological arguments for the existence of god,philosophy of religion,4,0,expert,v1,v1,"{""model"": ""open-mistral-nemo"", ""temperature"": 0, ""date"": ""2025-10-21T04:02:27.702451+00:00"", ""prompt_version"": ""v1"", ""persona"": ""expert""}"
"('cosmologicalargumentsfortheexistenceofgod', 'philosophyofreligion')",cosmological arguments for the existence of god,philosophy of religion,4,0,phd,v1,v1,"{""model"": ""open-mistral-nemo"", ""temperature"": 0, ""date"": ""2025-10-21T04:02:29.138572+00:00"", ""prompt_version"": ""v1"", ""persona"": ""phd""}"
"('cosmologicalargumentsfortheexistenceofgod', 'philosophyofreligion')",cosmological arguments for the existence of god,philosophy of religion,4,0,null,v1,v1,"{""model"": ""open-mistral-nemo"", ""temperature"": 0, ""date"": ""2025-10-21T04:02:30.521332+00:00"", ""prompt_version"": ""v1"", ""persona"": ""null""}"
"('logic', 'philosophiesoftheparticularsciences')",philosophies of the particular sciences,logic,2,0,expert,v1,v1,"{""model"": ""open-mistral-nemo"", ""temperature"": 0, ""date"": ""2025-10-21T04:02:31.889321+00:00"", ""prompt_version"": ""v1"", ""persona"": ""expert""}"
"('logic', 'philosophiesoftheparticularsciences')",philosophies of the particular sciences,logic,2,0,phd,v1,v1,"{""model"": ""open-mistral-nemo"", ""temperature"": 0, ""date"": ""2025-10-21T04:02:33.248607+00:00"", ""prompt_version"": ""v1"", ""persona"": ""phd""}"
"('logic', 'philosophiesoftheparticularsciences')",philosophies of the particular sciences,logic,2,0,null,v1,v1,"{""model"": ""open-mistral-nemo"", ""temperature"": 0, ""date"": ""2025-10-21T04:02:34.593085+00:00"", ""prompt_version"": ""v1"", ""persona"": ""null""}"
"('analyticfeminism', 'epistemology')",analytic feminism,epistemology,3,0,expert,v1,v1,"{""model"": ""open-mistral-nemo"", ""temperature"": 0, ""date"": ""2025-10-21T04:02:36.044698+00:00"", ""prompt_version"": ""v1"", ""persona"": ""expert""}"
"('analyticfeminism', 'epistemology')",analytic feminism,epistemology,2,0,phd,v1,v1,"{""model"": ""open-mistral-nemo"", ""temperature"": 0, ""date"": ""2025-10-21T04:02:37.396416+00:00"", ""prompt_version"": ""v1"", ""persona"": ""phd""}"
"('analyticfeminism', 'epistemology')",analytic feminism,epistemology,3,0,null,v1,v1,"{""model"": ""open-mistral-nemo"", ""temperature"": 0, ""date"": ""2025-10-21T04:02:38.748693+00:00"", ""prompt_version"": ""v1"", ""persona"": ""null""}"
"('cognitivescience', 'perception')",cognitive science,perception,4,0,expert,v1,v1,"{""model"": ""open-mistral-nemo"", ""temperature"": 0, ""date"": ""2025-10-21T04:02:40.110567+00:00"", ""prompt_version"": ""v1"", ""persona"": ""expert""}"
"('cognitivescience', 'perception')",cognitive science,perception,4,1,phd,v1,v1,"{""model"": ""open-mistral-nemo"", ""temperature"": 0, ""date"": ""2025-10-21T04:02:41.451887+00:00"", ""prompt_version"": ""v1"", ""persona"": ""phd""}"
"('cognitivescience', 'perception')",cognitive science,perception,3,0,null,v1,v1,"{""model"": ""open-mistral-nemo"", ""temperature"": 0, ""date"": ""2025-10-21T04:02:42.788980+00:00"", ""prompt_version"": ""v1"", ""persona"": ""null""}"
"('confirmationandinduction', 'metaphysics')",confirmation and induction,metaphysics,1,-1,expert,v1,v1,"{""model"": ""open-mistral-nemo"", ""temperature"": 0, ""date"": ""2025-10-21T04:02:44.143502+00:00"", ""prompt_version"": ""v1"", ""persona"": ""expert""}"
"('confirmationandinduction', 'metaphysics')",confirmation and induction,metaphysics,1,-1,phd,v1,v1,"{""model"": ""open-mistral-nemo"", ""temperature"": 0, ""date"": ""2025-10-21T04:02:45.525488+00:00"", ""prompt_version"": ""v1"", ""persona"": ""phd""}"
"('confirmationandinduction', 'metaphysics')",confirmation and induction,metaphysics,2,0,null,v1,v1,"{""model"": ""open-mistral-nemo"", ""temperature"": 0, ""date"": ""2025-10-21T04:02:46.865543+00:00"", ""prompt_version"": ""v1"", ""persona"": ""null""}"
"('malebranchestheoryofideasandvisioningod', 'philosophyofmind')",malebranche's theory of ideas and vision in god,philosophy of mind,3,0,expert,v1,v1,"{""model"": ""open-mistral-nemo"", ""temperature"": 0, ""date"": ""2025-10-21T04:02:48.187660+00:00"", ""prompt_version"": ""v1"", ""persona"": ""expert""}"
"('malebranchestheoryofideasandvisioningod', 'philosophyofmind')",malebranche's theory of ideas and vision in god,philosophy of mind,2,0,phd,v1,v1,"{""model"": ""open-mistral-nemo"", ""temperature"": 0, ""date"": ""2025-10-21T04:02:49.520938+00:00"", ""prompt_version"": ""v1"", ""persona"": ""phd""}"
"('malebranchestheoryofideasandvisioningod', 'philosophyofmind')",malebranche's theory of ideas and vision in god,philosophy of mind,3,0,null,v1,v1,"{""model"": ""open-mistral-nemo"", ""temperature"": 0, ""date"": ""2025-10-21T04:02:50.889982+00:00"", ""prompt_version"": ""v1"", ""persona"": ""null""}"
"('philosophyofphysics', 'quantummechanics')",quantum mechanics,philosophy of physics,4,0,expert,v1,v1,"{""model"": ""open-mistral-nemo"", ""temperature"": 0, ""date"": ""2025-10-21T04:02:52.246005+00:00"", ""prompt_version"": ""v1"", ""persona"": ""expert""}"
"('philosophyofphysics', 'quantummechanics')",quantum mechanics,philosophy of physics,4,0,phd,v1,v1,"{""model"": ""open-mistral-nemo"", ""temperature"": 0, ""date"": ""2025-10-21T04:02:53.654561+00:00"", ""prompt_version"": ""v1"", ""persona"": ""phd""}"
"('philosophyofphysics', 'quantummechanics')",quantum mechanics,philosophy of physics,3,0,null,v1,v1,"{""model"": ""open-mistral-nemo"", ""temperature"": 0, ""date"": ""2025-10-21T04:02:55.297979+00:00"", ""prompt_version"": ""v1"", ""persona"": ""null""}"
"('relativism', 'truth')",relativism,truth,4,0,expert,v1,v1,"{""model"": ""open-mistral-nemo"", ""temperature"": 0, ""date"": ""2025-10-21T04:02:56.625236+00:00"", ""prompt_version"": ""v1"", ""persona"": ""expert""}"
"('relativism', 'truth')",relativism,truth,3,0,phd,v1,v1,"{""model"": ""open-mistral-nemo"", ""temperature"": 0, ""date"": ""2025-10-21T04:02:57.954293+00:00"", ""prompt_version"": ""v1"", ""persona"": ""phd""}"
"('relativism', 'truth')",relativism,truth,3,1,null,v1,v1,"{""model"": ""open-mistral-nemo"", ""temperature"": 0, ""date"": ""2025-10-21T04:02:59.315424+00:00"", ""prompt_version"": ""v1"", ""persona"": ""null""}"
"('philosophyofreligion', 'theism')",theism,philosophy of religion,4,0,expert,v1,v1,"{""model"": ""open-mistral-nemo"", ""temperature"": 0, ""date"": ""2025-10-21T04:03:02.013453+00:00"", ""prompt_version"": ""v1"", ""persona"": ""expert""}"
"('philosophyofreligion', 'theism')",theism,philosophy of religion,4,0,phd,v1,v1,"{""model"": ""open-mistral-nemo"", ""temperature"": 0, ""date"": ""2025-10-21T04:03:03.325797+00:00"", ""prompt_version"": ""v1"", ""persona"": ""phd""}"
"('philosophyofreligion', 'theism')",theism,philosophy of religion,4,0,null,v1,v1,"{""model"": ""open-mistral-nemo"", ""temperature"": 0, ""date"": ""2025-10-21T04:03:04.664217+00:00"", ""prompt_version"": ""v1"", ""persona"": ""null""}"
"('fregestheoremandfoundationsforarithmetic', 'philosophyoflaw')",frege's theorem and foundations for arithmetic,philosophy of law,2,0,course_taker,v1,v1,"{""model"": ""open-mistral-nemo"", ""temperature"": 0, ""date"": ""2025-10-21T04:03:05.996535+00:00"", ""prompt_version"": ""v1"", ""persona"": ""course_taker""}"
"('fregestheoremandfoundationsforarithmetic', 'philosophyoflaw')",frege's theorem and foundations for arithmetic,philosophy of law,2,0,phd,v1,v1,"{""model"": ""open-mistral-nemo"", ""temperature"": 0, ""date"": ""2025-10-21T04:03:07.356652+00:00"", ""prompt_version"": ""v1"", ""persona"": ""phd""}"
"('fregestheoremandfoundationsforarithmetic', 'philosophyoflaw')",frege's theorem and foundations for arithmetic,philosophy of law,2,-1,null,v1,v1,"{""model"": ""open-mistral-nemo"", ""temperature"": 0, ""date"": ""2025-10-21T04:03:08.680930+00:00"", ""prompt_version"": ""v1"", ""persona"": ""null""}"
"('futurecontingents', 'historyoflogic')",future contingents,history of logic,2,-1,novice,v1,v1,"{""model"": ""open-mistral-nemo"", ""temperature"": 0, ""date"": ""2025-10-21T04:03:10.045357+00:00"", ""prompt_version"": ""v1"", ""persona"": ""novice""}"
"('futurecontingents', 'historyoflogic')",future contingents,history of logic,2,-1,phd,v1,v1,"{""model"": ""open-mistral-nemo"", ""temperature"": 0, ""date"": ""2025-10-21T04:03:11.369831+00:00"", ""prompt_version"": ""v1"", ""persona"": ""phd""}"
"('futurecontingents', 'historyoflogic')",future contingents,history of logic,2,0,null,v1,v1,"{""model"": ""open-mistral-nemo"", ""temperature"": 0, ""date"": ""2025-10-21T04:03:12.797746+00:00"", ""prompt_version"": ""v1"", ""persona"": ""null""}"
"('nonconceptualcontent', 'perception')",non-conceptual content,perception,4,0,expert,v1,v1,"{""model"": ""open-mistral-nemo"", ""temperature"": 0, ""date"": ""2025-10-21T04:03:14.175326+00:00"", ""prompt_version"": ""v1"", ""persona"": ""expert""}"
"('nonconceptualcontent', 'perception')",non-conceptual content,perception,3,0,phd,v1,v1,"{""model"": ""open-mistral-nemo"", ""temperature"": 0, ""date"": ""2025-10-21T04:03:15.518750+00:00"", ""prompt_version"": ""v1"", ""persona"": ""phd""}"
"('nonconceptualcontent', 'perception')",non-conceptual content,perception,3,0,null,v1,v1,"{""model"": ""open-mistral-nemo"", ""temperature"": 0, ""date"": ""2025-10-21T04:03:16.885846+00:00"", ""prompt_version"": ""v1"", ""persona"": ""null""}"
"('foundationalisttheoriesofepistemicjustification', 'justification')",foundationalist theories of epistemic justification,justification,4,0,expert,v1,v1,"{""model"": ""open-mistral-nemo"", ""temperature"": 0, ""date"": ""2025-10-21T04:03:18.274837+00:00"", ""prompt_version"": ""v1"", ""persona"": ""expert""}"
"('foundationalisttheoriesofepistemicjustification', 'justification')",foundationalist theories of epistemic justification,justification,4,0,phd,v1,v1,"{""model"": ""open-mistral-nemo"", ""temperature"": 0, ""date"": ""2025-10-21T04:03:19.914793+00:00"", ""prompt_version"": ""v1"", ""persona"": ""phd""}"
"('foundationalisttheoriesofepistemicjustification', 'justification')",foundationalist theories of epistemic justification,justification,4,0,null,v1,v1,"{""model"": ""open-mistral-nemo"", ""temperature"": 0, ""date"": ""2025-10-21T04:03:21.286524+00:00"", ""prompt_version"": ""v1"", ""persona"": ""null""}"
"('philosophyofmind', 'selfconsciousness')",self-consciousness,philosophy of mind,4,0,expert,v1,v1,"{""model"": ""open-mistral-nemo"", ""temperature"": 0, ""date"": ""2025-10-21T04:03:22.790487+00:00"", ""prompt_version"": ""v1"", ""persona"": ""expert""}"
"('philosophyofmind', 'selfconsciousness')",self-consciousness,philosophy of mind,3,0,phd,v1,v1,"{""model"": ""open-mistral-nemo"", ""temperature"": 0, ""date"": ""2025-10-21T04:03:24.112395+00:00"", ""prompt_version"": ""v1"", ""persona"": ""phd""}"
"('philosophyofmind', 'selfconsciousness')",self-consciousness,philosophy of mind,3,0,null,v1,v1,"{""model"": ""open-mistral-nemo"", ""temperature"": 0, ""date"": ""2025-10-21T04:03:25.458457+00:00"", ""prompt_version"": ""v1"", ""persona"": ""null""}"
"('philosophyofcomputerscience', 'philosophyofmind')",philosophy of computer science,philosophy of mind,3,0,expert,v1,v1,"{""model"": ""open-mistral-nemo"", ""temperature"": 0, ""date"": ""2025-10-21T04:03:26.778865+00:00"", ""prompt_version"": ""v1"", ""persona"": ""expert""}"
"('philosophyofcomputerscience', 'philosophyofmind')",philosophy of computer science,philosophy of mind,3,0,phd,v1,v1,"{""model"": ""open-mistral-nemo"", ""temperature"": 0, ""date"": ""2025-10-21T04:03:28.215336+00:00"", ""prompt_version"": ""v1"", ""persona"": ""phd""}"
"('philosophyofcomputerscience', 'philosophyofmind')",philosophy of computer science,philosophy of mind,3,0,null,v1,v1,"{""model"": ""open-mistral-nemo"", ""temperature"": 0, ""date"": ""2025-10-21T04:03:29.553682+00:00"", ""prompt_version"": ""v1"", ""persona"": ""null""}"
"('artificialintelligence', 'philosophyofmind')",artificial intelligence,philosophy of mind,4,0,expert,v1,v1,"{""model"": ""open-mistral-nemo"", ""temperature"": 0, ""date"": ""2025-10-21T04:03:30.941289+00:00"", ""prompt_version"": ""v1"", ""persona"": ""expert""}"
"('artificialintelligence', 'philosophyofmind')",artificial intelligence,philosophy of mind,4,0,phd,v1,v1,"{""model"": ""open-mistral-nemo"", ""temperature"": 0, ""date"": ""2025-10-21T04:03:32.275770+00:00"", ""prompt_version"": ""v1"", ""persona"": ""phd""}"
"('artificialintelligence', 'philosophyofmind')",artificial intelligence,philosophy of mind,3,0,null,v1,v1,"{""model"": ""open-mistral-nemo"", ""temperature"": 0, ""date"": ""2025-10-21T04:03:33.654532+00:00"", ""prompt_version"": ""v1"", ""persona"": ""null""}"
"('animalconsciousness', 'consciousness')",animal consciousness,consciousness,4,0,expert,v1,v1,"{""model"": ""open-mistral-nemo"", ""temperature"": 0, ""date"": ""2025-10-21T04:03:35.025138+00:00"", ""prompt_version"": ""v1"", ""persona"": ""expert""}"
"('animalconsciousness', 'consciousness')",animal consciousness,consciousness,3,0,phd,v1,v1,"{""model"": ""open-mistral-nemo"", ""temperature"": 0, ""date"": ""2025-10-21T04:03:36.372504+00:00"", ""prompt_version"": ""v1"", ""persona"": ""phd""}"
"('animalconsciousness', 'consciousness')",animal consciousness,consciousness,3,0,null,v1,v1,"{""model"": ""open-mistral-nemo"", ""temperature"": 0, ""date"": ""2025-10-21T04:03:37.739891+00:00"", ""prompt_version"": ""v1"", ""persona"": ""null""}"
"('17thand18thcenturytheoriesofemotions', 'perception')",17th and 18th century theories of emotions,perception,2,0,expert,v1,v1,"{""model"": ""open-mistral-nemo"", ""temperature"": 0, ""date"": ""2025-10-21T04:03:39.070977+00:00"", ""prompt_version"": ""v1"", ""persona"": ""expert""}"
"('17thand18thcenturytheoriesofemotions', 'perception')",17th and 18th century theories of emotions,perception,2,-1,phd,v1,v1,"{""model"": ""open-mistral-nemo"", ""temperature"": 0, ""date"": ""2025-10-21T04:03:40.391710+00:00"", ""prompt_version"": ""v1"", ""persona"": ""phd""}"
"('17thand18thcenturytheoriesofemotions', 'perception')",17th and 18th century theories of emotions,perception,2,-1,null,v1,v1,"{""model"": ""open-mistral-nemo"", ""temperature"": 0, ""date"": ""2025-10-21T04:03:41.712155+00:00"", ""prompt_version"": ""v1"", ""persona"": ""null""}"
"('combininglogics', 'logic')",logic,combining logics,3,1,course_taker,v1,v1,"{""model"": ""open-mistral-nemo"", ""temperature"": 0, ""date"": ""2025-10-21T04:03:43.043154+00:00"", ""prompt_version"": ""v1"", ""persona"": ""course_taker""}"
"('combininglogics', 'logic')",logic,combining logics,4,1,phd,v1,v1,"{""model"": ""open-mistral-nemo"", ""temperature"": 0, ""date"": ""2025-10-21T04:03:44.377949+00:00"", ""prompt_version"": ""v1"", ""persona"": ""phd""}"
"('combininglogics', 'logic')",logic,combining logics,4,0,null,v1,v1,"{""model"": ""open-mistral-nemo"", ""temperature"": 0, ""date"": ""2025-10-21T04:03:45.708350+00:00"", ""prompt_version"": ""v1"", ""persona"": ""null""}"
"('consciousnessandscience', 'perception')",consciousness and science,perception,3,1,expert,v1,v1,"{""model"": ""open-mistral-nemo"", ""temperature"": 0, ""date"": ""2025-10-21T04:03:47.058066+00:00"", ""prompt_version"": ""v1"", ""persona"": ""expert""}"
"('consciousnessandscience', 'perception')",consciousness and science,perception,3,1,phd,v1,v1,"{""model"": ""open-mistral-nemo"", ""temperature"": 0, ""date"": ""2025-10-21T04:03:48.407121+00:00"", ""prompt_version"": ""v1"", ""persona"": ""phd""}"
"('consciousnessandscience', 'perception')",consciousness and science,perception,3,1,null,v1,v1,"{""model"": ""open-mistral-nemo"", ""temperature"": 0, ""date"": ""2025-10-21T04:03:49.819888+00:00"", ""prompt_version"": ""v1"", ""persona"": ""null""}"
"('epistemology', 'otherminds')",other minds,epistemology,3,0,expert,v1,v1,"{""model"": ""open-mistral-nemo"", ""temperature"": 0, ""date"": ""2025-10-21T04:03:51.132752+00:00"", ""prompt_version"": ""v1"", ""persona"": ""expert""}"
"('epistemology', 'otherminds')",other minds,epistemology,3,0,phd,v1,v1,"{""model"": ""open-mistral-nemo"", ""temperature"": 0, ""date"": ""2025-10-21T04:03:52.523208+00:00"", ""prompt_version"": ""v1"", ""persona"": ""phd""}"
"('epistemology', 'otherminds')",other minds,epistemology,2,-1,null,v1,v1,"{""model"": ""open-mistral-nemo"", ""temperature"": 0, ""date"": ""2025-10-21T04:03:53.876973+00:00"", ""prompt_version"": ""v1"", ""persona"": ""null""}"
"('mindbodyproblem', 'philosophyofmind')",mind-body problem,philosophy of mind,4,0,expert,v1,v1,"{""model"": ""open-mistral-nemo"", ""temperature"": 0, ""date"": ""2025-10-21T04:03:55.204058+00:00"", ""prompt_version"": ""v1"", ""persona"": ""expert""}"
"('mindbodyproblem', 'philosophyofmind')",mind-body problem,philosophy of mind,4,0,phd,v1,v1,"{""model"": ""open-mistral-nemo"", ""temperature"": 0, ""date"": ""2025-10-21T04:03:56.535105+00:00"", ""prompt_version"": ""v1"", ""persona"": ""phd""}"
"('mindbodyproblem', 'philosophyofmind')",mind-body problem,philosophy of mind,4,0,null,v1,v1,"{""model"": ""open-mistral-nemo"", ""temperature"": 0, ""date"": ""2025-10-21T04:03:57.905731+00:00"", ""prompt_version"": ""v1"", ""persona"": ""null""}"
"('existence', 'possibleworlds')",possible worlds,existence,3,0,expert,v1,v1,"{""model"": ""open-mistral-nemo"", ""temperature"": 0, ""date"": ""2025-10-21T04:03:59.254723+00:00"", ""prompt_version"": ""v1"", ""persona"": ""expert""}"
"('existence', 'possibleworlds')",possible worlds,existence,4,0,phd,v1,v1,"{""model"": ""open-mistral-nemo"", ""temperature"": 0, ""date"": ""2025-10-21T04:04:00.563723+00:00"", ""prompt_version"": ""v1"", ""persona"": ""phd""}"
"('existence', 'possibleworlds')",possible worlds,existence,2,1,null,v1,v1,"{""model"": ""open-mistral-nemo"", ""temperature"": 0, ""date"": ""2025-10-21T04:04:01.916610+00:00"", ""prompt_version"": ""v1"", ""persona"": ""null""}"
"('afterlife', 'incompatibilism')",incompatibilism,afterlife,2,0,expert,v1,v1,"{""model"": ""open-mistral-nemo"", ""temperature"": 0, ""date"": ""2025-10-21T04:04:03.252758+00:00"", ""prompt_version"": ""v1"", ""persona"": ""expert""}"
"('afterlife', 'incompatibilism')",incompatibilism,afterlife,1,-1,phd,v1,v1,"{""model"": ""open-mistral-nemo"", ""temperature"": 0, ""date"": ""2025-10-21T04:04:04.646073+00:00"", ""prompt_version"": ""v1"", ""persona"": ""phd""}"
"('afterlife', 'incompatibilism')",incompatibilism,afterlife,2,-1,null,v1,v1,"{""model"": ""open-mistral-nemo"", ""temperature"": 0, ""date"": ""2025-10-21T04:04:05.976640+00:00"", ""prompt_version"": ""v1"", ""persona"": ""null""}"
"('mathematicallogic', 'metaphysics')",mathematical logic,metaphysics,2,0,expert,v1,v1,"{""model"": ""open-mistral-nemo"", ""temperature"": 0, ""date"": ""2025-10-21T04:04:07.319020+00:00"", ""prompt_version"": ""v1"", ""persona"": ""expert""}"
"('mathematicallogic', 'metaphysics')",mathematical logic,metaphysics,2,0,phd,v1,v1,"{""model"": ""open-mistral-nemo"", ""temperature"": 0, ""date"": ""2025-10-21T04:04:08.672639+00:00"", ""prompt_version"": ""v1"", ""persona"": ""phd""}"
"('mathematicallogic', 'metaphysics')",mathematical logic,metaphysics,2,0,null,v1,v1,"{""model"": ""open-mistral-nemo"", ""temperature"": 0, ""date"": ""2025-10-21T04:04:10.102715+00:00"", ""prompt_version"": ""v1"", ""persona"": ""null""}"
"('animalconsciousness', 'philosophyofmind')",animal consciousness,philosophy of mind,4,0,expert,v1,v1,"{""model"": ""open-mistral-nemo"", ""temperature"": 0, ""date"": ""2025-10-21T04:04:11.536359+00:00"", ""prompt_version"": ""v1"", ""persona"": ""expert""}"
"('animalconsciousness', 'philosophyofmind')",animal consciousness,philosophy of mind,4,0,phd,v1,v1,"{""model"": ""open-mistral-nemo"", ""temperature"": 0, ""date"": ""2025-10-21T04:04:12.936716+00:00"", ""prompt_version"": ""v1"", ""persona"": ""phd""}"
"('animalconsciousness', 'philosophyofmind')",animal consciousness,philosophy of mind,3,0,null,v1,v1,"{""model"": ""open-mistral-nemo"", ""temperature"": 0, ""date"": ""2025-10-21T04:04:14.314974+00:00"", ""prompt_version"": ""v1"", ""persona"": ""null""}"
"('philosophyofmind', 'teleologicalargumentsforgodsexistence')",teleological arguments for god's existence,philosophy of mind,2,1,expert,v1,v1,"{""model"": ""open-mistral-nemo"", ""temperature"": 0, ""date"": ""2025-10-21T04:04:15.837054+00:00"", ""prompt_version"": ""v1"", ""persona"": ""expert""}"
"('philosophyofmind', 'teleologicalargumentsforgodsexistence')",teleological arguments for god's existence,philosophy of mind,1,-1,phd,v1,v1,"{""model"": ""open-mistral-nemo"", ""temperature"": 0, ""date"": ""2025-10-21T04:04:17.176361+00:00"", ""prompt_version"": ""v1"", ""persona"": ""phd""}"
"('philosophyofmind', 'teleologicalargumentsforgodsexistence')",teleological arguments for god's existence,philosophy of mind,2,0,null,v1,v1,"{""model"": ""open-mistral-nemo"", ""temperature"": 0, ""date"": ""2025-10-21T04:04:18.607657+00:00"", ""prompt_version"": ""v1"", ""persona"": ""null""}"
"('christiantheology', 'philosophyofreligion')",christian theology,philosophy of religion,4,0,expert,v1,v1,"{""model"": ""open-mistral-nemo"", ""temperature"": 0, ""date"": ""2025-10-21T04:04:19.958399+00:00"", ""prompt_version"": ""v1"", ""persona"": ""expert""}"
"('christiantheology', 'philosophyofreligion')",christian theology,philosophy of religion,4,0,phd,v1,v1,"{""model"": ""open-mistral-nemo"", ""temperature"": 0, ""date"": ""2025-10-21T04:04:21.306454+00:00"", ""prompt_version"": ""v1"", ""persona"": ""phd""}"
"('christiantheology', 'philosophyofreligion')",christian theology,philosophy of religion,4,0,null,v1,v1,"{""model"": ""open-mistral-nemo"", ""temperature"": 0, ""date"": ""2025-10-21T04:04:22.705681+00:00"", ""prompt_version"": ""v1"", ""persona"": ""null""}"
"('historicisttheoriesofrationality', 'philosophyofscienceandthesciences')",historicist theories of rationality,philosophy of science and the sciences,2,0,expert,v1,v1,"{""model"": ""open-mistral-nemo"", ""temperature"": 0, ""date"": ""2025-10-21T04:04:24.037928+00:00"", ""prompt_version"": ""v1"", ""persona"": ""expert""}"
"('historicisttheoriesofrationality', 'philosophyofscienceandthesciences')",historicist theories of rationality,philosophy of science and the sciences,3,0,phd,v1,v1,"{""model"": ""open-mistral-nemo"", ""temperature"": 0, ""date"": ""2025-10-21T04:04:25.387371+00:00"", ""prompt_version"": ""v1"", ""persona"": ""phd""}"
"('historicisttheoriesofrationality', 'philosophyofscienceandthesciences')",historicist theories of rationality,philosophy of science and the sciences,3,0,null,v1,v1,"{""model"": ""open-mistral-nemo"", ""temperature"": 0, ""date"": ""2025-10-21T04:04:26.765611+00:00"", ""prompt_version"": ""v1"", ""persona"": ""null""}"
"('explanation', 'philosophyofscienceandthesciences')",explanation,philosophy of science and the sciences,3,0,expert,v1,v1,"{""model"": ""open-mistral-nemo"", ""temperature"": 0, ""date"": ""2025-10-21T04:04:28.135359+00:00"", ""prompt_version"": ""v1"", ""persona"": ""expert""}"
"('explanation', 'philosophyofscienceandthesciences')",explanation,philosophy of science and the sciences,4,0,phd,v1,v1,"{""model"": ""open-mistral-nemo"", ""temperature"": 0, ""date"": ""2025-10-21T04:04:29.525021+00:00"", ""prompt_version"": ""v1"", ""persona"": ""phd""}"
"('explanation', 'philosophyofscienceandthesciences')",explanation,philosophy of science and the sciences,3,0,null,v1,v1,"{""model"": ""open-mistral-nemo"", ""temperature"": 0, ""date"": ""2025-10-21T04:04:30.878747+00:00"", ""prompt_version"": ""v1"", ""persona"": ""null""}"
"('modernphilosophy', 'perception')",modern philosophy,perception,2,1,expert,v1,v1,"{""model"": ""open-mistral-nemo"", ""temperature"": 0, ""date"": ""2025-10-21T04:04:32.252553+00:00"", ""prompt_version"": ""v1"", ""persona"": ""expert""}"
"('modernphilosophy', 'perception')",modern philosophy,perception,2,1,phd,v1,v1,"{""model"": ""open-mistral-nemo"", ""temperature"": 0, ""date"": ""2025-10-21T04:04:33.605279+00:00"", ""prompt_version"": ""v1"", ""persona"": ""phd""}"
"('modernphilosophy', 'perception')",modern philosophy,perception,3,1,null,v1,v1,"{""model"": ""open-mistral-nemo"", ""temperature"": 0, ""date"": ""2025-10-21T04:04:35.085641+00:00"", ""prompt_version"": ""v1"", ""persona"": ""null""}"
"('culture', 'philosophyofreligion')",culture,philosophy of religion,3,1,expert,v1,v1,"{""model"": ""open-mistral-nemo"", ""temperature"": 0, ""date"": ""2025-10-21T04:04:36.443496+00:00"", ""prompt_version"": ""v1"", ""persona"": ""expert""}"
"('culture', 'philosophyofreligion')",culture,philosophy of religion,3,1,phd,v1,v1,"{""model"": ""open-mistral-nemo"", ""temperature"": 0, ""date"": ""2025-10-21T04:04:38.218485+00:00"", ""prompt_version"": ""v1"", ""persona"": ""phd""}"
"('culture', 'philosophyofreligion')",culture,philosophy of religion,3,1,null,v1,v1,"{""model"": ""open-mistral-nemo"", ""temperature"": 0, ""date"": ""2025-10-21T04:04:39.720010+00:00"", ""prompt_version"": ""v1"", ""persona"": ""null""}"
"('mentalcontent', 'mentalrepresentation')",mental representation,mental content,4,2,expert,v1,v1,"{""model"": ""open-mistral-nemo"", ""temperature"": 0, ""date"": ""2025-10-21T04:04:41.159796+00:00"", ""prompt_version"": ""v1"", ""persona"": ""expert""}"
"('mentalcontent', 'mentalrepresentation')",mental representation,mental content,4,2,phd,v1,v1,"{""model"": ""open-mistral-nemo"", ""temperature"": 0, ""date"": ""2025-10-21T04:04:42.559889+00:00"", ""prompt_version"": ""v1"", ""persona"": ""phd""}"
"('mentalcontent', 'mentalrepresentation')",mental representation,mental content,4,2,null,v1,v1,"{""model"": ""open-mistral-nemo"", ""temperature"": 0, ""date"": ""2025-10-21T04:04:43.888726+00:00"", ""prompt_version"": ""v1"", ""persona"": ""null""}"
"('cognitivescience', 'connectionistmodel')",connectionist model,cognitive science,3,0,expert,v1,v1,"{""model"": ""open-mistral-nemo"", ""temperature"": 0, ""date"": ""2025-10-21T04:04:45.243613+00:00"", ""prompt_version"": ""v1"", ""persona"": ""expert""}"
"('cognitivescience', 'connectionistmodel')",connectionist model,cognitive science,3,0,phd,v1,v1,"{""model"": ""open-mistral-nemo"", ""temperature"": 0, ""date"": ""2025-10-21T04:04:46.578381+00:00"", ""prompt_version"": ""v1"", ""persona"": ""phd""}"
"('cognitivescience', 'connectionistmodel')",connectionist model,cognitive science,3,0,null,v1,v1,"{""model"": ""open-mistral-nemo"", ""temperature"": 0, ""date"": ""2025-10-21T04:04:47.976506+00:00"", ""prompt_version"": ""v1"", ""persona"": ""null""}"
"('epistemology', 'philosophyofmind')",philosophy of mind,epistemology,4,0,expert,v1,v1,"{""model"": ""open-mistral-nemo"", ""temperature"": 0, ""date"": ""2025-10-21T04:04:49.381641+00:00"", ""prompt_version"": ""v1"", ""persona"": ""expert""}"
"('epistemology', 'philosophyofmind')",philosophy of mind,epistemology,3,0,phd,v1,v1,"{""model"": ""open-mistral-nemo"", ""temperature"": 0, ""date"": ""2025-10-21T04:04:50.784317+00:00"", ""prompt_version"": ""v1"", ""persona"": ""phd""}"
"('epistemology', 'philosophyofmind')",philosophy of mind,epistemology,3,0,null,v1,v1,"{""model"": ""open-mistral-nemo"", ""temperature"": 0, ""date"": ""2025-10-21T04:04:52.152338+00:00"", ""prompt_version"": ""v1"", ""persona"": ""null""}"
"('conservationbiology', 'philosophyofscienceandthesciences')",conservation biology,philosophy of science and the sciences,2,0,expert,v1,v1,"{""model"": ""open-mistral-nemo"", ""temperature"": 0, ""date"": ""2025-10-21T04:04:53.461646+00:00"", ""prompt_version"": ""v1"", ""persona"": ""expert""}"
"('conservationbiology', 'philosophyofscienceandthesciences')",conservation biology,philosophy of science and the sciences,2,0,phd,v1,v1,"{""model"": ""open-mistral-nemo"", ""temperature"": 0, ""date"": ""2025-10-21T04:04:54.799699+00:00"", ""prompt_version"": ""v1"", ""persona"": ""phd""}"
"('conservationbiology', 'philosophyofscienceandthesciences')",conservation biology,philosophy of science and the sciences,2,0,null,v1,v1,"{""model"": ""open-mistral-nemo"", ""temperature"": 0, ""date"": ""2025-10-21T04:04:56.395229+00:00"", ""prompt_version"": ""v1"", ""persona"": ""null""}"
"('coherentisttheoriesofjustification', 'epistemology')",coherentist theories of justification,epistemology,4,0,expert,v1,v1,"{""model"": ""open-mistral-nemo"", ""temperature"": 0, ""date"": ""2025-10-21T04:04:59.718561+00:00"", ""prompt_version"": ""v1"", ""persona"": ""expert""}"
"('coherentisttheoriesofjustification', 'epistemology')",coherentist theories of justification,epistemology,3,0,phd,v1,v1,"{""model"": ""open-mistral-nemo"", ""temperature"": 0, ""date"": ""2025-10-21T04:05:01.081802+00:00"", ""prompt_version"": ""v1"", ""persona"": ""phd""}"
"('coherentisttheoriesofjustification', 'epistemology')",coherentist theories of justification,epistemology,4,0,null,v1,v1,"{""model"": ""open-mistral-nemo"", ""temperature"": 0, ""date"": ""2025-10-21T04:05:02.453595+00:00"", ""prompt_version"": ""v1"", ""persona"": ""null""}"
"('eliminativematerialism', 'philosophyofscienceandthesciences')",eliminative materialism,philosophy of science and the sciences,2,0,expert,v1,v1,"{""model"": ""open-mistral-nemo"", ""temperature"": 0, ""date"": ""2025-10-21T04:05:03.860857+00:00"", ""prompt_version"": ""v1"", ""persona"": ""expert""}"
"('eliminativematerialism', 'philosophyofscienceandthesciences')",eliminative materialism,philosophy of science and the sciences,2,0,phd,v1,v1,"{""model"": ""open-mistral-nemo"", ""temperature"": 0, ""date"": ""2025-10-21T04:05:05.211925+00:00"", ""prompt_version"": ""v1"", ""persona"": ""phd""}"
"('eliminativematerialism', 'philosophyofscienceandthesciences')",eliminative materialism,philosophy of science and the sciences,2,-1,null,v1,v1,"{""model"": ""open-mistral-nemo"", ""temperature"": 0, ""date"": ""2025-10-21T04:05:06.628825+00:00"", ""prompt_version"": ""v1"", ""persona"": ""null""}"
"('artificialintelligence', 'inputunit')",input unit,artificial intelligence,2,0,expert,v1,v1,"{""model"": ""open-mistral-nemo"", ""temperature"": 0, ""date"": ""2025-10-21T04:05:07.985001+00:00"", ""prompt_version"": ""v1"", ""persona"": ""expert""}"
"('artificialintelligence', 'inputunit')",input unit,artificial intelligence,2,0,phd,v1,v1,"{""model"": ""open-mistral-nemo"", ""temperature"": 0, ""date"": ""2025-10-21T04:05:09.334966+00:00"", ""prompt_version"": ""v1"", ""persona"": ""phd""}"
"('artificialintelligence', 'inputunit')",input unit,artificial intelligence,2,0,null,v1,v1,"{""model"": ""open-mistral-nemo"", ""temperature"": 0, ""date"": ""2025-10-21T04:05:10.729530+00:00"", ""prompt_version"": ""v1"", ""persona"": ""null""}"
"('lebensphilosophie', 'philosophyofreligion')",lebensphilosophie,philosophy of religion,2,0,expert,v1,v1,"{""model"": ""open-mistral-nemo"", ""temperature"": 0, ""date"": ""2025-10-21T04:05:12.155513+00:00"", ""prompt_version"": ""v1"", ""persona"": ""expert""}"
"('lebensphilosophie', 'philosophyofreligion')",lebensphilosophie,philosophy of religion,2,-1,phd,v1,v1,"{""model"": ""open-mistral-nemo"", ""temperature"": 0, ""date"": ""2025-10-21T04:05:13.496158+00:00"", ""prompt_version"": ""v1"", ""persona"": ""phd""}"
"('lebensphilosophie', 'philosophyofreligion')",lebensphilosophie,philosophy of religion,3,0,null,v1,v1,"{""model"": ""open-mistral-nemo"", ""temperature"": 0, ""date"": ""2025-10-21T04:05:14.859958+00:00"", ""prompt_version"": ""v1"", ""persona"": ""null""}"
"('perception', 'platoonknowledgeinthetheaetetus')",plato on knowledge in the theaetetus,perception,3,0,expert,v1,v1,"{""model"": ""open-mistral-nemo"", ""temperature"": 0, ""date"": ""2025-10-21T04:05:16.227253+00:00"", ""prompt_version"": ""v1"", ""persona"": ""expert""}"
"('perception', 'platoonknowledgeinthetheaetetus')",plato on knowledge in the theaetetus,perception,2,0,phd,v1,v1,"{""model"": ""open-mistral-nemo"", ""temperature"": 0, ""date"": ""2025-10-21T04:05:17.560991+00:00"", ""prompt_version"": ""v1"", ""persona"": ""phd""}"
"('perception', 'platoonknowledgeinthetheaetetus')",plato on knowledge in the theaetetus,perception,3,0,null,v1,v1,"{""model"": ""open-mistral-nemo"", ""temperature"": 0, ""date"": ""2025-10-21T04:05:18.938130+00:00"", ""prompt_version"": ""v1"", ""persona"": ""null""}"
"('cognitivescience', 'nativism')",nativism,cognitive science,2,0,expert,v1,v1,"{""model"": ""open-mistral-nemo"", ""temperature"": 0, ""date"": ""2025-10-21T04:05:20.282521+00:00"", ""prompt_version"": ""v1"", ""persona"": ""expert""}"
"('cognitivescience', 'nativism')",nativism,cognitive science,2,0,phd,v1,v1,"{""model"": ""open-mistral-nemo"", ""temperature"": 0, ""date"": ""2025-10-21T04:05:21.721324+00:00"", ""prompt_version"": ""v1"", ""persona"": ""phd""}"
"('cognitivescience', 'nativism')",nativism,cognitive science,1,-1,null,v1,v1,"{""model"": ""open-mistral-nemo"", ""temperature"": 0, ""date"": ""2025-10-21T04:05:23.141774+00:00"", ""prompt_version"": ""v1"", ""persona"": ""null""}"
"('conceptsofgod', 'philosophyofreligion')",concepts of god,philosophy of religion,4,0,expert,v1,v1,"{""model"": ""open-mistral-nemo"", ""temperature"": 0, ""date"": ""2025-10-21T04:05:24.529414+00:00"", ""prompt_version"": ""v1"", ""persona"": ""expert""}"
"('conceptsofgod', 'philosophyofreligion')",concepts of god,philosophy of religion,4,0,phd,v1,v1,"{""model"": ""open-mistral-nemo"", ""temperature"": 0, ""date"": ""2025-10-21T04:05:25.865548+00:00"", ""prompt_version"": ""v1"", ""persona"": ""phd""}"
"('conceptsofgod', 'philosophyofreligion')",concepts of god,philosophy of religion,4,0,null,v1,v1,"{""model"": ""open-mistral-nemo"", ""temperature"": 0, ""date"": ""2025-10-21T04:05:27.201066+00:00"", ""prompt_version"": ""v1"", ""persona"": ""null""}"
"('churchturingthesis', 'philosophyofcomputerscience')",philosophy of computer science,church-turing thesis,2,0,course_taker,v1,v1,"{""model"": ""open-mistral-nemo"", ""temperature"": 0, ""date"": ""2025-10-21T04:05:28.552644+00:00"", ""prompt_version"": ""v1"", ""persona"": ""course_taker""}"
"('churchturingthesis', 'philosophyofcomputerscience')",philosophy of computer science,church-turing thesis,2,0,phd,v1,v1,"{""model"": ""open-mistral-nemo"", ""temperature"": 0, ""date"": ""2025-10-21T04:05:29.889631+00:00"", ""prompt_version"": ""v1"", ""persona"": ""phd""}"
"('churchturingthesis', 'philosophyofcomputerscience')",philosophy of computer science,church-turing thesis,3,1,null,v1,v1,"{""model"": ""open-mistral-nemo"", ""temperature"": 0, ""date"": ""2025-10-21T04:05:31.299683+00:00"", ""prompt_version"": ""v1"", ""persona"": ""null""}"
"('hylomorphism', 'metaphysics')",hylomorphism,metaphysics,4,0,expert,v1,v1,"{""model"": ""open-mistral-nemo"", ""temperature"": 0, ""date"": ""2025-10-21T04:05:32.667462+00:00"", ""prompt_version"": ""v1"", ""persona"": ""expert""}"
"('hylomorphism', 'metaphysics')",hylomorphism,metaphysics,3,0,phd,v1,v1,"{""model"": ""open-mistral-nemo"", ""temperature"": 0, ""date"": ""2025-10-21T04:05:33.994161+00:00"", ""prompt_version"": ""v1"", ""persona"": ""phd""}"
"('hylomorphism', 'metaphysics')",hylomorphism,metaphysics,3,0,null,v1,v1,"{""model"": ""open-mistral-nemo"", ""temperature"": 0, ""date"": ""2025-10-21T04:05:35.360443+00:00"", ""prompt_version"": ""v1"", ""persona"": ""null""}"
"('cognitivescience', 'symbolicprocessing')",symbolic processing,cognitive science,3,0,expert,v1,v1,"{""model"": ""open-mistral-nemo"", ""temperature"": 0, ""date"": ""2025-10-21T04:05:36.845772+00:00"", ""prompt_version"": ""v1"", ""persona"": ""expert""}"
"('cognitivescience', 'symbolicprocessing')",symbolic processing,cognitive science,3,0,phd,v1,v1,"{""model"": ""open-mistral-nemo"", ""temperature"": 0, ""date"": ""2025-10-21T04:05:38.269558+00:00"", ""prompt_version"": ""v1"", ""persona"": ""phd""}"
"('cognitivescience', 'symbolicprocessing')",symbolic processing,cognitive science,3,0,null,v1,v1,"{""model"": ""open-mistral-nemo"", ""temperature"": 0, ""date"": ""2025-10-21T04:05:39.702682+00:00"", ""prompt_version"": ""v1"", ""persona"": ""null""}"
"('pacifism', 'philosophyofreligion')",pacifism,philosophy of religion,2,-1,expert,v1,v1,"{""model"": ""open-mistral-nemo"", ""temperature"": 0, ""date"": ""2025-10-21T04:05:41.151964+00:00"", ""prompt_version"": ""v1"", ""persona"": ""expert""}"
"('pacifism', 'philosophyofreligion')",pacifism,philosophy of religion,2,0,phd,v1,v1,"{""model"": ""open-mistral-nemo"", ""temperature"": 0, ""date"": ""2025-10-21T04:05:42.518679+00:00"", ""prompt_version"": ""v1"", ""persona"": ""phd""}"
"('pacifism', 'philosophyofreligion')",pacifism,philosophy of religion,2,-1,null,v1,v1,"{""model"": ""open-mistral-nemo"", ""temperature"": 0, ""date"": ""2025-10-21T04:05:43.863092+00:00"", ""prompt_version"": ""v1"", ""persona"": ""null""}"
"('epistemology', 'lawsofnature')",laws of nature,epistemology,2,1,expert,v1,v1,"{""model"": ""open-mistral-nemo"", ""temperature"": 0, ""date"": ""2025-10-21T04:05:45.247153+00:00"", ""prompt_version"": ""v1"", ""persona"": ""expert""}"
"('epistemology', 'lawsofnature')",laws of nature,epistemology,2,0,phd,v1,v1,"{""model"": ""open-mistral-nemo"", ""temperature"": 0, ""date"": ""2025-10-21T04:05:46.617610+00:00"", ""prompt_version"": ""v1"", ""persona"": ""phd""}"
"('epistemology', 'lawsofnature')",laws of nature,epistemology,2,1,null,v1,v1,"{""model"": ""open-mistral-nemo"", ""temperature"": 0, ""date"": ""2025-10-21T04:05:47.989627+00:00"", ""prompt_version"": ""v1"", ""persona"": ""null""}"
"('philosophyofmind', 'probabilityandstatistics')",probability and statistics,philosophy of mind,2,-1,expert,v1,v1,"{""model"": ""open-mistral-nemo"", ""temperature"": 0, ""date"": ""2025-10-21T04:05:49.430461+00:00"", ""prompt_version"": ""v1"", ""persona"": ""expert""}"
"('philosophyofmind', 'probabilityandstatistics')",probability and statistics,philosophy of mind,1,-1,phd,v1,v1,"{""model"": ""open-mistral-nemo"", ""temperature"": 0, ""date"": ""2025-10-21T04:05:50.862306+00:00"", ""prompt_version"": ""v1"", ""persona"": ""phd""}"
"('philosophyofmind', 'probabilityandstatistics')",probability and statistics,philosophy of mind,2,-1,null,v1,v1,"{""model"": ""open-mistral-nemo"", ""temperature"": 0, ""date"": ""2025-10-21T04:05:52.225146+00:00"", ""prompt_version"": ""v1"", ""persona"": ""null""}"
"('metaphysics', 'philosophyofperception')",philosophy of perception,metaphysics,2,0,expert,v1,v1,"{""model"": ""open-mistral-nemo"", ""temperature"": 0, ""date"": ""2025-10-21T04:05:53.610533+00:00"", ""prompt_version"": ""v1"", ""persona"": ""expert""}"
"('metaphysics', 'philosophyofperception')",philosophy of perception,metaphysics,2,0,phd,v1,v1,"{""model"": ""open-mistral-nemo"", ""temperature"": 0, ""date"": ""2025-10-21T04:05:54.952645+00:00"", ""prompt_version"": ""v1"", ""persona"": ""phd""}"
"('metaphysics', 'philosophyofperception')",philosophy of perception,metaphysics,3,0,null,v1,v1,"{""model"": ""open-mistral-nemo"", ""temperature"": 0, ""date"": ""2025-10-21T04:05:56.297284+00:00"", ""prompt_version"": ""v1"", ""persona"": ""null""}"
"('cognitivescience', 'modularity')",modularity,cognitive science,2,0,expert,v1,v1,"{""model"": ""open-mistral-nemo"", ""temperature"": 0, ""date"": ""2025-10-21T04:05:57.731643+00:00"", ""prompt_version"": ""v1"", ""persona"": ""expert""}"
"('cognitivescience', 'modularity')",modularity,cognitive science,2,0,phd,v1,v1,"{""model"": ""open-mistral-nemo"", ""temperature"": 0, ""date"": ""2025-10-21T04:05:59.158463+00:00"", ""prompt_version"": ""v1"", ""persona"": ""phd""}"
"('cognitivescience', 'modularity')",modularity,cognitive science,2,-1,null,v1,v1,"{""model"": ""open-mistral-nemo"", ""temperature"": 0, ""date"": ""2025-10-21T04:06:00.499723+00:00"", ""prompt_version"": ""v1"", ""persona"": ""null""}"
"('matter', 'metaphysics')",matter,metaphysics,2,0,expert,v1,v1,"{""model"": ""open-mistral-nemo"", ""temperature"": 0, ""date"": ""2025-10-21T04:06:01.930791+00:00"", ""prompt_version"": ""v1"", ""persona"": ""expert""}"
"('matter', 'metaphysics')",matter,metaphysics,2,0,phd,v1,v1,"{""model"": ""open-mistral-nemo"", ""temperature"": 0, ""date"": ""2025-10-21T04:06:03.273906+00:00"", ""prompt_version"": ""v1"", ""persona"": ""phd""}"
"('matter', 'metaphysics')",matter,metaphysics,2,1,null,v1,v1,"{""model"": ""open-mistral-nemo"", ""temperature"": 0, ""date"": ""2025-10-21T04:06:04.648787+00:00"", ""prompt_version"": ""v1"", ""persona"": ""null""}"
"('artificialintelligence', 'cognitivescience')",artificial intelligence,cognitive science,4,0,course_taker,v1,v1,"{""model"": ""open-mistral-nemo"", ""temperature"": 0, ""date"": ""2025-10-21T04:06:06.019613+00:00"", ""prompt_version"": ""v1"", ""persona"": ""course_taker""}"
"('artificialintelligence', 'cognitivescience')",artificial intelligence,cognitive science,4,0,expert,v1,v1,"{""model"": ""open-mistral-nemo"", ""temperature"": 0, ""date"": ""2025-10-21T04:06:07.392250+00:00"", ""prompt_version"": ""v1"", ""persona"": ""expert""}"
"('artificialintelligence', 'cognitivescience')",artificial intelligence,cognitive science,3,0,null,v1,v1,"{""model"": ""open-mistral-nemo"", ""temperature"": 0, ""date"": ""2025-10-21T04:06:08.784135+00:00"", ""prompt_version"": ""v1"", ""persona"": ""null""}"
"('cartesiandualism', 'dualism')",cartesian dualism,dualism,4,0,expert,v1,v1,"{""model"": ""open-mistral-nemo"", ""temperature"": 0, ""date"": ""2025-10-21T04:06:10.142155+00:00"", ""prompt_version"": ""v1"", ""persona"": ""expert""}"
"('cartesiandualism', 'dualism')",cartesian dualism,dualism,4,0,phd,v1,v1,"{""model"": ""open-mistral-nemo"", ""temperature"": 0, ""date"": ""2025-10-21T04:06:11.547222+00:00"", ""prompt_version"": ""v1"", ""persona"": ""phd""}"
"('cartesiandualism', 'dualism')",cartesian dualism,dualism,4,0,null,v1,v1,"{""model"": ""open-mistral-nemo"", ""temperature"": 0, ""date"": ""2025-10-21T04:06:12.910227+00:00"", ""prompt_version"": ""v1"", ""persona"": ""null""}"
"('definitionofmorality', 'philosophyofreligion')",definition of morality,philosophy of religion,2,0,expert,v1,v1,"{""model"": ""open-mistral-nemo"", ""temperature"": 0, ""date"": ""2025-10-21T04:06:14.268377+00:00"", ""prompt_version"": ""v1"", ""persona"": ""expert""}"
"('definitionofmorality', 'philosophyofreligion')",definition of morality,philosophy of religion,2,0,phd,v1,v1,"{""model"": ""open-mistral-nemo"", ""temperature"": 0, ""date"": ""2025-10-21T04:06:15.651592+00:00"", ""prompt_version"": ""v1"", ""persona"": ""phd""}"
"('definitionofmorality', 'philosophyofreligion')",definition of morality,philosophy of religion,2,1,null,v1,v1,"{""model"": ""open-mistral-nemo"", ""temperature"": 0, ""date"": ""2025-10-21T04:06:17.026289+00:00"", ""prompt_version"": ""v1"", ""persona"": ""null""}"
"('aesthetics', 'environmentalaesthetics')",environmental aesthetics,aesthetics,4,0,expert,v1,v1,"{""model"": ""open-mistral-nemo"", ""temperature"": 0, ""date"": ""2025-10-21T04:06:18.382239+00:00"", ""prompt_version"": ""v1"", ""persona"": ""expert""}"
"('aesthetics', 'environmentalaesthetics')",environmental aesthetics,aesthetics,3,0,phd,v1,v1,"{""model"": ""open-mistral-nemo"", ""temperature"": 0, ""date"": ""2025-10-21T04:06:19.726134+00:00"", ""prompt_version"": ""v1"", ""persona"": ""phd""}"
"('aesthetics', 'environmentalaesthetics')",environmental aesthetics,aesthetics,3,0,null,v1,v1,"{""model"": ""open-mistral-nemo"", ""temperature"": 0, ""date"": ""2025-10-21T04:06:21.064643+00:00"", ""prompt_version"": ""v1"", ""persona"": ""null""}"
"('leibnizsphilosophyofmind', 'philosophyofmind')",leibniz's philosophy of mind,philosophy of mind,4,0,expert,v1,v1,"{""model"": ""open-mistral-nemo"", ""temperature"": 0, ""date"": ""2025-10-21T04:06:22.760938+00:00"", ""prompt_version"": ""v1"", ""persona"": ""expert""}"
"('leibnizsphilosophyofmind', 'philosophyofmind')",leibniz's philosophy of mind,philosophy of mind,4,0,phd,v1,v1,"{""model"": ""open-mistral-nemo"", ""temperature"": 0, ""date"": ""2025-10-21T04:06:24.153236+00:00"", ""prompt_version"": ""v1"", ""persona"": ""phd""}"
"('leibnizsphilosophyofmind', 'philosophyofmind')",leibniz's philosophy of mind,philosophy of mind,4,0,null,v1,v1,"{""model"": ""open-mistral-nemo"", ""temperature"": 0, ""date"": ""2025-10-21T04:06:25.558221+00:00"", ""prompt_version"": ""v1"", ""persona"": ""null""}"
"('descartesmodalmetaphysics', 'metaphysics')",descartes' modal metaphysics,metaphysics,4,0,expert,v1,v1,"{""model"": ""open-mistral-nemo"", ""temperature"": 0, ""date"": ""2025-10-21T04:06:27.009924+00:00"", ""prompt_version"": ""v1"", ""persona"": ""expert""}"
"('descartesmodalmetaphysics', 'metaphysics')",descartes' modal metaphysics,metaphysics,4,0,phd,v1,v1,"{""model"": ""open-mistral-nemo"", ""temperature"": 0, ""date"": ""2025-10-21T04:06:28.451575+00:00"", ""prompt_version"": ""v1"", ""persona"": ""phd""}"
"('descartesmodalmetaphysics', 'metaphysics')",descartes' modal metaphysics,metaphysics,4,0,null,v1,v1,"{""model"": ""open-mistral-nemo"", ""temperature"": 0, ""date"": ""2025-10-21T04:06:29.877395+00:00"", ""prompt_version"": ""v1"", ""persona"": ""null""}"
"('logic', 'philosophyoflanguage')",logic,philosophy of language,3,0,course_taker,v1,v1,"{""model"": ""open-mistral-nemo"", ""temperature"": 0, ""date"": ""2025-10-21T04:06:31.311099+00:00"", ""prompt_version"": ""v1"", ""persona"": ""course_taker""}"
"('logic', 'philosophyoflanguage')",logic,philosophy of language,3,0,phd,v1,v1,"{""model"": ""open-mistral-nemo"", ""temperature"": 0, ""date"": ""2025-10-21T04:06:32.684899+00:00"", ""prompt_version"": ""v1"", ""persona"": ""phd""}"
"('logic', 'philosophyoflanguage')",logic,philosophy of language,3,0,null,v1,v1,"{""model"": ""open-mistral-nemo"", ""temperature"": 0, ""date"": ""2025-10-21T04:06:35.151592+00:00"", ""prompt_version"": ""v1"", ""persona"": ""null""}"
"('atomism', 'philosophyofchemistry')",atomism,philosophy of chemistry,3,0,expert,v1,v1,"{""model"": ""open-mistral-nemo"", ""temperature"": 0, ""date"": ""2025-10-21T04:06:36.504531+00:00"", ""prompt_version"": ""v1"", ""persona"": ""expert""}"
"('atomism', 'philosophyofchemistry')",atomism,philosophy of chemistry,3,0,phd,v1,v1,"{""model"": ""open-mistral-nemo"", ""temperature"": 0, ""date"": ""2025-10-21T04:06:37.866117+00:00"", ""prompt_version"": ""v1"", ""persona"": ""phd""}"
"('atomism', 'philosophyofchemistry')",atomism,philosophy of chemistry,3,0,null,v1,v1,"{""model"": ""open-mistral-nemo"", ""temperature"": 0, ""date"": ""2025-10-21T04:06:40.624780+00:00"", ""prompt_version"": ""v1"", ""persona"": ""null""}"
"('philosophyofbiology', 'philosophyofscience')",philosophy of biology,philosophy of science,4,0,expert,v1,v1,"{""model"": ""open-mistral-nemo"", ""temperature"": 0, ""date"": ""2025-10-21T04:06:42.018396+00:00"", ""prompt_version"": ""v1"", ""persona"": ""expert""}"
"('philosophyofbiology', 'philosophyofscience')",philosophy of biology,philosophy of science,4,0,phd,v1,v1,"{""model"": ""open-mistral-nemo"", ""temperature"": 0, ""date"": ""2025-10-21T04:06:43.352664+00:00"", ""prompt_version"": ""v1"", ""persona"": ""phd""}"
"('philosophyofbiology', 'philosophyofscience')",philosophy of biology,philosophy of science,4,0,null,v1,v1,"{""model"": ""open-mistral-nemo"", ""temperature"": 0, ""date"": ""2025-10-21T04:06:44.733975+00:00"", ""prompt_version"": ""v1"", ""persona"": ""null""}"
"('molecularbiology', 'philosophyofscienceandthesciences')",molecular biology,philosophy of science and the sciences,2,0,expert,v1,v1,"{""model"": ""open-mistral-nemo"", ""temperature"": 0, ""date"": ""2025-10-21T04:06:46.050473+00:00"", ""prompt_version"": ""v1"", ""persona"": ""expert""}"
"('molecularbiology', 'philosophyofscienceandthesciences')",molecular biology,philosophy of science and the sciences,2,0,phd,v1,v1,"{""model"": ""open-mistral-nemo"", ""temperature"": 0, ""date"": ""2025-10-21T04:06:47.384822+00:00"", ""prompt_version"": ""v1"", ""persona"": ""phd""}"
"('molecularbiology', 'philosophyofscienceandthesciences')",molecular biology,philosophy of science and the sciences,2,0,null,v1,v1,"{""model"": ""open-mistral-nemo"", ""temperature"": 0, ""date"": ""2025-10-21T04:06:49.048453+00:00"", ""prompt_version"": ""v1"", ""persona"": ""null""}"
"('epistemology', 'induction')",induction,epistemology,3,0,expert,v1,v1,"{""model"": ""open-mistral-nemo"", ""temperature"": 0, ""date"": ""2025-10-21T04:06:50.389303+00:00"", ""prompt_version"": ""v1"", ""persona"": ""expert""}"
"('epistemology', 'induction')",induction,epistemology,3,0,phd,v1,v1,"{""model"": ""open-mistral-nemo"", ""temperature"": 0, ""date"": ""2025-10-21T04:06:51.807515+00:00"", ""prompt_version"": ""v1"", ""persona"": ""phd""}"
"('epistemology', 'induction')",induction,epistemology,3,0,null,v1,v1,"{""model"": ""open-mistral-nemo"", ""temperature"": 0, ""date"": ""2025-10-21T04:06:53.201483+00:00"", ""prompt_version"": ""v1"", ""persona"": ""null""}"
"('causeandeffect', 'metaphysics')",cause and effect,metaphysics,3,0,expert,v1,v1,"{""model"": ""open-mistral-nemo"", ""temperature"": 0, ""date"": ""2025-10-21T04:06:54.547578+00:00"", ""prompt_version"": ""v1"", ""persona"": ""expert""}"
"('causeandeffect', 'metaphysics')",cause and effect,metaphysics,3,0,phd,v1,v1,"{""model"": ""open-mistral-nemo"", ""temperature"": 0, ""date"": ""2025-10-21T04:06:55.896784+00:00"", ""prompt_version"": ""v1"", ""persona"": ""phd""}"
"('causeandeffect', 'metaphysics')",cause and effect,metaphysics,2,0,null,v1,v1,"{""model"": ""open-mistral-nemo"", ""temperature"": 0, ""date"": ""2025-10-21T04:06:57.269122+00:00"", ""prompt_version"": ""v1"", ""persona"": ""null""}"
"('metaphysics', 'metaphysicsofmind')",metaphysics,metaphysics of mind,4,0,expert,v1,v1,"{""model"": ""open-mistral-nemo"", ""temperature"": 0, ""date"": ""2025-10-21T04:06:59.790142+00:00"", ""prompt_version"": ""v1"", ""persona"": ""expert""}"
"('metaphysics', 'metaphysicsofmind')",metaphysics,metaphysics of mind,4,1,phd,v1,v1,"{""model"": ""open-mistral-nemo"", ""temperature"": 0, ""date"": ""2025-10-21T04:07:01.417671+00:00"", ""prompt_version"": ""v1"", ""persona"": ""phd""}"
"('metaphysics', 'metaphysicsofmind')",metaphysics,metaphysics of mind,4,0,null,v1,v1,"{""model"": ""open-mistral-nemo"", ""temperature"": 0, ""date"": ""2025-10-21T04:07:02.858645+00:00"", ""prompt_version"": ""v1"", ""persona"": ""null""}"
"('contextualism', 'epistemology')",contextualism,epistemology,4,0,expert,v1,v1,"{""model"": ""open-mistral-nemo"", ""temperature"": 0, ""date"": ""2025-10-21T04:07:04.283778+00:00"", ""prompt_version"": ""v1"", ""persona"": ""expert""}"
"('contextualism', 'epistemology')",contextualism,epistemology,4,0,phd,v1,v1,"{""model"": ""open-mistral-nemo"", ""temperature"": 0, ""date"": ""2025-10-21T04:07:05.653072+00:00"", ""prompt_version"": ""v1"", ""persona"": ""phd""}"
"('contextualism', 'epistemology')",contextualism,epistemology,4,0,null,v1,v1,"{""model"": ""open-mistral-nemo"", ""temperature"": 0, ""date"": ""2025-10-21T04:07:06.968754+00:00"", ""prompt_version"": ""v1"", ""persona"": ""null""}"
"('18thcenturybritishaesthetics', 'philosophyofmind')",18th century british aesthetics,philosophy of mind,2,0,expert,v1,v1,"{""model"": ""open-mistral-nemo"", ""temperature"": 0, ""date"": ""2025-10-21T04:07:08.308639+00:00"", ""prompt_version"": ""v1"", ""persona"": ""expert""}"
"('18thcenturybritishaesthetics', 'philosophyofmind')",18th century british aesthetics,philosophy of mind,1,-1,phd,v1,v1,"{""model"": ""open-mistral-nemo"", ""temperature"": 0, ""date"": ""2025-10-21T04:07:09.659135+00:00"", ""prompt_version"": ""v1"", ""persona"": ""phd""}"
"('18thcenturybritishaesthetics', 'philosophyofmind')",18th century british aesthetics,philosophy of mind,2,-1,null,v1,v1,"{""model"": ""open-mistral-nemo"", ""temperature"": 0, ""date"": ""2025-10-21T04:07:11.148604+00:00"", ""prompt_version"": ""v1"", ""persona"": ""null""}"
"('metaphysics', 'propernames')",proper names,metaphysics,2,0,expert,v1,v1,"{""model"": ""open-mistral-nemo"", ""temperature"": 0, ""date"": ""2025-10-21T04:07:12.635231+00:00"", ""prompt_version"": ""v1"", ""persona"": ""expert""}"
"('metaphysics', 'propernames')",proper names,metaphysics,2,0,phd,v1,v1,"{""model"": ""open-mistral-nemo"", ""temperature"": 0, ""date"": ""2025-10-21T04:07:15.269435+00:00"", ""prompt_version"": ""v1"", ""persona"": ""phd""}"
"('metaphysics', 'propernames')",proper names,metaphysics,1,-1,null,v1,v1,"{""model"": ""open-mistral-nemo"", ""temperature"": 0, ""date"": ""2025-10-21T04:07:16.616568+00:00"", ""prompt_version"": ""v1"", ""persona"": ""null""}"
"('panpsychism', 'philosophyofmind')",panpsychism,philosophy of mind,4,0,expert,v1,v1,"{""model"": ""open-mistral-nemo"", ""temperature"": 0, ""date"": ""2025-10-21T04:07:17.939679+00:00"", ""prompt_version"": ""v1"", ""persona"": ""expert""}"
"('panpsychism', 'philosophyofmind')",panpsychism,philosophy of mind,4,0,phd,v1,v1,"{""model"": ""open-mistral-nemo"", ""temperature"": 0, ""date"": ""2025-10-21T04:07:19.281431+00:00"", ""prompt_version"": ""v1"", ""persona"": ""phd""}"
"('panpsychism', 'philosophyofmind')",panpsychism,philosophy of mind,4,0,null,v1,v1,"{""model"": ""open-mistral-nemo"", ""temperature"": 0, ""date"": ""2025-10-21T04:07:20.639591+00:00"", ""prompt_version"": ""v1"", ""persona"": ""null""}"
"('philosophyofreligion', 'religionandpolitics')",religion and politics,philosophy of religion,4,1,expert,v1,v1,"{""model"": ""open-mistral-nemo"", ""temperature"": 0, ""date"": ""2025-10-21T04:07:21.971416+00:00"", ""prompt_version"": ""v1"", ""persona"": ""expert""}"
"('philosophyofreligion', 'religionandpolitics')",religion and politics,philosophy of religion,3,1,phd,v1,v1,"{""model"": ""open-mistral-nemo"", ""temperature"": 0, ""date"": ""2025-10-21T04:07:23.337790+00:00"", ""prompt_version"": ""v1"", ""persona"": ""phd""}"
"('philosophyofreligion', 'religionandpolitics')",religion and politics,philosophy of religion,3,1,null,v1,v1,"{""model"": ""open-mistral-nemo"", ""temperature"": 0, ""date"": ""2025-10-21T04:07:24.668898+00:00"", ""prompt_version"": ""v1"", ""persona"": ""null""}"
"('18thcenturygermanaesthetics', 'perception')",18th century german aesthetics,perception,3,0,expert,v1,v1,"{""model"": ""open-mistral-nemo"", ""temperature"": 0, ""date"": ""2025-10-21T04:07:26.012487+00:00"", ""prompt_version"": ""v1"", ""persona"": ""expert""}"
"('18thcenturygermanaesthetics', 'perception')",18th century german aesthetics,perception,2,0,phd,v1,v1,"{""model"": ""open-mistral-nemo"", ""temperature"": 0, ""date"": ""2025-10-21T04:07:27.534526+00:00"", ""prompt_version"": ""v1"", ""persona"": ""phd""}"
"('18thcenturygermanaesthetics', 'perception')",18th century german aesthetics,perception,2,0,null,v1,v1,"{""model"": ""open-mistral-nemo"", ""temperature"": 0, ""date"": ""2025-10-21T04:07:28.906618+00:00"", ""prompt_version"": ""v1"", ""persona"": ""null""}"
"('knowledge', 'platoonknowledgeinthetheaetetus')",plato on knowledge in the theaetetus,knowledge,4,0,expert,v1,v1,"{""model"": ""open-mistral-nemo"", ""temperature"": 0, ""date"": ""2025-10-21T04:07:30.295397+00:00"", ""prompt_version"": ""v1"", ""persona"": ""expert""}"
"('knowledge', 'platoonknowledgeinthetheaetetus')",plato on knowledge in the theaetetus,knowledge,4,0,phd,v1,v1,"{""model"": ""open-mistral-nemo"", ""temperature"": 0, ""date"": ""2025-10-21T04:07:31.639312+00:00"", ""prompt_version"": ""v1"", ""persona"": ""phd""}"
"('knowledge', 'platoonknowledgeinthetheaetetus')",plato on knowledge in the theaetetus,knowledge,3,0,null,v1,v1,"{""model"": ""open-mistral-nemo"", ""temperature"": 0, ""date"": ""2025-10-21T04:07:32.987065+00:00"", ""prompt_version"": ""v1"", ""persona"": ""null""}"
"('appliedethics', 'bioethics')",bioethics,applied ethics,4,0,expert,v1,v1,"{""model"": ""open-mistral-nemo"", ""temperature"": 0, ""date"": ""2025-10-21T04:07:34.392789+00:00"", ""prompt_version"": ""v1"", ""persona"": ""expert""}"
"('appliedethics', 'bioethics')",bioethics,applied ethics,4,0,phd,v1,v1,"{""model"": ""open-mistral-nemo"", ""temperature"": 0, ""date"": ""2025-10-21T04:07:35.739442+00:00"", ""prompt_version"": ""v1"", ""persona"": ""phd""}"
"('appliedethics', 'bioethics')",bioethics,applied ethics,3,0,null,v1,v1,"{""model"": ""open-mistral-nemo"", ""temperature"": 0, ""date"": ""2025-10-21T04:07:37.070016+00:00"", ""prompt_version"": ""v1"", ""persona"": ""null""}"
"('gettierproblem', 'perception')",gettier problem,perception,2,-1,expert,v1,v1,"{""model"": ""open-mistral-nemo"", ""temperature"": 0, ""date"": ""2025-10-21T04:07:38.494933+00:00"", ""prompt_version"": ""v1"", ""persona"": ""expert""}"
"('gettierproblem', 'perception')",gettier problem,perception,2,0,phd,v1,v1,"{""model"": ""open-mistral-nemo"", ""temperature"": 0, ""date"": ""2025-10-21T04:07:39.919918+00:00"", ""prompt_version"": ""v1"", ""persona"": ""phd""}"
"('gettierproblem', 'perception')",gettier problem,perception,2,-1,null,v1,v1,"{""model"": ""open-mistral-nemo"", ""temperature"": 0, ""date"": ""2025-10-21T04:07:41.349340+00:00"", ""prompt_version"": ""v1"", ""persona"": ""null""}"
"('chinesephilosophy', 'mohism')",mohism,chinese philosophy,4,0,novice,v1,v1,"{""model"": ""open-mistral-nemo"", ""temperature"": 0, ""date"": ""2025-10-21T04:07:42.744632+00:00"", ""prompt_version"": ""v1"", ""persona"": ""novice""}"
"('chinesephilosophy', 'mohism')",mohism,chinese philosophy,4,0,phd,v1,v1,"{""model"": ""open-mistral-nemo"", ""temperature"": 0, ""date"": ""2025-10-21T04:07:44.131370+00:00"", ""prompt_version"": ""v1"", ""persona"": ""phd""}"
"('chinesephilosophy', 'mohism')",mohism,chinese philosophy,3,0,null,v1,v1,"{""model"": ""open-mistral-nemo"", ""temperature"": 0, ""date"": ""2025-10-21T04:07:45.560330+00:00"", ""prompt_version"": ""v1"", ""persona"": ""null""}"
"('artificialintelligence', 'computationandrepresentation')",computation and representation,artificial intelligence,4,0,expert,v1,v1,"{""model"": ""open-mistral-nemo"", ""temperature"": 0, ""date"": ""2025-10-21T04:07:46.886182+00:00"", ""prompt_version"": ""v1"", ""persona"": ""expert""}"
"('artificialintelligence', 'computationandrepresentation')",computation and representation,artificial intelligence,4,0,phd,v1,v1,"{""model"": ""open-mistral-nemo"", ""temperature"": 0, ""date"": ""2025-10-21T04:07:48.232942+00:00"", ""prompt_version"": ""v1"", ""persona"": ""phd""}"
"('artificialintelligence', 'computationandrepresentation')",computation and representation,artificial intelligence,4,0,null,v1,v1,"{""model"": ""open-mistral-nemo"", ""temperature"": 0, ""date"": ""2025-10-21T04:07:49.656694+00:00"", ""prompt_version"": ""v1"", ""persona"": ""null""}"
"('epistemologicalproblemsofmemory', 'epistemology')",epistemological problems of memory,epistemology,4,0,expert,v1,v1,"{""model"": ""open-mistral-nemo"", ""temperature"": 0, ""date"": ""2025-10-21T04:07:50.983338+00:00"", ""prompt_version"": ""v1"", ""persona"": ""expert""}"
"('epistemologicalproblemsofmemory', 'epistemology')",epistemological problems of memory,epistemology,4,0,phd,v1,v1,"{""model"": ""open-mistral-nemo"", ""temperature"": 0, ""date"": ""2025-10-21T04:07:52.317550+00:00"", ""prompt_version"": ""v1"", ""persona"": ""phd""}"
"('epistemologicalproblemsofmemory', 'epistemology')",epistemological problems of memory,epistemology,4,0,null,v1,v1,"{""model"": ""open-mistral-nemo"", ""temperature"": 0, ""date"": ""2025-10-21T04:07:53.667762+00:00"", ""prompt_version"": ""v1"", ""persona"": ""null""}"
"('mentalcontent', 'teleologicaltheoriesofmentalcontent')",teleological theories of mental content,mental content,4,0,expert,v1,v1,"{""model"": ""open-mistral-nemo"", ""temperature"": 0, ""date"": ""2025-10-21T04:07:55.042009+00:00"", ""prompt_version"": ""v1"", ""persona"": ""expert""}"
"('mentalcontent', 'teleologicaltheoriesofmentalcontent')",teleological theories of mental content,mental content,4,0,phd,v1,v1,"{""model"": ""open-mistral-nemo"", ""temperature"": 0, ""date"": ""2025-10-21T04:07:56.416918+00:00"", ""prompt_version"": ""v1"", ""persona"": ""phd""}"
"('mentalcontent', 'teleologicaltheoriesofmentalcontent')",teleological theories of mental content,mental content,4,0,null,v1,v1,"{""model"": ""open-mistral-nemo"", ""temperature"": 0, ""date"": ""2025-10-21T04:07:57.780448+00:00"", ""prompt_version"": ""v1"", ""persona"": ""null""}"
"('confirmationandinduction', 'epistemology')",confirmation and induction,epistemology,3,0,expert,v1,v1,"{""model"": ""open-mistral-nemo"", ""temperature"": 0, ""date"": ""2025-10-21T04:07:59.174865+00:00"", ""prompt_version"": ""v1"", ""persona"": ""expert""}"
"('confirmationandinduction', 'epistemology')",confirmation and induction,epistemology,3,0,phd,v1,v1,"{""model"": ""open-mistral-nemo"", ""temperature"": 0, ""date"": ""2025-10-21T04:08:00.541721+00:00"", ""prompt_version"": ""v1"", ""persona"": ""phd""}"
"('confirmationandinduction', 'epistemology')",confirmation and induction,epistemology,3,0,null,v1,v1,"{""model"": ""open-mistral-nemo"", ""temperature"": 0, ""date"": ""2025-10-21T04:08:01.890067+00:00"", ""prompt_version"": ""v1"", ""persona"": ""null""}"
"('islamicphilosophy', 'philosophyofreligion')",islamic philosophy,philosophy of religion,4,0,expert,v1,v1,"{""model"": ""open-mistral-nemo"", ""temperature"": 0, ""date"": ""2025-10-21T04:08:03.230241+00:00"", ""prompt_version"": ""v1"", ""persona"": ""expert""}"
"('islamicphilosophy', 'philosophyofreligion')",islamic philosophy,philosophy of religion,4,0,phd,v1,v1,"{""model"": ""open-mistral-nemo"", ""temperature"": 0, ""date"": ""2025-10-21T04:08:04.569712+00:00"", ""prompt_version"": ""v1"", ""persona"": ""phd""}"
"('islamicphilosophy', 'philosophyofreligion')",islamic philosophy,philosophy of religion,3,0,null,v1,v1,"{""model"": ""open-mistral-nemo"", ""temperature"": 0, ""date"": ""2025-10-21T04:08:06.042039+00:00"", ""prompt_version"": ""v1"", ""persona"": ""null""}"
"('boltzmannsworkinstatisticalphysics', 'philosophyofscienceandthesciences')",boltzmann's work in statistical physics,philosophy of science and the sciences,2,0,expert,v1,v1,"{""model"": ""open-mistral-nemo"", ""temperature"": 0, ""date"": ""2025-10-21T04:08:07.437674+00:00"", ""prompt_version"": ""v1"", ""persona"": ""expert""}"
"('boltzmannsworkinstatisticalphysics', 'philosophyofscienceandthesciences')",boltzmann's work in statistical physics,philosophy of science and the sciences,2,0,phd,v1,v1,"{""model"": ""open-mistral-nemo"", ""temperature"": 0, ""date"": ""2025-10-21T04:08:08.792633+00:00"", ""prompt_version"": ""v1"", ""persona"": ""phd""}"
"('boltzmannsworkinstatisticalphysics', 'philosophyofscienceandthesciences')",boltzmann's work in statistical physics,philosophy of science and the sciences,2,0,null,v1,v1,"{""model"": ""open-mistral-nemo"", ""temperature"": 0, ""date"": ""2025-10-21T04:08:10.242779+00:00"", ""prompt_version"": ""v1"", ""persona"": ""null""}"
"('formsofgovernment', 'philosophyofreligion')",forms of government,philosophy of religion,2,-1,expert,v1,v1,"{""model"": ""open-mistral-nemo"", ""temperature"": 0, ""date"": ""2025-10-21T04:08:11.671945+00:00"", ""prompt_version"": ""v1"", ""persona"": ""expert""}"
"('formsofgovernment', 'philosophyofreligion')",forms of government,philosophy of religion,2,1,phd,v1,v1,"{""model"": ""open-mistral-nemo"", ""temperature"": 0, ""date"": ""2025-10-21T04:08:13.078854+00:00"", ""prompt_version"": ""v1"", ""persona"": ""phd""}"
"('formsofgovernment', 'philosophyofreligion')",forms of government,philosophy of religion,1,-1,null,v1,v1,"{""model"": ""open-mistral-nemo"", ""temperature"": 0, ""date"": ""2025-10-21T04:08:14.443518+00:00"", ""prompt_version"": ""v1"", ""persona"": ""null""}"
"('logicalform', 'philosophyoflanguage')",philosophy of language,logical form,4,0,expert,v1,v1,"{""model"": ""open-mistral-nemo"", ""temperature"": 0, ""date"": ""2025-10-21T04:08:15.804962+00:00"", ""prompt_version"": ""v1"", ""persona"": ""expert""}"
"('logicalform', 'philosophyoflanguage')",philosophy of language,logical form,3,0,phd,v1,v1,"{""model"": ""open-mistral-nemo"", ""temperature"": 0, ""date"": ""2025-10-21T04:08:17.175863+00:00"", ""prompt_version"": ""v1"", ""persona"": ""phd""}"
"('logicalform', 'philosophyoflanguage')",philosophy of language,logical form,3,0,null,v1,v1,"{""model"": ""open-mistral-nemo"", ""temperature"": 0, ""date"": ""2025-10-21T04:08:18.526988+00:00"", ""prompt_version"": ""v1"", ""persona"": ""null""}"
"('philosophyofreligion', 'religiouslanguage')",religious language,philosophy of religion,4,0,expert,v1,v1,"{""model"": ""open-mistral-nemo"", ""temperature"": 0, ""date"": ""2025-10-21T04:08:19.857426+00:00"", ""prompt_version"": ""v1"", ""persona"": ""expert""}"
"('philosophyofreligion', 'religiouslanguage')",religious language,philosophy of religion,4,0,phd,v1,v1,"{""model"": ""open-mistral-nemo"", ""temperature"": 0, ""date"": ""2025-10-21T04:08:21.209417+00:00"", ""prompt_version"": ""v1"", ""persona"": ""phd""}"
"('philosophyofreligion', 'religiouslanguage')",religious language,philosophy of religion,3,0,null,v1,v1,"{""model"": ""open-mistral-nemo"", ""temperature"": 0, ""date"": ""2025-10-21T04:08:22.558452+00:00"", ""prompt_version"": ""v1"", ""persona"": ""null""}"
"('perception', 'philosophyofmind')",perception,philosophy of mind,4,0,expert,v1,v1,"{""model"": ""open-mistral-nemo"", ""temperature"": 0, ""date"": ""2025-10-21T04:08:23.981915+00:00"", ""prompt_version"": ""v1"", ""persona"": ""expert""}"
"('perception', 'philosophyofmind')",perception,philosophy of mind,4,0,phd,v1,v1,"{""model"": ""open-mistral-nemo"", ""temperature"": 0, ""date"": ""2025-10-21T04:08:25.341906+00:00"", ""prompt_version"": ""v1"", ""persona"": ""phd""}"
"('perception', 'philosophyofmind')",perception,philosophy of mind,3,0,null,v1,v1,"{""model"": ""open-mistral-nemo"", ""temperature"": 0, ""date"": ""2025-10-21T04:08:26.686784+00:00"", ""prompt_version"": ""v1"", ""persona"": ""null""}"
"('philosophyofmind', 'propositionalattitude')",propositional attitude,philosophy of mind,4,0,expert,v1,v1,"{""model"": ""open-mistral-nemo"", ""temperature"": 0, ""date"": ""2025-10-21T04:08:28.008493+00:00"", ""prompt_version"": ""v1"", ""persona"": ""expert""}"
"('philosophyofmind', 'propositionalattitude')",propositional attitude,philosophy of mind,4,0,phd,v1,v1,"{""model"": ""open-mistral-nemo"", ""temperature"": 0, ""date"": ""2025-10-21T04:08:29.380334+00:00"", ""prompt_version"": ""v1"", ""persona"": ""phd""}"
"('philosophyofmind', 'propositionalattitude')",propositional attitude,philosophy of mind,4,0,null,v1,v1,"{""model"": ""open-mistral-nemo"", ""temperature"": 0, ""date"": ""2025-10-21T04:08:30.819307+00:00"", ""prompt_version"": ""v1"", ""persona"": ""null""}"
"('neuralcorrelates', 'perception')",neural correlates,perception,3,0,expert,v1,v1,"{""model"": ""open-mistral-nemo"", ""temperature"": 0, ""date"": ""2025-10-21T04:08:32.163259+00:00"", ""prompt_version"": ""v1"", ""persona"": ""expert""}"
"('neuralcorrelates', 'perception')",neural correlates,perception,4,0,phd,v1,v1,"{""model"": ""open-mistral-nemo"", ""temperature"": 0, ""date"": ""2025-10-21T04:08:33.576360+00:00"", ""prompt_version"": ""v1"", ""persona"": ""phd""}"
"('neuralcorrelates', 'perception')",neural correlates,perception,3,0,null,v1,v1,"{""model"": ""open-mistral-nemo"", ""temperature"": 0, ""date"": ""2025-10-21T04:08:34.902305+00:00"", ""prompt_version"": ""v1"", ""persona"": ""null""}"
"('descartesandthepinealgland', 'perception')",descartes and the pineal gland,perception,3,0,expert,v1,v1,"{""model"": ""open-mistral-nemo"", ""temperature"": 0, ""date"": ""2025-10-21T04:08:36.249687+00:00"", ""prompt_version"": ""v1"", ""persona"": ""expert""}"
"('descartesandthepinealgland', 'perception')",descartes and the pineal gland,perception,2,0,phd,v1,v1,"{""model"": ""open-mistral-nemo"", ""temperature"": 0, ""date"": ""2025-10-21T04:08:37.683974+00:00"", ""prompt_version"": ""v1"", ""persona"": ""phd""}"
"('descartesandthepinealgland', 'perception')",descartes and the pineal gland,perception,3,0,null,v1,v1,"{""model"": ""open-mistral-nemo"", ""temperature"": 0, ""date"": ""2025-10-21T04:08:39.013581+00:00"", ""prompt_version"": ""v1"", ""persona"": ""null""}"
"('literature', 'philosophyofscienceandthesciences')",literature,philosophy of science and the sciences,2,1,expert,v1,v1,"{""model"": ""open-mistral-nemo"", ""temperature"": 0, ""date"": ""2025-10-21T04:08:40.348838+00:00"", ""prompt_version"": ""v1"", ""persona"": ""expert""}"
"('literature', 'philosophyofscienceandthesciences')",literature,philosophy of science and the sciences,2,1,phd,v1,v1,"{""model"": ""open-mistral-nemo"", ""temperature"": 0, ""date"": ""2025-10-21T04:08:41.673362+00:00"", ""prompt_version"": ""v1"", ""persona"": ""phd""}"
"('literature', 'philosophyofscienceandthesciences')",literature,philosophy of science and the sciences,2,1,null,v1,v1,"{""model"": ""open-mistral-nemo"", ""temperature"": 0, ""date"": ""2025-10-21T04:08:43.010598+00:00"", ""prompt_version"": ""v1"", ""persona"": ""null""}"
"('perception', 'surrealism')",surrealism,perception,2,0,expert,v1,v1,"{""model"": ""open-mistral-nemo"", ""temperature"": 0, ""date"": ""2025-10-21T04:08:44.354534+00:00"", ""prompt_version"": ""v1"", ""persona"": ""expert""}"
"('perception', 'surrealism')",surrealism,perception,2,0,phd,v1,v1,"{""model"": ""open-mistral-nemo"", ""temperature"": 0, ""date"": ""2025-10-21T04:08:45.675697+00:00"", ""prompt_version"": ""v1"", ""persona"": ""phd""}"
"('perception', 'surrealism')",surrealism,perception,2,-1,null,v1,v1,"{""model"": ""open-mistral-nemo"", ""temperature"": 0, ""date"": ""2025-10-21T04:08:47.003173+00:00"", ""prompt_version"": ""v1"", ""persona"": ""null""}"
"('philosophyofreligion', 'toleration')",toleration,philosophy of religion,2,0,expert,v1,v1,"{""model"": ""open-mistral-nemo"", ""temperature"": 0, ""date"": ""2025-10-21T04:08:48.385115+00:00"", ""prompt_version"": ""v1"", ""persona"": ""expert""}"
"('philosophyofreligion', 'toleration')",toleration,philosophy of religion,2,0,phd,v1,v1,"{""model"": ""open-mistral-nemo"", ""temperature"": 0, ""date"": ""2025-10-21T04:08:49.753324+00:00"", ""prompt_version"": ""v1"", ""persona"": ""phd""}"
"('philosophyofreligion', 'toleration')",toleration,philosophy of religion,3,0,null,v1,v1,"{""model"": ""open-mistral-nemo"", ""temperature"": 0, ""date"": ""2025-10-21T04:08:51.205399+00:00"", ""prompt_version"": ""v1"", ""persona"": ""null""}"
"('metaphysics', 'philosophyofmind')",philosophy of mind,metaphysics,3,0,expert,v1,v1,"{""model"": ""open-mistral-nemo"", ""temperature"": 0, ""date"": ""2025-10-21T04:08:52.633283+00:00"", ""prompt_version"": ""v1"", ""persona"": ""expert""}"
"('metaphysics', 'philosophyofmind')",philosophy of mind,metaphysics,2,0,phd,v1,v1,"{""model"": ""open-mistral-nemo"", ""temperature"": 0, ""date"": ""2025-10-21T04:08:54.058702+00:00"", ""prompt_version"": ""v1"", ""persona"": ""phd""}"
"('metaphysics', 'philosophyofmind')",philosophy of mind,metaphysics,3,0,null,v1,v1,"{""model"": ""open-mistral-nemo"", ""temperature"": 0, ""date"": ""2025-10-21T04:08:55.390805+00:00"", ""prompt_version"": ""v1"", ""persona"": ""null""}"
"('aspectsofconsciousness', 'functionofconsciousness')",function of consciousness,aspects of consciousness,4,0,expert,v1,v1,"{""model"": ""open-mistral-nemo"", ""temperature"": 0, ""date"": ""2025-10-21T04:08:56.824968+00:00"", ""prompt_version"": ""v1"", ""persona"": ""expert""}"
"('aspectsofconsciousness', 'functionofconsciousness')",function of consciousness,aspects of consciousness,3,0,phd,v1,v1,"{""model"": ""open-mistral-nemo"", ""temperature"": 0, ""date"": ""2025-10-21T04:08:58.263146+00:00"", ""prompt_version"": ""v1"", ""persona"": ""phd""}"
"('aspectsofconsciousness', 'functionofconsciousness')",function of consciousness,aspects of consciousness,4,0,null,v1,v1,"{""model"": ""open-mistral-nemo"", ""temperature"": 0, ""date"": ""2025-10-21T04:08:59.595048+00:00"", ""prompt_version"": ""v1"", ""persona"": ""null""}"
"('earlyphilosophicalinterpretationsofgeneralrelativity', 'epistemology')",early philosophical interpretations of general relativity,epistemology,2,0,expert,v1,v1,"{""model"": ""open-mistral-nemo"", ""temperature"": 0, ""date"": ""2025-10-21T04:09:00.958224+00:00"", ""prompt_version"": ""v1"", ""persona"": ""expert""}"
"('earlyphilosophicalinterpretationsofgeneralrelativity', 'epistemology')",early philosophical interpretations of general relativity,epistemology,2,0,phd,v1,v1,"{""model"": ""open-mistral-nemo"", ""temperature"": 0, ""date"": ""2025-10-21T04:09:02.313790+00:00"", ""prompt_version"": ""v1"", ""persona"": ""phd""}"
"('earlyphilosophicalinterpretationsofgeneralrelativity', 'epistemology')",early philosophical interpretations of general relativity,epistemology,2,0,null,v1,v1,"{""model"": ""open-mistral-nemo"", ""temperature"": 0, ""date"": ""2025-10-21T04:09:03.688187+00:00"", ""prompt_version"": ""v1"", ""persona"": ""null""}"
"('medievaltheoriesofanalogy', 'metaphysics')",medieval theories of analogy,metaphysics,3,0,expert,v1,v1,"{""model"": ""open-mistral-nemo"", ""temperature"": 0, ""date"": ""2025-10-21T04:09:05.130971+00:00"", ""prompt_version"": ""v1"", ""persona"": ""expert""}"
"('medievaltheoriesofanalogy', 'metaphysics')",medieval theories of analogy,metaphysics,2,0,phd,v1,v1,"{""model"": ""open-mistral-nemo"", ""temperature"": 0, ""date"": ""2025-10-21T04:09:06.560546+00:00"", ""prompt_version"": ""v1"", ""persona"": ""phd""}"
"('medievaltheoriesofanalogy', 'metaphysics')",medieval theories of analogy,metaphysics,2,0,null,v1,v1,"{""model"": ""open-mistral-nemo"", ""temperature"": 0, ""date"": ""2025-10-21T04:09:09.111215+00:00"", ""prompt_version"": ""v1"", ""persona"": ""null""}"
"('metaphysics', 'platoonutopia')",plato on utopia,metaphysics,2,0,expert,v1,v1,"{""model"": ""open-mistral-nemo"", ""temperature"": 0, ""date"": ""2025-10-21T04:09:10.462838+00:00"", ""prompt_version"": ""v1"", ""persona"": ""expert""}"
"('metaphysics', 'platoonutopia')",plato on utopia,metaphysics,2,0,phd,v1,v1,"{""model"": ""open-mistral-nemo"", ""temperature"": 0, ""date"": ""2025-10-21T04:09:11.874407+00:00"", ""prompt_version"": ""v1"", ""persona"": ""phd""}"
"('metaphysics', 'platoonutopia')",plato on utopia,metaphysics,2,0,null,v1,v1,"{""model"": ""open-mistral-nemo"", ""temperature"": 0, ""date"": ""2025-10-21T04:09:13.200926+00:00"", ""prompt_version"": ""v1"", ""persona"": ""null""}"
"('continentalphilosophy', 'pragmatism')",continental philosophy,pragmatism,2,1,expert,v1,v1,"{""model"": ""open-mistral-nemo"", ""temperature"": 0, ""date"": ""2025-10-21T04:09:14.543026+00:00"", ""prompt_version"": ""v1"", ""persona"": ""expert""}"
"('continentalphilosophy', 'pragmatism')",continental philosophy,pragmatism,2,-1,phd,v1,v1,"{""model"": ""open-mistral-nemo"", ""temperature"": 0, ""date"": ""2025-10-21T04:09:15.874761+00:00"", ""prompt_version"": ""v1"", ""persona"": ""phd""}"
"('continentalphilosophy', 'pragmatism')",continental philosophy,pragmatism,2,-1,null,v1,v1,"{""model"": ""open-mistral-nemo"", ""temperature"": 0, ""date"": ""2025-10-21T04:09:17.218709+00:00"", ""prompt_version"": ""v1"", ""persona"": ""null""}"
"('artificialintelligence', 'symbolicprocessing')",symbolic processing,artificial intelligence,3,0,expert,v1,v1,"{""model"": ""open-mistral-nemo"", ""temperature"": 0, ""date"": ""2025-10-21T04:09:18.552444+00:00"", ""prompt_version"": ""v1"", ""persona"": ""expert""}"
"('artificialintelligence', 'symbolicprocessing')",symbolic processing,artificial intelligence,4,0,phd,v1,v1,"{""model"": ""open-mistral-nemo"", ""temperature"": 0, ""date"": ""2025-10-21T04:09:19.947007+00:00"", ""prompt_version"": ""v1"", ""persona"": ""phd""}"
"('artificialintelligence', 'symbolicprocessing')",symbolic processing,artificial intelligence,3,0,null,v1,v1,"{""model"": ""open-mistral-nemo"", ""temperature"": 0, ""date"": ""2025-10-21T04:09:21.375491+00:00"", ""prompt_version"": ""v1"", ""persona"": ""null""}"
"('aristotlesnaturalphilosophy', 'metaphysics')",aristotle's natural philosophy,metaphysics,4,0,expert,v1,v1,"{""model"": ""open-mistral-nemo"", ""temperature"": 0, ""date"": ""2025-10-21T04:09:22.712026+00:00"", ""prompt_version"": ""v1"", ""persona"": ""expert""}"
"('aristotlesnaturalphilosophy', 'metaphysics')",aristotle's natural philosophy,metaphysics,4,0,phd,v1,v1,"{""model"": ""open-mistral-nemo"", ""temperature"": 0, ""date"": ""2025-10-21T04:09:24.047637+00:00"", ""prompt_version"": ""v1"", ""persona"": ""phd""}"
"('aristotlesnaturalphilosophy', 'metaphysics')",aristotle's natural philosophy,metaphysics,3,1,null,v1,v1,"{""model"": ""open-mistral-nemo"", ""temperature"": 0, ""date"": ""2025-10-21T04:09:25.417042+00:00"", ""prompt_version"": ""v1"", ""persona"": ""null""}"
"('consciousnessandintentionality', 'perception')",consciousness and intentionality,perception,4,0,expert,v1,v1,"{""model"": ""open-mistral-nemo"", ""temperature"": 0, ""date"": ""2025-10-21T04:09:26.837572+00:00"", ""prompt_version"": ""v1"", ""persona"": ""expert""}"
"('consciousnessandintentionality', 'perception')",consciousness and intentionality,perception,4,0,phd,v1,v1,"{""model"": ""open-mistral-nemo"", ""temperature"": 0, ""date"": ""2025-10-21T04:09:28.166307+00:00"", ""prompt_version"": ""v1"", ""persona"": ""phd""}"
"('consciousnessandintentionality', 'perception')",consciousness and intentionality,perception,3,0,null,v1,v1,"{""model"": ""open-mistral-nemo"", ""temperature"": 0, ""date"": ""2025-10-21T04:09:29.518304+00:00"", ""prompt_version"": ""v1"", ""persona"": ""null""}"
"('metaphysics', 'philosophyofpsychology')",philosophy of psychology,metaphysics,2,0,expert,v1,v1,"{""model"": ""open-mistral-nemo"", ""temperature"": 0, ""date"": ""2025-10-21T04:09:30.864149+00:00"", ""prompt_version"": ""v1"", ""persona"": ""expert""}"
"('metaphysics', 'philosophyofpsychology')",philosophy of psychology,metaphysics,2,0,phd,v1,v1,"{""model"": ""open-mistral-nemo"", ""temperature"": 0, ""date"": ""2025-10-21T04:09:32.217600+00:00"", ""prompt_version"": ""v1"", ""persona"": ""phd""}"
"('metaphysics', 'philosophyofpsychology')",philosophy of psychology,metaphysics,2,0,null,v1,v1,"{""model"": ""open-mistral-nemo"", ""temperature"": 0, ""date"": ""2025-10-21T04:09:33.903595+00:00"", ""prompt_version"": ""v1"", ""persona"": ""null""}"
"('epistemology', 'philosophyofperception')",philosophy of perception,epistemology,4,0,expert,v1,v1,"{""model"": ""open-mistral-nemo"", ""temperature"": 0, ""date"": ""2025-10-21T04:09:35.258861+00:00"", ""prompt_version"": ""v1"", ""persona"": ""expert""}"
"('epistemology', 'philosophyofperception')",philosophy of perception,epistemology,3,0,phd,v1,v1,"{""model"": ""open-mistral-nemo"", ""temperature"": 0, ""date"": ""2025-10-21T04:09:37.141297+00:00"", ""prompt_version"": ""v1"", ""persona"": ""phd""}"
"('epistemology', 'philosophyofperception')",philosophy of perception,epistemology,4,0,null,v1,v1,"{""model"": ""open-mistral-nemo"", ""temperature"": 0, ""date"": ""2025-10-21T04:09:38.490550+00:00"", ""prompt_version"": ""v1"", ""persona"": ""null""}"
"('hinduism', 'philosophyofreligion')",hinduism,philosophy of religion,4,0,expert,v1,v1,"{""model"": ""open-mistral-nemo"", ""temperature"": 0, ""date"": ""2025-10-21T04:09:39.845448+00:00"", ""prompt_version"": ""v1"", ""persona"": ""expert""}"
"('hinduism', 'philosophyofreligion')",hinduism,philosophy of religion,4,0,phd,v1,v1,"{""model"": ""open-mistral-nemo"", ""temperature"": 0, ""date"": ""2025-10-21T04:09:41.275625+00:00"", ""prompt_version"": ""v1"", ""persona"": ""phd""}"
"('hinduism', 'philosophyofreligion')",hinduism,philosophy of religion,4,0,null,v1,v1,"{""model"": ""open-mistral-nemo"", ""temperature"": 0, ""date"": ""2025-10-21T04:09:42.594855+00:00"", ""prompt_version"": ""v1"", ""persona"": ""null""}"
"('cognitivescience', 'psychiatry')",cognitive science,psychiatry,2,0,course_taker,v1,v1,"{""model"": ""open-mistral-nemo"", ""temperature"": 0, ""date"": ""2025-10-21T04:09:44.043640+00:00"", ""prompt_version"": ""v1"", ""persona"": ""course_taker""}"
"('cognitivescience', 'psychiatry')",cognitive science,psychiatry,2,0,expert,v1,v1,"{""model"": ""open-mistral-nemo"", ""temperature"": 0, ""date"": ""2025-10-21T04:09:46.895346+00:00"", ""prompt_version"": ""v1"", ""persona"": ""expert""}"
"('cognitivescience', 'psychiatry')",cognitive science,psychiatry,3,1,null,v1,v1,"{""model"": ""open-mistral-nemo"", ""temperature"": 0, ""date"": ""2025-10-21T04:09:48.254141+00:00"", ""prompt_version"": ""v1"", ""persona"": ""null""}"
"('causaltheoriesofmentalcontent', 'cognitivescience')",causal theories of mental content,cognitive science,3,0,expert,v1,v1,"{""model"": ""open-mistral-nemo"", ""temperature"": 0, ""date"": ""2025-10-21T04:09:49.670427+00:00"", ""prompt_version"": ""v1"", ""persona"": ""expert""}"
"('causaltheoriesofmentalcontent', 'cognitivescience')",causal theories of mental content,cognitive science,3,0,phd,v1,v1,"{""model"": ""open-mistral-nemo"", ""temperature"": 0, ""date"": ""2025-10-21T04:09:51.028045+00:00"", ""prompt_version"": ""v1"", ""persona"": ""phd""}"
"('causaltheoriesofmentalcontent', 'cognitivescience')",causal theories of mental content,cognitive science,3,0,null,v1,v1,"{""model"": ""open-mistral-nemo"", ""temperature"": 0, ""date"": ""2025-10-21T04:09:52.375111+00:00"", ""prompt_version"": ""v1"", ""persona"": ""null""}"
"('philosophyofbiology', 'philosophyofchemistry')",philosophy of chemistry,philosophy of biology,4,2,expert,v1,v1,"{""model"": ""open-mistral-nemo"", ""temperature"": 0, ""date"": ""2025-10-21T04:09:53.756968+00:00"", ""prompt_version"": ""v1"", ""persona"": ""expert""}"
"('philosophyofbiology', 'philosophyofchemistry')",philosophy of chemistry,philosophy of biology,2,0,phd,v1,v1,"{""model"": ""open-mistral-nemo"", ""temperature"": 0, ""date"": ""2025-10-21T04:09:55.126418+00:00"", ""prompt_version"": ""v1"", ""persona"": ""phd""}"
"('philosophyofbiology', 'philosophyofchemistry')",philosophy of chemistry,philosophy of biology,3,2,null,v1,v1,"{""model"": ""open-mistral-nemo"", ""temperature"": 0, ""date"": ""2025-10-21T04:09:56.468423+00:00"", ""prompt_version"": ""v1"", ""persona"": ""null""}"
"('perception', 'propositionalattitude')",propositional attitude,perception,2,0,expert,v1,v1,"{""model"": ""open-mistral-nemo"", ""temperature"": 0, ""date"": ""2025-10-21T04:09:57.833313+00:00"", ""prompt_version"": ""v1"", ""persona"": ""expert""}"
"('perception', 'propositionalattitude')",propositional attitude,perception,2,1,phd,v1,v1,"{""model"": ""open-mistral-nemo"", ""temperature"": 0, ""date"": ""2025-10-21T04:09:59.181285+00:00"", ""prompt_version"": ""v1"", ""persona"": ""phd""}"
"('perception', 'propositionalattitude')",propositional attitude,perception,2,1,null,v1,v1,"{""model"": ""open-mistral-nemo"", ""temperature"": 0, ""date"": ""2025-10-21T04:10:00.555748+00:00"", ""prompt_version"": ""v1"", ""persona"": ""null""}"
"('philosophyofreligion', 'politicalauthority')",political authority,philosophy of religion,2,1,expert,v1,v1,"{""model"": ""open-mistral-nemo"", ""temperature"": 0, ""date"": ""2025-10-21T04:10:01.940608+00:00"", ""prompt_version"": ""v1"", ""persona"": ""expert""}"
"('philosophyofreligion', 'politicalauthority')",political authority,philosophy of religion,2,1,phd,v1,v1,"{""model"": ""open-mistral-nemo"", ""temperature"": 0, ""date"": ""2025-10-21T04:10:03.338351+00:00"", ""prompt_version"": ""v1"", ""persona"": ""phd""}"
"('philosophyofreligion', 'politicalauthority')",political authority,philosophy of religion,2,1,null,v1,v1,"{""model"": ""open-mistral-nemo"", ""temperature"": 0, ""date"": ""2025-10-21T04:10:04.675896+00:00"", ""prompt_version"": ""v1"", ""persona"": ""null""}"
"('influenceofislamicthoughtonmaimonides', 'philosophyofreligion')",influence of islamic thought on maimonides,philosophy of religion,3,0,expert,v1,v1,"{""model"": ""open-mistral-nemo"", ""temperature"": 0, ""date"": ""2025-10-21T04:10:06.029384+00:00"", ""prompt_version"": ""v1"", ""persona"": ""expert""}"
"('influenceofislamicthoughtonmaimonides', 'philosophyofreligion')",influence of islamic thought on maimonides,philosophy of religion,3,0,phd,v1,v1,"{""model"": ""open-mistral-nemo"", ""temperature"": 0, ""date"": ""2025-10-21T04:10:07.380571+00:00"", ""prompt_version"": ""v1"", ""persona"": ""phd""}"
"('influenceofislamicthoughtonmaimonides', 'philosophyofreligion')",influence of islamic thought on maimonides,philosophy of religion,3,0,null,v1,v1,"{""model"": ""open-mistral-nemo"", ""temperature"": 0, ""date"": ""2025-10-21T04:10:08.740688+00:00"", ""prompt_version"": ""v1"", ""persona"": ""null""}"
"('kantsviewofthemindandconsciousnessofself', 'perception')",kant's view of the mind and consciousness of self,perception,3,0,expert,v1,v1,"{""model"": ""open-mistral-nemo"", ""temperature"": 0, ""date"": ""2025-10-21T04:10:10.153279+00:00"", ""prompt_version"": ""v1"", ""persona"": ""expert""}"
"('kantsviewofthemindandconsciousnessofself', 'perception')",kant's view of the mind and consciousness of self,perception,4,0,phd,v1,v1,"{""model"": ""open-mistral-nemo"", ""temperature"": 0, ""date"": ""2025-10-21T04:10:11.580474+00:00"", ""prompt_version"": ""v1"", ""persona"": ""phd""}"
"('kantsviewofthemindandconsciousnessofself', 'perception')",kant's view of the mind and consciousness of self,perception,3,1,null,v1,v1,"{""model"": ""open-mistral-nemo"", ""temperature"": 0, ""date"": ""2025-10-21T04:10:12.965657+00:00"", ""prompt_version"": ""v1"", ""persona"": ""null""}"
"('coherentism', 'epistemology')",coherentism,epistemology,3,0,expert,v1,v1,"{""model"": ""open-mistral-nemo"", ""temperature"": 0, ""date"": ""2025-10-21T04:10:14.348943+00:00"", ""prompt_version"": ""v1"", ""persona"": ""expert""}"
"('coherentism', 'epistemology')",coherentism,epistemology,3,0,phd,v1,v1,"{""model"": ""open-mistral-nemo"", ""temperature"": 0, ""date"": ""2025-10-21T04:10:15.680727+00:00"", ""prompt_version"": ""v1"", ""persona"": ""phd""}"
"('coherentism', 'epistemology')",coherentism,epistemology,3,0,null,v1,v1,"{""model"": ""open-mistral-nemo"", ""temperature"": 0, ""date"": ""2025-10-21T04:10:17.042660+00:00"", ""prompt_version"": ""v1"", ""persona"": ""null""}"
"('internalistvsexternalistconceptionsofepistemicjustification', 'justification')",internalist vs. externalist conceptions of epistemic justification,justification,4,0,expert,v1,v1,"{""model"": ""open-mistral-nemo"", ""temperature"": 0, ""date"": ""2025-10-21T04:10:18.373959+00:00"", ""prompt_version"": ""v1"", ""persona"": ""expert""}"
"('internalistvsexternalistconceptionsofepistemicjustification', 'justification')",internalist vs. externalist conceptions of epistemic justification,justification,4,0,phd,v1,v1,"{""model"": ""open-mistral-nemo"", ""temperature"": 0, ""date"": ""2025-10-21T04:10:19.792749+00:00"", ""prompt_version"": ""v1"", ""persona"": ""phd""}"
"('internalistvsexternalistconceptionsofepistemicjustification', 'justification')",internalist vs. externalist conceptions of epistemic justification,justification,4,0,null,v1,v1,"{""model"": ""open-mistral-nemo"", ""temperature"": 0, ""date"": ""2025-10-21T04:10:21.124030+00:00"", ""prompt_version"": ""v1"", ""persona"": ""null""}"
"('externalismaboutmentalcontent', 'internalismandexternalism')",externalism about mental content,internalism and externalism,4,0,expert,v1,v1,"{""model"": ""open-mistral-nemo"", ""temperature"": 0, ""date"": ""2025-10-21T04:10:22.458505+00:00"", ""prompt_version"": ""v1"", ""persona"": ""expert""}"
"('externalismaboutmentalcontent', 'internalismandexternalism')",externalism about mental content,internalism and externalism,4,0,phd,v1,v1,"{""model"": ""open-mistral-nemo"", ""temperature"": 0, ""date"": ""2025-10-21T04:10:23.874872+00:00"", ""prompt_version"": ""v1"", ""persona"": ""phd""}"
"('externalismaboutmentalcontent', 'internalismandexternalism')",externalism about mental content,internalism and externalism,4,0,null,v1,v1,"{""model"": ""open-mistral-nemo"", ""temperature"": 0, ""date"": ""2025-10-21T04:10:25.235168+00:00"", ""prompt_version"": ""v1"", ""persona"": ""null""}"
"('philosophyofreligion', 'secularism')",secularism,philosophy of religion,3,0,expert,v1,v1,"{""model"": ""open-mistral-nemo"", ""temperature"": 0, ""date"": ""2025-10-21T04:10:26.599677+00:00"", ""prompt_version"": ""v1"", ""persona"": ""expert""}"
"('philosophyofreligion', 'secularism')",secularism,philosophy of religion,2,0,phd,v1,v1,"{""model"": ""open-mistral-nemo"", ""temperature"": 0, ""date"": ""2025-10-21T04:10:27.974302+00:00"", ""prompt_version"": ""v1"", ""persona"": ""phd""}"
"('philosophyofreligion', 'secularism')",secularism,philosophy of religion,3,0,null,v1,v1,"{""model"": ""open-mistral-nemo"", ""temperature"": 0, ""date"": ""2025-10-21T04:10:29.289250+00:00"", ""prompt_version"": ""v1"", ""persona"": ""null""}"
"('mentalcontent', 'philosophyofmind')",mental content,philosophy of mind,4,0,expert,v1,v1,"{""model"": ""open-mistral-nemo"", ""temperature"": 0, ""date"": ""2025-10-21T04:10:30.787197+00:00"", ""prompt_version"": ""v1"", ""persona"": ""expert""}"
"('mentalcontent', 'philosophyofmind')",mental content,philosophy of mind,4,0,phd,v1,v1,"{""model"": ""open-mistral-nemo"", ""temperature"": 0, ""date"": ""2025-10-21T04:10:32.148821+00:00"", ""prompt_version"": ""v1"", ""persona"": ""phd""}"
"('mentalcontent', 'philosophyofmind')",mental content,philosophy of mind,4,0,null,v1,v1,"{""model"": ""open-mistral-nemo"", ""temperature"": 0, ""date"": ""2025-10-21T04:10:33.507209+00:00"", ""prompt_version"": ""v1"", ""persona"": ""null""}"
"('animalcognition', 'philosophyofmind')",animal cognition,philosophy of mind,3,0,expert,v1,v1,"{""model"": ""open-mistral-nemo"", ""temperature"": 0, ""date"": ""2025-10-21T04:10:34.828364+00:00"", ""prompt_version"": ""v1"", ""persona"": ""expert""}"
"('animalcognition', 'philosophyofmind')",animal cognition,philosophy of mind,3,0,phd,v1,v1,"{""model"": ""open-mistral-nemo"", ""temperature"": 0, ""date"": ""2025-10-21T04:10:36.173746+00:00"", ""prompt_version"": ""v1"", ""persona"": ""phd""}"
"('animalcognition', 'philosophyofmind')",animal cognition,philosophy of mind,3,0,null,v1,v1,"{""model"": ""open-mistral-nemo"", ""temperature"": 0, ""date"": ""2025-10-21T04:10:37.677143+00:00"", ""prompt_version"": ""v1"", ""persona"": ""null""}"
"('metaphysicsofmind', 'philosophyofmind')",metaphysics of mind,philosophy of mind,4,0,expert,v1,v1,"{""model"": ""open-mistral-nemo"", ""temperature"": 0, ""date"": ""2025-10-21T04:10:39.052597+00:00"", ""prompt_version"": ""v1"", ""persona"": ""expert""}"
"('metaphysicsofmind', 'philosophyofmind')",metaphysics of mind,philosophy of mind,4,0,phd,v1,v1,"{""model"": ""open-mistral-nemo"", ""temperature"": 0, ""date"": ""2025-10-21T04:10:40.394367+00:00"", ""prompt_version"": ""v1"", ""persona"": ""phd""}"
"('metaphysicsofmind', 'philosophyofmind')",metaphysics of mind,philosophy of mind,4,0,null,v1,v1,"{""model"": ""open-mistral-nemo"", ""temperature"": 0, ""date"": ""2025-10-21T04:10:41.759727+00:00"", ""prompt_version"": ""v1"", ""persona"": ""null""}"
"('aspectsofmind', 'philosophyofmind')",aspects of mind,philosophy of mind,4,0,expert,v1,v1,"{""model"": ""open-mistral-nemo"", ""temperature"": 0, ""date"": ""2025-10-21T04:10:44.693168+00:00"", ""prompt_version"": ""v1"", ""persona"": ""expert""}"
"('aspectsofmind', 'philosophyofmind')",aspects of mind,philosophy of mind,4,0,phd,v1,v1,"{""model"": ""open-mistral-nemo"", ""temperature"": 0, ""date"": ""2025-10-21T04:10:46.258963+00:00"", ""prompt_version"": ""v1"", ""persona"": ""phd""}"
"('aspectsofmind', 'philosophyofmind')",aspects of mind,philosophy of mind,4,0,null,v1,v1,"{""model"": ""open-mistral-nemo"", ""temperature"": 0, ""date"": ""2025-10-21T04:10:47.590319+00:00"", ""prompt_version"": ""v1"", ""persona"": ""null""}"
"('mentalcontent', 'nonconceptualcontent')",non-conceptual content,mental content,3,0,expert,v1,v1,"{""model"": ""open-mistral-nemo"", ""temperature"": 0, ""date"": ""2025-10-21T04:10:48.917371+00:00"", ""prompt_version"": ""v1"", ""persona"": ""expert""}"
"('mentalcontent', 'nonconceptualcontent')",non-conceptual content,mental content,2,0,phd,v1,v1,"{""model"": ""open-mistral-nemo"", ""temperature"": 0, ""date"": ""2025-10-21T04:10:50.235832+00:00"", ""prompt_version"": ""v1"", ""persona"": ""phd""}"
"('mentalcontent', 'nonconceptualcontent')",non-conceptual content,mental content,3,0,null,v1,v1,"{""model"": ""open-mistral-nemo"", ""temperature"": 0, ""date"": ""2025-10-21T04:10:51.579813+00:00"", ""prompt_version"": ""v1"", ""persona"": ""null""}"
"('folkpsychology', 'folkpsychologyasmentalsimulation')",folk psychology as mental simulation,folk psychology,4,0,expert,v1,v1,"{""model"": ""open-mistral-nemo"", ""temperature"": 0, ""date"": ""2025-10-21T04:10:52.957431+00:00"", ""prompt_version"": ""v1"", ""persona"": ""expert""}"
"('folkpsychology', 'folkpsychologyasmentalsimulation')",folk psychology as mental simulation,folk psychology,4,0,phd,v1,v1,"{""model"": ""open-mistral-nemo"", ""temperature"": 0, ""date"": ""2025-10-21T04:10:54.339150+00:00"", ""prompt_version"": ""v1"", ""persona"": ""phd""}"
"('folkpsychology', 'folkpsychologyasmentalsimulation')",folk psychology as mental simulation,folk psychology,4,0,null,v1,v1,"{""model"": ""open-mistral-nemo"", ""temperature"": 0, ""date"": ""2025-10-21T04:10:55.732985+00:00"", ""prompt_version"": ""v1"", ""persona"": ""null""}"
"('18thcenturybritishaesthetics', 'perception')",18th century british aesthetics,perception,2,0,expert,v1,v1,"{""model"": ""open-mistral-nemo"", ""temperature"": 0, ""date"": ""2025-10-21T04:10:57.060223+00:00"", ""prompt_version"": ""v1"", ""persona"": ""expert""}"
"('18thcenturybritishaesthetics', 'perception')",18th century british aesthetics,perception,2,0,phd,v1,v1,"{""model"": ""open-mistral-nemo"", ""temperature"": 0, ""date"": ""2025-10-21T04:10:58.433236+00:00"", ""prompt_version"": ""v1"", ""persona"": ""phd""}"
"('18thcenturybritishaesthetics', 'perception')",18th century british aesthetics,perception,2,0,null,v1,v1,"{""model"": ""open-mistral-nemo"", ""temperature"": 0, ""date"": ""2025-10-21T04:10:59.806415+00:00"", ""prompt_version"": ""v1"", ""persona"": ""null""}"
"('bioethics', 'businessethics')",business ethics,bioethics,2,0,expert,v1,v1,"{""model"": ""open-mistral-nemo"", ""temperature"": 0, ""date"": ""2025-10-21T04:11:01.150042+00:00"", ""prompt_version"": ""v1"", ""persona"": ""expert""}"
"('bioethics', 'businessethics')",business ethics,bioethics,2,0,phd,v1,v1,"{""model"": ""open-mistral-nemo"", ""temperature"": 0, ""date"": ""2025-10-21T04:11:02.470190+00:00"", ""prompt_version"": ""v1"", ""persona"": ""phd""}"
"('bioethics', 'businessethics')",business ethics,bioethics,2,1,null,v1,v1,"{""model"": ""open-mistral-nemo"", ""temperature"": 0, ""date"": ""2025-10-21T04:11:03.824337+00:00"", ""prompt_version"": ""v1"", ""persona"": ""null""}"
"('18thcenturygermanaesthetics', 'aestheticsandphilosophyofart')",aesthetics and philosophy of art,18th century german aesthetics,3,0,course_taker,v1,v1,"{""model"": ""open-mistral-nemo"", ""temperature"": 0, ""date"": ""2025-10-21T04:11:05.244121+00:00"", ""prompt_version"": ""v1"", ""persona"": ""course_taker""}"
"('18thcenturygermanaesthetics', 'aestheticsandphilosophyofart')",aesthetics and philosophy of art,18th century german aesthetics,3,0,phd,v1,v1,"{""model"": ""open-mistral-nemo"", ""temperature"": 0, ""date"": ""2025-10-21T04:11:06.676322+00:00"", ""prompt_version"": ""v1"", ""persona"": ""phd""}"
"('18thcenturygermanaesthetics', 'aestheticsandphilosophyofart')",aesthetics and philosophy of art,18th century german aesthetics,3,1,null,v1,v1,"{""model"": ""open-mistral-nemo"", ""temperature"": 0, ""date"": ""2025-10-21T04:11:08.041950+00:00"", ""prompt_version"": ""v1"", ""persona"": ""null""}"
"('ideas', 'philosophyofmind')",ideas,philosophy of mind,3,1,expert,v1,v1,"{""model"": ""open-mistral-nemo"", ""temperature"": 0, ""date"": ""2025-10-21T04:11:09.437357+00:00"", ""prompt_version"": ""v1"", ""persona"": ""expert""}"
"('ideas', 'philosophyofmind')",ideas,philosophy of mind,3,1,phd,v1,v1,"{""model"": ""open-mistral-nemo"", ""temperature"": 0, ""date"": ""2025-10-21T04:11:10.790756+00:00"", ""prompt_version"": ""v1"", ""persona"": ""phd""}"
"('ideas', 'philosophyofmind')",ideas,philosophy of mind,3,1,null,v1,v1,"{""model"": ""open-mistral-nemo"", ""temperature"": 0, ""date"": ""2025-10-21T04:11:12.215198+00:00"", ""prompt_version"": ""v1"", ""persona"": ""null""}"
"('methodologicaldebatesincosmologythe1930sand1940s', 'philosophyofscienceandthesciences')",methodological debates in cosmology the 1930s and 1940s,philosophy of science and the sciences,2,0,expert,v1,v1,"{""model"": ""open-mistral-nemo"", ""temperature"": 0, ""date"": ""2025-10-21T04:11:13.561358+00:00"", ""prompt_version"": ""v1"", ""persona"": ""expert""}"
"('methodologicaldebatesincosmologythe1930sand1940s', 'philosophyofscienceandthesciences')",methodological debates in cosmology the 1930s and 1940s,philosophy of science and the sciences,2,0,phd,v1,v1,"{""model"": ""open-mistral-nemo"", ""temperature"": 0, ""date"": ""2025-10-21T04:11:14.906794+00:00"", ""prompt_version"": ""v1"", ""persona"": ""phd""}"
"('methodologicaldebatesincosmologythe1930sand1940s', 'philosophyofscienceandthesciences')",methodological debates in cosmology the 1930s and 1940s,philosophy of science and the sciences,2,0,null,v1,v1,"{""model"": ""open-mistral-nemo"", ""temperature"": 0, ""date"": ""2025-10-21T04:11:16.226903+00:00"", ""prompt_version"": ""v1"", ""persona"": ""null""}"
"('compositionalityandlogicalform', 'metaphysics')",compositionality and logical form,metaphysics,2,0,expert,v1,v1,"{""model"": ""open-mistral-nemo"", ""temperature"": 0, ""date"": ""2025-10-21T04:11:17.544099+00:00"", ""prompt_version"": ""v1"", ""persona"": ""expert""}"
"('compositionalityandlogicalform', 'metaphysics')",compositionality and logical form,metaphysics,2,0,phd,v1,v1,"{""model"": ""open-mistral-nemo"", ""temperature"": 0, ""date"": ""2025-10-21T04:11:18.933181+00:00"", ""prompt_version"": ""v1"", ""persona"": ""phd""}"
"('compositionalityandlogicalform', 'metaphysics')",compositionality and logical form,metaphysics,2,0,null,v1,v1,"{""model"": ""open-mistral-nemo"", ""temperature"": 0, ""date"": ""2025-10-21T04:11:20.325542+00:00"", ""prompt_version"": ""v1"", ""persona"": ""null""}"
"('leibnizsinfluenceonkant', 'perception')",leibniz's influence on kant,perception,2,0,expert,v1,v1,"{""model"": ""open-mistral-nemo"", ""temperature"": 0, ""date"": ""2025-10-21T04:11:21.656704+00:00"", ""prompt_version"": ""v1"", ""persona"": ""expert""}"
"('leibnizsinfluenceonkant', 'perception')",leibniz's influence on kant,perception,2,0,phd,v1,v1,"{""model"": ""open-mistral-nemo"", ""temperature"": 0, ""date"": ""2025-10-21T04:11:23.000476+00:00"", ""prompt_version"": ""v1"", ""persona"": ""phd""}"
"('leibnizsinfluenceonkant', 'perception')",leibniz's influence on kant,perception,2,0,null,v1,v1,"{""model"": ""open-mistral-nemo"", ""temperature"": 0, ""date"": ""2025-10-21T04:11:24.579106+00:00"", ""prompt_version"": ""v1"", ""persona"": ""null""}"
"('chinesephilosophy', 'mohistcanons')",mohist canons,chinese philosophy,3,0,novice,v1,v1,"{""model"": ""open-mistral-nemo"", ""temperature"": 0, ""date"": ""2025-10-21T04:11:25.929607+00:00"", ""prompt_version"": ""v1"", ""persona"": ""novice""}"
"('chinesephilosophy', 'mohistcanons')",mohist canons,chinese philosophy,3,0,phd,v1,v1,"{""model"": ""open-mistral-nemo"", ""temperature"": 0, ""date"": ""2025-10-21T04:11:27.271926+00:00"", ""prompt_version"": ""v1"", ""persona"": ""phd""}"
"('chinesephilosophy', 'mohistcanons')",mohist canons,chinese philosophy,3,0,null,v1,v1,"{""model"": ""open-mistral-nemo"", ""temperature"": 0, ""date"": ""2025-10-21T04:11:28.635433+00:00"", ""prompt_version"": ""v1"", ""persona"": ""null""}"
"('deweysaesthetics', 'perception')",dewey's aesthetics,perception,3,0,expert,v1,v1,"{""model"": ""open-mistral-nemo"", ""temperature"": 0, ""date"": ""2025-10-21T04:11:30.019010+00:00"", ""prompt_version"": ""v1"", ""persona"": ""expert""}"
"('deweysaesthetics', 'perception')",dewey's aesthetics,perception,2,0,phd,v1,v1,"{""model"": ""open-mistral-nemo"", ""temperature"": 0, ""date"": ""2025-10-21T04:11:31.459090+00:00"", ""prompt_version"": ""v1"", ""persona"": ""phd""}"
"('deweysaesthetics', 'perception')",dewey's aesthetics,perception,2,0,null,v1,v1,"{""model"": ""open-mistral-nemo"", ""temperature"": 0, ""date"": ""2025-10-21T04:11:32.888347+00:00"", ""prompt_version"": ""v1"", ""persona"": ""null""}"
"('consciousness', 'perception')",consciousness,perception,4,3,expert,v1,v1,"{""model"": ""open-mistral-nemo"", ""temperature"": 0, ""date"": ""2025-10-21T04:11:34.344466+00:00"", ""prompt_version"": ""v1"", ""persona"": ""expert""}"
"('consciousness', 'perception')",consciousness,perception,4,0,phd,v1,v1,"{""model"": ""open-mistral-nemo"", ""temperature"": 0, ""date"": ""2025-10-21T04:11:35.744002+00:00"", ""prompt_version"": ""v1"", ""persona"": ""phd""}"
"('consciousness', 'perception')",consciousness,perception,4,1,null,v1,v1,"{""model"": ""open-mistral-nemo"", ""temperature"": 0, ""date"": ""2025-10-21T04:11:37.096291+00:00"", ""prompt_version"": ""v1"", ""persona"": ""null""}"
"('epistemology', 'philosophyofpsychology')",philosophy of psychology,epistemology,3,0,expert,v1,v1,"{""model"": ""open-mistral-nemo"", ""temperature"": 0, ""date"": ""2025-10-21T04:11:38.412364+00:00"", ""prompt_version"": ""v1"", ""persona"": ""expert""}"
"('epistemology', 'philosophyofpsychology')",philosophy of psychology,epistemology,3,0,phd,v1,v1,"{""model"": ""open-mistral-nemo"", ""temperature"": 0, ""date"": ""2025-10-21T04:11:39.791021+00:00"", ""prompt_version"": ""v1"", ""persona"": ""phd""}"
"('epistemology', 'philosophyofpsychology')",philosophy of psychology,epistemology,3,0,null,v1,v1,"{""model"": ""open-mistral-nemo"", ""temperature"": 0, ""date"": ""2025-10-21T04:11:41.187636+00:00"", ""prompt_version"": ""v1"", ""persona"": ""null""}"
"('logos', 'metaphysics')",logos,metaphysics,3,0,expert,v1,v1,"{""model"": ""open-mistral-nemo"", ""temperature"": 0, ""date"": ""2025-10-21T04:11:42.546393+00:00"", ""prompt_version"": ""v1"", ""persona"": ""expert""}"
"('logos', 'metaphysics')",logos,metaphysics,3,0,phd,v1,v1,"{""model"": ""open-mistral-nemo"", ""temperature"": 0, ""date"": ""2025-10-21T04:11:43.915959+00:00"", ""prompt_version"": ""v1"", ""persona"": ""phd""}"
"('logos', 'metaphysics')",logos,metaphysics,2,0,null,v1,v1,"{""model"": ""open-mistral-nemo"", ""temperature"": 0, ""date"": ""2025-10-21T04:11:45.291990+00:00"", ""prompt_version"": ""v1"", ""persona"": ""null""}"
"('artificialintelligence', 'turingmachine')",turing machine,artificial intelligence,3,0,expert,v1,v1,"{""model"": ""open-mistral-nemo"", ""temperature"": 0, ""date"": ""2025-10-21T04:11:46.661964+00:00"", ""prompt_version"": ""v1"", ""persona"": ""expert""}"
"('artificialintelligence', 'turingmachine')",turing machine,artificial intelligence,3,0,phd,v1,v1,"{""model"": ""open-mistral-nemo"", ""temperature"": 0, ""date"": ""2025-10-21T04:11:48.002201+00:00"", ""prompt_version"": ""v1"", ""persona"": ""phd""}"
"('artificialintelligence', 'turingmachine')",turing machine,artificial intelligence,3,0,null,v1,v1,"{""model"": ""open-mistral-nemo"", ""temperature"": 0, ""date"": ""2025-10-21T04:11:49.375336+00:00"", ""prompt_version"": ""v1"", ""persona"": ""null""}"
"('interpretation', 'philosophyoflanguage')",philosophy of language,interpretation,4,0,expert,v1,v1,"{""model"": ""open-mistral-nemo"", ""temperature"": 0, ""date"": ""2025-10-21T04:11:50.714890+00:00"", ""prompt_version"": ""v1"", ""persona"": ""expert""}"
"('interpretation', 'philosophyoflanguage')",philosophy of language,interpretation,3,0,phd,v1,v1,"{""model"": ""open-mistral-nemo"", ""temperature"": 0, ""date"": ""2025-10-21T04:11:52.065854+00:00"", ""prompt_version"": ""v1"", ""persona"": ""phd""}"
"('interpretation', 'philosophyoflanguage')",philosophy of language,interpretation,3,0,null,v1,v1,"{""model"": ""open-mistral-nemo"", ""temperature"": 0, ""date"": ""2025-10-21T04:11:53.402624+00:00"", ""prompt_version"": ""v1"", ""persona"": ""null""}"
"('cognitivescience', 'dynamicalsystem')",dynamical system,cognitive science,2,1,expert,v1,v1,"{""model"": ""open-mistral-nemo"", ""temperature"": 0, ""date"": ""2025-10-21T04:11:54.800086+00:00"", ""prompt_version"": ""v1"", ""persona"": ""expert""}"
"('cognitivescience', 'dynamicalsystem')",dynamical system,cognitive science,2,-1,phd,v1,v1,"{""model"": ""open-mistral-nemo"", ""temperature"": 0, ""date"": ""2025-10-21T04:11:56.190177+00:00"", ""prompt_version"": ""v1"", ""persona"": ""phd""}"
"('cognitivescience', 'dynamicalsystem')",dynamical system,cognitive science,2,-1,null,v1,v1,"{""model"": ""open-mistral-nemo"", ""temperature"": 0, ""date"": ""2025-10-21T04:11:57.581505+00:00"", ""prompt_version"": ""v1"", ""persona"": ""null""}"
"('churchandstate', 'philosophyofreligion')",church and state,philosophy of religion,3,0,expert,v1,v1,"{""model"": ""open-mistral-nemo"", ""temperature"": 0, ""date"": ""2025-10-21T04:11:58.937897+00:00"", ""prompt_version"": ""v1"", ""persona"": ""expert""}"
"('churchandstate', 'philosophyofreligion')",church and state,philosophy of religion,3,0,phd,v1,v1,"{""model"": ""open-mistral-nemo"", ""temperature"": 0, ""date"": ""2025-10-21T04:12:00.292352+00:00"", ""prompt_version"": ""v1"", ""persona"": ""phd""}"
"('churchandstate', 'philosophyofreligion')",church and state,philosophy of religion,3,0,null,v1,v1,"{""model"": ""open-mistral-nemo"", ""temperature"": 0, ""date"": ""2025-10-21T04:12:01.782408+00:00"", ""prompt_version"": ""v1"", ""persona"": ""null""}"
"('bohmianmechanics', 'quantummechanics')",bohmian mechanics,quantum mechanics,4,0,expert,v1,v1,"{""model"": ""open-mistral-nemo"", ""temperature"": 0, ""date"": ""2025-10-21T04:12:03.134464+00:00"", ""prompt_version"": ""v1"", ""persona"": ""expert""}"
"('bohmianmechanics', 'quantummechanics')",bohmian mechanics,quantum mechanics,4,0,phd,v1,v1,"{""model"": ""open-mistral-nemo"", ""temperature"": 0, ""date"": ""2025-10-21T04:12:04.465237+00:00"", ""prompt_version"": ""v1"", ""persona"": ""phd""}"
"('bohmianmechanics', 'quantummechanics')",bohmian mechanics,quantum mechanics,4,0,null,v1,v1,"{""model"": ""open-mistral-nemo"", ""temperature"": 0, ""date"": ""2025-10-21T04:12:05.806315+00:00"", ""prompt_version"": ""v1"", ""persona"": ""null""}"
"('philosophyofart', 'philosophyofmind')",philosophy of art,philosophy of mind,2,-1,expert,v1,v1,"{""model"": ""open-mistral-nemo"", ""temperature"": 0, ""date"": ""2025-10-21T04:12:07.158344+00:00"", ""prompt_version"": ""v1"", ""persona"": ""expert""}"
"('philosophyofart', 'philosophyofmind')",philosophy of art,philosophy of mind,2,3,phd,v1,v1,"{""model"": ""open-mistral-nemo"", ""temperature"": 0, ""date"": ""2025-10-21T04:12:08.521523+00:00"", ""prompt_version"": ""v1"", ""persona"": ""phd""}"
"('philosophyofart', 'philosophyofmind')",philosophy of art,philosophy of mind,3,3,null,v1,v1,"{""model"": ""open-mistral-nemo"", ""temperature"": 0, ""date"": ""2025-10-21T04:12:09.846535+00:00"", ""prompt_version"": ""v1"", ""persona"": ""null""}"
"('africansagephilosophy', 'afterlife')",african sage philosophy,afterlife,2,0,expert,v1,v1,"{""model"": ""open-mistral-nemo"", ""temperature"": 0, ""date"": ""2025-10-21T04:12:11.181382+00:00"", ""prompt_version"": ""v1"", ""persona"": ""expert""}"
"('africansagephilosophy', 'afterlife')",african sage philosophy,afterlife,2,-1,phd,v1,v1,"{""model"": ""open-mistral-nemo"", ""temperature"": 0, ""date"": ""2025-10-21T04:12:12.631601+00:00"", ""prompt_version"": ""v1"", ""persona"": ""phd""}"
"('africansagephilosophy', 'afterlife')",african sage philosophy,afterlife,2,-1,null,v1,v1,"{""model"": ""open-mistral-nemo"", ""temperature"": 0, ""date"": ""2025-10-21T04:12:13.965699+00:00"", ""prompt_version"": ""v1"", ""persona"": ""null""}"
"('ethicsandart', 'philosophyofart')",philosophy of art,ethics and art,4,0,expert,v1,v1,"{""model"": ""open-mistral-nemo"", ""temperature"": 0, ""date"": ""2025-10-21T04:12:15.314920+00:00"", ""prompt_version"": ""v1"", ""persona"": ""expert""}"
"('ethicsandart', 'philosophyofart')",philosophy of art,ethics and art,3,0,phd,v1,v1,"{""model"": ""open-mistral-nemo"", ""temperature"": 0, ""date"": ""2025-10-21T04:12:16.640758+00:00"", ""prompt_version"": ""v1"", ""persona"": ""phd""}"
"('ethicsandart', 'philosophyofart')",philosophy of art,ethics and art,4,0,null,v1,v1,"{""model"": ""open-mistral-nemo"", ""temperature"": 0, ""date"": ""2025-10-21T04:12:18.029689+00:00"", ""prompt_version"": ""v1"", ""persona"": ""null""}"
"('modernphilosophy', 'philosophyofreligion')",modern philosophy,philosophy of religion,3,1,expert,v1,v1,"{""model"": ""open-mistral-nemo"", ""temperature"": 0, ""date"": ""2025-10-21T04:12:19.386102+00:00"", ""prompt_version"": ""v1"", ""persona"": ""expert""}"
"('modernphilosophy', 'philosophyofreligion')",modern philosophy,philosophy of religion,3,0,phd,v1,v1,"{""model"": ""open-mistral-nemo"", ""temperature"": 0, ""date"": ""2025-10-21T04:12:20.801421+00:00"", ""prompt_version"": ""v1"", ""persona"": ""phd""}"
"('modernphilosophy', 'philosophyofreligion')",modern philosophy,philosophy of religion,3,0,null,v1,v1,"{""model"": ""open-mistral-nemo"", ""temperature"": 0, ""date"": ""2025-10-21T04:12:22.248535+00:00"", ""prompt_version"": ""v1"", ""persona"": ""null""}"
"('imagery', 'philosophyofmind')",imagery,philosophy of mind,2,0,expert,v1,v1,"{""model"": ""open-mistral-nemo"", ""temperature"": 0, ""date"": ""2025-10-21T04:12:23.815129+00:00"", ""prompt_version"": ""v1"", ""persona"": ""expert""}"
"('imagery', 'philosophyofmind')",imagery,philosophy of mind,2,0,phd,v1,v1,"{""model"": ""open-mistral-nemo"", ""temperature"": 0, ""date"": ""2025-10-21T04:12:25.141939+00:00"", ""prompt_version"": ""v1"", ""persona"": ""phd""}"
"('imagery', 'philosophyofmind')",imagery,philosophy of mind,2,0,null,v1,v1,"{""model"": ""open-mistral-nemo"", ""temperature"": 0, ""date"": ""2025-10-21T04:12:26.492300+00:00"", ""prompt_version"": ""v1"", ""persona"": ""null""}"
"('philosophyofreligion', 'zenbuddhism')",zen buddhism,philosophy of religion,3,0,expert,v1,v1,"{""model"": ""open-mistral-nemo"", ""temperature"": 0, ""date"": ""2025-10-21T04:12:27.832210+00:00"", ""prompt_version"": ""v1"", ""persona"": ""expert""}"
"('philosophyofreligion', 'zenbuddhism')",zen buddhism,philosophy of religion,2,0,phd,v1,v1,"{""model"": ""open-mistral-nemo"", ""temperature"": 0, ""date"": ""2025-10-21T04:12:29.223377+00:00"", ""prompt_version"": ""v1"", ""persona"": ""phd""}"
"('philosophyofreligion', 'zenbuddhism')",zen buddhism,philosophy of religion,3,0,null,v1,v1,"{""model"": ""open-mistral-nemo"", ""temperature"": 0, ""date"": ""2025-10-21T04:12:30.597362+00:00"", ""prompt_version"": ""v1"", ""persona"": ""null""}"
"('kantsphilosophyofreligion', 'philosophyofreligion')",kant's philosophy of religion,philosophy of religion,4,0,expert,v1,v1,"{""model"": ""open-mistral-nemo"", ""temperature"": 0, ""date"": ""2025-10-21T04:12:31.963915+00:00"", ""prompt_version"": ""v1"", ""persona"": ""expert""}"
"('kantsphilosophyofreligion', 'philosophyofreligion')",kant's philosophy of religion,philosophy of religion,4,0,phd,v1,v1,"{""model"": ""open-mistral-nemo"", ""temperature"": 0, ""date"": ""2025-10-21T04:12:33.288338+00:00"", ""prompt_version"": ""v1"", ""persona"": ""phd""}"
"('kantsphilosophyofreligion', 'philosophyofreligion')",kant's philosophy of religion,philosophy of religion,4,0,null,v1,v1,"{""model"": ""open-mistral-nemo"", ""temperature"": 0, ""date"": ""2025-10-21T04:12:34.650482+00:00"", ""prompt_version"": ""v1"", ""persona"": ""null""}"
"('cognitivescience', 'networkmodel')",network model,cognitive science,2,0,expert,v1,v1,"{""model"": ""open-mistral-nemo"", ""temperature"": 0, ""date"": ""2025-10-21T04:12:36.012995+00:00"", ""prompt_version"": ""v1"", ""persona"": ""expert""}"
"('cognitivescience', 'networkmodel')",network model,cognitive science,2,0,phd,v1,v1,"{""model"": ""open-mistral-nemo"", ""temperature"": 0, ""date"": ""2025-10-21T04:12:37.364073+00:00"", ""prompt_version"": ""v1"", ""persona"": ""phd""}"
"('cognitivescience', 'networkmodel')",network model,cognitive science,2,-1,null,v1,v1,"{""model"": ""open-mistral-nemo"", ""temperature"": 0, ""date"": ""2025-10-21T04:12:38.728657+00:00"", ""prompt_version"": ""v1"", ""persona"": ""null""}"
"('historyoflogic', 'squareofopposition')",square of opposition,history of logic,2,0,novice,v1,v1,"{""model"": ""open-mistral-nemo"", ""temperature"": 0, ""date"": ""2025-10-21T04:12:40.094746+00:00"", ""prompt_version"": ""v1"", ""persona"": ""novice""}"
"('historyoflogic', 'squareofopposition')",square of opposition,history of logic,2,0,phd,v1,v1,"{""model"": ""open-mistral-nemo"", ""temperature"": 0, ""date"": ""2025-10-21T04:12:41.432147+00:00"", ""prompt_version"": ""v1"", ""persona"": ""phd""}"
"('historyoflogic', 'squareofopposition')",square of opposition,history of logic,2,-1,null,v1,v1,"{""model"": ""open-mistral-nemo"", ""temperature"": 0, ""date"": ""2025-10-21T04:12:42.792551+00:00"", ""prompt_version"": ""v1"", ""persona"": ""null""}"
"('epistemology', 'falsificationism')",falsificationism,epistemology,3,0,expert,v1,v1,"{""model"": ""open-mistral-nemo"", ""temperature"": 0, ""date"": ""2025-10-21T04:12:44.264582+00:00"", ""prompt_version"": ""v1"", ""persona"": ""expert""}"
"('epistemology', 'falsificationism')",falsificationism,epistemology,3,0,phd,v1,v1,"{""model"": ""open-mistral-nemo"", ""temperature"": 0, ""date"": ""2025-10-21T04:12:45.688703+00:00"", ""prompt_version"": ""v1"", ""persona"": ""phd""}"
"('epistemology', 'falsificationism')",falsificationism,epistemology,3,0,null,v1,v1,"{""model"": ""open-mistral-nemo"", ""temperature"": 0, ""date"": ""2025-10-21T04:12:47.124296+00:00"", ""prompt_version"": ""v1"", ""persona"": ""null""}"
"('dynamism', 'japanesephilosophy')",dynamism,japanese philosophy,2,0,novice,v1,v1,"{""model"": ""open-mistral-nemo"", ""temperature"": 0, ""date"": ""2025-10-21T04:12:48.468834+00:00"", ""prompt_version"": ""v1"", ""persona"": ""novice""}"
"('dynamism', 'japanesephilosophy')",dynamism,japanese philosophy,2,0,expert,v1,v1,"{""model"": ""open-mistral-nemo"", ""temperature"": 0, ""date"": ""2025-10-21T04:12:49.820568+00:00"", ""prompt_version"": ""v1"", ""persona"": ""expert""}"
"('dynamism', 'japanesephilosophy')",dynamism,japanese philosophy,2,-1,null,v1,v1,"{""model"": ""open-mistral-nemo"", ""temperature"": 0, ""date"": ""2025-10-21T04:12:51.166694+00:00"", ""prompt_version"": ""v1"", ""persona"": ""null""}"
"('cosmology', 'metaphysics')",cosmology,metaphysics,3,0,expert,v1,v1,"{""model"": ""open-mistral-nemo"", ""temperature"": 0, ""date"": ""2025-10-21T04:12:52.575379+00:00"", ""prompt_version"": ""v1"", ""persona"": ""expert""}"
"('cosmology', 'metaphysics')",cosmology,metaphysics,3,0,phd,v1,v1,"{""model"": ""open-mistral-nemo"", ""temperature"": 0, ""date"": ""2025-10-21T04:12:53.998731+00:00"", ""prompt_version"": ""v1"", ""persona"": ""phd""}"
"('cosmology', 'metaphysics')",cosmology,metaphysics,3,0,null,v1,v1,"{""model"": ""open-mistral-nemo"", ""temperature"": 0, ""date"": ""2025-10-21T04:12:55.326997+00:00"", ""prompt_version"": ""v1"", ""persona"": ""null""}"
"('autism', 'folkpsychology')",autism,folk psychology,2,0,expert,v1,v1,"{""model"": ""open-mistral-nemo"", ""temperature"": 0, ""date"": ""2025-10-21T04:12:56.635951+00:00"", ""prompt_version"": ""v1"", ""persona"": ""expert""}"
"('autism', 'folkpsychology')",autism,folk psychology,2,0,phd,v1,v1,"{""model"": ""open-mistral-nemo"", ""temperature"": 0, ""date"": ""2025-10-21T04:12:57.980674+00:00"", ""prompt_version"": ""v1"", ""persona"": ""phd""}"
"('autism', 'folkpsychology')",autism,folk psychology,2,0,null,v1,v1,"{""model"": ""open-mistral-nemo"", ""temperature"": 0, ""date"": ""2025-10-21T04:12:59.331030+00:00"", ""prompt_version"": ""v1"", ""persona"": ""null""}"
"('kantsviewofthemindandconsciousnessofself', 'philosophyofmind')",kant's view of the mind and consciousness of self,philosophy of mind,4,0,expert,v1,v1,"{""model"": ""open-mistral-nemo"", ""temperature"": 0, ""date"": ""2025-10-21T04:13:00.856485+00:00"", ""prompt_version"": ""v1"", ""persona"": ""expert""}"
"('kantsviewofthemindandconsciousnessofself', 'philosophyofmind')",kant's view of the mind and consciousness of self,philosophy of mind,4,0,phd,v1,v1,"{""model"": ""open-mistral-nemo"", ""temperature"": 0, ""date"": ""2025-10-21T04:13:02.289474+00:00"", ""prompt_version"": ""v1"", ""persona"": ""phd""}"
"('kantsviewofthemindandconsciousnessofself', 'philosophyofmind')",kant's view of the mind and consciousness of self,philosophy of mind,4,0,null,v1,v1,"{""model"": ""open-mistral-nemo"", ""temperature"": 0, ""date"": ""2025-10-21T04:13:03.635529+00:00"", ""prompt_version"": ""v1"", ""persona"": ""null""}"
"('nonhumananimals', 'philosophyofmind')",nonhuman animals,philosophy of mind,2,0,expert,v1,v1,"{""model"": ""open-mistral-nemo"", ""temperature"": 0, ""date"": ""2025-10-21T04:13:05.053950+00:00"", ""prompt_version"": ""v1"", ""persona"": ""expert""}"
"('nonhumananimals', 'philosophyofmind')",nonhuman animals,philosophy of mind,2,0,phd,v1,v1,"{""model"": ""open-mistral-nemo"", ""temperature"": 0, ""date"": ""2025-10-21T04:13:06.797669+00:00"", ""prompt_version"": ""v1"", ""persona"": ""phd""}"
"('nonhumananimals', 'philosophyofmind')",nonhuman animals,philosophy of mind,2,-1,null,v1,v1,"{""model"": ""open-mistral-nemo"", ""temperature"": 0, ""date"": ""2025-10-21T04:13:08.239629+00:00"", ""prompt_version"": ""v1"", ""persona"": ""null""}"
"('languagelearning', 'philosophyoflanguage')",philosophy of language,language learning,2,0,expert,v1,v1,"{""model"": ""open-mistral-nemo"", ""temperature"": 0, ""date"": ""2025-10-21T04:13:09.661476+00:00"", ""prompt_version"": ""v1"", ""persona"": ""expert""}"
"('languagelearning', 'philosophyoflanguage')",philosophy of language,language learning,2,1,phd,v1,v1,"{""model"": ""open-mistral-nemo"", ""temperature"": 0, ""date"": ""2025-10-21T04:13:11.016285+00:00"", ""prompt_version"": ""v1"", ""persona"": ""phd""}"
"('languagelearning', 'philosophyoflanguage')",philosophy of language,language learning,2,1,null,v1,v1,"{""model"": ""open-mistral-nemo"", ""temperature"": 0, ""date"": ""2025-10-21T04:13:12.421513+00:00"", ""prompt_version"": ""v1"", ""persona"": ""null""}"
"('pakistaniphilosophy', 'perception')",pakistani philosophy,perception,2,0,expert,v1,v1,"{""model"": ""open-mistral-nemo"", ""temperature"": 0, ""date"": ""2025-10-21T04:13:13.750105+00:00"", ""prompt_version"": ""v1"", ""persona"": ""expert""}"
"('pakistaniphilosophy', 'perception')",pakistani philosophy,perception,2,0,phd,v1,v1,"{""model"": ""open-mistral-nemo"", ""temperature"": 0, ""date"": ""2025-10-21T04:13:15.078192+00:00"", ""prompt_version"": ""v1"", ""persona"": ""phd""}"
"('pakistaniphilosophy', 'perception')",pakistani philosophy,perception,2,-1,null,v1,v1,"{""model"": ""open-mistral-nemo"", ""temperature"": 0, ""date"": ""2025-10-21T04:13:16.417335+00:00"", ""prompt_version"": ""v1"", ""persona"": ""null""}"
"('dualism', 'propertydualism')",property dualism,dualism,4,0,expert,v1,v1,"{""model"": ""open-mistral-nemo"", ""temperature"": 0, ""date"": ""2025-10-21T04:13:17.793350+00:00"", ""prompt_version"": ""v1"", ""persona"": ""expert""}"
"('dualism', 'propertydualism')",property dualism,dualism,4,0,phd,v1,v1,"{""model"": ""open-mistral-nemo"", ""temperature"": 0, ""date"": ""2025-10-21T04:13:19.176418+00:00"", ""prompt_version"": ""v1"", ""persona"": ""phd""}"
"('dualism', 'propertydualism')",property dualism,dualism,4,0,null,v1,v1,"{""model"": ""open-mistral-nemo"", ""temperature"": 0, ""date"": ""2025-10-21T04:13:20.503988+00:00"", ""prompt_version"": ""v1"", ""persona"": ""null""}"
"('analysisofknowledge', 'knowledge')",analysis of knowledge,knowledge,4,0,expert,v1,v1,"{""model"": ""open-mistral-nemo"", ""temperature"": 0, ""date"": ""2025-10-21T04:13:21.890842+00:00"", ""prompt_version"": ""v1"", ""persona"": ""expert""}"
"('analysisofknowledge', 'knowledge')",analysis of knowledge,knowledge,3,0,phd,v1,v1,"{""model"": ""open-mistral-nemo"", ""temperature"": 0, ""date"": ""2025-10-21T04:13:23.238801+00:00"", ""prompt_version"": ""v1"", ""persona"": ""phd""}"
"('analysisofknowledge', 'knowledge')",analysis of knowledge,knowledge,4,0,null,v1,v1,"{""model"": ""open-mistral-nemo"", ""temperature"": 0, ""date"": ""2025-10-21T04:13:24.605529+00:00"", ""prompt_version"": ""v1"", ""persona"": ""null""}"
"('epistemology', 'platosmiddleperiodmetaphysicsandepistemology')",plato's middle period metaphysics and epistemology,epistemology,4,0,expert,v1,v1,"{""model"": ""open-mistral-nemo"", ""temperature"": 0, ""date"": ""2025-10-21T04:13:25.958174+00:00"", ""prompt_version"": ""v1"", ""persona"": ""expert""}"
"('epistemology', 'platosmiddleperiodmetaphysicsandepistemology')",plato's middle period metaphysics and epistemology,epistemology,3,0,phd,v1,v1,"{""model"": ""open-mistral-nemo"", ""temperature"": 0, ""date"": ""2025-10-21T04:13:27.340449+00:00"", ""prompt_version"": ""v1"", ""persona"": ""phd""}"
"('epistemology', 'platosmiddleperiodmetaphysicsandepistemology')",plato's middle period metaphysics and epistemology,epistemology,4,0,null,v1,v1,"{""model"": ""open-mistral-nemo"", ""temperature"": 0, ""date"": ""2025-10-21T04:13:28.662544+00:00"", ""prompt_version"": ""v1"", ""persona"": ""null""}"
"('causaldeterminism', 'freewill')",causal determinism,free will,4,3,expert,v1,v1,"{""model"": ""open-mistral-nemo"", ""temperature"": 0, ""date"": ""2025-10-21T04:13:30.006605+00:00"", ""prompt_version"": ""v1"", ""persona"": ""expert""}"
"('causaldeterminism', 'freewill')",causal determinism,free will,4,1,phd,v1,v1,"{""model"": ""open-mistral-nemo"", ""temperature"": 0, ""date"": ""2025-10-21T04:13:31.376130+00:00"", ""prompt_version"": ""v1"", ""persona"": ""phd""}"
"('causaldeterminism', 'freewill')",causal determinism,free will,4,1,null,v1,v1,"{""model"": ""open-mistral-nemo"", ""temperature"": 0, ""date"": ""2025-10-21T04:13:32.737741+00:00"", ""prompt_version"": ""v1"", ""persona"": ""null""}"
"('leibnizsinfluenceonkant', 'metaphysics')",leibniz's influence on kant,metaphysics,3,0,expert,v1,v1,"{""model"": ""open-mistral-nemo"", ""temperature"": 0, ""date"": ""2025-10-21T04:13:34.071733+00:00"", ""prompt_version"": ""v1"", ""persona"": ""expert""}"
"('leibnizsinfluenceonkant', 'metaphysics')",leibniz's influence on kant,metaphysics,2,0,phd,v1,v1,"{""model"": ""open-mistral-nemo"", ""temperature"": 0, ""date"": ""2025-10-21T04:13:35.433476+00:00"", ""prompt_version"": ""v1"", ""persona"": ""phd""}"
"('leibnizsinfluenceonkant', 'metaphysics')",leibniz's influence on kant,metaphysics,3,0,null,v1,v1,"{""model"": ""open-mistral-nemo"", ""temperature"": 0, ""date"": ""2025-10-21T04:13:36.831652+00:00"", ""prompt_version"": ""v1"", ""persona"": ""null""}"
"('conservationbiology', 'philosophyofbiology')",conservation biology,philosophy of biology,3,0,expert,v1,v1,"{""model"": ""open-mistral-nemo"", ""temperature"": 0, ""date"": ""2025-10-21T04:13:38.355776+00:00"", ""prompt_version"": ""v1"", ""persona"": ""expert""}"
"('conservationbiology', 'philosophyofbiology')",conservation biology,philosophy of biology,3,0,phd,v1,v1,"{""model"": ""open-mistral-nemo"", ""temperature"": 0, ""date"": ""2025-10-21T04:13:39.767056+00:00"", ""prompt_version"": ""v1"", ""persona"": ""phd""}"
"('conservationbiology', 'philosophyofbiology')",conservation biology,philosophy of biology,2,-1,null,v1,v1,"{""model"": ""open-mistral-nemo"", ""temperature"": 0, ""date"": ""2025-10-21T04:13:41.104943+00:00"", ""prompt_version"": ""v1"", ""persona"": ""null""}"
"('metaphysics', 'platonism')",platonism,metaphysics,4,0,expert,v1,v1,"{""model"": ""open-mistral-nemo"", ""temperature"": 0, ""date"": ""2025-10-21T04:13:42.527044+00:00"", ""prompt_version"": ""v1"", ""persona"": ""expert""}"
"('metaphysics', 'platonism')",platonism,metaphysics,4,0,phd,v1,v1,"{""model"": ""open-mistral-nemo"", ""temperature"": 0, ""date"": ""2025-10-21T04:13:43.895039+00:00"", ""prompt_version"": ""v1"", ""persona"": ""phd""}"
"('metaphysics', 'platonism')",platonism,metaphysics,4,0,null,v1,v1,"{""model"": ""open-mistral-nemo"", ""temperature"": 0, ""date"": ""2025-10-21T04:13:45.237146+00:00"", ""prompt_version"": ""v1"", ""persona"": ""null""}"
"('epistemology', 'metaphysicsofscience')",metaphysics of science,epistemology,3,0,expert,v1,v1,"{""model"": ""open-mistral-nemo"", ""temperature"": 0, ""date"": ""2025-10-21T04:13:46.631517+00:00"", ""prompt_version"": ""v1"", ""persona"": ""expert""}"
"('epistemology', 'metaphysicsofscience')",metaphysics of science,epistemology,2,0,phd,v1,v1,"{""model"": ""open-mistral-nemo"", ""temperature"": 0, ""date"": ""2025-10-21T04:13:47.994469+00:00"", ""prompt_version"": ""v1"", ""persona"": ""phd""}"
"('epistemology', 'metaphysicsofscience')",metaphysics of science,epistemology,3,0,null,v1,v1,"{""model"": ""open-mistral-nemo"", ""temperature"": 0, ""date"": ""2025-10-21T04:13:49.405252+00:00"", ""prompt_version"": ""v1"", ""persona"": ""null""}"
"('afterlife', 'philosophyofreligion')",afterlife,philosophy of religion,3,0,expert,v1,v1,"{""model"": ""open-mistral-nemo"", ""temperature"": 0, ""date"": ""2025-10-21T04:13:50.826086+00:00"", ""prompt_version"": ""v1"", ""persona"": ""expert""}"
"('afterlife', 'philosophyofreligion')",afterlife,philosophy of religion,3,0,phd,v1,v1,"{""model"": ""open-mistral-nemo"", ""temperature"": 0, ""date"": ""2025-10-21T04:13:52.183819+00:00"", ""prompt_version"": ""v1"", ""persona"": ""phd""}"
"('afterlife', 'philosophyofreligion')",afterlife,philosophy of religion,3,0,null,v1,v1,"{""model"": ""open-mistral-nemo"", ""temperature"": 0, ""date"": ""2025-10-21T04:13:53.532137+00:00"", ""prompt_version"": ""v1"", ""persona"": ""null""}"
"('epistemology', 'socialepistemology')",social epistemology,epistemology,4,0,expert,v1,v1,"{""model"": ""open-mistral-nemo"", ""temperature"": 0, ""date"": ""2025-10-21T04:13:54.871459+00:00"", ""prompt_version"": ""v1"", ""persona"": ""expert""}"
"('epistemology', 'socialepistemology')",social epistemology,epistemology,4,0,phd,v1,v1,"{""model"": ""open-mistral-nemo"", ""temperature"": 0, ""date"": ""2025-10-21T04:13:56.231532+00:00"", ""prompt_version"": ""v1"", ""persona"": ""phd""}"
"('epistemology', 'socialepistemology')",social epistemology,epistemology,4,0,null,v1,v1,"{""model"": ""open-mistral-nemo"", ""temperature"": 0, ""date"": ""2025-10-21T04:13:57.540573+00:00"", ""prompt_version"": ""v1"", ""persona"": ""null""}"
"('perception', 'reliabilism')",reliabilism,perception,3,0,expert,v1,v1,"{""model"": ""open-mistral-nemo"", ""temperature"": 0, ""date"": ""2025-10-21T04:13:58.902208+00:00"", ""prompt_version"": ""v1"", ""persona"": ""expert""}"
"('perception', 'reliabilism')",reliabilism,perception,2,0,phd,v1,v1,"{""model"": ""open-mistral-nemo"", ""temperature"": 0, ""date"": ""2025-10-21T04:14:00.272648+00:00"", ""prompt_version"": ""v1"", ""persona"": ""phd""}"
"('perception', 'reliabilism')",reliabilism,perception,2,1,null,v1,v1,"{""model"": ""open-mistral-nemo"", ""temperature"": 0, ""date"": ""2025-10-21T04:14:01.613882+00:00"", ""prompt_version"": ""v1"", ""persona"": ""null""}"
"('evolutionarypsychology', 'philosophyofmind')",evolutionary psychology,philosophy of mind,3,0,expert,v1,v1,"{""model"": ""open-mistral-nemo"", ""temperature"": 0, ""date"": ""2025-10-21T04:14:02.971592+00:00"", ""prompt_version"": ""v1"", ""persona"": ""expert""}"
"('evolutionarypsychology', 'philosophyofmind')",evolutionary psychology,philosophy of mind,2,0,phd,v1,v1,"{""model"": ""open-mistral-nemo"", ""temperature"": 0, ""date"": ""2025-10-21T04:14:04.296916+00:00"", ""prompt_version"": ""v1"", ""persona"": ""phd""}"
"('evolutionarypsychology', 'philosophyofmind')",evolutionary psychology,philosophy of mind,2,0,null,v1,v1,"{""model"": ""open-mistral-nemo"", ""temperature"": 0, ""date"": ""2025-10-21T04:14:05.663887+00:00"", ""prompt_version"": ""v1"", ""persona"": ""null""}"
"('interactionism', 'philosophyofmind')",interactionism,philosophy of mind,3,0,expert,v1,v1,"{""model"": ""open-mistral-nemo"", ""temperature"": 0, ""date"": ""2025-10-21T04:14:07.209743+00:00"", ""prompt_version"": ""v1"", ""persona"": ""expert""}"
"('interactionism', 'philosophyofmind')",interactionism,philosophy of mind,3,0,phd,v1,v1,"{""model"": ""open-mistral-nemo"", ""temperature"": 0, ""date"": ""2025-10-21T04:14:08.552499+00:00"", ""prompt_version"": ""v1"", ""persona"": ""phd""}"
"('interactionism', 'philosophyofmind')",interactionism,philosophy of mind,3,0,null,v1,v1,"{""model"": ""open-mistral-nemo"", ""temperature"": 0, ""date"": ""2025-10-21T04:14:09.968774+00:00"", ""prompt_version"": ""v1"", ""persona"": ""null""}"
"('cognitivescience', 'computationandrepresentation')",computation and representation,cognitive science,4,0,expert,v1,v1,"{""model"": ""open-mistral-nemo"", ""temperature"": 0, ""date"": ""2025-10-21T04:14:11.410831+00:00"", ""prompt_version"": ""v1"", ""persona"": ""expert""}"
"('cognitivescience', 'computationandrepresentation')",computation and representation,cognitive science,4,0,phd,v1,v1,"{""model"": ""open-mistral-nemo"", ""temperature"": 0, ""date"": ""2025-10-21T04:14:12.945301+00:00"", ""prompt_version"": ""v1"", ""persona"": ""phd""}"
"('cognitivescience', 'computationandrepresentation')",computation and representation,cognitive science,3,0,null,v1,v1,"{""model"": ""open-mistral-nemo"", ""temperature"": 0, ""date"": ""2025-10-21T04:14:14.280158+00:00"", ""prompt_version"": ""v1"", ""persona"": ""null""}"
"('historyoflogic', 'hypotheticalsyllogism')",hypothetical syllogism,history of logic,2,0,novice,v1,v1,"{""model"": ""open-mistral-nemo"", ""temperature"": 0, ""date"": ""2025-10-21T04:14:15.618433+00:00"", ""prompt_version"": ""v1"", ""persona"": ""novice""}"
"('historyoflogic', 'hypotheticalsyllogism')",hypothetical syllogism,history of logic,2,0,phd,v1,v1,"{""model"": ""open-mistral-nemo"", ""temperature"": 0, ""date"": ""2025-10-21T04:14:18.114612+00:00"", ""prompt_version"": ""v1"", ""persona"": ""phd""}"
"('historyoflogic', 'hypotheticalsyllogism')",hypothetical syllogism,history of logic,2,0,null,v1,v1,"{""model"": ""open-mistral-nemo"", ""temperature"": 0, ""date"": ""2025-10-21T04:14:19.488940+00:00"", ""prompt_version"": ""v1"", ""persona"": ""null""}"
"('currentphilosophy', 'perception')",current philosophy,perception,3,0,expert,v1,v1,"{""model"": ""open-mistral-nemo"", ""temperature"": 0, ""date"": ""2025-10-21T04:14:20.818392+00:00"", ""prompt_version"": ""v1"", ""persona"": ""expert""}"
"('currentphilosophy', 'perception')",current philosophy,perception,2,-1,phd,v1,v1,"{""model"": ""open-mistral-nemo"", ""temperature"": 0, ""date"": ""2025-10-21T04:14:22.252304+00:00"", ""prompt_version"": ""v1"", ""persona"": ""phd""}"
"('currentphilosophy', 'perception')",current philosophy,perception,2,-1,null,v1,v1,"{""model"": ""open-mistral-nemo"", ""temperature"": 0, ""date"": ""2025-10-21T04:14:23.601648+00:00"", ""prompt_version"": ""v1"", ""persona"": ""null""}"
"('hobbessmoralandpoliticalphilosophy', 'socialandpoliticalphilosophy')",hobbes's moral and political philosophy,social and political philosophy,4,0,expert,v1,v1,"{""model"": ""open-mistral-nemo"", ""temperature"": 0, ""date"": ""2025-10-21T04:14:25.142911+00:00"", ""prompt_version"": ""v1"", ""persona"": ""expert""}"
"('hobbessmoralandpoliticalphilosophy', 'socialandpoliticalphilosophy')",hobbes's moral and political philosophy,social and political philosophy,4,0,phd,v1,v1,"{""model"": ""open-mistral-nemo"", ""temperature"": 0, ""date"": ""2025-10-21T04:14:26.475456+00:00"", ""prompt_version"": ""v1"", ""persona"": ""phd""}"
"('hobbessmoralandpoliticalphilosophy', 'socialandpoliticalphilosophy')",hobbes's moral and political philosophy,social and political philosophy,4,0,null,v1,v1,"{""model"": ""open-mistral-nemo"", ""temperature"": 0, ""date"": ""2025-10-21T04:14:27.796368+00:00"", ""prompt_version"": ""v1"", ""persona"": ""null""}"
"('magnetism', 'perception')",magnetism,perception,2,-1,expert,v1,v1,"{""model"": ""open-mistral-nemo"", ""temperature"": 0, ""date"": ""2025-10-21T04:14:29.144338+00:00"", ""prompt_version"": ""v1"", ""persona"": ""expert""}"
"('magnetism', 'perception')",magnetism,perception,1,-1,phd,v1,v1,"{""model"": ""open-mistral-nemo"", ""temperature"": 0, ""date"": ""2025-10-21T04:14:30.543274+00:00"", ""prompt_version"": ""v1"", ""persona"": ""phd""}"
"('magnetism', 'perception')",magnetism,perception,1,-1,null,v1,v1,"{""model"": ""open-mistral-nemo"", ""temperature"": 0, ""date"": ""2025-10-21T04:14:31.875245+00:00"", ""prompt_version"": ""v1"", ""persona"": ""null""}"
"('mentalcausation', 'philosophyofmind')",mental causation,philosophy of mind,4,0,expert,v1,v1,"{""model"": ""open-mistral-nemo"", ""temperature"": 0, ""date"": ""2025-10-21T04:14:33.224809+00:00"", ""prompt_version"": ""v1"", ""persona"": ""expert""}"
"('mentalcausation', 'philosophyofmind')",mental causation,philosophy of mind,4,0,phd,v1,v1,"{""model"": ""open-mistral-nemo"", ""temperature"": 0, ""date"": ""2025-10-21T04:14:34.575542+00:00"", ""prompt_version"": ""v1"", ""persona"": ""phd""}"
"('mentalcausation', 'philosophyofmind')",mental causation,philosophy of mind,4,0,null,v1,v1,"{""model"": ""open-mistral-nemo"", ""temperature"": 0, ""date"": ""2025-10-21T04:14:35.990406+00:00"", ""prompt_version"": ""v1"", ""persona"": ""null""}"
"('africanandafricanamericanphilosophy', 'ethnophilosophy')",ethnophilosophy,african and african-american philosophy,3,0,course_taker,v1,v1,"{""model"": ""open-mistral-nemo"", ""temperature"": 0, ""date"": ""2025-10-21T04:14:37.420510+00:00"", ""prompt_version"": ""v1"", ""persona"": ""course_taker""}"
"('africanandafricanamericanphilosophy', 'ethnophilosophy')",ethnophilosophy,african and african-american philosophy,2,0,phd,v1,v1,"{""model"": ""open-mistral-nemo"", ""temperature"": 0, ""date"": ""2025-10-21T04:14:38.851177+00:00"", ""prompt_version"": ""v1"", ""persona"": ""phd""}"
"('africanandafricanamericanphilosophy', 'ethnophilosophy')",ethnophilosophy,african and african-american philosophy,3,0,null,v1,v1,"{""model"": ""open-mistral-nemo"", ""temperature"": 0, ""date"": ""2025-10-21T04:14:40.235290+00:00"", ""prompt_version"": ""v1"", ""persona"": ""null""}"
"('epistemology', 'generalrelativity')",general relativity,epistemology,2,0,expert,v1,v1,"{""model"": ""open-mistral-nemo"", ""temperature"": 0, ""date"": ""2025-10-21T04:14:41.613637+00:00"", ""prompt_version"": ""v1"", ""persona"": ""expert""}"
"('epistemology', 'generalrelativity')",general relativity,epistemology,1,-1,phd,v1,v1,"{""model"": ""open-mistral-nemo"", ""temperature"": 0, ""date"": ""2025-10-21T04:14:43.100043+00:00"", ""prompt_version"": ""v1"", ""persona"": ""phd""}"
"('epistemology', 'generalrelativity')",general relativity,epistemology,2,-1,null,v1,v1,"{""model"": ""open-mistral-nemo"", ""temperature"": 0, ""date"": ""2025-10-21T04:14:44.620153+00:00"", ""prompt_version"": ""v1"", ""persona"": ""null""}"
"('induction', 'philosophyofmind')",induction,philosophy of mind,3,0,expert,v1,v1,"{""model"": ""open-mistral-nemo"", ""temperature"": 0, ""date"": ""2025-10-21T04:14:45.990281+00:00"", ""prompt_version"": ""v1"", ""persona"": ""expert""}"
"('induction', 'philosophyofmind')",induction,philosophy of mind,2,1,phd,v1,v1,"{""model"": ""open-mistral-nemo"", ""temperature"": 0, ""date"": ""2025-10-21T04:14:47.327140+00:00"", ""prompt_version"": ""v1"", ""persona"": ""phd""}"
"('induction', 'philosophyofmind')",induction,philosophy of mind,2,0,null,v1,v1,"{""model"": ""open-mistral-nemo"", ""temperature"": 0, ""date"": ""2025-10-21T04:14:48.631153+00:00"", ""prompt_version"": ""v1"", ""persona"": ""null""}"
"('epistemologyofreligion', 'philosophyofreligion')",epistemology of religion,philosophy of religion,4,0,expert,v1,v1,"{""model"": ""open-mistral-nemo"", ""temperature"": 0, ""date"": ""2025-10-21T04:14:49.963760+00:00"", ""prompt_version"": ""v1"", ""persona"": ""expert""}"
"('epistemologyofreligion', 'philosophyofreligion')",epistemology of religion,philosophy of religion,4,0,phd,v1,v1,"{""model"": ""open-mistral-nemo"", ""temperature"": 0, ""date"": ""2025-10-21T04:14:51.315360+00:00"", ""prompt_version"": ""v1"", ""persona"": ""phd""}"
"('epistemologyofreligion', 'philosophyofreligion')",epistemology of religion,philosophy of religion,4,0,null,v1,v1,"{""model"": ""open-mistral-nemo"", ""temperature"": 0, ""date"": ""2025-10-21T04:14:52.764292+00:00"", ""prompt_version"": ""v1"", ""persona"": ""null""}"
"('mentalimagery', 'philosophyofmind')",mental imagery,philosophy of mind,3,0,expert,v1,v1,"{""model"": ""open-mistral-nemo"", ""temperature"": 0, ""date"": ""2025-10-21T04:14:54.119469+00:00"", ""prompt_version"": ""v1"", ""persona"": ""expert""}"
"('mentalimagery', 'philosophyofmind')",mental imagery,philosophy of mind,3,0,phd,v1,v1,"{""model"": ""open-mistral-nemo"", ""temperature"": 0, ""date"": ""2025-10-21T04:14:55.455643+00:00"", ""prompt_version"": ""v1"", ""persona"": ""phd""}"
"('mentalimagery', 'philosophyofmind')",mental imagery,philosophy of mind,2,0,null,v1,v1,"{""model"": ""open-mistral-nemo"", ""temperature"": 0, ""date"": ""2025-10-21T04:14:56.782919+00:00"", ""prompt_version"": ""v1"", ""persona"": ""null""}"
"('baptism', 'epistemology')",baptism,epistemology,2,0,expert,v1,v1,"{""model"": ""open-mistral-nemo"", ""temperature"": 0, ""date"": ""2025-10-21T04:14:58.112874+00:00"", ""prompt_version"": ""v1"", ""persona"": ""expert""}"
"('baptism', 'epistemology')",baptism,epistemology,2,0,phd,v1,v1,"{""model"": ""open-mistral-nemo"", ""temperature"": 0, ""date"": ""2025-10-21T04:14:59.893050+00:00"", ""prompt_version"": ""v1"", ""persona"": ""phd""}"
"('baptism', 'epistemology')",baptism,epistemology,1,-1,null,v1,v1,"{""model"": ""open-mistral-nemo"", ""temperature"": 0, ""date"": ""2025-10-21T04:15:01.218601+00:00"", ""prompt_version"": ""v1"", ""persona"": ""null""}"
"('causation', 'probabilisticcausation')",probabilistic causation,causation,3,0,expert,v1,v1,"{""model"": ""open-mistral-nemo"", ""temperature"": 0, ""date"": ""2025-10-21T04:15:02.541561+00:00"", ""prompt_version"": ""v1"", ""persona"": ""expert""}"
"('causation', 'probabilisticcausation')",probabilistic causation,causation,3,0,phd,v1,v1,"{""model"": ""open-mistral-nemo"", ""temperature"": 0, ""date"": ""2025-10-21T04:15:03.885869+00:00"", ""prompt_version"": ""v1"", ""persona"": ""phd""}"
"('causation', 'probabilisticcausation')",probabilistic causation,causation,3,0,null,v1,v1,"{""model"": ""open-mistral-nemo"", ""temperature"": 0, ""date"": ""2025-10-21T04:15:05.264344+00:00"", ""prompt_version"": ""v1"", ""persona"": ""null""}"
"('measurementinquantumtheory', 'perception')",measurement in quantum theory,perception,2,0,expert,v1,v1,"{""model"": ""open-mistral-nemo"", ""temperature"": 0, ""date"": ""2025-10-21T04:15:06.593042+00:00"", ""prompt_version"": ""v1"", ""persona"": ""expert""}"
"('measurementinquantumtheory', 'perception')",measurement in quantum theory,perception,2,0,phd,v1,v1,"{""model"": ""open-mistral-nemo"", ""temperature"": 0, ""date"": ""2025-10-21T04:15:07.941958+00:00"", ""prompt_version"": ""v1"", ""persona"": ""phd""}"
"('measurementinquantumtheory', 'perception')",measurement in quantum theory,perception,2,0,null,v1,v1,"{""model"": ""open-mistral-nemo"", ""temperature"": 0, ""date"": ""2025-10-21T04:15:09.284240+00:00"", ""prompt_version"": ""v1"", ""persona"": ""null""}"
"('interpretation', 'metaphysics')",interpretation,metaphysics,2,0,expert,v1,v1,"{""model"": ""open-mistral-nemo"", ""temperature"": 0, ""date"": ""2025-10-21T04:15:10.627127+00:00"", ""prompt_version"": ""v1"", ""persona"": ""expert""}"
"('interpretation', 'metaphysics')",interpretation,metaphysics,2,0,phd,v1,v1,"{""model"": ""open-mistral-nemo"", ""temperature"": 0, ""date"": ""2025-10-21T04:15:12.022406+00:00"", ""prompt_version"": ""v1"", ""persona"": ""phd""}"
"('interpretation', 'metaphysics')",interpretation,metaphysics,2,0,null,v1,v1,"{""model"": ""open-mistral-nemo"", ""temperature"": 0, ""date"": ""2025-10-21T04:15:13.364370+00:00"", ""prompt_version"": ""v1"", ""persona"": ""null""}"
"('perception', 'scottishphilosophyinthe19thcentury')",scottish philosophy in the 19th century,perception,2,0,expert,v1,v1,"{""model"": ""open-mistral-nemo"", ""temperature"": 0, ""date"": ""2025-10-21T04:15:14.698838+00:00"", ""prompt_version"": ""v1"", ""persona"": ""expert""}"
"('perception', 'scottishphilosophyinthe19thcentury')",scottish philosophy in the 19th century,perception,2,-1,phd,v1,v1,"{""model"": ""open-mistral-nemo"", ""temperature"": 0, ""date"": ""2025-10-21T04:15:16.020147+00:00"", ""prompt_version"": ""v1"", ""persona"": ""phd""}"
"('perception', 'scottishphilosophyinthe19thcentury')",scottish philosophy in the 19th century,perception,2,-1,null,v1,v1,"{""model"": ""open-mistral-nemo"", ""temperature"": 0, ""date"": ""2025-10-21T04:15:17.362874+00:00"", ""prompt_version"": ""v1"", ""persona"": ""null""}"
"('philosophyofchemistry', 'philosophyofscienceandthesciences')",philosophy of chemistry,philosophy of science and the sciences,3,0,expert,v1,v1,"{""model"": ""open-mistral-nemo"", ""temperature"": 0, ""date"": ""2025-10-21T04:15:19.164255+00:00"", ""prompt_version"": ""v1"", ""persona"": ""expert""}"
"('philosophyofchemistry', 'philosophyofscienceandthesciences')",philosophy of chemistry,philosophy of science and the sciences,3,0,phd,v1,v1,"{""model"": ""open-mistral-nemo"", ""temperature"": 0, ""date"": ""2025-10-21T04:15:20.527043+00:00"", ""prompt_version"": ""v1"", ""persona"": ""phd""}"
"('philosophyofchemistry', 'philosophyofscienceandthesciences')",philosophy of chemistry,philosophy of science and the sciences,4,0,null,v1,v1,"{""model"": ""open-mistral-nemo"", ""temperature"": 0, ""date"": ""2025-10-21T04:15:21.874773+00:00"", ""prompt_version"": ""v1"", ""persona"": ""null""}"
"('goodness', 'metaphysics')",goodness,metaphysics,2,0,expert,v1,v1,"{""model"": ""open-mistral-nemo"", ""temperature"": 0, ""date"": ""2025-10-21T04:15:23.232345+00:00"", ""prompt_version"": ""v1"", ""persona"": ""expert""}"
"('goodness', 'metaphysics')",goodness,metaphysics,2,0,phd,v1,v1,"{""model"": ""open-mistral-nemo"", ""temperature"": 0, ""date"": ""2025-10-21T04:15:24.590546+00:00"", ""prompt_version"": ""v1"", ""persona"": ""phd""}"
"('goodness', 'metaphysics')",goodness,metaphysics,2,1,null,v1,v1,"{""model"": ""open-mistral-nemo"", ""temperature"": 0, ""date"": ""2025-10-21T04:15:25.958179+00:00"", ""prompt_version"": ""v1"", ""persona"": ""null""}"
"('concepts', 'mentalcontent')",concepts,mental content,3,1,expert,v1,v1,"{""model"": ""open-mistral-nemo"", ""temperature"": 0, ""date"": ""2025-10-21T04:15:27.330889+00:00"", ""prompt_version"": ""v1"", ""persona"": ""expert""}"
"('concepts', 'mentalcontent')",concepts,mental content,3,0,phd,v1,v1,"{""model"": ""open-mistral-nemo"", ""temperature"": 0, ""date"": ""2025-10-21T04:15:28.685904+00:00"", ""prompt_version"": ""v1"", ""persona"": ""phd""}"
"('concepts', 'mentalcontent')",concepts,mental content,3,1,null,v1,v1,"{""model"": ""open-mistral-nemo"", ""temperature"": 0, ""date"": ""2025-10-21T04:15:30.057826+00:00"", ""prompt_version"": ""v1"", ""persona"": ""null""}"
"('languageandsociety', 'philosophyoflanguage')",philosophy of language,language and society,3,0,expert,v1,v1,"{""model"": ""open-mistral-nemo"", ""temperature"": 0, ""date"": ""2025-10-21T04:15:31.474942+00:00"", ""prompt_version"": ""v1"", ""persona"": ""expert""}"
"('languageandsociety', 'philosophyoflanguage')",philosophy of language,language and society,2,0,phd,v1,v1,"{""model"": ""open-mistral-nemo"", ""temperature"": 0, ""date"": ""2025-10-21T04:15:32.912738+00:00"", ""prompt_version"": ""v1"", ""persona"": ""phd""}"
"('languageandsociety', 'philosophyoflanguage')",philosophy of language,language and society,3,0,null,v1,v1,"{""model"": ""open-mistral-nemo"", ""temperature"": 0, ""date"": ""2025-10-21T04:15:34.312895+00:00"", ""prompt_version"": ""v1"", ""persona"": ""null""}"
"('epistemology', 'philosophyofsocialscience')",philosophy of social science,epistemology,3,0,expert,v1,v1,"{""model"": ""open-mistral-nemo"", ""temperature"": 0, ""date"": ""2025-10-21T04:15:35.642459+00:00"", ""prompt_version"": ""v1"", ""persona"": ""expert""}"
"('epistemology', 'philosophyofsocialscience')",philosophy of social science,epistemology,2,0,phd,v1,v1,"{""model"": ""open-mistral-nemo"", ""temperature"": 0, ""date"": ""2025-10-21T04:15:36.974932+00:00"", ""prompt_version"": ""v1"", ""persona"": ""phd""}"
"('epistemology', 'philosophyofsocialscience')",philosophy of social science,epistemology,3,0,null,v1,v1,"{""model"": ""open-mistral-nemo"", ""temperature"": 0, ""date"": ""2025-10-21T04:15:38.336844+00:00"", ""prompt_version"": ""v1"", ""persona"": ""null""}"
"('perception', 'representationalism')",representationalism,perception,4,0,expert,v1,v1,"{""model"": ""open-mistral-nemo"", ""temperature"": 0, ""date"": ""2025-10-21T04:15:39.706175+00:00"", ""prompt_version"": ""v1"", ""persona"": ""expert""}"
"('perception', 'representationalism')",representationalism,perception,3,0,phd,v1,v1,"{""model"": ""open-mistral-nemo"", ""temperature"": 0, ""date"": ""2025-10-21T04:15:41.214804+00:00"", ""prompt_version"": ""v1"", ""persona"": ""phd""}"
"('perception', 'representationalism')",representationalism,perception,3,0,null,v1,v1,"{""model"": ""open-mistral-nemo"", ""temperature"": 0, ""date"": ""2025-10-21T04:15:42.646482+00:00"", ""prompt_version"": ""v1"", ""persona"": ""null""}"
"('philosophyofreligion', 'secularhumanism')",secular humanism,philosophy of religion,3,0,expert,v1,v1,"{""model"": ""open-mistral-nemo"", ""temperature"": 0, ""date"": ""2025-10-21T04:15:44.010439+00:00"", ""prompt_version"": ""v1"", ""persona"": ""expert""}"
"('philosophyofreligion', 'secularhumanism')",secular humanism,philosophy of religion,3,0,phd,v1,v1,"{""model"": ""open-mistral-nemo"", ""temperature"": 0, ""date"": ""2025-10-21T04:15:45.349450+00:00"", ""prompt_version"": ""v1"", ""persona"": ""phd""}"
"('philosophyofreligion', 'secularhumanism')",secular humanism,philosophy of religion,3,0,null,v1,v1,"{""model"": ""open-mistral-nemo"", ""temperature"": 0, ""date"": ""2025-10-21T04:15:46.708035+00:00"", ""prompt_version"": ""v1"", ""persona"": ""null""}"
"('philosophyofmind', 'philosophyofnature')",philosophy of nature,philosophy of mind,3,1,expert,v1,v1,"{""model"": ""open-mistral-nemo"", ""temperature"": 0, ""date"": ""2025-10-21T04:15:48.118453+00:00"", ""prompt_version"": ""v1"", ""persona"": ""expert""}"
"('philosophyofmind', 'philosophyofnature')",philosophy of nature,philosophy of mind,2,1,phd,v1,v1,"{""model"": ""open-mistral-nemo"", ""temperature"": 0, ""date"": ""2025-10-21T04:15:49.514544+00:00"", ""prompt_version"": ""v1"", ""persona"": ""phd""}"
"('philosophyofmind', 'philosophyofnature')",philosophy of nature,philosophy of mind,3,1,null,v1,v1,"{""model"": ""open-mistral-nemo"", ""temperature"": 0, ""date"": ""2025-10-21T04:15:50.941642+00:00"", ""prompt_version"": ""v1"", ""persona"": ""null""}"
"('metaphysics', 'philosophyofchemistry')",philosophy of chemistry,metaphysics,2,0,expert,v1,v1,"{""model"": ""open-mistral-nemo"", ""temperature"": 0, ""date"": ""2025-10-21T04:15:52.373895+00:00"", ""prompt_version"": ""v1"", ""persona"": ""expert""}"
"('metaphysics', 'philosophyofchemistry')",philosophy of chemistry,metaphysics,2,0,phd,v1,v1,"{""model"": ""open-mistral-nemo"", ""temperature"": 0, ""date"": ""2025-10-21T04:15:53.741052+00:00"", ""prompt_version"": ""v1"", ""persona"": ""phd""}"
"('metaphysics', 'philosophyofchemistry')",philosophy of chemistry,metaphysics,2,0,null,v1,v1,"{""model"": ""open-mistral-nemo"", ""temperature"": 0, ""date"": ""2025-10-21T04:15:55.071856+00:00"", ""prompt_version"": ""v1"", ""persona"": ""null""}"
"('africanandafricanamericanphilosophy', 'africanphilosophy')",african philosophy,african and african-american philosophy,4,0,course_taker,v1,v1,"{""model"": ""open-mistral-nemo"", ""temperature"": 0, ""date"": ""2025-10-21T04:15:56.405109+00:00"", ""prompt_version"": ""v1"", ""persona"": ""course_taker""}"
"('africanandafricanamericanphilosophy', 'africanphilosophy')",african philosophy,african and african-american philosophy,4,0,phd,v1,v1,"{""model"": ""open-mistral-nemo"", ""temperature"": 0, ""date"": ""2025-10-21T04:15:57.746369+00:00"", ""prompt_version"": ""v1"", ""persona"": ""phd""}"
"('africanandafricanamericanphilosophy', 'africanphilosophy')",african philosophy,african and african-american philosophy,4,0,null,v1,v1,"{""model"": ""open-mistral-nemo"", ""temperature"": 0, ""date"": ""2025-10-21T04:15:59.102123+00:00"", ""prompt_version"": ""v1"", ""persona"": ""null""}"
"('japaneseaesthetics', 'japanesephilosophy')",japanese aesthetics,japanese philosophy,4,0,novice,v1,v1,"{""model"": ""open-mistral-nemo"", ""temperature"": 0, ""date"": ""2025-10-21T04:16:00.434862+00:00"", ""prompt_version"": ""v1"", ""persona"": ""novice""}"
"('japaneseaesthetics', 'japanesephilosophy')",japanese aesthetics,japanese philosophy,4,3,phd,v1,v1,"{""model"": ""open-mistral-nemo"", ""temperature"": 0, ""date"": ""2025-10-21T04:16:01.774790+00:00"", ""prompt_version"": ""v1"", ""persona"": ""phd""}"
"('japaneseaesthetics', 'japanesephilosophy')",japanese aesthetics,japanese philosophy,4,0,null,v1,v1,"{""model"": ""open-mistral-nemo"", ""temperature"": 0, ""date"": ""2025-10-21T04:16:03.133916+00:00"", ""prompt_version"": ""v1"", ""persona"": ""null""}"
"('ancientlogic', 'historyoflogic')",ancient logic,history of logic,4,0,novice,v1,v1,"{""model"": ""open-mistral-nemo"", ""temperature"": 0, ""date"": ""2025-10-21T04:16:04.470866+00:00"", ""prompt_version"": ""v1"", ""persona"": ""novice""}"
"('ancientlogic', 'historyoflogic')",ancient logic,history of logic,4,0,phd,v1,v1,"{""model"": ""open-mistral-nemo"", ""temperature"": 0, ""date"": ""2025-10-21T04:16:05.821134+00:00"", ""prompt_version"": ""v1"", ""persona"": ""phd""}"
"('ancientlogic', 'historyoflogic')",ancient logic,history of logic,4,0,null,v1,v1,"{""model"": ""open-mistral-nemo"", ""temperature"": 0, ""date"": ""2025-10-21T04:16:07.183103+00:00"", ""prompt_version"": ""v1"", ""persona"": ""null""}"
"('philosophyofreligion', 'pietism')",pietism,philosophy of religion,2,0,expert,v1,v1,"{""model"": ""open-mistral-nemo"", ""temperature"": 0, ""date"": ""2025-10-21T04:16:08.549392+00:00"", ""prompt_version"": ""v1"", ""persona"": ""expert""}"
"('philosophyofreligion', 'pietism')",pietism,philosophy of religion,2,0,phd,v1,v1,"{""model"": ""open-mistral-nemo"", ""temperature"": 0, ""date"": ""2025-10-21T04:16:09.892320+00:00"", ""prompt_version"": ""v1"", ""persona"": ""phd""}"
"('philosophyofreligion', 'pietism')",pietism,philosophy of religion,2,0,null,v1,v1,"{""model"": ""open-mistral-nemo"", ""temperature"": 0, ""date"": ""2025-10-21T04:16:11.219778+00:00"", ""prompt_version"": ""v1"", ""persona"": ""null""}"
"('ontologicalargument', 'philosophyofreligion')",ontological argument,philosophy of religion,4,0,expert,v1,v1,"{""model"": ""open-mistral-nemo"", ""temperature"": 0, ""date"": ""2025-10-21T04:16:12.686785+00:00"", ""prompt_version"": ""v1"", ""persona"": ""expert""}"
"('ontologicalargument', 'philosophyofreligion')",ontological argument,philosophy of religion,4,0,phd,v1,v1,"{""model"": ""open-mistral-nemo"", ""temperature"": 0, ""date"": ""2025-10-21T04:16:14.088872+00:00"", ""prompt_version"": ""v1"", ""persona"": ""phd""}"
"('ontologicalargument', 'philosophyofreligion')",ontological argument,philosophy of religion,4,0,null,v1,v1,"{""model"": ""open-mistral-nemo"", ""temperature"": 0, ""date"": ""2025-10-21T04:16:15.438764+00:00"", ""prompt_version"": ""v1"", ""persona"": ""null""}"
"('eliminativematerialism', 'folkpsychology')",eliminative materialism,folk psychology,3,0,expert,v1,v1,"{""model"": ""open-mistral-nemo"", ""temperature"": 0, ""date"": ""2025-10-21T04:16:16.766385+00:00"", ""prompt_version"": ""v1"", ""persona"": ""expert""}"
"('eliminativematerialism', 'folkpsychology')",eliminative materialism,folk psychology,3,0,phd,v1,v1,"{""model"": ""open-mistral-nemo"", ""temperature"": 0, ""date"": ""2025-10-21T04:16:18.095842+00:00"", ""prompt_version"": ""v1"", ""persona"": ""phd""}"
"('eliminativematerialism', 'folkpsychology')",eliminative materialism,folk psychology,2,0,null,v1,v1,"{""model"": ""open-mistral-nemo"", ""temperature"": 0, ""date"": ""2025-10-21T04:16:19.479690+00:00"", ""prompt_version"": ""v1"", ""persona"": ""null""}"
"('externalism', 'perception')",externalism,perception,3,0,expert,v1,v1,"{""model"": ""open-mistral-nemo"", ""temperature"": 0, ""date"": ""2025-10-21T04:16:20.938055+00:00"", ""prompt_version"": ""v1"", ""persona"": ""expert""}"
"('externalism', 'perception')",externalism,perception,3,0,phd,v1,v1,"{""model"": ""open-mistral-nemo"", ""temperature"": 0, ""date"": ""2025-10-21T04:16:22.288274+00:00"", ""prompt_version"": ""v1"", ""persona"": ""phd""}"
"('externalism', 'perception')",externalism,perception,2,-1,null,v1,v1,"{""model"": ""open-mistral-nemo"", ""temperature"": 0, ""date"": ""2025-10-21T04:16:23.712600+00:00"", ""prompt_version"": ""v1"", ""persona"": ""null""}"
"('epistemology', 'experimentinphysics')",experiment in physics,epistemology,1,-1,expert,v1,v1,"{""model"": ""open-mistral-nemo"", ""temperature"": 0, ""date"": ""2025-10-21T04:16:25.063652+00:00"", ""prompt_version"": ""v1"", ""persona"": ""expert""}"
"('epistemology', 'experimentinphysics')",experiment in physics,epistemology,1,-1,phd,v1,v1,"{""model"": ""open-mistral-nemo"", ""temperature"": 0, ""date"": ""2025-10-21T04:16:26.464964+00:00"", ""prompt_version"": ""v1"", ""persona"": ""phd""}"
"('epistemology', 'experimentinphysics')",experiment in physics,epistemology,2,0,null,v1,v1,"{""model"": ""open-mistral-nemo"", ""temperature"": 0, ""date"": ""2025-10-21T04:16:27.798465+00:00"", ""prompt_version"": ""v1"", ""persona"": ""null""}"
"('existenceofgod', 'metaphysics')",existence of god,metaphysics,4,0,expert,v1,v1,"{""model"": ""open-mistral-nemo"", ""temperature"": 0, ""date"": ""2025-10-21T04:16:29.129483+00:00"", ""prompt_version"": ""v1"", ""persona"": ""expert""}"
"('existenceofgod', 'metaphysics')",existence of god,metaphysics,3,0,phd,v1,v1,"{""model"": ""open-mistral-nemo"", ""temperature"": 0, ""date"": ""2025-10-21T04:16:30.565969+00:00"", ""prompt_version"": ""v1"", ""persona"": ""phd""}"
"('existenceofgod', 'metaphysics')",existence of god,metaphysics,3,0,null,v1,v1,"{""model"": ""open-mistral-nemo"", ""temperature"": 0, ""date"": ""2025-10-21T04:16:31.998146+00:00"", ""prompt_version"": ""v1"", ""persona"": ""null""}"
"('philosophyofcomputerscience', 'philosophyofscienceandthesciences')",philosophy of computer science,philosophy of science and the sciences,4,0,expert,v1,v1,"{""model"": ""open-mistral-nemo"", ""temperature"": 0, ""date"": ""2025-10-21T04:16:33.370825+00:00"", ""prompt_version"": ""v1"", ""persona"": ""expert""}"
"('philosophyofcomputerscience', 'philosophyofscienceandthesciences')",philosophy of computer science,philosophy of science and the sciences,4,0,phd,v1,v1,"{""model"": ""open-mistral-nemo"", ""temperature"": 0, ""date"": ""2025-10-21T04:16:34.704211+00:00"", ""prompt_version"": ""v1"", ""persona"": ""phd""}"
"('philosophyofcomputerscience', 'philosophyofscienceandthesciences')",philosophy of computer science,philosophy of science and the sciences,4,0,null,v1,v1,"{""model"": ""open-mistral-nemo"", ""temperature"": 0, ""date"": ""2025-10-21T04:16:36.027628+00:00"", ""prompt_version"": ""v1"", ""persona"": ""null""}"
"('ethics', 'utilitarianism')",ethics,utilitarianism,4,1,novice,v1,v1,"{""model"": ""open-mistral-nemo"", ""temperature"": 0, ""date"": ""2025-10-21T04:16:37.395418+00:00"", ""prompt_version"": ""v1"", ""persona"": ""novice""}"
"('ethics', 'utilitarianism')",ethics,utilitarianism,4,1,phd,v1,v1,"{""model"": ""open-mistral-nemo"", ""temperature"": 0, ""date"": ""2025-10-21T04:16:38.904033+00:00"", ""prompt_version"": ""v1"", ""persona"": ""phd""}"
"('ethics', 'utilitarianism')",ethics,utilitarianism,3,1,null,v1,v1,"{""model"": ""open-mistral-nemo"", ""temperature"": 0, ""date"": ""2025-10-21T04:16:41.125729+00:00"", ""prompt_version"": ""v1"", ""persona"": ""null""}"
"('scientificmethodology', 'scientificrealism')",scientific realism,scientific methodology,3,0,novice,v1,v1,"{""model"": ""open-mistral-nemo"", ""temperature"": 0, ""date"": ""2025-10-21T04:16:42.518397+00:00"", ""prompt_version"": ""v1"", ""persona"": ""novice""}"
"('scientificmethodology', 'scientificrealism')",scientific realism,scientific methodology,3,0,phd,v1,v1,"{""model"": ""open-mistral-nemo"", ""temperature"": 0, ""date"": ""2025-10-21T04:16:44.068561+00:00"", ""prompt_version"": ""v1"", ""persona"": ""phd""}"
"('scientificmethodology', 'scientificrealism')",scientific realism,scientific methodology,3,0,null,v1,v1,"{""model"": ""open-mistral-nemo"", ""temperature"": 0, ""date"": ""2025-10-21T04:16:45.431890+00:00"", ""prompt_version"": ""v1"", ""persona"": ""null""}"
"('metaphysics', 'philosophyofscience')",philosophy of science,metaphysics,2,0,expert,v1,v1,"{""model"": ""open-mistral-nemo"", ""temperature"": 0, ""date"": ""2025-10-21T04:16:46.762729+00:00"", ""prompt_version"": ""v1"", ""persona"": ""expert""}"
"('metaphysics', 'philosophyofscience')",philosophy of science,metaphysics,2,0,phd,v1,v1,"{""model"": ""open-mistral-nemo"", ""temperature"": 0, ""date"": ""2025-10-21T04:16:48.145491+00:00"", ""prompt_version"": ""v1"", ""persona"": ""phd""}"
"('metaphysics', 'philosophyofscience')",philosophy of science,metaphysics,3,0,null,v1,v1,"{""model"": ""open-mistral-nemo"", ""temperature"": 0, ""date"": ""2025-10-21T04:16:49.485944+00:00"", ""prompt_version"": ""v1"", ""persona"": ""null""}"
"('epistemology', 'introspection')",introspection,epistemology,3,0,expert,v1,v1,"{""model"": ""open-mistral-nemo"", ""temperature"": 0, ""date"": ""2025-10-21T04:16:50.912362+00:00"", ""prompt_version"": ""v1"", ""persona"": ""expert""}"
"('epistemology', 'introspection')",introspection,epistemology,3,0,phd,v1,v1,"{""model"": ""open-mistral-nemo"", ""temperature"": 0, ""date"": ""2025-10-21T04:16:52.274660+00:00"", ""prompt_version"": ""v1"", ""persona"": ""phd""}"
"('epistemology', 'introspection')",introspection,epistemology,3,0,null,v1,v1,"{""model"": ""open-mistral-nemo"", ""temperature"": 0, ""date"": ""2025-10-21T04:16:53.702792+00:00"", ""prompt_version"": ""v1"", ""persona"": ""null""}"
"('logicandlanguage', 'philosophyofcomputerscience')",philosophy of computer science,logic and language,3,0,course_taker,v1,v1,"{""model"": ""open-mistral-nemo"", ""temperature"": 0, ""date"": ""2025-10-21T04:16:55.099870+00:00"", ""prompt_version"": ""v1"", ""persona"": ""course_taker""}"
"('logicandlanguage', 'philosophyofcomputerscience')",philosophy of computer science,logic and language,2,0,phd,v1,v1,"{""model"": ""open-mistral-nemo"", ""temperature"": 0, ""date"": ""2025-10-21T04:16:56.454716+00:00"", ""prompt_version"": ""v1"", ""persona"": ""phd""}"
"('logicandlanguage', 'philosophyofcomputerscience')",philosophy of computer science,logic and language,3,0,null,v1,v1,"{""model"": ""open-mistral-nemo"", ""temperature"": 0, ""date"": ""2025-10-21T04:16:57.821821+00:00"", ""prompt_version"": ""v1"", ""persona"": ""null""}"
"('medievaltheoriesofthecategories', 'metaphysics')",medieval theories of the categories,metaphysics,3,0,expert,v1,v1,"{""model"": ""open-mistral-nemo"", ""temperature"": 0, ""date"": ""2025-10-21T04:16:59.150806+00:00"", ""prompt_version"": ""v1"", ""persona"": ""expert""}"
"('medievaltheoriesofthecategories', 'metaphysics')",medieval theories of the categories,metaphysics,3,0,phd,v1,v1,"{""model"": ""open-mistral-nemo"", ""temperature"": 0, ""date"": ""2025-10-21T04:17:00.511707+00:00"", ""prompt_version"": ""v1"", ""persona"": ""phd""}"
"('medievaltheoriesofthecategories', 'metaphysics')",medieval theories of the categories,metaphysics,3,0,null,v1,v1,"{""model"": ""open-mistral-nemo"", ""temperature"": 0, ""date"": ""2025-10-21T04:17:01.848903+00:00"", ""prompt_version"": ""v1"", ""persona"": ""null""}"
"('lockespoliticalphilosophy', 'philosophyofreligion')",locke's political philosophy,philosophy of religion,2,0,expert,v1,v1,"{""model"": ""open-mistral-nemo"", ""temperature"": 0, ""date"": ""2025-10-21T04:17:03.206074+00:00"", ""prompt_version"": ""v1"", ""persona"": ""expert""}"
"('lockespoliticalphilosophy', 'philosophyofreligion')",locke's political philosophy,philosophy of religion,2,0,phd,v1,v1,"{""model"": ""open-mistral-nemo"", ""temperature"": 0, ""date"": ""2025-10-21T04:17:04.581206+00:00"", ""prompt_version"": ""v1"", ""persona"": ""phd""}"
"('lockespoliticalphilosophy', 'philosophyofreligion')",locke's political philosophy,philosophy of religion,2,-1,null,v1,v1,"{""model"": ""open-mistral-nemo"", ""temperature"": 0, ""date"": ""2025-10-21T04:17:05.995627+00:00"", ""prompt_version"": ""v1"", ""persona"": ""null""}"
"('consciousness', 'kantsviewofthemindandconsciousnessofself')",kant's view of the mind and consciousness of self,consciousness,4,0,expert,v1,v1,"{""model"": ""open-mistral-nemo"", ""temperature"": 0, ""date"": ""2025-10-21T04:17:07.354227+00:00"", ""prompt_version"": ""v1"", ""persona"": ""expert""}"
"('consciousness', 'kantsviewofthemindandconsciousnessofself')",kant's view of the mind and consciousness of self,consciousness,4,0,phd,v1,v1,"{""model"": ""open-mistral-nemo"", ""temperature"": 0, ""date"": ""2025-10-21T04:17:08.873683+00:00"", ""prompt_version"": ""v1"", ""persona"": ""phd""}"
"('consciousness', 'kantsviewofthemindandconsciousnessofself')",kant's view of the mind and consciousness of self,consciousness,4,0,null,v1,v1,"{""model"": ""open-mistral-nemo"", ""temperature"": 0, ""date"": ""2025-10-21T04:17:10.246639+00:00"", ""prompt_version"": ""v1"", ""persona"": ""null""}"
"('metaphysics', 'philosophyofphysics')",philosophy of physics,metaphysics,4,0,expert,v1,v1,"{""model"": ""open-mistral-nemo"", ""temperature"": 0, ""date"": ""2025-10-21T04:17:11.633732+00:00"", ""prompt_version"": ""v1"", ""persona"": ""expert""}"
"('metaphysics', 'philosophyofphysics')",philosophy of physics,metaphysics,3,0,phd,v1,v1,"{""model"": ""open-mistral-nemo"", ""temperature"": 0, ""date"": ""2025-10-21T04:17:12.979334+00:00"", ""prompt_version"": ""v1"", ""persona"": ""phd""}"
"('metaphysics', 'philosophyofphysics')",philosophy of physics,metaphysics,2,0,null,v1,v1,"{""model"": ""open-mistral-nemo"", ""temperature"": 0, ""date"": ""2025-10-21T04:17:14.328424+00:00"", ""prompt_version"": ""v1"", ""persona"": ""null""}"
"('identitytheoryofmind', 'perception')",identity theory of mind,perception,2,0,expert,v1,v1,"{""model"": ""open-mistral-nemo"", ""temperature"": 0, ""date"": ""2025-10-21T04:17:15.710597+00:00"", ""prompt_version"": ""v1"", ""persona"": ""expert""}"
"('identitytheoryofmind', 'perception')",identity theory of mind,perception,2,0,phd,v1,v1,"{""model"": ""open-mistral-nemo"", ""temperature"": 0, ""date"": ""2025-10-21T04:17:17.088433+00:00"", ""prompt_version"": ""v1"", ""persona"": ""phd""}"
"('identitytheoryofmind', 'perception')",identity theory of mind,perception,2,-1,null,v1,v1,"{""model"": ""open-mistral-nemo"", ""temperature"": 0, ""date"": ""2025-10-21T04:17:18.467146+00:00"", ""prompt_version"": ""v1"", ""persona"": ""null""}"
"('metaphysics', 'vitalism')",vitalism,metaphysics,2,0,expert,v1,v1,"{""model"": ""open-mistral-nemo"", ""temperature"": 0, ""date"": ""2025-10-21T04:17:19.802485+00:00"", ""prompt_version"": ""v1"", ""persona"": ""expert""}"
"('metaphysics', 'vitalism')",vitalism,metaphysics,2,0,phd,v1,v1,"{""model"": ""open-mistral-nemo"", ""temperature"": 0, ""date"": ""2025-10-21T04:17:21.260708+00:00"", ""prompt_version"": ""v1"", ""persona"": ""phd""}"
"('metaphysics', 'vitalism')",vitalism,metaphysics,2,0,null,v1,v1,"{""model"": ""open-mistral-nemo"", ""temperature"": 0, ""date"": ""2025-10-21T04:17:22.691586+00:00"", ""prompt_version"": ""v1"", ""persona"": ""null""}"
"('philosophyofmind', 'realism')",realism,philosophy of mind,3,1,expert,v1,v1,"{""model"": ""open-mistral-nemo"", ""temperature"": 0, ""date"": ""2025-10-21T04:17:24.064191+00:00"", ""prompt_version"": ""v1"", ""persona"": ""expert""}"
"('philosophyofmind', 'realism')",realism,philosophy of mind,3,0,phd,v1,v1,"{""model"": ""open-mistral-nemo"", ""temperature"": 0, ""date"": ""2025-10-21T04:17:25.447878+00:00"", ""prompt_version"": ""v1"", ""persona"": ""phd""}"
"('philosophyofmind', 'realism')",realism,philosophy of mind,3,0,null,v1,v1,"{""model"": ""open-mistral-nemo"", ""temperature"": 0, ""date"": ""2025-10-21T04:17:26.898060+00:00"", ""prompt_version"": ""v1"", ""persona"": ""null""}"
"('imagery', 'perception')",imagery,perception,3,0,expert,v1,v1,"{""model"": ""open-mistral-nemo"", ""temperature"": 0, ""date"": ""2025-10-21T04:17:28.314473+00:00"", ""prompt_version"": ""v1"", ""persona"": ""expert""}"
"('imagery', 'perception')",imagery,perception,3,0,phd,v1,v1,"{""model"": ""open-mistral-nemo"", ""temperature"": 0, ""date"": ""2025-10-21T04:17:29.679054+00:00"", ""prompt_version"": ""v1"", ""persona"": ""phd""}"
"('imagery', 'perception')",imagery,perception,3,0,null,v1,v1,"{""model"": ""open-mistral-nemo"", ""temperature"": 0, ""date"": ""2025-10-21T04:17:31.080222+00:00"", ""prompt_version"": ""v1"", ""persona"": ""null""}"
"('aspectsofconsciousness', 'selfconsciousness')",self-consciousness,aspects of consciousness,4,0,expert,v1,v1,"{""model"": ""open-mistral-nemo"", ""temperature"": 0, ""date"": ""2025-10-21T04:17:32.413294+00:00"", ""prompt_version"": ""v1"", ""persona"": ""expert""}"
"('aspectsofconsciousness', 'selfconsciousness')",self-consciousness,aspects of consciousness,3,0,phd,v1,v1,"{""model"": ""open-mistral-nemo"", ""temperature"": 0, ""date"": ""2025-10-21T04:17:33.778352+00:00"", ""prompt_version"": ""v1"", ""persona"": ""phd""}"
"('aspectsofconsciousness', 'selfconsciousness')",self-consciousness,aspects of consciousness,3,0,null,v1,v1,"{""model"": ""open-mistral-nemo"", ""temperature"": 0, ""date"": ""2025-10-21T04:17:35.179887+00:00"", ""prompt_version"": ""v1"", ""persona"": ""null""}"
"('aristotlespsychology', 'philosophyofmind')",aristotle's psychology,philosophy of mind,4,0,expert,v1,v1,"{""model"": ""open-mistral-nemo"", ""temperature"": 0, ""date"": ""2025-10-21T04:17:36.499712+00:00"", ""prompt_version"": ""v1"", ""persona"": ""expert""}"
"('aristotlespsychology', 'philosophyofmind')",aristotle's psychology,philosophy of mind,4,0,phd,v1,v1,"{""model"": ""open-mistral-nemo"", ""temperature"": 0, ""date"": ""2025-10-21T04:17:37.833997+00:00"", ""prompt_version"": ""v1"", ""persona"": ""phd""}"
"('aristotlespsychology', 'philosophyofmind')",aristotle's psychology,philosophy of mind,4,0,null,v1,v1,"{""model"": ""open-mistral-nemo"", ""temperature"": 0, ""date"": ""2025-10-21T04:17:39.188024+00:00"", ""prompt_version"": ""v1"", ""persona"": ""null""}"
"('folkpsychologyasatheory', 'philosophyofmind')",folk psychology as a theory,philosophy of mind,4,0,expert,v1,v1,"{""model"": ""open-mistral-nemo"", ""temperature"": 0, ""date"": ""2025-10-21T04:17:40.542608+00:00"", ""prompt_version"": ""v1"", ""persona"": ""expert""}"
"('folkpsychologyasatheory', 'philosophyofmind')",folk psychology as a theory,philosophy of mind,3,0,phd,v1,v1,"{""model"": ""open-mistral-nemo"", ""temperature"": 0, ""date"": ""2025-10-21T04:17:41.898595+00:00"", ""prompt_version"": ""v1"", ""persona"": ""phd""}"
"('folkpsychologyasatheory', 'philosophyofmind')",folk psychology as a theory,philosophy of mind,4,0,null,v1,v1,"{""model"": ""open-mistral-nemo"", ""temperature"": 0, ""date"": ""2025-10-21T04:17:43.274131+00:00"", ""prompt_version"": ""v1"", ""persona"": ""null""}"
"('modularityofmind', 'philosophyofmind')",modularity of mind,philosophy of mind,3,0,expert,v1,v1,"{""model"": ""open-mistral-nemo"", ""temperature"": 0, ""date"": ""2025-10-21T04:17:44.609991+00:00"", ""prompt_version"": ""v1"", ""persona"": ""expert""}"
"('modularityofmind', 'philosophyofmind')",modularity of mind,philosophy of mind,3,0,phd,v1,v1,"{""model"": ""open-mistral-nemo"", ""temperature"": 0, ""date"": ""2025-10-21T04:17:45.998527+00:00"", ""prompt_version"": ""v1"", ""persona"": ""phd""}"
"('modularityofmind', 'philosophyofmind')",modularity of mind,philosophy of mind,3,0,null,v1,v1,"{""model"": ""open-mistral-nemo"", ""temperature"": 0, ""date"": ""2025-10-21T04:17:47.353917+00:00"", ""prompt_version"": ""v1"", ""persona"": ""null""}"
"('languageofthoughthypothesis', 'philosophyoflanguage')",language of thought hypothesis,philosophy of language,4,0,expert,v1,v1,"{""model"": ""open-mistral-nemo"", ""temperature"": 0, ""date"": ""2025-10-21T04:17:48.678863+00:00"", ""prompt_version"": ""v1"", ""persona"": ""expert""}"
"('languageofthoughthypothesis', 'philosophyoflanguage')",language of thought hypothesis,philosophy of language,3,0,phd,v1,v1,"{""model"": ""open-mistral-nemo"", ""temperature"": 0, ""date"": ""2025-10-21T04:17:50.013227+00:00"", ""prompt_version"": ""v1"", ""persona"": ""phd""}"
"('languageofthoughthypothesis', 'philosophyoflanguage')",language of thought hypothesis,philosophy of language,3,0,null,v1,v1,"{""model"": ""open-mistral-nemo"", ""temperature"": 0, ""date"": ""2025-10-21T04:17:51.648809+00:00"", ""prompt_version"": ""v1"", ""persona"": ""null""}"
"('probabilityandstatistics', 'scientificmethodology')",probability and statistics,scientific methodology,4,0,novice,v1,v1,"{""model"": ""open-mistral-nemo"", ""temperature"": 0, ""date"": ""2025-10-21T04:17:53.486678+00:00"", ""prompt_version"": ""v1"", ""persona"": ""novice""}"
"('probabilityandstatistics', 'scientificmethodology')",probability and statistics,scientific methodology,3,0,phd,v1,v1,"{""model"": ""open-mistral-nemo"", ""temperature"": 0, ""date"": ""2025-10-21T04:17:54.825370+00:00"", ""prompt_version"": ""v1"", ""persona"": ""phd""}"
"('probabilityandstatistics', 'scientificmethodology')",probability and statistics,scientific methodology,3,0,null,v1,v1,"{""model"": ""open-mistral-nemo"", ""temperature"": 0, ""date"": ""2025-10-21T04:17:56.169297+00:00"", ""prompt_version"": ""v1"", ""persona"": ""null""}"
"('externalismaboutmentalcontent', 'mentalcontent')",externalism about mental content,mental content,4,0,expert,v1,v1,"{""model"": ""open-mistral-nemo"", ""temperature"": 0, ""date"": ""2025-10-21T04:17:57.497156+00:00"", ""prompt_version"": ""v1"", ""persona"": ""expert""}"
"('externalismaboutmentalcontent', 'mentalcontent')",externalism about mental content,mental content,4,0,phd,v1,v1,"{""model"": ""open-mistral-nemo"", ""temperature"": 0, ""date"": ""2025-10-21T04:17:58.830886+00:00"", ""prompt_version"": ""v1"", ""persona"": ""phd""}"
"('externalismaboutmentalcontent', 'mentalcontent')",externalism about mental content,mental content,4,0,null,v1,v1,"{""model"": ""open-mistral-nemo"", ""temperature"": 0, ""date"": ""2025-10-21T04:18:00.198702+00:00"", ""prompt_version"": ""v1"", ""persona"": ""null""}"
"('descartesepistemology', 'perception')",descartes' epistemology,perception,4,0,expert,v1,v1,"{""model"": ""open-mistral-nemo"", ""temperature"": 0, ""date"": ""2025-10-21T04:18:01.609331+00:00"", ""prompt_version"": ""v1"", ""persona"": ""expert""}"
"('descartesepistemology', 'perception')",descartes' epistemology,perception,3,0,phd,v1,v1,"{""model"": ""open-mistral-nemo"", ""temperature"": 0, ""date"": ""2025-10-21T04:18:02.946362+00:00"", ""prompt_version"": ""v1"", ""persona"": ""phd""}"
"('descartesepistemology', 'perception')",descartes' epistemology,perception,3,0,null,v1,v1,"{""model"": ""open-mistral-nemo"", ""temperature"": 0, ""date"": ""2025-10-21T04:18:04.302481+00:00"", ""prompt_version"": ""v1"", ""persona"": ""null""}"
"('mereology', 'metaphysics')",mereology,metaphysics,4,0,expert,v1,v1,"{""model"": ""open-mistral-nemo"", ""temperature"": 0, ""date"": ""2025-10-21T04:18:05.644660+00:00"", ""prompt_version"": ""v1"", ""persona"": ""expert""}"
"('mereology', 'metaphysics')",mereology,metaphysics,4,0,phd,v1,v1,"{""model"": ""open-mistral-nemo"", ""temperature"": 0, ""date"": ""2025-10-21T04:18:07.006639+00:00"", ""prompt_version"": ""v1"", ""persona"": ""phd""}"
"('mereology', 'metaphysics')",mereology,metaphysics,3,0,null,v1,v1,"{""model"": ""open-mistral-nemo"", ""temperature"": 0, ""date"": ""2025-10-21T04:18:08.363025+00:00"", ""prompt_version"": ""v1"", ""persona"": ""null""}"
"('artificialintelligence', 'turingtest')",turing test,artificial intelligence,4,0,expert,v1,v1,"{""model"": ""open-mistral-nemo"", ""temperature"": 0, ""date"": ""2025-10-21T04:18:09.696783+00:00"", ""prompt_version"": ""v1"", ""persona"": ""expert""}"
"('artificialintelligence', 'turingtest')",turing test,artificial intelligence,4,0,phd,v1,v1,"{""model"": ""open-mistral-nemo"", ""temperature"": 0, ""date"": ""2025-10-21T04:18:11.042135+00:00"", ""prompt_version"": ""v1"", ""persona"": ""phd""}"
"('artificialintelligence', 'turingtest')",turing test,artificial intelligence,3,0,null,v1,v1,"{""model"": ""open-mistral-nemo"", ""temperature"": 0, ""date"": ""2025-10-21T04:18:12.372882+00:00"", ""prompt_version"": ""v1"", ""persona"": ""null""}"
"('philosophyofmind', 'universals')",universals,philosophy of mind,3,1,expert,v1,v1,"{""model"": ""open-mistral-nemo"", ""temperature"": 0, ""date"": ""2025-10-21T04:18:13.741021+00:00"", ""prompt_version"": ""v1"", ""persona"": ""expert""}"
"('philosophyofmind', 'universals')",universals,philosophy of mind,3,0,phd,v1,v1,"{""model"": ""open-mistral-nemo"", ""temperature"": 0, ""date"": ""2025-10-21T04:18:15.062924+00:00"", ""prompt_version"": ""v1"", ""persona"": ""phd""}"
"('philosophyofmind', 'universals')",universals,philosophy of mind,3,1,null,v1,v1,"{""model"": ""open-mistral-nemo"", ""temperature"": 0, ""date"": ""2025-10-21T04:18:16.447613+00:00"", ""prompt_version"": ""v1"", ""persona"": ""null""}"
"('consciousnessandcontent', 'philosophyofmind')",consciousness and content,philosophy of mind,4,0,expert,v1,v1,"{""model"": ""open-mistral-nemo"", ""temperature"": 0, ""date"": ""2025-10-21T04:18:17.807950+00:00"", ""prompt_version"": ""v1"", ""persona"": ""expert""}"
"('consciousnessandcontent', 'philosophyofmind')",consciousness and content,philosophy of mind,4,0,phd,v1,v1,"{""model"": ""open-mistral-nemo"", ""temperature"": 0, ""date"": ""2025-10-21T04:18:19.160273+00:00"", ""prompt_version"": ""v1"", ""persona"": ""phd""}"
"('consciousnessandcontent', 'philosophyofmind')",consciousness and content,philosophy of mind,3,0,null,v1,v1,"{""model"": ""open-mistral-nemo"", ""temperature"": 0, ""date"": ""2025-10-21T04:18:20.507444+00:00"", ""prompt_version"": ""v1"", ""persona"": ""null""}"
"('philosophyofmathematics', 'zenosparadoxes')",zeno's paradoxes,philosophy of mathematics,2,-1,course_taker,v1,v1,"{""model"": ""open-mistral-nemo"", ""temperature"": 0, ""date"": ""2025-10-21T04:18:21.851388+00:00"", ""prompt_version"": ""v1"", ""persona"": ""course_taker""}"
"('philosophyofmathematics', 'zenosparadoxes')",zeno's paradoxes,philosophy of mathematics,2,0,phd,v1,v1,"{""model"": ""open-mistral-nemo"", ""temperature"": 0, ""date"": ""2025-10-21T04:18:23.216479+00:00"", ""prompt_version"": ""v1"", ""persona"": ""phd""}"
"('philosophyofmathematics', 'zenosparadoxes')",zeno's paradoxes,philosophy of mathematics,3,0,null,v1,v1,"{""model"": ""open-mistral-nemo"", ""temperature"": 0, ""date"": ""2025-10-21T04:18:24.569354+00:00"", ""prompt_version"": ""v1"", ""persona"": ""null""}"
"('chineseethics', 'chinesephilosophy')",chinese ethics,chinese philosophy,4,0,novice,v1,v1,"{""model"": ""open-mistral-nemo"", ""temperature"": 0, ""date"": ""2025-10-21T04:18:26.019727+00:00"", ""prompt_version"": ""v1"", ""persona"": ""novice""}"
"('chineseethics', 'chinesephilosophy')",chinese ethics,chinese philosophy,4,0,phd,v1,v1,"{""model"": ""open-mistral-nemo"", ""temperature"": 0, ""date"": ""2025-10-21T04:18:27.409580+00:00"", ""prompt_version"": ""v1"", ""persona"": ""phd""}"
"('chineseethics', 'chinesephilosophy')",chinese ethics,chinese philosophy,4,0,null,v1,v1,"{""model"": ""open-mistral-nemo"", ""temperature"": 0, ""date"": ""2025-10-21T04:18:28.749750+00:00"", ""prompt_version"": ""v1"", ""persona"": ""null""}"
"('matter', 'philosophyofmind')",matter,philosophy of mind,3,0,expert,v1,v1,"{""model"": ""open-mistral-nemo"", ""temperature"": 0, ""date"": ""2025-10-21T04:18:30.105109+00:00"", ""prompt_version"": ""v1"", ""persona"": ""expert""}"
"('matter', 'philosophyofmind')",matter,philosophy of mind,2,0,phd,v1,v1,"{""model"": ""open-mistral-nemo"", ""temperature"": 0, ""date"": ""2025-10-21T04:18:31.500876+00:00"", ""prompt_version"": ""v1"", ""persona"": ""phd""}"
"('matter', 'philosophyofmind')",matter,philosophy of mind,2,1,null,v1,v1,"{""model"": ""open-mistral-nemo"", ""temperature"": 0, ""date"": ""2025-10-21T04:18:32.869993+00:00"", ""prompt_version"": ""v1"", ""persona"": ""null""}"
"('epistemologicalproblemsofperception', 'epistemology')",epistemological problems of perception,epistemology,4,0,expert,v1,v1,"{""model"": ""open-mistral-nemo"", ""temperature"": 0, ""date"": ""2025-10-21T04:18:34.266889+00:00"", ""prompt_version"": ""v1"", ""persona"": ""expert""}"
"('epistemologicalproblemsofperception', 'epistemology')",epistemological problems of perception,epistemology,4,0,phd,v1,v1,"{""model"": ""open-mistral-nemo"", ""temperature"": 0, ""date"": ""2025-10-21T04:18:35.601158+00:00"", ""prompt_version"": ""v1"", ""persona"": ""phd""}"
"('epistemologicalproblemsofperception', 'epistemology')",epistemological problems of perception,epistemology,4,0,null,v1,v1,"{""model"": ""open-mistral-nemo"", ""temperature"": 0, ""date"": ""2025-10-21T04:18:36.956755+00:00"", ""prompt_version"": ""v1"", ""persona"": ""null""}"
"('epistemology', 'knowledgebyacquaintanceandknowledgebydescription')",knowledge by acquaintance and knowledge by description,epistemology,3,0,expert,v1,v1,"{""model"": ""open-mistral-nemo"", ""temperature"": 0, ""date"": ""2025-10-21T04:18:38.467548+00:00"", ""prompt_version"": ""v1"", ""persona"": ""expert""}"
"('epistemology', 'knowledgebyacquaintanceandknowledgebydescription')",knowledge by acquaintance and knowledge by description,epistemology,3,0,phd,v1,v1,"{""model"": ""open-mistral-nemo"", ""temperature"": 0, ""date"": ""2025-10-21T04:18:39.822372+00:00"", ""prompt_version"": ""v1"", ""persona"": ""phd""}"
"('epistemology', 'knowledgebyacquaintanceandknowledgebydescription')",knowledge by acquaintance and knowledge by description,epistemology,4,0,null,v1,v1,"{""model"": ""open-mistral-nemo"", ""temperature"": 0, ""date"": ""2025-10-21T04:18:41.165674+00:00"", ""prompt_version"": ""v1"", ""persona"": ""null""}"
"('philosophyofscienceandthesciences', 'unityofscience')",unity of science,philosophy of science and the sciences,4,0,expert,v1,v1,"{""model"": ""open-mistral-nemo"", ""temperature"": 0, ""date"": ""2025-10-21T04:18:42.537057+00:00"", ""prompt_version"": ""v1"", ""persona"": ""expert""}"
"('philosophyofscienceandthesciences', 'unityofscience')",unity of science,philosophy of science and the sciences,4,0,phd,v1,v1,"{""model"": ""open-mistral-nemo"", ""temperature"": 0, ""date"": ""2025-10-21T04:18:43.896846+00:00"", ""prompt_version"": ""v1"", ""persona"": ""phd""}"
"('philosophyofscienceandthesciences', 'unityofscience')",unity of science,philosophy of science and the sciences,4,0,null,v1,v1,"{""model"": ""open-mistral-nemo"", ""temperature"": 0, ""date"": ""2025-10-21T04:18:45.237864+00:00"", ""prompt_version"": ""v1"", ""persona"": ""null""}"
"('eternityoftheworld', 'metaphysics')",eternity of the world,metaphysics,4,0,expert,v1,v1,"{""model"": ""open-mistral-nemo"", ""temperature"": 0, ""date"": ""2025-10-21T04:18:46.596003+00:00"", ""prompt_version"": ""v1"", ""persona"": ""expert""}"
"('eternityoftheworld', 'metaphysics')",eternity of the world,metaphysics,4,0,phd,v1,v1,"{""model"": ""open-mistral-nemo"", ""temperature"": 0, ""date"": ""2025-10-21T04:18:48.162741+00:00"", ""prompt_version"": ""v1"", ""persona"": ""phd""}"
"('eternityoftheworld', 'metaphysics')",eternity of the world,metaphysics,3,0,null,v1,v1,"{""model"": ""open-mistral-nemo"", ""temperature"": 0, ""date"": ""2025-10-21T04:18:49.486373+00:00"", ""prompt_version"": ""v1"", ""persona"": ""null""}"
"('consciousnessandmentalcontent', 'mentalcontent')",consciousness and mental content,mental content,4,0,expert,v1,v1,"{""model"": ""open-mistral-nemo"", ""temperature"": 0, ""date"": ""2025-10-21T04:18:50.857269+00:00"", ""prompt_version"": ""v1"", ""persona"": ""expert""}"
"('consciousnessandmentalcontent', 'mentalcontent')",consciousness and mental content,mental content,3,0,phd,v1,v1,"{""model"": ""open-mistral-nemo"", ""temperature"": 0, ""date"": ""2025-10-21T04:18:52.228386+00:00"", ""prompt_version"": ""v1"", ""persona"": ""phd""}"
"('consciousnessandmentalcontent', 'mentalcontent')",consciousness and mental content,mental content,3,0,null,v1,v1,"{""model"": ""open-mistral-nemo"", ""temperature"": 0, ""date"": ""2025-10-21T04:18:53.579688+00:00"", ""prompt_version"": ""v1"", ""persona"": ""null""}"
"('philosophyofreligion', 'taoism')",taoism,philosophy of religion,2,0,expert,v1,v1,"{""model"": ""open-mistral-nemo"", ""temperature"": 0, ""date"": ""2025-10-21T04:18:55.059362+00:00"", ""prompt_version"": ""v1"", ""persona"": ""expert""}"
"('philosophyofreligion', 'taoism')",taoism,philosophy of religion,2,0,phd,v1,v1,"{""model"": ""open-mistral-nemo"", ""temperature"": 0, ""date"": ""2025-10-21T04:18:56.526307+00:00"", ""prompt_version"": ""v1"", ""persona"": ""phd""}"
"('philosophyofreligion', 'taoism')",taoism,philosophy of religion,3,0,null,v1,v1,"{""model"": ""open-mistral-nemo"", ""temperature"": 0, ""date"": ""2025-10-21T04:18:57.881120+00:00"", ""prompt_version"": ""v1"", ""persona"": ""null""}"
"('bioethics', 'personalidentityandethics')",personal identity and ethics,bioethics,3,1,expert,v1,v1,"{""model"": ""open-mistral-nemo"", ""temperature"": 0, ""date"": ""2025-10-21T04:18:59.261956+00:00"", ""prompt_version"": ""v1"", ""persona"": ""expert""}"
"('bioethics', 'personalidentityandethics')",personal identity and ethics,bioethics,2,0,phd,v1,v1,"{""model"": ""open-mistral-nemo"", ""temperature"": 0, ""date"": ""2025-10-21T04:19:00.615559+00:00"", ""prompt_version"": ""v1"", ""persona"": ""phd""}"
"('bioethics', 'personalidentityandethics')",personal identity and ethics,bioethics,3,0,null,v1,v1,"{""model"": ""open-mistral-nemo"", ""temperature"": 0, ""date"": ""2025-10-21T04:19:01.957577+00:00"", ""prompt_version"": ""v1"", ""persona"": ""null""}"
"('ancienttheoriesofsoul', 'philosophyofmind')",ancient theories of soul,philosophy of mind,4,0,expert,v1,v1,"{""model"": ""open-mistral-nemo"", ""temperature"": 0, ""date"": ""2025-10-21T04:19:03.320130+00:00"", ""prompt_version"": ""v1"", ""persona"": ""expert""}"
"('ancienttheoriesofsoul', 'philosophyofmind')",ancient theories of soul,philosophy of mind,3,0,phd,v1,v1,"{""model"": ""open-mistral-nemo"", ""temperature"": 0, ""date"": ""2025-10-21T04:19:04.688756+00:00"", ""prompt_version"": ""v1"", ""persona"": ""phd""}"
"('ancienttheoriesofsoul', 'philosophyofmind')",ancient theories of soul,philosophy of mind,3,0,null,v1,v1,"{""model"": ""open-mistral-nemo"", ""temperature"": 0, ""date"": ""2025-10-21T04:19:06.044283+00:00"", ""prompt_version"": ""v1"", ""persona"": ""null""}"
"('atheism', 'philosophyofreligion')",atheism,philosophy of religion,4,0,expert,v1,v1,"{""model"": ""open-mistral-nemo"", ""temperature"": 0, ""date"": ""2025-10-21T04:19:07.404981+00:00"", ""prompt_version"": ""v1"", ""persona"": ""expert""}"
"('atheism', 'philosophyofreligion')",atheism,philosophy of religion,4,0,phd,v1,v1,"{""model"": ""open-mistral-nemo"", ""temperature"": 0, ""date"": ""2025-10-21T04:19:08.714679+00:00"", ""prompt_version"": ""v1"", ""persona"": ""phd""}"
"('atheism', 'philosophyofreligion')",atheism,philosophy of religion,3,0,null,v1,v1,"{""model"": ""open-mistral-nemo"", ""temperature"": 0, ""date"": ""2025-10-21T04:19:10.115687+00:00"", ""prompt_version"": ""v1"", ""persona"": ""null""}"
"('cartesiandualism', 'perception')",cartesian dualism,perception,3,0,expert,v1,v1,"{""model"": ""open-mistral-nemo"", ""temperature"": 0, ""date"": ""2025-10-21T04:19:11.544362+00:00"", ""prompt_version"": ""v1"", ""persona"": ""expert""}"
"('cartesiandualism', 'perception')",cartesian dualism,perception,2,0,phd,v1,v1,"{""model"": ""open-mistral-nemo"", ""temperature"": 0, ""date"": ""2025-10-21T04:19:12.937691+00:00"", ""prompt_version"": ""v1"", ""persona"": ""phd""}"
"('cartesiandualism', 'perception')",cartesian dualism,perception,2,1,null,v1,v1,"{""model"": ""open-mistral-nemo"", ""temperature"": 0, ""date"": ""2025-10-21T04:19:14.277177+00:00"", ""prompt_version"": ""v1"", ""persona"": ""null""}"
"('aristotelianism', 'metaphysics')",aristotelianism,metaphysics,4,0,expert,v1,v1,"{""model"": ""open-mistral-nemo"", ""temperature"": 0, ""date"": ""2025-10-21T04:19:15.619927+00:00"", ""prompt_version"": ""v1"", ""persona"": ""expert""}"
"('aristotelianism', 'metaphysics')",aristotelianism,metaphysics,4,0,phd,v1,v1,"{""model"": ""open-mistral-nemo"", ""temperature"": 0, ""date"": ""2025-10-21T04:19:16.977888+00:00"", ""prompt_version"": ""v1"", ""persona"": ""phd""}"
"('aristotelianism', 'metaphysics')",aristotelianism,metaphysics,3,0,null,v1,v1,"{""model"": ""open-mistral-nemo"", ""temperature"": 0, ""date"": ""2025-10-21T04:19:19.179232+00:00"", ""prompt_version"": ""v1"", ""persona"": ""null""}"
"('ethics', 'religionandmorality')",religion and morality,ethics,4,0,expert,v1,v1,"{""model"": ""open-mistral-nemo"", ""temperature"": 0, ""date"": ""2025-10-21T04:19:20.540546+00:00"", ""prompt_version"": ""v1"", ""persona"": ""expert""}"
"('ethics', 'religionandmorality')",religion and morality,ethics,4,0,phd,v1,v1,"{""model"": ""open-mistral-nemo"", ""temperature"": 0, ""date"": ""2025-10-21T04:19:21.879335+00:00"", ""prompt_version"": ""v1"", ""persona"": ""phd""}"
"('ethics', 'religionandmorality')",religion and morality,ethics,3,1,null,v1,v1,"{""model"": ""open-mistral-nemo"", ""temperature"": 0, ""date"": ""2025-10-21T04:19:23.236874+00:00"", ""prompt_version"": ""v1"", ""persona"": ""null""}"
"('philosophyofreligion', 'satanism')",satanism,philosophy of religion,2,0,expert,v1,v1,"{""model"": ""open-mistral-nemo"", ""temperature"": 0, ""date"": ""2025-10-21T04:19:24.594216+00:00"", ""prompt_version"": ""v1"", ""persona"": ""expert""}"
"('philosophyofreligion', 'satanism')",satanism,philosophy of religion,2,0,phd,v1,v1,"{""model"": ""open-mistral-nemo"", ""temperature"": 0, ""date"": ""2025-10-21T04:19:25.955601+00:00"", ""prompt_version"": ""v1"", ""persona"": ""phd""}"
"('philosophyofreligion', 'satanism')",satanism,philosophy of religion,2,0,null,v1,v1,"{""model"": ""open-mistral-nemo"", ""temperature"": 0, ""date"": ""2025-10-21T04:19:27.290831+00:00"", ""prompt_version"": ""v1"", ""persona"": ""null""}"
"('perception', 'teleosemantics')",teleosemantics,perception,2,0,expert,v1,v1,"{""model"": ""open-mistral-nemo"", ""temperature"": 0, ""date"": ""2025-10-21T04:19:28.643679+00:00"", ""prompt_version"": ""v1"", ""persona"": ""expert""}"
"('perception', 'teleosemantics')",teleosemantics,perception,2,0,phd,v1,v1,"{""model"": ""open-mistral-nemo"", ""temperature"": 0, ""date"": ""2025-10-21T04:19:30.002541+00:00"", ""prompt_version"": ""v1"", ""persona"": ""phd""}"
"('perception', 'teleosemantics')",teleosemantics,perception,2,-1,null,v1,v1,"{""model"": ""open-mistral-nemo"", ""temperature"": 0, ""date"": ""2025-10-21T04:19:31.363771+00:00"", ""prompt_version"": ""v1"", ""persona"": ""null""}"
"('internalismandexternalism', 'perception')",internalism and externalism,perception,3,0,expert,v1,v1,"{""model"": ""open-mistral-nemo"", ""temperature"": 0, ""date"": ""2025-10-21T04:19:32.714581+00:00"", ""prompt_version"": ""v1"", ""persona"": ""expert""}"
"('internalismandexternalism', 'perception')",internalism and externalism,perception,3,0,phd,v1,v1,"{""model"": ""open-mistral-nemo"", ""temperature"": 0, ""date"": ""2025-10-21T04:19:34.092386+00:00"", ""prompt_version"": ""v1"", ""persona"": ""phd""}"
"('internalismandexternalism', 'perception')",internalism and externalism,perception,3,1,null,v1,v1,"{""model"": ""open-mistral-nemo"", ""temperature"": 0, ""date"": ""2025-10-21T04:19:35.464193+00:00"", ""prompt_version"": ""v1"", ""persona"": ""null""}"
"('hilbertsprogram', 'philosophyofscienceandthesciences')",hilbert's program,philosophy of science and the sciences,4,0,expert,v1,v1,"{""model"": ""open-mistral-nemo"", ""temperature"": 0, ""date"": ""2025-10-21T04:19:36.844115+00:00"", ""prompt_version"": ""v1"", ""persona"": ""expert""}"
"('hilbertsprogram', 'philosophyofscienceandthesciences')",hilbert's program,philosophy of science and the sciences,2,0,phd,v1,v1,"{""model"": ""open-mistral-nemo"", ""temperature"": 0, ""date"": ""2025-10-21T04:19:38.264057+00:00"", ""prompt_version"": ""v1"", ""persona"": ""phd""}"
"('hilbertsprogram', 'philosophyofscienceandthesciences')",hilbert's program,philosophy of science and the sciences,2,0,null,v1,v1,"{""model"": ""open-mistral-nemo"", ""temperature"": 0, ""date"": ""2025-10-21T04:19:39.598229+00:00"", ""prompt_version"": ""v1"", ""persona"": ""null""}"
"('philosophyofreligion', 'pragmaticargumentsandbeliefingod')",pragmatic arguments and belief in god,philosophy of religion,4,0,expert,v1,v1,"{""model"": ""open-mistral-nemo"", ""temperature"": 0, ""date"": ""2025-10-21T04:19:40.928007+00:00"", ""prompt_version"": ""v1"", ""persona"": ""expert""}"
"('philosophyofreligion', 'pragmaticargumentsandbeliefingod')",pragmatic arguments and belief in god,philosophy of religion,3,0,phd,v1,v1,"{""model"": ""open-mistral-nemo"", ""temperature"": 0, ""date"": ""2025-10-21T04:19:42.280543+00:00"", ""prompt_version"": ""v1"", ""persona"": ""phd""}"
"('philosophyofreligion', 'pragmaticargumentsandbeliefingod')",pragmatic arguments and belief in god,philosophy of religion,3,0,null,v1,v1,"{""model"": ""open-mistral-nemo"", ""temperature"": 0, ""date"": ""2025-10-21T04:19:43.627990+00:00"", ""prompt_version"": ""v1"", ""persona"": ""null""}"
"('continentalfeminism', 'continentalphilosophy')",continental feminism,continental philosophy,3,0,expert,v1,v1,"{""model"": ""open-mistral-nemo"", ""temperature"": 0, ""date"": ""2025-10-21T04:19:44.968885+00:00"", ""prompt_version"": ""v1"", ""persona"": ""expert""}"
"('continentalfeminism', 'continentalphilosophy')",continental feminism,continental philosophy,3,0,phd,v1,v1,"{""model"": ""open-mistral-nemo"", ""temperature"": 0, ""date"": ""2025-10-21T04:19:46.435098+00:00"", ""prompt_version"": ""v1"", ""persona"": ""phd""}"
"('continentalfeminism', 'continentalphilosophy')",continental feminism,continental philosophy,3,0,null,v1,v1,"{""model"": ""open-mistral-nemo"", ""temperature"": 0, ""date"": ""2025-10-21T04:19:47.867582+00:00"", ""prompt_version"": ""v1"", ""persona"": ""null""}"
"('epistemology', 'logos')",logos,epistemology,3,0,expert,v1,v1,"{""model"": ""open-mistral-nemo"", ""temperature"": 0, ""date"": ""2025-10-21T04:19:49.192742+00:00"", ""prompt_version"": ""v1"", ""persona"": ""expert""}"
"('epistemology', 'logos')",logos,epistemology,3,1,phd,v1,v1,"{""model"": ""open-mistral-nemo"", ""temperature"": 0, ""date"": ""2025-10-21T04:19:50.562195+00:00"", ""prompt_version"": ""v1"", ""persona"": ""phd""}"
"('epistemology', 'logos')",logos,epistemology,3,0,null,v1,v1,"{""model"": ""open-mistral-nemo"", ""temperature"": 0, ""date"": ""2025-10-21T04:19:52.319672+00:00"", ""prompt_version"": ""v1"", ""persona"": ""null""}"
"('artificialintelligence', 'computation')",artificial intelligence,computation,4,0,course_taker,v1,v1,"{""model"": ""open-mistral-nemo"", ""temperature"": 0, ""date"": ""2025-10-21T04:19:53.641352+00:00"", ""prompt_version"": ""v1"", ""persona"": ""course_taker""}"
"('artificialintelligence', 'computation')",artificial intelligence,computation,4,0,expert,v1,v1,"{""model"": ""open-mistral-nemo"", ""temperature"": 0, ""date"": ""2025-10-21T04:19:55.012590+00:00"", ""prompt_version"": ""v1"", ""persona"": ""expert""}"
"('artificialintelligence', 'computation')",artificial intelligence,computation,3,0,null,v1,v1,"{""model"": ""open-mistral-nemo"", ""temperature"": 0, ""date"": ""2025-10-21T04:19:56.344972+00:00"", ""prompt_version"": ""v1"", ""persona"": ""null""}"
"('classicalphysics', 'philosophyofscienceandthesciences')",classical physics,philosophy of science and the sciences,3,0,expert,v1,v1,"{""model"": ""open-mistral-nemo"", ""temperature"": 0, ""date"": ""2025-10-21T04:19:57.728608+00:00"", ""prompt_version"": ""v1"", ""persona"": ""expert""}"
"('classicalphysics', 'philosophyofscienceandthesciences')",classical physics,philosophy of science and the sciences,2,0,phd,v1,v1,"{""model"": ""open-mistral-nemo"", ""temperature"": 0, ""date"": ""2025-10-21T04:19:59.103190+00:00"", ""prompt_version"": ""v1"", ""persona"": ""phd""}"
"('classicalphysics', 'philosophyofscienceandthesciences')",classical physics,philosophy of science and the sciences,2,0,null,v1,v1,"{""model"": ""open-mistral-nemo"", ""temperature"": 0, ""date"": ""2025-10-21T04:20:00.447548+00:00"", ""prompt_version"": ""v1"", ""persona"": ""null""}"
"('feministmetaphysics', 'metaphysics')",feminist metaphysics,metaphysics,3,0,expert,v1,v1,"{""model"": ""open-mistral-nemo"", ""temperature"": 0, ""date"": ""2025-10-21T04:20:01.795161+00:00"", ""prompt_version"": ""v1"", ""persona"": ""expert""}"
"('feministmetaphysics', 'metaphysics')",feminist metaphysics,metaphysics,3,0,phd,v1,v1,"{""model"": ""open-mistral-nemo"", ""temperature"": 0, ""date"": ""2025-10-21T04:20:03.118606+00:00"", ""prompt_version"": ""v1"", ""persona"": ""phd""}"
"('feministmetaphysics', 'metaphysics')",feminist metaphysics,metaphysics,3,0,null,v1,v1,"{""model"": ""open-mistral-nemo"", ""temperature"": 0, ""date"": ""2025-10-21T04:20:04.492040+00:00"", ""prompt_version"": ""v1"", ""persona"": ""null""}"
"('japanesephilosophy', 'zenbuddhism')",zen buddhism,japanese philosophy,4,0,expert,v1,v1,"{""model"": ""open-mistral-nemo"", ""temperature"": 0, ""date"": ""2025-10-21T04:20:06.670543+00:00"", ""prompt_version"": ""v1"", ""persona"": ""expert""}"
"('japanesephilosophy', 'zenbuddhism')",zen buddhism,japanese philosophy,4,0,phd,v1,v1,"{""model"": ""open-mistral-nemo"", ""temperature"": 0, ""date"": ""2025-10-21T04:20:08.042207+00:00"", ""prompt_version"": ""v1"", ""persona"": ""phd""}"
"('japanesephilosophy', 'zenbuddhism')",zen buddhism,japanese philosophy,3,0,null,v1,v1,"{""model"": ""open-mistral-nemo"", ""temperature"": 0, ""date"": ""2025-10-21T04:20:09.400726+00:00"", ""prompt_version"": ""v1"", ""persona"": ""null""}"
"('socialandpoliticalphilosophy', 'socialphilosophy')",social philosophy,social and political philosophy,4,0,expert,v1,v1,"{""model"": ""open-mistral-nemo"", ""temperature"": 0, ""date"": ""2025-10-21T04:20:10.758719+00:00"", ""prompt_version"": ""v1"", ""persona"": ""expert""}"
"('socialandpoliticalphilosophy', 'socialphilosophy')",social philosophy,social and political philosophy,4,0,phd,v1,v1,"{""model"": ""open-mistral-nemo"", ""temperature"": 0, ""date"": ""2025-10-21T04:20:12.132171+00:00"", ""prompt_version"": ""v1"", ""persona"": ""phd""}"
"('socialandpoliticalphilosophy', 'socialphilosophy')",social philosophy,social and political philosophy,4,0,null,v1,v1,"{""model"": ""open-mistral-nemo"", ""temperature"": 0, ""date"": ""2025-10-21T04:20:13.464475+00:00"", ""prompt_version"": ""v1"", ""persona"": ""null""}"
"('philosophyoflanguage', 'privatelanguageargument')",private language argument,philosophy of language,3,0,expert,v1,v1,"{""model"": ""open-mistral-nemo"", ""temperature"": 0, ""date"": ""2025-10-21T04:20:14.821250+00:00"", ""prompt_version"": ""v1"", ""persona"": ""expert""}"
"('philosophyoflanguage', 'privatelanguageargument')",private language argument,philosophy of language,3,0,phd,v1,v1,"{""model"": ""open-mistral-nemo"", ""temperature"": 0, ""date"": ""2025-10-21T04:20:16.176929+00:00"", ""prompt_version"": ""v1"", ""persona"": ""phd""}"
"('philosophyoflanguage', 'privatelanguageargument')",private language argument,philosophy of language,3,0,null,v1,v1,"{""model"": ""open-mistral-nemo"", ""temperature"": 0, ""date"": ""2025-10-21T04:20:17.696489+00:00"", ""prompt_version"": ""v1"", ""persona"": ""null""}"
"('implicature', 'pragmatics')",implicature,pragmatics,4,0,expert,v1,v1,"{""model"": ""open-mistral-nemo"", ""temperature"": 0, ""date"": ""2025-10-21T04:20:19.050124+00:00"", ""prompt_version"": ""v1"", ""persona"": ""expert""}"
"('implicature', 'pragmatics')",implicature,pragmatics,4,0,phd,v1,v1,"{""model"": ""open-mistral-nemo"", ""temperature"": 0, ""date"": ""2025-10-21T04:20:20.440461+00:00"", ""prompt_version"": ""v1"", ""persona"": ""phd""}"
"('implicature', 'pragmatics')",implicature,pragmatics,4,0,null,v1,v1,"{""model"": ""open-mistral-nemo"", ""temperature"": 0, ""date"": ""2025-10-21T04:20:21.794538+00:00"", ""prompt_version"": ""v1"", ""persona"": ""null""}"
"('axiomatictheoriesoftruth', 'philosophyoflanguage')",axiomatic theories of truth,philosophy of language,3,0,expert,v1,v1,"{""model"": ""open-mistral-nemo"", ""temperature"": 0, ""date"": ""2025-10-21T04:20:23.128051+00:00"", ""prompt_version"": ""v1"", ""persona"": ""expert""}"
"('axiomatictheoriesoftruth', 'philosophyoflanguage')",axiomatic theories of truth,philosophy of language,4,0,phd,v1,v1,"{""model"": ""open-mistral-nemo"", ""temperature"": 0, ""date"": ""2025-10-21T04:20:24.472428+00:00"", ""prompt_version"": ""v1"", ""persona"": ""phd""}"
"('axiomatictheoriesoftruth', 'philosophyoflanguage')",axiomatic theories of truth,philosophy of language,3,0,null,v1,v1,"{""model"": ""open-mistral-nemo"", ""temperature"": 0, ""date"": ""2025-10-21T04:20:25.891330+00:00"", ""prompt_version"": ""v1"", ""persona"": ""null""}"
"('naturallawtradition', 'philosophyofreligion')",natural law tradition,philosophy of religion,2,0,expert,v1,v1,"{""model"": ""open-mistral-nemo"", ""temperature"": 0, ""date"": ""2025-10-21T04:20:27.278576+00:00"", ""prompt_version"": ""v1"", ""persona"": ""expert""}"
"('naturallawtradition', 'philosophyofreligion')",natural law tradition,philosophy of religion,2,0,phd,v1,v1,"{""model"": ""open-mistral-nemo"", ""temperature"": 0, ""date"": ""2025-10-21T04:20:28.625189+00:00"", ""prompt_version"": ""v1"", ""persona"": ""phd""}"
"('naturallawtradition', 'philosophyofreligion')",natural law tradition,philosophy of religion,3,0,null,v1,v1,"{""model"": ""open-mistral-nemo"", ""temperature"": 0, ""date"": ""2025-10-21T04:20:29.976401+00:00"", ""prompt_version"": ""v1"", ""persona"": ""null""}"
"('bayesstheorem', 'philosophyofscienceandthesciences')",bayes's theorem,philosophy of science and the sciences,3,0,expert,v1,v1,"{""model"": ""open-mistral-nemo"", ""temperature"": 0, ""date"": ""2025-10-21T04:20:31.328590+00:00"", ""prompt_version"": ""v1"", ""persona"": ""expert""}"
"('bayesstheorem', 'philosophyofscienceandthesciences')",bayes's theorem,philosophy of science and the sciences,2,0,phd,v1,v1,"{""model"": ""open-mistral-nemo"", ""temperature"": 0, ""date"": ""2025-10-21T04:20:32.666680+00:00"", ""prompt_version"": ""v1"", ""persona"": ""phd""}"
"('bayesstheorem', 'philosophyofscienceandthesciences')",bayes's theorem,philosophy of science and the sciences,2,0,null,v1,v1,"{""model"": ""open-mistral-nemo"", ""temperature"": 0, ""date"": ""2025-10-21T04:20:34.045089+00:00"", ""prompt_version"": ""v1"", ""persona"": ""null""}"
"('biologicalaltruism', 'philosophyofbiology')",biological altruism,philosophy of biology,3,0,expert,v1,v1,"{""model"": ""open-mistral-nemo"", ""temperature"": 0, ""date"": ""2025-10-21T04:20:35.382439+00:00"", ""prompt_version"": ""v1"", ""persona"": ""expert""}"
"('biologicalaltruism', 'philosophyofbiology')",biological altruism,philosophy of biology,3,0,phd,v1,v1,"{""model"": ""open-mistral-nemo"", ""temperature"": 0, ""date"": ""2025-10-21T04:20:36.729459+00:00"", ""prompt_version"": ""v1"", ""persona"": ""phd""}"
"('biologicalaltruism', 'philosophyofbiology')",biological altruism,philosophy of biology,3,0,null,v1,v1,"{""model"": ""open-mistral-nemo"", ""temperature"": 0, ""date"": ""2025-10-21T04:20:38.066086+00:00"", ""prompt_version"": ""v1"", ""persona"": ""null""}"
"('artificialintelligence', 'temporallogic')",temporal logic,artificial intelligence,2,0,expert,v1,v1,"{""model"": ""open-mistral-nemo"", ""temperature"": 0, ""date"": ""2025-10-21T04:20:39.411820+00:00"", ""prompt_version"": ""v1"", ""persona"": ""expert""}"
"('artificialintelligence', 'temporallogic')",temporal logic,artificial intelligence,2,-1,phd,v1,v1,"{""model"": ""open-mistral-nemo"", ""temperature"": 0, ""date"": ""2025-10-21T04:20:40.747112+00:00"", ""prompt_version"": ""v1"", ""persona"": ""phd""}"
"('artificialintelligence', 'temporallogic')",temporal logic,artificial intelligence,2,0,null,v1,v1,"{""model"": ""open-mistral-nemo"", ""temperature"": 0, ""date"": ""2025-10-21T04:20:42.068894+00:00"", ""prompt_version"": ""v1"", ""persona"": ""null""}"
"('metaphysicsandlanguage', 'philosophyoflanguage')",metaphysics and language,philosophy of language,4,1,expert,v1,v1,"{""model"": ""open-mistral-nemo"", ""temperature"": 0, ""date"": ""2025-10-21T04:20:43.536971+00:00"", ""prompt_version"": ""v1"", ""persona"": ""expert""}"
"('metaphysicsandlanguage', 'philosophyoflanguage')",metaphysics and language,philosophy of language,4,1,phd,v1,v1,"{""model"": ""open-mistral-nemo"", ""temperature"": 0, ""date"": ""2025-10-21T04:20:45.022737+00:00"", ""prompt_version"": ""v1"", ""persona"": ""phd""}"
"('metaphysicsandlanguage', 'philosophyoflanguage')",metaphysics and language,philosophy of language,4,1,null,v1,v1,"{""model"": ""open-mistral-nemo"", ""temperature"": 0, ""date"": ""2025-10-21T04:20:46.362302+00:00"", ""prompt_version"": ""v1"", ""persona"": ""null""}"
"('ethics', 'medievaltheoriesofpracticalreason')",medieval theories of practical reason,ethics,3,0,expert,v1,v1,"{""model"": ""open-mistral-nemo"", ""temperature"": 0, ""date"": ""2025-10-21T04:20:47.688609+00:00"", ""prompt_version"": ""v1"", ""persona"": ""expert""}"
"('ethics', 'medievaltheoriesofpracticalreason')",medieval theories of practical reason,ethics,3,0,phd,v1,v1,"{""model"": ""open-mistral-nemo"", ""temperature"": 0, ""date"": ""2025-10-21T04:20:49.027394+00:00"", ""prompt_version"": ""v1"", ""persona"": ""phd""}"
"('ethics', 'medievaltheoriesofpracticalreason')",medieval theories of practical reason,ethics,3,0,null,v1,v1,"{""model"": ""open-mistral-nemo"", ""temperature"": 0, ""date"": ""2025-10-21T04:20:50.364833+00:00"", ""prompt_version"": ""v1"", ""persona"": ""null""}"
"('indispensabilityargumentsinthephilosophyofmathematics', 'philosophyofscienceandthesciences')",indispensability arguments in the philosophy of mathematics,philosophy of science and the sciences,2,0,expert,v1,v1,"{""model"": ""open-mistral-nemo"", ""temperature"": 0, ""date"": ""2025-10-21T04:20:51.878982+00:00"", ""prompt_version"": ""v1"", ""persona"": ""expert""}"
"('indispensabilityargumentsinthephilosophyofmathematics', 'philosophyofscienceandthesciences')",indispensability arguments in the philosophy of mathematics,philosophy of science and the sciences,2,0,phd,v1,v1,"{""model"": ""open-mistral-nemo"", ""temperature"": 0, ""date"": ""2025-10-21T04:20:53.286251+00:00"", ""prompt_version"": ""v1"", ""persona"": ""phd""}"
"('indispensabilityargumentsinthephilosophyofmathematics', 'philosophyofscienceandthesciences')",indispensability arguments in the philosophy of mathematics,philosophy of science and the sciences,2,0,null,v1,v1,"{""model"": ""open-mistral-nemo"", ""temperature"": 0, ""date"": ""2025-10-21T04:20:54.661222+00:00"", ""prompt_version"": ""v1"", ""persona"": ""null""}"
"('metaphysics', 'metaphysicsofcausation')",metaphysics of causation,metaphysics,4,0,expert,v1,v1,"{""model"": ""open-mistral-nemo"", ""temperature"": 0, ""date"": ""2025-10-21T04:20:56.044906+00:00"", ""prompt_version"": ""v1"", ""persona"": ""expert""}"
"('metaphysics', 'metaphysicsofcausation')",metaphysics of causation,metaphysics,4,0,phd,v1,v1,"{""model"": ""open-mistral-nemo"", ""temperature"": 0, ""date"": ""2025-10-21T04:20:57.383375+00:00"", ""prompt_version"": ""v1"", ""persona"": ""phd""}"
"('metaphysics', 'metaphysicsofcausation')",metaphysics of causation,metaphysics,4,0,null,v1,v1,"{""model"": ""open-mistral-nemo"", ""temperature"": 0, ""date"": ""2025-10-21T04:20:58.856186+00:00"", ""prompt_version"": ""v1"", ""persona"": ""null""}"
"('activationvalue', 'artificialintelligence')",activation value,artificial intelligence,2,0,expert,v1,v1,"{""model"": ""open-mistral-nemo"", ""temperature"": 0, ""date"": ""2025-10-21T04:21:00.245572+00:00"", ""prompt_version"": ""v1"", ""persona"": ""expert""}"
"('activationvalue', 'artificialintelligence')",activation value,artificial intelligence,2,0,phd,v1,v1,"{""model"": ""open-mistral-nemo"", ""temperature"": 0, ""date"": ""2025-10-21T04:21:01.629148+00:00"", ""prompt_version"": ""v1"", ""persona"": ""phd""}"
"('activationvalue', 'artificialintelligence')",activation value,artificial intelligence,2,0,null,v1,v1,"{""model"": ""open-mistral-nemo"", ""temperature"": 0, ""date"": ""2025-10-21T04:21:03.097345+00:00"", ""prompt_version"": ""v1"", ""persona"": ""null""}"
"('developmentalbiology', 'trait')",trait,developmental biology,2,0,expert,v1,v1,"{""model"": ""open-mistral-nemo"", ""temperature"": 0, ""date"": ""2025-10-21T04:21:04.600702+00:00"", ""prompt_version"": ""v1"", ""persona"": ""expert""}"
"('developmentalbiology', 'trait')",trait,developmental biology,2,0,phd,v1,v1,"{""model"": ""open-mistral-nemo"", ""temperature"": 0, ""date"": ""2025-10-21T04:21:05.926763+00:00"", ""prompt_version"": ""v1"", ""persona"": ""phd""}"
"('developmentalbiology', 'trait')",trait,developmental biology,2,1,null,v1,v1,"{""model"": ""open-mistral-nemo"", ""temperature"": 0, ""date"": ""2025-10-21T04:21:07.301675+00:00"", ""prompt_version"": ""v1"", ""persona"": ""null""}"
"('bioethics', 'doctrineofdoubleeffect')",doctrine of double effect,bioethics,3,0,expert,v1,v1,"{""model"": ""open-mistral-nemo"", ""temperature"": 0, ""date"": ""2025-10-21T04:21:08.703951+00:00"", ""prompt_version"": ""v1"", ""persona"": ""expert""}"
"('bioethics', 'doctrineofdoubleeffect')",doctrine of double effect,bioethics,2,0,phd,v1,v1,"{""model"": ""open-mistral-nemo"", ""temperature"": 0, ""date"": ""2025-10-21T04:21:10.046154+00:00"", ""prompt_version"": ""v1"", ""persona"": ""phd""}"
"('bioethics', 'doctrineofdoubleeffect')",doctrine of double effect,bioethics,2,0,null,v1,v1,"{""model"": ""open-mistral-nemo"", ""temperature"": 0, ""date"": ""2025-10-21T04:21:11.590102+00:00"", ""prompt_version"": ""v1"", ""persona"": ""null""}"
"('philosophyofchemistry', 'philosophyofphysics')",philosophy of chemistry,philosophy of physics,4,2,expert,v1,v1,"{""model"": ""open-mistral-nemo"", ""temperature"": 0, ""date"": ""2025-10-21T04:21:12.928229+00:00"", ""prompt_version"": ""v1"", ""persona"": ""expert""}"
"('philosophyofchemistry', 'philosophyofphysics')",philosophy of chemistry,philosophy of physics,3,2,phd,v1,v1,"{""model"": ""open-mistral-nemo"", ""temperature"": 0, ""date"": ""2025-10-21T04:21:14.279443+00:00"", ""prompt_version"": ""v1"", ""persona"": ""phd""}"
"('philosophyofchemistry', 'philosophyofphysics')",philosophy of chemistry,philosophy of physics,3,2,null,v1,v1,"{""model"": ""open-mistral-nemo"", ""temperature"": 0, ""date"": ""2025-10-21T04:21:15.613152+00:00"", ""prompt_version"": ""v1"", ""persona"": ""null""}"
"('metaphysics', 'platosmiddleperiodmetaphysicsandepistemology')",plato's middle period metaphysics and epistemology,metaphysics,4,0,expert,v1,v1,"{""model"": ""open-mistral-nemo"", ""temperature"": 0, ""date"": ""2025-10-21T04:21:16.972641+00:00"", ""prompt_version"": ""v1"", ""persona"": ""expert""}"
"('metaphysics', 'platosmiddleperiodmetaphysicsandepistemology')",plato's middle period metaphysics and epistemology,metaphysics,3,0,phd,v1,v1,"{""model"": ""open-mistral-nemo"", ""temperature"": 0, ""date"": ""2025-10-21T04:21:18.354256+00:00"", ""prompt_version"": ""v1"", ""persona"": ""phd""}"
"('metaphysics', 'platosmiddleperiodmetaphysicsandepistemology')",plato's middle period metaphysics and epistemology,metaphysics,4,0,null,v1,v1,"{""model"": ""open-mistral-nemo"", ""temperature"": 0, ""date"": ""2025-10-21T04:21:19.851784+00:00"", ""prompt_version"": ""v1"", ""persona"": ""null""}"
"('statisticalmechanicsandthermodynamics', 'thermodynamicasymmetryintime')",thermodynamic asymmetry in time,statistical mechanics and thermodynamics,4,0,expert,v1,v1,"{""model"": ""open-mistral-nemo"", ""temperature"": 0, ""date"": ""2025-10-21T04:21:21.294434+00:00"", ""prompt_version"": ""v1"", ""persona"": ""expert""}"
"('statisticalmechanicsandthermodynamics', 'thermodynamicasymmetryintime')",thermodynamic asymmetry in time,statistical mechanics and thermodynamics,4,0,phd,v1,v1,"{""model"": ""open-mistral-nemo"", ""temperature"": 0, ""date"": ""2025-10-21T04:21:22.719314+00:00"", ""prompt_version"": ""v1"", ""persona"": ""phd""}"
"('statisticalmechanicsandthermodynamics', 'thermodynamicasymmetryintime')",thermodynamic asymmetry in time,statistical mechanics and thermodynamics,3,0,null,v1,v1,"{""model"": ""open-mistral-nemo"", ""temperature"": 0, ""date"": ""2025-10-21T04:21:24.056272+00:00"", ""prompt_version"": ""v1"", ""persona"": ""null""}"
"('interpretation', 'quantummechanics')",interpretation,quantum mechanics,2,1,expert,v1,v1,"{""model"": ""open-mistral-nemo"", ""temperature"": 0, ""date"": ""2025-10-21T04:21:25.520092+00:00"", ""prompt_version"": ""v1"", ""persona"": ""expert""}"
"('interpretation', 'quantummechanics')",interpretation,quantum mechanics,2,1,phd,v1,v1,"{""model"": ""open-mistral-nemo"", ""temperature"": 0, ""date"": ""2025-10-21T04:21:26.919937+00:00"", ""prompt_version"": ""v1"", ""persona"": ""phd""}"
"('interpretation', 'quantummechanics')",interpretation,quantum mechanics,2,1,null,v1,v1,"{""model"": ""open-mistral-nemo"", ""temperature"": 0, ""date"": ""2025-10-21T04:21:28.304317+00:00"", ""prompt_version"": ""v1"", ""persona"": ""null""}"
"('approachestofeministphilosophy', 'continentalphilosophy')",approaches to feminist philosophy,continental philosophy,2,0,expert,v1,v1,"{""model"": ""open-mistral-nemo"", ""temperature"": 0, ""date"": ""2025-10-21T04:21:29.671868+00:00"", ""prompt_version"": ""v1"", ""persona"": ""expert""}"
"('approachestofeministphilosophy', 'continentalphilosophy')",approaches to feminist philosophy,continental philosophy,2,0,phd,v1,v1,"{""model"": ""open-mistral-nemo"", ""temperature"": 0, ""date"": ""2025-10-21T04:21:31.145389+00:00"", ""prompt_version"": ""v1"", ""persona"": ""phd""}"
"('approachestofeministphilosophy', 'continentalphilosophy')",approaches to feminist philosophy,continental philosophy,2,0,null,v1,v1,"{""model"": ""open-mistral-nemo"", ""temperature"": 0, ""date"": ""2025-10-21T04:21:32.540912+00:00"", ""prompt_version"": ""v1"", ""persona"": ""null""}"
"('life', 'philosophyofreligion')",life,philosophy of religion,2,1,expert,v1,v1,"{""model"": ""open-mistral-nemo"", ""temperature"": 0, ""date"": ""2025-10-21T04:21:33.911172+00:00"", ""prompt_version"": ""v1"", ""persona"": ""expert""}"
"('life', 'philosophyofreligion')",life,philosophy of religion,2,1,phd,v1,v1,"{""model"": ""open-mistral-nemo"", ""temperature"": 0, ""date"": ""2025-10-21T04:21:35.256096+00:00"", ""prompt_version"": ""v1"", ""persona"": ""phd""}"
"('life', 'philosophyofreligion')",life,philosophy of religion,2,1,null,v1,v1,"{""model"": ""open-mistral-nemo"", ""temperature"": 0, ""date"": ""2025-10-21T04:21:36.671257+00:00"", ""prompt_version"": ""v1"", ""persona"": ""null""}"
"('contentsofperception', 'mentalcontent')",contents of perception,mental content,4,0,expert,v1,v1,"{""model"": ""open-mistral-nemo"", ""temperature"": 0, ""date"": ""2025-10-21T04:21:38.076237+00:00"", ""prompt_version"": ""v1"", ""persona"": ""expert""}"
"('contentsofperception', 'mentalcontent')",contents of perception,mental content,3,0,phd,v1,v1,"{""model"": ""open-mistral-nemo"", ""temperature"": 0, ""date"": ""2025-10-21T04:21:39.443882+00:00"", ""prompt_version"": ""v1"", ""persona"": ""phd""}"
"('contentsofperception', 'mentalcontent')",contents of perception,mental content,3,0,null,v1,v1,"{""model"": ""open-mistral-nemo"", ""temperature"": 0, ""date"": ""2025-10-21T04:21:40.843414+00:00"", ""prompt_version"": ""v1"", ""persona"": ""null""}"
"('mentalrepresentation', 'perception')",mental representation,perception,4,0,expert,v1,v1,"{""model"": ""open-mistral-nemo"", ""temperature"": 0, ""date"": ""2025-10-21T04:21:42.347488+00:00"", ""prompt_version"": ""v1"", ""persona"": ""expert""}"
"('mentalrepresentation', 'perception')",mental representation,perception,3,0,phd,v1,v1,"{""model"": ""open-mistral-nemo"", ""temperature"": 0, ""date"": ""2025-10-21T04:21:43.710453+00:00"", ""prompt_version"": ""v1"", ""persona"": ""phd""}"
"('mentalrepresentation', 'perception')",mental representation,perception,3,1,null,v1,v1,"{""model"": ""open-mistral-nemo"", ""temperature"": 0, ""date"": ""2025-10-21T04:21:45.054634+00:00"", ""prompt_version"": ""v1"", ""persona"": ""null""}"
"('goodnessandvaluetheory', 'metaphysics')",goodness and value theory,metaphysics,2,0,expert,v1,v1,"{""model"": ""open-mistral-nemo"", ""temperature"": 0, ""date"": ""2025-10-21T04:21:46.402529+00:00"", ""prompt_version"": ""v1"", ""persona"": ""expert""}"
"('goodnessandvaluetheory', 'metaphysics')",goodness and value theory,metaphysics,2,0,phd,v1,v1,"{""model"": ""open-mistral-nemo"", ""temperature"": 0, ""date"": ""2025-10-21T04:21:47.775757+00:00"", ""prompt_version"": ""v1"", ""persona"": ""phd""}"
"('goodnessandvaluetheory', 'metaphysics')",goodness and value theory,metaphysics,2,0,null,v1,v1,"{""model"": ""open-mistral-nemo"", ""temperature"": 0, ""date"": ""2025-10-21T04:21:49.119364+00:00"", ""prompt_version"": ""v1"", ""persona"": ""null""}"
"('intentionality', 'philosophyofmind')",intentionality,philosophy of mind,4,0,expert,v1,v1,"{""model"": ""open-mistral-nemo"", ""temperature"": 0, ""date"": ""2025-10-21T04:21:50.474181+00:00"", ""prompt_version"": ""v1"", ""persona"": ""expert""}"
"('intentionality', 'philosophyofmind')",intentionality,philosophy of mind,4,0,phd,v1,v1,"{""model"": ""open-mistral-nemo"", ""temperature"": 0, ""date"": ""2025-10-21T04:21:51.897003+00:00"", ""prompt_version"": ""v1"", ""persona"": ""phd""}"
"('intentionality', 'philosophyofmind')",intentionality,philosophy of mind,4,0,null,v1,v1,"{""model"": ""open-mistral-nemo"", ""temperature"": 0, ""date"": ""2025-10-21T04:21:53.329565+00:00"", ""prompt_version"": ""v1"", ""persona"": ""null""}"
"('hardproblem', 'perception')",hard problem,perception,3,0,expert,v1,v1,"{""model"": ""open-mistral-nemo"", ""temperature"": 0, ""date"": ""2025-10-21T04:21:54.700527+00:00"", ""prompt_version"": ""v1"", ""persona"": ""expert""}"
"('hardproblem', 'perception')",hard problem,perception,2,0,phd,v1,v1,"{""model"": ""open-mistral-nemo"", ""temperature"": 0, ""date"": ""2025-10-21T04:21:56.112774+00:00"", ""prompt_version"": ""v1"", ""persona"": ""phd""}"
"('hardproblem', 'perception')",hard problem,perception,2,-1,null,v1,v1,"{""model"": ""open-mistral-nemo"", ""temperature"": 0, ""date"": ""2025-10-21T04:21:57.461766+00:00"", ""prompt_version"": ""v1"", ""persona"": ""null""}"
"('concepts', 'perception')",concepts,perception,2,1,expert,v1,v1,"{""model"": ""open-mistral-nemo"", ""temperature"": 0, ""date"": ""2025-10-21T04:21:58.874546+00:00"", ""prompt_version"": ""v1"", ""persona"": ""expert""}"
"('concepts', 'perception')",concepts,perception,2,1,phd,v1,v1,"{""model"": ""open-mistral-nemo"", ""temperature"": 0, ""date"": ""2025-10-21T04:22:00.308420+00:00"", ""prompt_version"": ""v1"", ""persona"": ""phd""}"
"('concepts', 'perception')",concepts,perception,2,1,null,v1,v1,"{""model"": ""open-mistral-nemo"", ""temperature"": 0, ""date"": ""2025-10-21T04:22:01.741015+00:00"", ""prompt_version"": ""v1"", ""persona"": ""null""}"
"('philosophyofmind', 'propernames')",proper names,philosophy of mind,2,0,expert,v1,v1,"{""model"": ""open-mistral-nemo"", ""temperature"": 0, ""date"": ""2025-10-21T04:22:03.065180+00:00"", ""prompt_version"": ""v1"", ""persona"": ""expert""}"
"('philosophyofmind', 'propernames')",proper names,philosophy of mind,2,-1,phd,v1,v1,"{""model"": ""open-mistral-nemo"", ""temperature"": 0, ""date"": ""2025-10-21T04:22:04.415361+00:00"", ""prompt_version"": ""v1"", ""persona"": ""phd""}"
"('philosophyofmind', 'propernames')",proper names,philosophy of mind,2,0,null,v1,v1,"{""model"": ""open-mistral-nemo"", ""temperature"": 0, ""date"": ""2025-10-21T04:22:05.759615+00:00"", ""prompt_version"": ""v1"", ""persona"": ""null""}"
"('folkpsychology', 'philosophyofscienceandthesciences')",folk psychology,philosophy of science and the sciences,2,0,expert,v1,v1,"{""model"": ""open-mistral-nemo"", ""temperature"": 0, ""date"": ""2025-10-21T04:22:07.153536+00:00"", ""prompt_version"": ""v1"", ""persona"": ""expert""}"
"('folkpsychology', 'philosophyofscienceandthesciences')",folk psychology,philosophy of science and the sciences,2,0,phd,v1,v1,"{""model"": ""open-mistral-nemo"", ""temperature"": 0, ""date"": ""2025-10-21T04:22:08.526998+00:00"", ""prompt_version"": ""v1"", ""persona"": ""phd""}"
"('folkpsychology', 'philosophyofscienceandthesciences')",folk psychology,philosophy of science and the sciences,2,0,null,v1,v1,"{""model"": ""open-mistral-nemo"", ""temperature"": 0, ""date"": ""2025-10-21T04:22:09.859221+00:00"", ""prompt_version"": ""v1"", ""persona"": ""null""}"
"('computationandrepresentation', 'philosophyofmind')",computation and representation,philosophy of mind,4,0,expert,v1,v1,"{""model"": ""open-mistral-nemo"", ""temperature"": 0, ""date"": ""2025-10-21T04:22:11.421357+00:00"", ""prompt_version"": ""v1"", ""persona"": ""expert""}"
"('computationandrepresentation', 'philosophyofmind')",computation and representation,philosophy of mind,4,0,phd,v1,v1,"{""model"": ""open-mistral-nemo"", ""temperature"": 0, ""date"": ""2025-10-21T04:22:12.810227+00:00"", ""prompt_version"": ""v1"", ""persona"": ""phd""}"
"('computationandrepresentation', 'philosophyofmind')",computation and representation,philosophy of mind,2,1,null,v1,v1,"{""model"": ""open-mistral-nemo"", ""temperature"": 0, ""date"": ""2025-10-21T04:22:14.162080+00:00"", ""prompt_version"": ""v1"", ""persona"": ""null""}"
"('mentalrepresentation', 'philosophyofmind')",mental representation,philosophy of mind,4,0,expert,v1,v1,"{""model"": ""open-mistral-nemo"", ""temperature"": 0, ""date"": ""2025-10-21T04:22:15.538347+00:00"", ""prompt_version"": ""v1"", ""persona"": ""expert""}"
"('mentalrepresentation', 'philosophyofmind')",mental representation,philosophy of mind,4,0,phd,v1,v1,"{""model"": ""open-mistral-nemo"", ""temperature"": 0, ""date"": ""2025-10-21T04:22:16.985218+00:00"", ""prompt_version"": ""v1"", ""persona"": ""phd""}"
"('mentalrepresentation', 'philosophyofmind')",mental representation,philosophy of mind,3,0,null,v1,v1,"{""model"": ""open-mistral-nemo"", ""temperature"": 0, ""date"": ""2025-10-21T04:22:18.338670+00:00"", ""prompt_version"": ""v1"", ""persona"": ""null""}"
"('metaphysics', 'processphilosophy')",process philosophy,metaphysics,4,0,expert,v1,v1,"{""model"": ""open-mistral-nemo"", ""temperature"": 0, ""date"": ""2025-10-21T04:22:19.761080+00:00"", ""prompt_version"": ""v1"", ""persona"": ""expert""}"
"('metaphysics', 'processphilosophy')",process philosophy,metaphysics,3,0,phd,v1,v1,"{""model"": ""open-mistral-nemo"", ""temperature"": 0, ""date"": ""2025-10-21T04:22:21.181448+00:00"", ""prompt_version"": ""v1"", ""persona"": ""phd""}"
"('metaphysics', 'processphilosophy')",process philosophy,metaphysics,3,0,null,v1,v1,"{""model"": ""open-mistral-nemo"", ""temperature"": 0, ""date"": ""2025-10-21T04:22:22.620114+00:00"", ""prompt_version"": ""v1"", ""persona"": ""null""}"
"('metaphysics', 'philosophyofmathematics')",philosophy of mathematics,metaphysics,2,0,expert,v1,v1,"{""model"": ""open-mistral-nemo"", ""temperature"": 0, ""date"": ""2025-10-21T04:22:24.068132+00:00"", ""prompt_version"": ""v1"", ""persona"": ""expert""}"
"('metaphysics', 'philosophyofmathematics')",philosophy of mathematics,metaphysics,2,0,phd,v1,v1,"{""model"": ""open-mistral-nemo"", ""temperature"": 0, ""date"": ""2025-10-21T04:22:25.411734+00:00"", ""prompt_version"": ""v1"", ""persona"": ""phd""}"
"('metaphysics', 'philosophyofmathematics')",philosophy of mathematics,metaphysics,3,0,null,v1,v1,"{""model"": ""open-mistral-nemo"", ""temperature"": 0, ""date"": ""2025-10-21T04:22:26.777237+00:00"", ""prompt_version"": ""v1"", ""persona"": ""null""}"
"('epistemology', 'epistemologyofreligion')",epistemology of religion,epistemology,4,0,expert,v1,v1,"{""model"": ""open-mistral-nemo"", ""temperature"": 0, ""date"": ""2025-10-21T04:22:28.129895+00:00"", ""prompt_version"": ""v1"", ""persona"": ""expert""}"
"('epistemology', 'epistemologyofreligion')",epistemology of religion,epistemology,4,0,phd,v1,v1,"{""model"": ""open-mistral-nemo"", ""temperature"": 0, ""date"": ""2025-10-21T04:22:29.468040+00:00"", ""prompt_version"": ""v1"", ""persona"": ""phd""}"
"('epistemology', 'epistemologyofreligion')",epistemology of religion,epistemology,4,0,null,v1,v1,"{""model"": ""open-mistral-nemo"", ""temperature"": 0, ""date"": ""2025-10-21T04:22:30.928321+00:00"", ""prompt_version"": ""v1"", ""persona"": ""null""}"
"('ancientphilosophyaristotle', 'metaphysics')",ancient philosophy (aristotle),metaphysics,4,0,expert,v1,v1,"{""model"": ""open-mistral-nemo"", ""temperature"": 0, ""date"": ""2025-10-21T04:22:32.268828+00:00"", ""prompt_version"": ""v1"", ""persona"": ""expert""}"
"('ancientphilosophyaristotle', 'metaphysics')",ancient philosophy (aristotle),metaphysics,3,0,phd,v1,v1,"{""model"": ""open-mistral-nemo"", ""temperature"": 0, ""date"": ""2025-10-21T04:22:33.631807+00:00"", ""prompt_version"": ""v1"", ""persona"": ""phd""}"
"('ancientphilosophyaristotle', 'metaphysics')",ancient philosophy (aristotle),metaphysics,4,0,null,v1,v1,"{""model"": ""open-mistral-nemo"", ""temperature"": 0, ""date"": ""2025-10-21T04:22:35.017142+00:00"", ""prompt_version"": ""v1"", ""persona"": ""null""}"
"('philosophyofchemistry', 'philosophyofmind')",philosophy of chemistry,philosophy of mind,2,0,expert,v1,v1,"{""model"": ""open-mistral-nemo"", ""temperature"": 0, ""date"": ""2025-10-21T04:22:36.395548+00:00"", ""prompt_version"": ""v1"", ""persona"": ""expert""}"
"('philosophyofchemistry', 'philosophyofmind')",philosophy of chemistry,philosophy of mind,2,3,phd,v1,v1,"{""model"": ""open-mistral-nemo"", ""temperature"": 0, ""date"": ""2025-10-21T04:22:37.849367+00:00"", ""prompt_version"": ""v1"", ""persona"": ""phd""}"
"('philosophyofchemistry', 'philosophyofmind')",philosophy of chemistry,philosophy of mind,2,-1,null,v1,v1,"{""model"": ""open-mistral-nemo"", ""temperature"": 0, ""date"": ""2025-10-21T04:22:39.322018+00:00"", ""prompt_version"": ""v1"", ""persona"": ""null""}"
"('abstractobject', 'philosophyofmind')",abstract object,philosophy of mind,3,0,expert,v1,v1,"{""model"": ""open-mistral-nemo"", ""temperature"": 0, ""date"": ""2025-10-21T04:22:40.685409+00:00"", ""prompt_version"": ""v1"", ""persona"": ""expert""}"
"('abstractobject', 'philosophyofmind')",abstract object,philosophy of mind,2,0,phd,v1,v1,"{""model"": ""open-mistral-nemo"", ""temperature"": 0, ""date"": ""2025-10-21T04:22:42.247341+00:00"", ""prompt_version"": ""v1"", ""persona"": ""phd""}"
"('abstractobject', 'philosophyofmind')",abstract object,philosophy of mind,3,0,null,v1,v1,"{""model"": ""open-mistral-nemo"", ""temperature"": 0, ""date"": ""2025-10-21T04:22:43.714711+00:00"", ""prompt_version"": ""v1"", ""persona"": ""null""}"
"('japanesephilosophy', 'japanesezenbuddhistphilosophy')",japanese zen buddhist philosophy,japanese philosophy,4,0,novice,v1,v1,"{""model"": ""open-mistral-nemo"", ""temperature"": 0, ""date"": ""2025-10-21T04:22:45.168186+00:00"", ""prompt_version"": ""v1"", ""persona"": ""novice""}"
"('japanesephilosophy', 'japanesezenbuddhistphilosophy')",japanese zen buddhist philosophy,japanese philosophy,4,0,phd,v1,v1,"{""model"": ""open-mistral-nemo"", ""temperature"": 0, ""date"": ""2025-10-21T04:22:46.568348+00:00"", ""prompt_version"": ""v1"", ""persona"": ""phd""}"
"('japanesephilosophy', 'japanesezenbuddhistphilosophy')",japanese zen buddhist philosophy,japanese philosophy,4,0,null,v1,v1,"{""model"": ""open-mistral-nemo"", ""temperature"": 0, ""date"": ""2025-10-21T04:22:47.908368+00:00"", ""prompt_version"": ""v1"", ""persona"": ""null""}"
"('perception', 'philosophyofpsychology')",philosophy of psychology,perception,3,0,expert,v1,v1,"{""model"": ""open-mistral-nemo"", ""temperature"": 0, ""date"": ""2025-10-21T04:22:49.404643+00:00"", ""prompt_version"": ""v1"", ""persona"": ""expert""}"
"('perception', 'philosophyofpsychology')",philosophy of psychology,perception,3,0,phd,v1,v1,"{""model"": ""open-mistral-nemo"", ""temperature"": 0, ""date"": ""2025-10-21T04:22:50.726607+00:00"", ""prompt_version"": ""v1"", ""persona"": ""phd""}"
"('perception', 'philosophyofpsychology')",philosophy of psychology,perception,2,1,null,v1,v1,"{""model"": ""open-mistral-nemo"", ""temperature"": 0, ""date"": ""2025-10-21T04:22:52.076584+00:00"", ""prompt_version"": ""v1"", ""persona"": ""null""}"
"('epistemology', 'feministphilosophy')",feminist philosophy,epistemology,2,0,expert,v1,v1,"{""model"": ""open-mistral-nemo"", ""temperature"": 0, ""date"": ""2025-10-21T04:22:53.419270+00:00"", ""prompt_version"": ""v1"", ""persona"": ""expert""}"
"('epistemology', 'feministphilosophy')",feminist philosophy,epistemology,2,0,phd,v1,v1,"{""model"": ""open-mistral-nemo"", ""temperature"": 0, ""date"": ""2025-10-21T04:22:54.835864+00:00"", ""prompt_version"": ""v1"", ""persona"": ""phd""}"
"('epistemology', 'feministphilosophy')",feminist philosophy,epistemology,3,0,null,v1,v1,"{""model"": ""open-mistral-nemo"", ""temperature"": 0, ""date"": ""2025-10-21T04:22:56.192464+00:00"", ""prompt_version"": ""v1"", ""persona"": ""null""}"
"('aristotleoncausality', 'metaphysics')",aristotle on causality,metaphysics,4,0,expert,v1,v1,"{""model"": ""open-mistral-nemo"", ""temperature"": 0, ""date"": ""2025-10-21T04:22:57.558873+00:00"", ""prompt_version"": ""v1"", ""persona"": ""expert""}"
"('aristotleoncausality', 'metaphysics')",aristotle on causality,metaphysics,4,0,phd,v1,v1,"{""model"": ""open-mistral-nemo"", ""temperature"": 0, ""date"": ""2025-10-21T04:22:59.023831+00:00"", ""prompt_version"": ""v1"", ""persona"": ""phd""}"
"('aristotleoncausality', 'metaphysics')",aristotle on causality,metaphysics,3,0,null,v1,v1,"{""model"": ""open-mistral-nemo"", ""temperature"": 0, ""date"": ""2025-10-21T04:23:00.374976+00:00"", ""prompt_version"": ""v1"", ""persona"": ""null""}"
"('historyoflogic', 'inductivelogic')",inductive logic,history of logic,2,0,novice,v1,v1,"{""model"": ""open-mistral-nemo"", ""temperature"": 0, ""date"": ""2025-10-21T04:23:01.774168+00:00"", ""prompt_version"": ""v1"", ""persona"": ""novice""}"
"('historyoflogic', 'inductivelogic')",inductive logic,history of logic,2,0,phd,v1,v1,"{""model"": ""open-mistral-nemo"", ""temperature"": 0, ""date"": ""2025-10-21T04:23:03.145411+00:00"", ""prompt_version"": ""v1"", ""persona"": ""phd""}"
"('historyoflogic', 'inductivelogic')",inductive logic,history of logic,2,0,null,v1,v1,"{""model"": ""open-mistral-nemo"", ""temperature"": 0, ""date"": ""2025-10-21T04:23:04.518573+00:00"", ""prompt_version"": ""v1"", ""persona"": ""null""}"
"('philosophyofmind', 'psychiatry')",psychiatry,philosophy of mind,3,0,expert,v1,v1,"{""model"": ""open-mistral-nemo"", ""temperature"": 0, ""date"": ""2025-10-21T04:23:06.578849+00:00"", ""prompt_version"": ""v1"", ""persona"": ""expert""}"
"('philosophyofmind', 'psychiatry')",psychiatry,philosophy of mind,3,0,phd,v1,v1,"{""model"": ""open-mistral-nemo"", ""temperature"": 0, ""date"": ""2025-10-21T04:23:07.982632+00:00"", ""prompt_version"": ""v1"", ""persona"": ""phd""}"
"('philosophyofmind', 'psychiatry')",psychiatry,philosophy of mind,2,0,null,v1,v1,"{""model"": ""open-mistral-nemo"", ""temperature"": 0, ""date"": ""2025-10-21T04:23:09.355476+00:00"", ""prompt_version"": ""v1"", ""persona"": ""null""}"
"('epistemologicalproblemsofmemory', 'philosophyofmind')",epistemological problems of memory,philosophy of mind,3,0,expert,v1,v1,"{""model"": ""open-mistral-nemo"", ""temperature"": 0, ""date"": ""2025-10-21T04:23:10.747754+00:00"", ""prompt_version"": ""v1"", ""persona"": ""expert""}"
"('epistemologicalproblemsofmemory', 'philosophyofmind')",epistemological problems of memory,philosophy of mind,2,0,phd,v1,v1,"{""model"": ""open-mistral-nemo"", ""temperature"": 0, ""date"": ""2025-10-21T04:23:12.085201+00:00"", ""prompt_version"": ""v1"", ""persona"": ""phd""}"
"('epistemologicalproblemsofmemory', 'philosophyofmind')",epistemological problems of memory,philosophy of mind,3,0,null,v1,v1,"{""model"": ""open-mistral-nemo"", ""temperature"": 0, ""date"": ""2025-10-21T04:23:13.457074+00:00"", ""prompt_version"": ""v1"", ""persona"": ""null""}"
"('medievalpoliticalphilosophy', 'philosophyofreligion')",medieval political philosophy,philosophy of religion,2,0,expert,v1,v1,"{""model"": ""open-mistral-nemo"", ""temperature"": 0, ""date"": ""2025-10-21T04:23:14.946040+00:00"", ""prompt_version"": ""v1"", ""persona"": ""expert""}"
"('medievalpoliticalphilosophy', 'philosophyofreligion')",medieval political philosophy,philosophy of religion,2,0,phd,v1,v1,"{""model"": ""open-mistral-nemo"", ""temperature"": 0, ""date"": ""2025-10-21T04:23:16.281750+00:00"", ""prompt_version"": ""v1"", ""persona"": ""phd""}"
"('medievalpoliticalphilosophy', 'philosophyofreligion')",medieval political philosophy,philosophy of religion,2,1,null,v1,v1,"{""model"": ""open-mistral-nemo"", ""temperature"": 0, ""date"": ""2025-10-21T04:23:17.642920+00:00"", ""prompt_version"": ""v1"", ""persona"": ""null""}"
"('lawandlanguage', 'philosophyoflanguage')",law and language,philosophy of language,4,0,expert,v1,v1,"{""model"": ""open-mistral-nemo"", ""temperature"": 0, ""date"": ""2025-10-21T04:23:18.994055+00:00"", ""prompt_version"": ""v1"", ""persona"": ""expert""}"
"('lawandlanguage', 'philosophyoflanguage')",law and language,philosophy of language,4,0,phd,v1,v1,"{""model"": ""open-mistral-nemo"", ""temperature"": 0, ""date"": ""2025-10-21T04:23:20.331636+00:00"", ""prompt_version"": ""v1"", ""persona"": ""phd""}"
"('lawandlanguage', 'philosophyoflanguage')",law and language,philosophy of language,4,0,null,v1,v1,"{""model"": ""open-mistral-nemo"", ""temperature"": 0, ""date"": ""2025-10-21T04:23:21.748678+00:00"", ""prompt_version"": ""v1"", ""persona"": ""null""}"
"('perception', 'problemofperception')",problem of perception,perception,4,0,expert,v1,v1,"{""model"": ""open-mistral-nemo"", ""temperature"": 0, ""date"": ""2025-10-21T04:23:23.120253+00:00"", ""prompt_version"": ""v1"", ""persona"": ""expert""}"
"('perception', 'problemofperception')",problem of perception,perception,4,0,phd,v1,v1,"{""model"": ""open-mistral-nemo"", ""temperature"": 0, ""date"": ""2025-10-21T04:23:24.488754+00:00"", ""prompt_version"": ""v1"", ""persona"": ""phd""}"
"('perception', 'problemofperception')",problem of perception,perception,3,0,null,v1,v1,"{""model"": ""open-mistral-nemo"", ""temperature"": 0, ""date"": ""2025-10-21T04:23:25.835025+00:00"", ""prompt_version"": ""v1"", ""persona"": ""null""}"
"('philosophyofbiology', 'philosophyofmind')",philosophy of biology,philosophy of mind,3,2,expert,v1,v1,"{""model"": ""open-mistral-nemo"", ""temperature"": 0, ""date"": ""2025-10-21T04:23:27.165766+00:00"", ""prompt_version"": ""v1"", ""persona"": ""expert""}"
"('philosophyofbiology', 'philosophyofmind')",philosophy of biology,philosophy of mind,2,0,phd,v1,v1,"{""model"": ""open-mistral-nemo"", ""temperature"": 0, ""date"": ""2025-10-21T04:23:28.496253+00:00"", ""prompt_version"": ""v1"", ""persona"": ""phd""}"
"('philosophyofbiology', 'philosophyofmind')",philosophy of biology,philosophy of mind,3,1,null,v1,v1,"{""model"": ""open-mistral-nemo"", ""temperature"": 0, ""date"": ""2025-10-21T04:23:29.895268+00:00"", ""prompt_version"": ""v1"", ""persona"": ""null""}"
"('metaphysics', 'scottishphilosophyinthe19thcentury')",scottish philosophy in the 19th century,metaphysics,2,0,expert,v1,v1,"{""model"": ""open-mistral-nemo"", ""temperature"": 0, ""date"": ""2025-10-21T04:23:31.219117+00:00"", ""prompt_version"": ""v1"", ""persona"": ""expert""}"
"('metaphysics', 'scottishphilosophyinthe19thcentury')",scottish philosophy in the 19th century,metaphysics,2,0,phd,v1,v1,"{""model"": ""open-mistral-nemo"", ""temperature"": 0, ""date"": ""2025-10-21T04:23:32.555413+00:00"", ""prompt_version"": ""v1"", ""persona"": ""phd""}"
"('metaphysics', 'scottishphilosophyinthe19thcentury')",scottish philosophy in the 19th century,metaphysics,2,0,null,v1,v1,"{""model"": ""open-mistral-nemo"", ""temperature"": 0, ""date"": ""2025-10-21T04:23:33.934771+00:00"", ""prompt_version"": ""v1"", ""persona"": ""null""}"
"('metaphysics', 'socialandpoliticalphilosophy')",social and political philosophy,metaphysics,2,0,expert,v1,v1,"{""model"": ""open-mistral-nemo"", ""temperature"": 0, ""date"": ""2025-10-21T04:23:35.275110+00:00"", ""prompt_version"": ""v1"", ""persona"": ""expert""}"
"('metaphysics', 'socialandpoliticalphilosophy')",social and political philosophy,metaphysics,2,1,phd,v1,v1,"{""model"": ""open-mistral-nemo"", ""temperature"": 0, ""date"": ""2025-10-21T04:23:36.652945+00:00"", ""prompt_version"": ""v1"", ""persona"": ""phd""}"
"('metaphysics', 'socialandpoliticalphilosophy')",social and political philosophy,metaphysics,2,1,null,v1,v1,"{""model"": ""open-mistral-nemo"", ""temperature"": 0, ""date"": ""2025-10-21T04:23:38.008637+00:00"", ""prompt_version"": ""v1"", ""persona"": ""null""}"
"('continentalphilosophy', 'intersectionsbetweenpragmatistandcontinentalfeminism')",intersections between pragmatist and continental feminism,continental philosophy,3,0,expert,v1,v1,"{""model"": ""open-mistral-nemo"", ""temperature"": 0, ""date"": ""2025-10-21T04:23:39.326541+00:00"", ""prompt_version"": ""v1"", ""persona"": ""expert""}"
"('continentalphilosophy', 'intersectionsbetweenpragmatistandcontinentalfeminism')",intersections between pragmatist and continental feminism,continental philosophy,3,0,phd,v1,v1,"{""model"": ""open-mistral-nemo"", ""temperature"": 0, ""date"": ""2025-10-21T04:23:40.648766+00:00"", ""prompt_version"": ""v1"", ""persona"": ""phd""}"
"('continentalphilosophy', 'intersectionsbetweenpragmatistandcontinentalfeminism')",intersections between pragmatist and continental feminism,continental philosophy,3,0,null,v1,v1,"{""model"": ""open-mistral-nemo"", ""temperature"": 0, ""date"": ""2025-10-21T04:23:42.030745+00:00"", ""prompt_version"": ""v1"", ""persona"": ""null""}"
"('ethics', 'virtuesandvices')",ethics,virtues and vices,4,1,course_taker,v1,v1,"{""model"": ""open-mistral-nemo"", ""temperature"": 0, ""date"": ""2025-10-21T04:23:43.399166+00:00"", ""prompt_version"": ""v1"", ""persona"": ""course_taker""}"
"('ethics', 'virtuesandvices')",ethics,virtues and vices,4,1,phd,v1,v1,"{""model"": ""open-mistral-nemo"", ""temperature"": 0, ""date"": ""2025-10-21T04:23:44.735278+00:00"", ""prompt_version"": ""v1"", ""persona"": ""phd""}"
"('ethics', 'virtuesandvices')",ethics,virtues and vices,3,1,null,v1,v1,"{""model"": ""open-mistral-nemo"", ""temperature"": 0, ""date"": ""2025-10-21T04:23:46.073686+00:00"", ""prompt_version"": ""v1"", ""persona"": ""null""}"
"('mathematicallogic', 'philosophyofmind')",mathematical logic,philosophy of mind,2,0,expert,v1,v1,"{""model"": ""open-mistral-nemo"", ""temperature"": 0, ""date"": ""2025-10-21T04:23:47.494190+00:00"", ""prompt_version"": ""v1"", ""persona"": ""expert""}"
"('mathematicallogic', 'philosophyofmind')",mathematical logic,philosophy of mind,2,0,phd,v1,v1,"{""model"": ""open-mistral-nemo"", ""temperature"": 0, ""date"": ""2025-10-21T04:23:48.993188+00:00"", ""prompt_version"": ""v1"", ""persona"": ""phd""}"
"('mathematicallogic', 'philosophyofmind')",mathematical logic,philosophy of mind,2,-1,null,v1,v1,"{""model"": ""open-mistral-nemo"", ""temperature"": 0, ""date"": ""2025-10-21T04:23:50.362857+00:00"", ""prompt_version"": ""v1"", ""persona"": ""null""}"
"('eternityinchristianthought', 'metaphysics')",Eternity in Christian Thought,metaphysics,3,0,expert,v1,v1,"{""model"": ""open-mistral-nemo"", ""temperature"": 0, ""date"": ""2025-10-21T04:23:51.741469+00:00"", ""prompt_version"": ""v1"", ""persona"": ""expert""}"
"('eternityinchristianthought', 'metaphysics')",Eternity in Christian Thought,metaphysics,2,0,phd,v1,v1,"{""model"": ""open-mistral-nemo"", ""temperature"": 0, ""date"": ""2025-10-21T04:23:53.121322+00:00"", ""prompt_version"": ""v1"", ""persona"": ""phd""}"
"('eternityinchristianthought', 'metaphysics')",Eternity in Christian Thought,metaphysics,2,0,null,v1,v1,"{""model"": ""open-mistral-nemo"", ""temperature"": 0, ""date"": ""2025-10-21T04:23:54.468615+00:00"", ""prompt_version"": ""v1"", ""persona"": ""null""}"
"('historyoflogic', 'logicandgames')",logic and games,history of logic,2,0,novice,v1,v1,"{""model"": ""open-mistral-nemo"", ""temperature"": 0, ""date"": ""2025-10-21T04:23:55.808075+00:00"", ""prompt_version"": ""v1"", ""persona"": ""novice""}"
"('historyoflogic', 'logicandgames')",logic and games,history of logic,2,0,phd,v1,v1,"{""model"": ""open-mistral-nemo"", ""temperature"": 0, ""date"": ""2025-10-21T04:23:57.146679+00:00"", ""prompt_version"": ""v1"", ""persona"": ""phd""}"
"('historyoflogic', 'logicandgames')",logic and games,history of logic,2,-1,null,v1,v1,"{""model"": ""open-mistral-nemo"", ""temperature"": 0, ""date"": ""2025-10-21T04:23:58.485401+00:00"", ""prompt_version"": ""v1"", ""persona"": ""null""}"
"('philosophyofmind', 'realismandantirealism')",realism and anti-realism,philosophy of mind,3,1,expert,v1,v1,"{""model"": ""open-mistral-nemo"", ""temperature"": 0, ""date"": ""2025-10-21T04:23:59.820134+00:00"", ""prompt_version"": ""v1"", ""persona"": ""expert""}"
"('philosophyofmind', 'realismandantirealism')",realism and anti-realism,philosophy of mind,3,1,phd,v1,v1,"{""model"": ""open-mistral-nemo"", ""temperature"": 0, ""date"": ""2025-10-21T04:24:01.344375+00:00"", ""prompt_version"": ""v1"", ""persona"": ""phd""}"
"('philosophyofmind', 'realismandantirealism')",realism and anti-realism,philosophy of mind,3,1,null,v1,v1,"{""model"": ""open-mistral-nemo"", ""temperature"": 0, ""date"": ""2025-10-21T04:24:02.769615+00:00"", ""prompt_version"": ""v1"", ""persona"": ""null""}"
"('falsificationism', 'scientificmethodology')",falsificationism,scientific methodology,3,0,novice,v1,v1,"{""model"": ""open-mistral-nemo"", ""temperature"": 0, ""date"": ""2025-10-21T04:24:04.179446+00:00"", ""prompt_version"": ""v1"", ""persona"": ""novice""}"
"('falsificationism', 'scientificmethodology')",falsificationism,scientific methodology,3,0,phd,v1,v1,"{""model"": ""open-mistral-nemo"", ""temperature"": 0, ""date"": ""2025-10-21T04:24:05.569357+00:00"", ""prompt_version"": ""v1"", ""persona"": ""phd""}"
"('falsificationism', 'scientificmethodology')",falsificationism,scientific methodology,3,0,null,v1,v1,"{""model"": ""open-mistral-nemo"", ""temperature"": 0, ""date"": ""2025-10-21T04:24:06.893574+00:00"", ""prompt_version"": ""v1"", ""persona"": ""null""}"
"('perception', 'psychologicalrelation')",psychological relation,perception,3,0,expert,v1,v1,"{""model"": ""open-mistral-nemo"", ""temperature"": 0, ""date"": ""2025-10-21T04:24:08.244772+00:00"", ""prompt_version"": ""v1"", ""persona"": ""expert""}"
"('perception', 'psychologicalrelation')",psychological relation,perception,3,0,phd,v1,v1,"{""model"": ""open-mistral-nemo"", ""temperature"": 0, ""date"": ""2025-10-21T04:24:09.817647+00:00"", ""prompt_version"": ""v1"", ""persona"": ""phd""}"
"('perception', 'psychologicalrelation')",psychological relation,perception,2,1,null,v1,v1,"{""model"": ""open-mistral-nemo"", ""temperature"": 0, ""date"": ""2025-10-21T04:24:11.186171+00:00"", ""prompt_version"": ""v1"", ""persona"": ""null""}"
"('philosophyofscienceandthesciences', 'probability')",probability,philosophy of science and the sciences,3,0,expert,v1,v1,"{""model"": ""open-mistral-nemo"", ""temperature"": 0, ""date"": ""2025-10-21T04:24:12.639260+00:00"", ""prompt_version"": ""v1"", ""persona"": ""expert""}"
"('philosophyofscienceandthesciences', 'probability')",probability,philosophy of science and the sciences,3,0,phd,v1,v1,"{""model"": ""open-mistral-nemo"", ""temperature"": 0, ""date"": ""2025-10-21T04:24:13.950612+00:00"", ""prompt_version"": ""v1"", ""persona"": ""phd""}"
"('philosophyofscienceandthesciences', 'probability')",probability,philosophy of science and the sciences,2,0,null,v1,v1,"{""model"": ""open-mistral-nemo"", ""temperature"": 0, ""date"": ""2025-10-21T04:24:15.437863+00:00"", ""prompt_version"": ""v1"", ""persona"": ""null""}"
"('ethics', 'socialcontract')",social contract,ethics,3,0,expert,v1,v1,"{""model"": ""open-mistral-nemo"", ""temperature"": 0, ""date"": ""2025-10-21T04:24:16.774724+00:00"", ""prompt_version"": ""v1"", ""persona"": ""expert""}"
"('ethics', 'socialcontract')",social contract,ethics,2,0,phd,v1,v1,"{""model"": ""open-mistral-nemo"", ""temperature"": 0, ""date"": ""2025-10-21T04:24:18.169139+00:00"", ""prompt_version"": ""v1"", ""persona"": ""phd""}"
"('ethics', 'socialcontract')",social contract,ethics,3,0,null,v1,v1,"{""model"": ""open-mistral-nemo"", ""temperature"": 0, ""date"": ""2025-10-21T04:24:19.534510+00:00"", ""prompt_version"": ""v1"", ""persona"": ""null""}"
"('epistemology', 'philosophyofbiology')",philosophy of biology,epistemology,2,0,expert,v1,v1,"{""model"": ""open-mistral-nemo"", ""temperature"": 0, ""date"": ""2025-10-21T04:24:20.876683+00:00"", ""prompt_version"": ""v1"", ""persona"": ""expert""}"
"('epistemology', 'philosophyofbiology')",philosophy of biology,epistemology,2,0,phd,v1,v1,"{""model"": ""open-mistral-nemo"", ""temperature"": 0, ""date"": ""2025-10-21T04:24:22.217467+00:00"", ""prompt_version"": ""v1"", ""persona"": ""phd""}"
"('epistemology', 'philosophyofbiology')",philosophy of biology,epistemology,2,0,null,v1,v1,"{""model"": ""open-mistral-nemo"", ""temperature"": 0, ""date"": ""2025-10-21T04:24:23.567224+00:00"", ""prompt_version"": ""v1"", ""persona"": ""null""}"
"('identityofindiscernibles', 'metaphysics')",identity of indiscernibles,metaphysics,3,0,expert,v1,v1,"{""model"": ""open-mistral-nemo"", ""temperature"": 0, ""date"": ""2025-10-21T04:24:24.975505+00:00"", ""prompt_version"": ""v1"", ""persona"": ""expert""}"
"('identityofindiscernibles', 'metaphysics')",identity of indiscernibles,metaphysics,3,0,phd,v1,v1,"{""model"": ""open-mistral-nemo"", ""temperature"": 0, ""date"": ""2025-10-21T04:24:26.358577+00:00"", ""prompt_version"": ""v1"", ""persona"": ""phd""}"
"('identityofindiscernibles', 'metaphysics')",identity of indiscernibles,metaphysics,3,0,null,v1,v1,"{""model"": ""open-mistral-nemo"", ""temperature"": 0, ""date"": ""2025-10-21T04:24:27.725783+00:00"", ""prompt_version"": ""v1"", ""persona"": ""null""}"
"('backwardcausation', 'causation')",backward causation,causation,4,0,expert,v1,v1,"{""model"": ""open-mistral-nemo"", ""temperature"": 0, ""date"": ""2025-10-21T04:24:29.167338+00:00"", ""prompt_version"": ""v1"", ""persona"": ""expert""}"
"('backwardcausation', 'causation')",backward causation,causation,3,0,phd,v1,v1,"{""model"": ""open-mistral-nemo"", ""temperature"": 0, ""date"": ""2025-10-21T04:24:30.519510+00:00"", ""prompt_version"": ""v1"", ""persona"": ""phd""}"
"('backwardcausation', 'causation')",backward causation,causation,4,0,null,v1,v1,"{""model"": ""open-mistral-nemo"", ""temperature"": 0, ""date"": ""2025-10-21T04:24:31.880340+00:00"", ""prompt_version"": ""v1"", ""persona"": ""null""}"
"('aestheticsandphilosophyofart', 'philosophyofcomposition')",aesthetics and philosophy of art,philosophy of composition,4,0,course_taker,v1,v1,"{""model"": ""open-mistral-nemo"", ""temperature"": 0, ""date"": ""2025-10-21T04:24:33.213514+00:00"", ""prompt_version"": ""v1"", ""persona"": ""course_taker""}"
"('aestheticsandphilosophyofart', 'philosophyofcomposition')",aesthetics and philosophy of art,philosophy of composition,3,1,phd,v1,v1,"{""model"": ""open-mistral-nemo"", ""temperature"": 0, ""date"": ""2025-10-21T04:24:34.611591+00:00"", ""prompt_version"": ""v1"", ""persona"": ""phd""}"
"('aestheticsandphilosophyofart', 'philosophyofcomposition')",aesthetics and philosophy of art,philosophy of composition,3,0,null,v1,v1,"{""model"": ""open-mistral-nemo"", ""temperature"": 0, ""date"": ""2025-10-21T04:24:36.342321+00:00"", ""prompt_version"": ""v1"", ""persona"": ""null""}"
"('epistemology', 'scientificmethodology')",scientific methodology,epistemology,4,0,expert,v1,v1,"{""model"": ""open-mistral-nemo"", ""temperature"": 0, ""date"": ""2025-10-21T04:24:37.685235+00:00"", ""prompt_version"": ""v1"", ""persona"": ""expert""}"
"('epistemology', 'scientificmethodology')",scientific methodology,epistemology,3,0,phd,v1,v1,"{""model"": ""open-mistral-nemo"", ""temperature"": 0, ""date"": ""2025-10-21T04:24:38.994848+00:00"", ""prompt_version"": ""v1"", ""persona"": ""phd""}"
"('epistemology', 'scientificmethodology')",scientific methodology,epistemology,4,0,null,v1,v1,"{""model"": ""open-mistral-nemo"", ""temperature"": 0, ""date"": ""2025-10-21T04:24:40.321872+00:00"", ""prompt_version"": ""v1"", ""persona"": ""null""}"
"('animalcognition', 'cognitivescience')",animal cognition,cognitive science,3,0,expert,v1,v1,"{""model"": ""open-mistral-nemo"", ""temperature"": 0, ""date"": ""2025-10-21T04:24:41.683043+00:00"", ""prompt_version"": ""v1"", ""persona"": ""expert""}"
"('animalcognition', 'cognitivescience')",animal cognition,cognitive science,3,0,phd,v1,v1,"{""model"": ""open-mistral-nemo"", ""temperature"": 0, ""date"": ""2025-10-21T04:24:43.009812+00:00"", ""prompt_version"": ""v1"", ""persona"": ""phd""}"
"('animalcognition', 'cognitivescience')",animal cognition,cognitive science,3,0,null,v1,v1,"{""model"": ""open-mistral-nemo"", ""temperature"": 0, ""date"": ""2025-10-21T04:24:44.415953+00:00"", ""prompt_version"": ""v1"", ""persona"": ""null""}"
"('argumentsfortheexistenceofgod', 'philosophyofreligion')",arguments for the existence of god,philosophy of religion,4,0,expert,v1,v1,"{""model"": ""open-mistral-nemo"", ""temperature"": 0, ""date"": ""2025-10-21T04:24:46.262342+00:00"", ""prompt_version"": ""v1"", ""persona"": ""expert""}"
"('argumentsfortheexistenceofgod', 'philosophyofreligion')",arguments for the existence of god,philosophy of religion,4,0,phd,v1,v1,"{""model"": ""open-mistral-nemo"", ""temperature"": 0, ""date"": ""2025-10-21T04:24:47.594648+00:00"", ""prompt_version"": ""v1"", ""persona"": ""phd""}"
"('argumentsfortheexistenceofgod', 'philosophyofreligion')",arguments for the existence of god,philosophy of religion,4,0,null,v1,v1,"{""model"": ""open-mistral-nemo"", ""temperature"": 0, ""date"": ""2025-10-21T04:24:49.275558+00:00"", ""prompt_version"": ""v1"", ""persona"": ""null""}"
"('identityandindividualityinquantumtheory', 'metaphysics')",identity and individuality in quantum theory,metaphysics,2,0,expert,v1,v1,"{""model"": ""open-mistral-nemo"", ""temperature"": 0, ""date"": ""2025-10-21T04:24:50.665261+00:00"", ""prompt_version"": ""v1"", ""persona"": ""expert""}"
"('identityandindividualityinquantumtheory', 'metaphysics')",identity and individuality in quantum theory,metaphysics,2,0,phd,v1,v1,"{""model"": ""open-mistral-nemo"", ""temperature"": 0, ""date"": ""2025-10-21T04:24:52.098963+00:00"", ""prompt_version"": ""v1"", ""persona"": ""phd""}"
"('identityandindividualityinquantumtheory', 'metaphysics')",identity and individuality in quantum theory,metaphysics,2,-1,null,v1,v1,"{""model"": ""open-mistral-nemo"", ""temperature"": 0, ""date"": ""2025-10-21T04:24:53.426768+00:00"", ""prompt_version"": ""v1"", ""persona"": ""null""}"
"('mentalstate', 'philosophyofmind')",mental state,philosophy of mind,4,0,expert,v1,v1,"{""model"": ""open-mistral-nemo"", ""temperature"": 0, ""date"": ""2025-10-21T04:24:54.784051+00:00"", ""prompt_version"": ""v1"", ""persona"": ""expert""}"
"('mentalstate', 'philosophyofmind')",mental state,philosophy of mind,4,0,phd,v1,v1,"{""model"": ""open-mistral-nemo"", ""temperature"": 0, ""date"": ""2025-10-21T04:24:56.149107+00:00"", ""prompt_version"": ""v1"", ""persona"": ""phd""}"
"('mentalstate', 'philosophyofmind')",mental state,philosophy of mind,4,0,null,v1,v1,"{""model"": ""open-mistral-nemo"", ""temperature"": 0, ""date"": ""2025-10-21T04:24:57.599388+00:00"", ""prompt_version"": ""v1"", ""persona"": ""null""}"
"('philosophyofmathematics', 'philosophyofscience')",philosophy of mathematics,philosophy of science,4,2,expert,v1,v1,"{""model"": ""open-mistral-nemo"", ""temperature"": 0, ""date"": ""2025-10-21T04:24:58.959103+00:00"", ""prompt_version"": ""v1"", ""persona"": ""expert""}"
"('philosophyofmathematics', 'philosophyofscience')",philosophy of mathematics,philosophy of science,4,2,phd,v1,v1,"{""model"": ""open-mistral-nemo"", ""temperature"": 0, ""date"": ""2025-10-21T04:25:00.265867+00:00"", ""prompt_version"": ""v1"", ""persona"": ""phd""}"
"('philosophyofmathematics', 'philosophyofscience')",philosophy of mathematics,philosophy of science,4,2,null,v1,v1,"{""model"": ""open-mistral-nemo"", ""temperature"": 0, ""date"": ""2025-10-21T04:25:01.598328+00:00"", ""prompt_version"": ""v1"", ""persona"": ""null""}"
"('monotheism', 'philosophyofreligion')",monotheism,philosophy of religion,4,0,expert,v1,v1,"{""model"": ""open-mistral-nemo"", ""temperature"": 0, ""date"": ""2025-10-21T04:25:02.966433+00:00"", ""prompt_version"": ""v1"", ""persona"": ""expert""}"
"('monotheism', 'philosophyofreligion')",monotheism,philosophy of religion,4,0,phd,v1,v1,"{""model"": ""open-mistral-nemo"", ""temperature"": 0, ""date"": ""2025-10-21T04:25:04.328755+00:00"", ""prompt_version"": ""v1"", ""persona"": ""phd""}"
"('monotheism', 'philosophyofreligion')",monotheism,philosophy of religion,3,0,null,v1,v1,"{""model"": ""open-mistral-nemo"", ""temperature"": 0, ""date"": ""2025-10-21T04:25:05.703951+00:00"", ""prompt_version"": ""v1"", ""persona"": ""null""}"
"('logicandlanguage', 'philosophyofmind')",logic and language,philosophy of mind,2,0,expert,v1,v1,"{""model"": ""open-mistral-nemo"", ""temperature"": 0, ""date"": ""2025-10-21T04:25:07.058941+00:00"", ""prompt_version"": ""v1"", ""persona"": ""expert""}"
"('logicandlanguage', 'philosophyofmind')",logic and language,philosophy of mind,2,0,phd,v1,v1,"{""model"": ""open-mistral-nemo"", ""temperature"": 0, ""date"": ""2025-10-21T04:25:08.427795+00:00"", ""prompt_version"": ""v1"", ""persona"": ""phd""}"
"('logicandlanguage', 'philosophyofmind')",logic and language,philosophy of mind,2,1,null,v1,v1,"{""model"": ""open-mistral-nemo"", ""temperature"": 0, ""date"": ""2025-10-21T04:25:09.853468+00:00"", ""prompt_version"": ""v1"", ""persona"": ""null""}"
"('chineseroomargument', 'philosophyofmind')",chinese room argument,philosophy of mind,3,0,expert,v1,v1,"{""model"": ""open-mistral-nemo"", ""temperature"": 0, ""date"": ""2025-10-21T04:25:11.177718+00:00"", ""prompt_version"": ""v1"", ""persona"": ""expert""}"
"('chineseroomargument', 'philosophyofmind')",chinese room argument,philosophy of mind,3,0,phd,v1,v1,"{""model"": ""open-mistral-nemo"", ""temperature"": 0, ""date"": ""2025-10-21T04:25:12.534987+00:00"", ""prompt_version"": ""v1"", ""persona"": ""phd""}"
"('chineseroomargument', 'philosophyofmind')",chinese room argument,philosophy of mind,3,0,null,v1,v1,"{""model"": ""open-mistral-nemo"", ""temperature"": 0, ""date"": ""2025-10-21T04:25:14.024390+00:00"", ""prompt_version"": ""v1"", ""persona"": ""null""}"
"('neutralmonism', 'philosophyofmind')",neutral monism,philosophy of mind,2,0,expert,v1,v1,"{""model"": ""open-mistral-nemo"", ""temperature"": 0, ""date"": ""2025-10-21T04:25:15.362027+00:00"", ""prompt_version"": ""v1"", ""persona"": ""expert""}"
"('neutralmonism', 'philosophyofmind')",neutral monism,philosophy of mind,2,0,phd,v1,v1,"{""model"": ""open-mistral-nemo"", ""temperature"": 0, ""date"": ""2025-10-21T04:25:16.698524+00:00"", ""prompt_version"": ""v1"", ""persona"": ""phd""}"
"('neutralmonism', 'philosophyofmind')",neutral monism,philosophy of mind,3,0,null,v1,v1,"{""model"": ""open-mistral-nemo"", ""temperature"": 0, ""date"": ""2025-10-21T04:25:18.073168+00:00"", ""prompt_version"": ""v1"", ""persona"": ""null""}"
"('consciousness', 'phenomenologicalapproachestoselfconsciousness')",phenomenological approaches to self-consciousness,consciousness,4,0,expert,v1,v1,"{""model"": ""open-mistral-nemo"", ""temperature"": 0, ""date"": ""2025-10-21T04:25:20.086068+00:00"", ""prompt_version"": ""v1"", ""persona"": ""expert""}"
"('consciousness', 'phenomenologicalapproachestoselfconsciousness')",phenomenological approaches to self-consciousness,consciousness,4,0,phd,v1,v1,"{""model"": ""open-mistral-nemo"", ""temperature"": 0, ""date"": ""2025-10-21T04:25:21.832565+00:00"", ""prompt_version"": ""v1"", ""persona"": ""phd""}"
"('consciousness', 'phenomenologicalapproachestoselfconsciousness')",phenomenological approaches to self-consciousness,consciousness,3,0,null,v1,v1,"{""model"": ""open-mistral-nemo"", ""temperature"": 0, ""date"": ""2025-10-21T04:25:23.186970+00:00"", ""prompt_version"": ""v1"", ""persona"": ""null""}"
"('omniscience', 'philosophyofreligion')",omniscience,philosophy of religion,3,0,expert,v1,v1,"{""model"": ""open-mistral-nemo"", ""temperature"": 0, ""date"": ""2025-10-21T04:25:24.655727+00:00"", ""prompt_version"": ""v1"", ""persona"": ""expert""}"
"('omniscience', 'philosophyofreligion')",omniscience,philosophy of religion,3,0,phd,v1,v1,"{""model"": ""open-mistral-nemo"", ""temperature"": 0, ""date"": ""2025-10-21T04:25:25.994379+00:00"", ""prompt_version"": ""v1"", ""persona"": ""phd""}"
"('omniscience', 'philosophyofreligion')",omniscience,philosophy of religion,3,0,null,v1,v1,"{""model"": ""open-mistral-nemo"", ""temperature"": 0, ""date"": ""2025-10-21T04:25:27.323296+00:00"", ""prompt_version"": ""v1"", ""persona"": ""null""}"
"('epistemeandtechne', 'metaphysics')",episteme and techne,metaphysics,2,0,expert,v1,v1,"{""model"": ""open-mistral-nemo"", ""temperature"": 0, ""date"": ""2025-10-21T04:25:28.651033+00:00"", ""prompt_version"": ""v1"", ""persona"": ""expert""}"
"('epistemeandtechne', 'metaphysics')",episteme and techne,metaphysics,2,0,phd,v1,v1,"{""model"": ""open-mistral-nemo"", ""temperature"": 0, ""date"": ""2025-10-21T04:25:30.020965+00:00"", ""prompt_version"": ""v1"", ""persona"": ""phd""}"
"('epistemeandtechne', 'metaphysics')",episteme and techne,metaphysics,2,1,null,v1,v1,"{""model"": ""open-mistral-nemo"", ""temperature"": 0, ""date"": ""2025-10-21T04:25:31.444375+00:00"", ""prompt_version"": ""v1"", ""persona"": ""null""}"
"('aristotleandmathematics', 'philosophyofmathematics')",aristotle and mathematics,philosophy of mathematics,4,0,course_taker,v1,v1,"{""model"": ""open-mistral-nemo"", ""temperature"": 0, ""date"": ""2025-10-21T04:25:32.790052+00:00"", ""prompt_version"": ""v1"", ""persona"": ""course_taker""}"
"('aristotleandmathematics', 'philosophyofmathematics')",aristotle and mathematics,philosophy of mathematics,4,0,phd,v1,v1,"{""model"": ""open-mistral-nemo"", ""temperature"": 0, ""date"": ""2025-10-21T04:25:34.124458+00:00"", ""prompt_version"": ""v1"", ""persona"": ""phd""}"
"('aristotleandmathematics', 'philosophyofmathematics')",aristotle and mathematics,philosophy of mathematics,3,0,null,v1,v1,"{""model"": ""open-mistral-nemo"", ""temperature"": 0, ""date"": ""2025-10-21T04:25:35.449171+00:00"", ""prompt_version"": ""v1"", ""persona"": ""null""}"
"('logic', 'philosophyofcomputerscience')",philosophy of computer science,logic,3,0,course_taker,v1,v1,"{""model"": ""open-mistral-nemo"", ""temperature"": 0, ""date"": ""2025-10-21T04:25:36.799225+00:00"", ""prompt_version"": ""v1"", ""persona"": ""course_taker""}"
"('logic', 'philosophyofcomputerscience')",philosophy of computer science,logic,3,0,phd,v1,v1,"{""model"": ""open-mistral-nemo"", ""temperature"": 0, ""date"": ""2025-10-21T04:25:38.144178+00:00"", ""prompt_version"": ""v1"", ""persona"": ""phd""}"
"('logic', 'philosophyofcomputerscience')",philosophy of computer science,logic,3,0,null,v1,v1,"{""model"": ""open-mistral-nemo"", ""temperature"": 0, ""date"": ""2025-10-21T04:25:39.468660+00:00"", ""prompt_version"": ""v1"", ""persona"": ""null""}"
"('thinkingmachine', 'turingtest')",thinking machine,turing test,3,0,course_taker,v1,v1,"{""model"": ""open-mistral-nemo"", ""temperature"": 0, ""date"": ""2025-10-21T04:25:40.829522+00:00"", ""prompt_version"": ""v1"", ""persona"": ""course_taker""}"
"('thinkingmachine', 'turingtest')",thinking machine,turing test,2,0,phd,v1,v1,"{""model"": ""open-mistral-nemo"", ""temperature"": 0, ""date"": ""2025-10-21T04:25:42.158077+00:00"", ""prompt_version"": ""v1"", ""persona"": ""phd""}"
"('thinkingmachine', 'turingtest')",thinking machine,turing test,3,0,null,v1,v1,"{""model"": ""open-mistral-nemo"", ""temperature"": 0, ""date"": ""2025-10-21T04:25:43.506147+00:00"", ""prompt_version"": ""v1"", ""persona"": ""null""}"
"('mentalrepresentationinmedievalphilosophy', 'philosophyofmind')",mental representation in medieval philosophy,philosophy of mind,3,0,expert,v1,v1,"{""model"": ""open-mistral-nemo"", ""temperature"": 0, ""date"": ""2025-10-21T04:25:44.844358+00:00"", ""prompt_version"": ""v1"", ""persona"": ""expert""}"
"('mentalrepresentationinmedievalphilosophy', 'philosophyofmind')",mental representation in medieval philosophy,philosophy of mind,2,0,phd,v1,v1,"{""model"": ""open-mistral-nemo"", ""temperature"": 0, ""date"": ""2025-10-21T04:25:46.157824+00:00"", ""prompt_version"": ""v1"", ""persona"": ""phd""}"
"('mentalrepresentationinmedievalphilosophy', 'philosophyofmind')",mental representation in medieval philosophy,philosophy of mind,3,0,null,v1,v1,"{""model"": ""open-mistral-nemo"", ""temperature"": 0, ""date"": ""2025-10-21T04:25:47.591959+00:00"", ""prompt_version"": ""v1"", ""persona"": ""null""}"
"('epistemology', 'philosophyofnature')",philosophy of nature,epistemology,2,1,expert,v1,v1,"{""model"": ""open-mistral-nemo"", ""temperature"": 0, ""date"": ""2025-10-21T04:25:48.941015+00:00"", ""prompt_version"": ""v1"", ""persona"": ""expert""}"
"('epistemology', 'philosophyofnature')",philosophy of nature,epistemology,2,1,phd,v1,v1,"{""model"": ""open-mistral-nemo"", ""temperature"": 0, ""date"": ""2025-10-21T04:25:50.299018+00:00"", ""prompt_version"": ""v1"", ""persona"": ""phd""}"
"('epistemology', 'philosophyofnature')",philosophy of nature,epistemology,2,1,null,v1,v1,"{""model"": ""open-mistral-nemo"", ""temperature"": 0, ""date"": ""2025-10-21T04:25:51.650859+00:00"", ""prompt_version"": ""v1"", ""persona"": ""null""}"
"('philosophyofreligion', 'religionandmorality')",religion and morality,philosophy of religion,4,0,expert,v1,v1,"{""model"": ""open-mistral-nemo"", ""temperature"": 0, ""date"": ""2025-10-21T04:25:53.019557+00:00"", ""prompt_version"": ""v1"", ""persona"": ""expert""}"
"('philosophyofreligion', 'religionandmorality')",religion and morality,philosophy of religion,4,0,phd,v1,v1,"{""model"": ""open-mistral-nemo"", ""temperature"": 0, ""date"": ""2025-10-21T04:25:54.427588+00:00"", ""prompt_version"": ""v1"", ""persona"": ""phd""}"
"('philosophyofreligion', 'religionandmorality')",religion and morality,philosophy of religion,3,0,null,v1,v1,"{""model"": ""open-mistral-nemo"", ""temperature"": 0, ""date"": ""2025-10-21T04:25:55.751678+00:00"", ""prompt_version"": ""v1"", ""persona"": ""null""}"
"('philosophyoflanguage', 'privatelanguage')",private language,philosophy of language,3,0,expert,v1,v1,"{""model"": ""open-mistral-nemo"", ""temperature"": 0, ""date"": ""2025-10-21T04:25:57.072823+00:00"", ""prompt_version"": ""v1"", ""persona"": ""expert""}"
"('philosophyoflanguage', 'privatelanguage')",private language,philosophy of language,3,0,phd,v1,v1,"{""model"": ""open-mistral-nemo"", ""temperature"": 0, ""date"": ""2025-10-21T04:25:58.427469+00:00"", ""prompt_version"": ""v1"", ""persona"": ""phd""}"
"('philosophyoflanguage', 'privatelanguage')",private language,philosophy of language,3,0,null,v1,v1,"{""model"": ""open-mistral-nemo"", ""temperature"": 0, ""date"": ""2025-10-21T04:25:59.778090+00:00"", ""prompt_version"": ""v1"", ""persona"": ""null""}"
"('epistemology', 'indeterminism')",indeterminism,epistemology,2,0,expert,v1,v1,"{""model"": ""open-mistral-nemo"", ""temperature"": 0, ""date"": ""2025-10-21T04:26:01.109456+00:00"", ""prompt_version"": ""v1"", ""persona"": ""expert""}"
"('epistemology', 'indeterminism')",indeterminism,epistemology,2,0,phd,v1,v1,"{""model"": ""open-mistral-nemo"", ""temperature"": 0, ""date"": ""2025-10-21T04:26:02.468335+00:00"", ""prompt_version"": ""v1"", ""persona"": ""phd""}"
"('epistemology', 'indeterminism')",indeterminism,epistemology,2,-1,null,v1,v1,"{""model"": ""open-mistral-nemo"", ""temperature"": 0, ""date"": ""2025-10-21T04:26:03.829853+00:00"", ""prompt_version"": ""v1"", ""persona"": ""null""}"
"('evolutionarypsychology', 'philosophyofreligion')",evolutionary psychology,philosophy of religion,2,0,expert,v1,v1,"{""model"": ""open-mistral-nemo"", ""temperature"": 0, ""date"": ""2025-10-21T04:26:05.188795+00:00"", ""prompt_version"": ""v1"", ""persona"": ""expert""}"
"('evolutionarypsychology', 'philosophyofreligion')",evolutionary psychology,philosophy of religion,2,-1,phd,v1,v1,"{""model"": ""open-mistral-nemo"", ""temperature"": 0, ""date"": ""2025-10-21T04:26:06.549106+00:00"", ""prompt_version"": ""v1"", ""persona"": ""phd""}"
"('evolutionarypsychology', 'philosophyofreligion')",evolutionary psychology,philosophy of religion,2,-1,null,v1,v1,"{""model"": ""open-mistral-nemo"", ""temperature"": 0, ""date"": ""2025-10-21T04:26:07.893183+00:00"", ""prompt_version"": ""v1"", ""persona"": ""null""}"
"('philosophyofmind', 'philosophyofperception')",philosophy of perception,philosophy of mind,4,0,expert,v1,v1,"{""model"": ""open-mistral-nemo"", ""temperature"": 0, ""date"": ""2025-10-21T04:26:09.420377+00:00"", ""prompt_version"": ""v1"", ""persona"": ""expert""}"
"('philosophyofmind', 'philosophyofperception')",philosophy of perception,philosophy of mind,4,0,phd,v1,v1,"{""model"": ""open-mistral-nemo"", ""temperature"": 0, ""date"": ""2025-10-21T04:26:10.850054+00:00"", ""prompt_version"": ""v1"", ""persona"": ""phd""}"
"('philosophyofmind', 'philosophyofperception')",philosophy of perception,philosophy of mind,4,0,null,v1,v1,"{""model"": ""open-mistral-nemo"", ""temperature"": 0, ""date"": ""2025-10-21T04:26:12.372815+00:00"", ""prompt_version"": ""v1"", ""persona"": ""null""}"
"('algebra', 'philosophyofmathematics')",philosophy of mathematics,algebra,2,1,course_taker,v1,v1,"{""model"": ""open-mistral-nemo"", ""temperature"": 0, ""date"": ""2025-10-21T04:26:13.746788+00:00"", ""prompt_version"": ""v1"", ""persona"": ""course_taker""}"
"('algebra', 'philosophyofmathematics')",philosophy of mathematics,algebra,2,0,phd,v1,v1,"{""model"": ""open-mistral-nemo"", ""temperature"": 0, ""date"": ""2025-10-21T04:26:15.187986+00:00"", ""prompt_version"": ""v1"", ""persona"": ""phd""}"
"('algebra', 'philosophyofmathematics')",philosophy of mathematics,algebra,3,1,null,v1,v1,"{""model"": ""open-mistral-nemo"", ""temperature"": 0, ""date"": ""2025-10-21T04:26:16.579757+00:00"", ""prompt_version"": ""v1"", ""persona"": ""null""}"
"('metaphysics', 'philosophyofbiology')",philosophy of biology,metaphysics,2,0,expert,v1,v1,"{""model"": ""open-mistral-nemo"", ""temperature"": 0, ""date"": ""2025-10-21T04:26:17.967038+00:00"", ""prompt_version"": ""v1"", ""persona"": ""expert""}"
"('metaphysics', 'philosophyofbiology')",philosophy of biology,metaphysics,2,0,phd,v1,v1,"{""model"": ""open-mistral-nemo"", ""temperature"": 0, ""date"": ""2025-10-21T04:26:19.307819+00:00"", ""prompt_version"": ""v1"", ""persona"": ""phd""}"
"('metaphysics', 'philosophyofbiology')",philosophy of biology,metaphysics,2,0,null,v1,v1,"{""model"": ""open-mistral-nemo"", ""temperature"": 0, ""date"": ""2025-10-21T04:26:21.258375+00:00"", ""prompt_version"": ""v1"", ""persona"": ""null""}"
"('afterlife', 'eternityoftheworld')",eternity of the world,afterlife,2,1,expert,v1,v1,"{""model"": ""open-mistral-nemo"", ""temperature"": 0, ""date"": ""2025-10-21T04:26:22.632191+00:00"", ""prompt_version"": ""v1"", ""persona"": ""expert""}"
"('afterlife', 'eternityoftheworld')",eternity of the world,afterlife,2,1,phd,v1,v1,"{""model"": ""open-mistral-nemo"", ""temperature"": 0, ""date"": ""2025-10-21T04:26:23.965166+00:00"", ""prompt_version"": ""v1"", ""persona"": ""phd""}"
"('afterlife', 'eternityoftheworld')",eternity of the world,afterlife,3,1,null,v1,v1,"{""model"": ""open-mistral-nemo"", ""temperature"": 0, ""date"": ""2025-10-21T04:26:25.372429+00:00"", ""prompt_version"": ""v1"", ""persona"": ""null""}"
"('artificialintelligence', 'modernhistoryofcomputing')",modern history of computing,artificial intelligence,4,0,expert,v1,v1,"{""model"": ""open-mistral-nemo"", ""temperature"": 0, ""date"": ""2025-10-21T04:26:27.275646+00:00"", ""prompt_version"": ""v1"", ""persona"": ""expert""}"
"('artificialintelligence', 'modernhistoryofcomputing')",modern history of computing,artificial intelligence,4,0,phd,v1,v1,"{""model"": ""open-mistral-nemo"", ""temperature"": 0, ""date"": ""2025-10-21T04:26:28.605118+00:00"", ""prompt_version"": ""v1"", ""persona"": ""phd""}"
"('artificialintelligence', 'modernhistoryofcomputing')",modern history of computing,artificial intelligence,3,1,null,v1,v1,"{""model"": ""open-mistral-nemo"", ""temperature"": 0, ""date"": ""2025-10-21T04:26:30.004121+00:00"", ""prompt_version"": ""v1"", ""persona"": ""null""}"
"('ambiguity', 'epistemology')",ambiguity,epistemology,2,0,expert,v1,v1,"{""model"": ""open-mistral-nemo"", ""temperature"": 0, ""date"": ""2025-10-21T04:26:31.338065+00:00"", ""prompt_version"": ""v1"", ""persona"": ""expert""}"
"('ambiguity', 'epistemology')",ambiguity,epistemology,2,0,phd,v1,v1,"{""model"": ""open-mistral-nemo"", ""temperature"": 0, ""date"": ""2025-10-21T04:26:32.862224+00:00"", ""prompt_version"": ""v1"", ""persona"": ""phd""}"
"('ambiguity', 'epistemology')",ambiguity,epistemology,2,-1,null,v1,v1,"{""model"": ""open-mistral-nemo"", ""temperature"": 0, ""date"": ""2025-10-21T04:26:34.324079+00:00"", ""prompt_version"": ""v1"", ""persona"": ""null""}"
"('artificialintelligence', 'frameproblem')",frame problem,artificial intelligence,2,0,expert,v1,v1,"{""model"": ""open-mistral-nemo"", ""temperature"": 0, ""date"": ""2025-10-21T04:26:35.688020+00:00"", ""prompt_version"": ""v1"", ""persona"": ""expert""}"
"('artificialintelligence', 'frameproblem')",frame problem,artificial intelligence,2,0,phd,v1,v1,"{""model"": ""open-mistral-nemo"", ""temperature"": 0, ""date"": ""2025-10-21T04:26:37.034858+00:00"", ""prompt_version"": ""v1"", ""persona"": ""phd""}"
"('artificialintelligence', 'frameproblem')",frame problem,artificial intelligence,2,-1,null,v1,v1,"{""model"": ""open-mistral-nemo"", ""temperature"": 0, ""date"": ""2025-10-21T04:26:38.399509+00:00"", ""prompt_version"": ""v1"", ""persona"": ""null""}"
"('consciousnessandcontent', 'perception')",consciousness and content,perception,3,0,expert,v1,v1,"{""model"": ""open-mistral-nemo"", ""temperature"": 0, ""date"": ""2025-10-21T04:26:39.740194+00:00"", ""prompt_version"": ""v1"", ""persona"": ""expert""}"
"('consciousnessandcontent', 'perception')",consciousness and content,perception,3,0,phd,v1,v1,"{""model"": ""open-mistral-nemo"", ""temperature"": 0, ""date"": ""2025-10-21T04:26:41.098158+00:00"", ""prompt_version"": ""v1"", ""persona"": ""phd""}"
"('consciousnessandcontent', 'perception')",consciousness and content,perception,3,0,null,v1,v1,"{""model"": ""open-mistral-nemo"", ""temperature"": 0, ""date"": ""2025-10-21T04:26:42.463882+00:00"", ""prompt_version"": ""v1"", ""persona"": ""null""}"
"('epistemology', 'interpretation')",interpretation,epistemology,4,0,expert,v1,v1,"{""model"": ""open-mistral-nemo"", ""temperature"": 0, ""date"": ""2025-10-21T04:26:43.840193+00:00"", ""prompt_version"": ""v1"", ""persona"": ""expert""}"
"('epistemology', 'interpretation')",interpretation,epistemology,3,0,phd,v1,v1,"{""model"": ""open-mistral-nemo"", ""temperature"": 0, ""date"": ""2025-10-21T04:26:45.208072+00:00"", ""prompt_version"": ""v1"", ""persona"": ""phd""}"
"('epistemology', 'interpretation')",interpretation,epistemology,3,0,null,v1,v1,"{""model"": ""open-mistral-nemo"", ""temperature"": 0, ""date"": ""2025-10-21T04:26:46.656429+00:00"", ""prompt_version"": ""v1"", ""persona"": ""null""}"
"('dualism', 'philosophyofmind')",dualism,philosophy of mind,4,0,expert,v1,v1,"{""model"": ""open-mistral-nemo"", ""temperature"": 0, ""date"": ""2025-10-21T04:26:48.022803+00:00"", ""prompt_version"": ""v1"", ""persona"": ""expert""}"
"('dualism', 'philosophyofmind')",dualism,philosophy of mind,4,0,phd,v1,v1,"{""model"": ""open-mistral-nemo"", ""temperature"": 0, ""date"": ""2025-10-21T04:26:49.411837+00:00"", ""prompt_version"": ""v1"", ""persona"": ""phd""}"
"('dualism', 'philosophyofmind')",dualism,philosophy of mind,4,0,null,v1,v1,"{""model"": ""open-mistral-nemo"", ""temperature"": 0, ""date"": ""2025-10-21T04:26:50.747148+00:00"", ""prompt_version"": ""v1"", ""persona"": ""null""}"
"('cognitivescience', 'philosophiesoftheparticularsciences')",cognitive science,philosophies of the particular sciences,3,0,expert,v1,v1,"{""model"": ""open-mistral-nemo"", ""temperature"": 0, ""date"": ""2025-10-21T04:26:52.090024+00:00"", ""prompt_version"": ""v1"", ""persona"": ""expert""}"
"('cognitivescience', 'philosophiesoftheparticularsciences')",cognitive science,philosophies of the particular sciences,4,0,phd,v1,v1,"{""model"": ""open-mistral-nemo"", ""temperature"": 0, ""date"": ""2025-10-21T04:26:53.430317+00:00"", ""prompt_version"": ""v1"", ""persona"": ""phd""}"
"('cognitivescience', 'philosophiesoftheparticularsciences')",cognitive science,philosophies of the particular sciences,3,0,null,v1,v1,"{""model"": ""open-mistral-nemo"", ""temperature"": 0, ""date"": ""2025-10-21T04:26:54.798943+00:00"", ""prompt_version"": ""v1"", ""persona"": ""null""}"
"('animalcognition', 'perception')",animal cognition,perception,3,0,expert,v1,v1,"{""model"": ""open-mistral-nemo"", ""temperature"": 0, ""date"": ""2025-10-21T04:26:56.160002+00:00"", ""prompt_version"": ""v1"", ""persona"": ""expert""}"
"('animalcognition', 'perception')",animal cognition,perception,4,0,phd,v1,v1,"{""model"": ""open-mistral-nemo"", ""temperature"": 0, ""date"": ""2025-10-21T04:26:57.494074+00:00"", ""prompt_version"": ""v1"", ""persona"": ""phd""}"
"('animalcognition', 'perception')",animal cognition,perception,3,0,null,v1,v1,"{""model"": ""open-mistral-nemo"", ""temperature"": 0, ""date"": ""2025-10-21T04:26:58.816897+00:00"", ""prompt_version"": ""v1"", ""persona"": ""null""}"
"('epistemology', 'virtueepistemology')",virtue epistemology,epistemology,4,0,expert,v1,v1,"{""model"": ""open-mistral-nemo"", ""temperature"": 0, ""date"": ""2025-10-21T04:27:00.168687+00:00"", ""prompt_version"": ""v1"", ""persona"": ""expert""}"
"('epistemology', 'virtueepistemology')",virtue epistemology,epistemology,4,0,phd,v1,v1,"{""model"": ""open-mistral-nemo"", ""temperature"": 0, ""date"": ""2025-10-21T04:27:01.542673+00:00"", ""prompt_version"": ""v1"", ""persona"": ""phd""}"
"('epistemology', 'virtueepistemology')",virtue epistemology,epistemology,4,0,null,v1,v1,"{""model"": ""open-mistral-nemo"", ""temperature"": 0, ""date"": ""2025-10-21T04:27:02.904575+00:00"", ""prompt_version"": ""v1"", ""persona"": ""null""}"
"('mentalcontent', 'theoriesofmentalcontent')",theories of mental content,mental content,4,0,expert,v1,v1,"{""model"": ""open-mistral-nemo"", ""temperature"": 0, ""date"": ""2025-10-21T04:27:04.258476+00:00"", ""prompt_version"": ""v1"", ""persona"": ""expert""}"
"('mentalcontent', 'theoriesofmentalcontent')",theories of mental content,mental content,4,0,phd,v1,v1,"{""model"": ""open-mistral-nemo"", ""temperature"": 0, ""date"": ""2025-10-21T04:27:05.610195+00:00"", ""prompt_version"": ""v1"", ""persona"": ""phd""}"
"('mentalcontent', 'theoriesofmentalcontent')",theories of mental content,mental content,4,0,null,v1,v1,"{""model"": ""open-mistral-nemo"", ""temperature"": 0, ""date"": ""2025-10-21T04:27:06.977353+00:00"", ""prompt_version"": ""v1"", ""persona"": ""null""}"
"('mentalcontent', 'mentalimagery')",mental imagery,mental content,4,0,expert,v1,v1,"{""model"": ""open-mistral-nemo"", ""temperature"": 0, ""date"": ""2025-10-21T04:27:08.314384+00:00"", ""prompt_version"": ""v1"", ""persona"": ""expert""}"
"('mentalcontent', 'mentalimagery')",mental imagery,mental content,3,0,phd,v1,v1,"{""model"": ""open-mistral-nemo"", ""temperature"": 0, ""date"": ""2025-10-21T04:27:09.662058+00:00"", ""prompt_version"": ""v1"", ""persona"": ""phd""}"
"('mentalcontent', 'mentalimagery')",mental imagery,mental content,3,0,null,v1,v1,"{""model"": ""open-mistral-nemo"", ""temperature"": 0, ""date"": ""2025-10-21T04:27:11.020283+00:00"", ""prompt_version"": ""v1"", ""persona"": ""null""}"
"('continentalphilosophy', 'feminism')",feminism,continental philosophy,2,-1,expert,v1,v1,"{""model"": ""open-mistral-nemo"", ""temperature"": 0, ""date"": ""2025-10-21T04:27:12.421242+00:00"", ""prompt_version"": ""v1"", ""persona"": ""expert""}"
"('continentalphilosophy', 'feminism')",feminism,continental philosophy,2,-1,phd,v1,v1,"{""model"": ""open-mistral-nemo"", ""temperature"": 0, ""date"": ""2025-10-21T04:27:13.888861+00:00"", ""prompt_version"": ""v1"", ""persona"": ""phd""}"
"('continentalphilosophy', 'feminism')",feminism,continental philosophy,2,-1,null,v1,v1,"{""model"": ""open-mistral-nemo"", ""temperature"": 0, ""date"": ""2025-10-21T04:27:15.256551+00:00"", ""prompt_version"": ""v1"", ""persona"": ""null""}"
"('epistemology', 'psychiatry')",psychiatry,epistemology,1,-1,expert,v1,v1,"{""model"": ""open-mistral-nemo"", ""temperature"": 0, ""date"": ""2025-10-21T04:27:16.622227+00:00"", ""prompt_version"": ""v1"", ""persona"": ""expert""}"
"('epistemology', 'psychiatry')",psychiatry,epistemology,1,-1,phd,v1,v1,"{""model"": ""open-mistral-nemo"", ""temperature"": 0, ""date"": ""2025-10-21T04:27:17.959093+00:00"", ""prompt_version"": ""v1"", ""persona"": ""phd""}"
"('epistemology', 'psychiatry')",psychiatry,epistemology,1,-1,null,v1,v1,"{""model"": ""open-mistral-nemo"", ""temperature"": 0, ""date"": ""2025-10-21T04:27:19.299442+00:00"", ""prompt_version"": ""v1"", ""persona"": ""null""}"
"('africanandafricanamericanphilosophy', 'africansagephilosophy')",african sage philosophy,african and african-american philosophy,4,0,course_taker,v1,v1,"{""model"": ""open-mistral-nemo"", ""temperature"": 0, ""date"": ""2025-10-21T04:27:20.634868+00:00"", ""prompt_version"": ""v1"", ""persona"": ""course_taker""}"
"('africanandafricanamericanphilosophy', 'africansagephilosophy')",african sage philosophy,african and african-american philosophy,3,0,phd,v1,v1,"{""model"": ""open-mistral-nemo"", ""temperature"": 0, ""date"": ""2025-10-21T04:27:21.999821+00:00"", ""prompt_version"": ""v1"", ""persona"": ""phd""}"
"('africanandafricanamericanphilosophy', 'africansagephilosophy')",african sage philosophy,african and african-american philosophy,4,0,null,v1,v1,"{""model"": ""open-mistral-nemo"", ""temperature"": 0, ""date"": ""2025-10-21T04:27:23.352774+00:00"", ""prompt_version"": ""v1"", ""persona"": ""null""}"
"('molecularbiology', 'philosophyofbiology')",molecular biology,philosophy of biology,3,0,expert,v1,v1,"{""model"": ""open-mistral-nemo"", ""temperature"": 0, ""date"": ""2025-10-21T04:27:24.671913+00:00"", ""prompt_version"": ""v1"", ""persona"": ""expert""}"
"('molecularbiology', 'philosophyofbiology')",molecular biology,philosophy of biology,3,0,phd,v1,v1,"{""model"": ""open-mistral-nemo"", ""temperature"": 0, ""date"": ""2025-10-21T04:27:26.022317+00:00"", ""prompt_version"": ""v1"", ""persona"": ""phd""}"
"('molecularbiology', 'philosophyofbiology')",molecular biology,philosophy of biology,3,0,null,v1,v1,"{""model"": ""open-mistral-nemo"", ""temperature"": 0, ""date"": ""2025-10-21T04:27:27.483732+00:00"", ""prompt_version"": ""v1"", ""persona"": ""null""}"
"('churchturingthesis', 'function')",church-turing thesis,function,4,0,expert,v1,v1,"{""model"": ""open-mistral-nemo"", ""temperature"": 0, ""date"": ""2025-10-21T04:27:28.955767+00:00"", ""prompt_version"": ""v1"", ""persona"": ""expert""}"
"('churchturingthesis', 'function')",church-turing thesis,function,3,0,phd,v1,v1,"{""model"": ""open-mistral-nemo"", ""temperature"": 0, ""date"": ""2025-10-21T04:27:30.280006+00:00"", ""prompt_version"": ""v1"", ""persona"": ""phd""}"
"('churchturingthesis', 'function')",church-turing thesis,function,3,0,null,v1,v1,"{""model"": ""open-mistral-nemo"", ""temperature"": 0, ""date"": ""2025-10-21T04:27:31.618333+00:00"", ""prompt_version"": ""v1"", ""persona"": ""null""}"
"('analysis', 'metaphysics')",analysis,metaphysics,2,0,expert,v1,v1,"{""model"": ""open-mistral-nemo"", ""temperature"": 0, ""date"": ""2025-10-21T04:27:32.968160+00:00"", ""prompt_version"": ""v1"", ""persona"": ""expert""}"
"('analysis', 'metaphysics')",analysis,metaphysics,2,0,phd,v1,v1,"{""model"": ""open-mistral-nemo"", ""temperature"": 0, ""date"": ""2025-10-21T04:27:34.371822+00:00"", ""prompt_version"": ""v1"", ""persona"": ""phd""}"
"('analysis', 'metaphysics')",analysis,metaphysics,2,1,null,v1,v1,"{""model"": ""open-mistral-nemo"", ""temperature"": 0, ""date"": ""2025-10-21T04:27:35.724648+00:00"", ""prompt_version"": ""v1"", ""persona"": ""null""}"
"('philosophyoflanguage', 'syntax')",philosophy of language,syntax,3,0,expert,v1,v1,"{""model"": ""open-mistral-nemo"", ""temperature"": 0, ""date"": ""2025-10-21T04:27:37.058974+00:00"", ""prompt_version"": ""v1"", ""persona"": ""expert""}"
"('philosophyoflanguage', 'syntax')",philosophy of language,syntax,2,0,phd,v1,v1,"{""model"": ""open-mistral-nemo"", ""temperature"": 0, ""date"": ""2025-10-21T04:27:40.106751+00:00"", ""prompt_version"": ""v1"", ""persona"": ""phd""}"
"('philosophyoflanguage', 'syntax')",philosophy of language,syntax,3,1,null,v1,v1,"{""model"": ""open-mistral-nemo"", ""temperature"": 0, ""date"": ""2025-10-21T04:27:41.489594+00:00"", ""prompt_version"": ""v1"", ""persona"": ""null""}"
"('africanandafricanamericanphilosophy', 'race')",race,african and african-american philosophy,4,0,course_taker,v1,v1,"{""model"": ""open-mistral-nemo"", ""temperature"": 0, ""date"": ""2025-10-21T04:27:42.826043+00:00"", ""prompt_version"": ""v1"", ""persona"": ""course_taker""}"
"('africanandafricanamericanphilosophy', 'race')",race,african and african-american philosophy,4,0,phd,v1,v1,"{""model"": ""open-mistral-nemo"", ""temperature"": 0, ""date"": ""2025-10-21T04:27:44.216430+00:00"", ""prompt_version"": ""v1"", ""persona"": ""phd""}"
"('africanandafricanamericanphilosophy', 'race')",race,african and african-american philosophy,3,1,null,v1,v1,"{""model"": ""open-mistral-nemo"", ""temperature"": 0, ""date"": ""2025-10-21T04:27:45.663838+00:00"", ""prompt_version"": ""v1"", ""persona"": ""null""}"
"('cognitivescience', 'languagelearning')",language learning,cognitive science,2,0,expert,v1,v1,"{""model"": ""open-mistral-nemo"", ""temperature"": 0, ""date"": ""2025-10-21T04:27:46.997162+00:00"", ""prompt_version"": ""v1"", ""persona"": ""expert""}"
"('cognitivescience', 'languagelearning')",language learning,cognitive science,2,0,phd,v1,v1,"{""model"": ""open-mistral-nemo"", ""temperature"": 0, ""date"": ""2025-10-21T04:27:48.327202+00:00"", ""prompt_version"": ""v1"", ""persona"": ""phd""}"
"('cognitivescience', 'languagelearning')",language learning,cognitive science,2,-1,null,v1,v1,"{""model"": ""open-mistral-nemo"", ""temperature"": 0, ""date"": ""2025-10-21T04:27:49.661682+00:00"", ""prompt_version"": ""v1"", ""persona"": ""null""}"
"('aspectsofconsciousness', 'unityofconsciousness')",unity of consciousness,aspects of consciousness,3,0,expert,v1,v1,"{""model"": ""open-mistral-nemo"", ""temperature"": 0, ""date"": ""2025-10-21T04:27:51.005336+00:00"", ""prompt_version"": ""v1"", ""persona"": ""expert""}"
"('aspectsofconsciousness', 'unityofconsciousness')",unity of consciousness,aspects of consciousness,3,0,phd,v1,v1,"{""model"": ""open-mistral-nemo"", ""temperature"": 0, ""date"": ""2025-10-21T04:27:52.336901+00:00"", ""prompt_version"": ""v1"", ""persona"": ""phd""}"
"('aspectsofconsciousness', 'unityofconsciousness')",unity of consciousness,aspects of consciousness,4,1,null,v1,v1,"{""model"": ""open-mistral-nemo"", ""temperature"": 0, ""date"": ""2025-10-21T04:27:53.711034+00:00"", ""prompt_version"": ""v1"", ""persona"": ""null""}"
"('epistemology', 'transworldidentity')",transworld identity,epistemology,2,0,expert,v1,v1,"{""model"": ""open-mistral-nemo"", ""temperature"": 0, ""date"": ""2025-10-21T04:27:55.050860+00:00"", ""prompt_version"": ""v1"", ""persona"": ""expert""}"
"('epistemology', 'transworldidentity')",transworld identity,epistemology,2,0,phd,v1,v1,"{""model"": ""open-mistral-nemo"", ""temperature"": 0, ""date"": ""2025-10-21T04:27:56.369945+00:00"", ""prompt_version"": ""v1"", ""persona"": ""phd""}"
"('epistemology', 'transworldidentity')",transworld identity,epistemology,2,0,null,v1,v1,"{""model"": ""open-mistral-nemo"", ""temperature"": 0, ""date"": ""2025-10-21T04:27:57.743123+00:00"", ""prompt_version"": ""v1"", ""persona"": ""null""}"
"('judaism', 'philosophyofreligion')",judaism,philosophy of religion,4,0,expert,v1,v1,"{""model"": ""open-mistral-nemo"", ""temperature"": 0, ""date"": ""2025-10-21T04:27:59.162623+00:00"", ""prompt_version"": ""v1"", ""persona"": ""expert""}"
"('judaism', 'philosophyofreligion')",judaism,philosophy of religion,3,0,phd,v1,v1,"{""model"": ""open-mistral-nemo"", ""temperature"": 0, ""date"": ""2025-10-21T04:28:00.623674+00:00"", ""prompt_version"": ""v1"", ""persona"": ""phd""}"
"('judaism', 'philosophyofreligion')",judaism,philosophy of religion,3,0,null,v1,v1,"{""model"": ""open-mistral-nemo"", ""temperature"": 0, ""date"": ""2025-10-21T04:28:01.960565+00:00"", ""prompt_version"": ""v1"", ""persona"": ""null""}"
"('metaphysics', 'processtheism')",process theism,metaphysics,2,0,expert,v1,v1,"{""model"": ""open-mistral-nemo"", ""temperature"": 0, ""date"": ""2025-10-21T04:28:03.305377+00:00"", ""prompt_version"": ""v1"", ""persona"": ""expert""}"
"('metaphysics', 'processtheism')",process theism,metaphysics,2,0,phd,v1,v1,"{""model"": ""open-mistral-nemo"", ""temperature"": 0, ""date"": ""2025-10-21T04:28:04.662293+00:00"", ""prompt_version"": ""v1"", ""persona"": ""phd""}"
"('metaphysics', 'processtheism')",process theism,metaphysics,3,0,null,v1,v1,"{""model"": ""open-mistral-nemo"", ""temperature"": 0, ""date"": ""2025-10-21T04:28:06.025929+00:00"", ""prompt_version"": ""v1"", ""persona"": ""null""}"
"('metaphysics', 'philosophiesoftheparticularsciences')",philosophies of the particular sciences,metaphysics,2,0,expert,v1,v1,"{""model"": ""open-mistral-nemo"", ""temperature"": 0, ""date"": ""2025-10-21T04:28:07.372503+00:00"", ""prompt_version"": ""v1"", ""persona"": ""expert""}"
"('metaphysics', 'philosophiesoftheparticularsciences')",philosophies of the particular sciences,metaphysics,2,0,phd,v1,v1,"{""model"": ""open-mistral-nemo"", ""temperature"": 0, ""date"": ""2025-10-21T04:28:08.700569+00:00"", ""prompt_version"": ""v1"", ""persona"": ""phd""}"
"('metaphysics', 'philosophiesoftheparticularsciences')",philosophies of the particular sciences,metaphysics,2,0,null,v1,v1,"{""model"": ""open-mistral-nemo"", ""temperature"": 0, ""date"": ""2025-10-21T04:28:10.045456+00:00"", ""prompt_version"": ""v1"", ""persona"": ""null""}"
"('creationism', 'philosophyofreligion')",creationism,philosophy of religion,3,0,expert,v1,v1,"{""model"": ""open-mistral-nemo"", ""temperature"": 0, ""date"": ""2025-10-21T04:28:11.381034+00:00"", ""prompt_version"": ""v1"", ""persona"": ""expert""}"
"('creationism', 'philosophyofreligion')",creationism,philosophy of religion,2,0,phd,v1,v1,"{""model"": ""open-mistral-nemo"", ""temperature"": 0, ""date"": ""2025-10-21T04:28:12.794574+00:00"", ""prompt_version"": ""v1"", ""persona"": ""phd""}"
"('creationism', 'philosophyofreligion')",creationism,philosophy of religion,3,0,null,v1,v1,"{""model"": ""open-mistral-nemo"", ""temperature"": 0, ""date"": ""2025-10-21T04:28:14.120541+00:00"", ""prompt_version"": ""v1"", ""persona"": ""null""}"
"('epistemology', 'historyofscience')",history of science,epistemology,3,0,expert,v1,v1,"{""model"": ""open-mistral-nemo"", ""temperature"": 0, ""date"": ""2025-10-21T04:28:15.474331+00:00"", ""prompt_version"": ""v1"", ""persona"": ""expert""}"
"('epistemology', 'historyofscience')",history of science,epistemology,2,0,phd,v1,v1,"{""model"": ""open-mistral-nemo"", ""temperature"": 0, ""date"": ""2025-10-21T04:28:16.852199+00:00"", ""prompt_version"": ""v1"", ""persona"": ""phd""}"
"('epistemology', 'historyofscience')",history of science,epistemology,3,1,null,v1,v1,"{""model"": ""open-mistral-nemo"", ""temperature"": 0, ""date"": ""2025-10-21T04:28:18.206010+00:00"", ""prompt_version"": ""v1"", ""persona"": ""null""}"
"('causation', 'counterfactualtheoriesofcausation')",counterfactual theories of causation,causation,4,0,expert,v1,v1,"{""model"": ""open-mistral-nemo"", ""temperature"": 0, ""date"": ""2025-10-21T04:28:19.784385+00:00"", ""prompt_version"": ""v1"", ""persona"": ""expert""}"
"('causation', 'counterfactualtheoriesofcausation')",counterfactual theories of causation,causation,4,0,phd,v1,v1,"{""model"": ""open-mistral-nemo"", ""temperature"": 0, ""date"": ""2025-10-21T04:28:21.178926+00:00"", ""prompt_version"": ""v1"", ""persona"": ""phd""}"
"('causation', 'counterfactualtheoriesofcausation')",counterfactual theories of causation,causation,4,0,null,v1,v1,"{""model"": ""open-mistral-nemo"", ""temperature"": 0, ""date"": ""2025-10-21T04:28:22.574183+00:00"", ""prompt_version"": ""v1"", ""persona"": ""null""}"
"('consciousnessandintentionality', 'philosophyofmind')",consciousness and intentionality,philosophy of mind,4,0,expert,v1,v1,"{""model"": ""open-mistral-nemo"", ""temperature"": 0, ""date"": ""2025-10-21T04:28:23.926014+00:00"", ""prompt_version"": ""v1"", ""persona"": ""expert""}"
"('consciousnessandintentionality', 'philosophyofmind')",consciousness and intentionality,philosophy of mind,4,0,phd,v1,v1,"{""model"": ""open-mistral-nemo"", ""temperature"": 0, ""date"": ""2025-10-21T04:28:25.279460+00:00"", ""prompt_version"": ""v1"", ""persona"": ""phd""}"
"('consciousnessandintentionality', 'philosophyofmind')",consciousness and intentionality,philosophy of mind,4,0,null,v1,v1,"{""model"": ""open-mistral-nemo"", ""temperature"": 0, ""date"": ""2025-10-21T04:28:26.741301+00:00"", ""prompt_version"": ""v1"", ""persona"": ""null""}"
"('descartesepistemology', 'philosophyofmind')",descartes' epistemology,philosophy of mind,4,0,expert,v1,v1,"{""model"": ""open-mistral-nemo"", ""temperature"": 0, ""date"": ""2025-10-21T04:28:28.062245+00:00"", ""prompt_version"": ""v1"", ""persona"": ""expert""}"
"('descartesepistemology', 'philosophyofmind')",descartes' epistemology,philosophy of mind,3,0,phd,v1,v1,"{""model"": ""open-mistral-nemo"", ""temperature"": 0, ""date"": ""2025-10-21T04:28:29.391197+00:00"", ""prompt_version"": ""v1"", ""persona"": ""phd""}"
"('descartesepistemology', 'philosophyofmind')",descartes' epistemology,philosophy of mind,3,0,null,v1,v1,"{""model"": ""open-mistral-nemo"", ""temperature"": 0, ""date"": ""2025-10-21T04:28:30.829194+00:00"", ""prompt_version"": ""v1"", ""persona"": ""null""}"
"('descartesmodalmetaphysics', 'philosophyofmind')",descartes' modal metaphysics,philosophy of mind,3,0,expert,v1,v1,"{""model"": ""open-mistral-nemo"", ""temperature"": 0, ""date"": ""2025-10-21T04:28:32.183647+00:00"", ""prompt_version"": ""v1"", ""persona"": ""expert""}"
"('descartesmodalmetaphysics', 'philosophyofmind')",descartes' modal metaphysics,philosophy of mind,2,0,phd,v1,v1,"{""model"": ""open-mistral-nemo"", ""temperature"": 0, ""date"": ""2025-10-21T04:28:33.567834+00:00"", ""prompt_version"": ""v1"", ""persona"": ""phd""}"
"('descartesmodalmetaphysics', 'philosophyofmind')",descartes' modal metaphysics,philosophy of mind,3,0,null,v1,v1,"{""model"": ""open-mistral-nemo"", ""temperature"": 0, ""date"": ""2025-10-21T04:28:34.977552+00:00"", ""prompt_version"": ""v1"", ""persona"": ""null""}"
"('cognitivescience', 'explanation')",cognitive science,explanation,3,0,course_taker,v1,v1,"{""model"": ""open-mistral-nemo"", ""temperature"": 0, ""date"": ""2025-10-21T04:28:36.361624+00:00"", ""prompt_version"": ""v1"", ""persona"": ""course_taker""}"
"('cognitivescience', 'explanation')",cognitive science,explanation,3,0,expert,v1,v1,"{""model"": ""open-mistral-nemo"", ""temperature"": 0, ""date"": ""2025-10-21T04:28:37.687771+00:00"", ""prompt_version"": ""v1"", ""persona"": ""expert""}"
"('cognitivescience', 'explanation')",cognitive science,explanation,3,1,null,v1,v1,"{""model"": ""open-mistral-nemo"", ""temperature"": 0, ""date"": ""2025-10-21T04:28:39.032158+00:00"", ""prompt_version"": ""v1"", ""persona"": ""null""}"
"('philosophyofmind', 'probability')",probability,philosophy of mind,2,0,expert,v1,v1,"{""model"": ""open-mistral-nemo"", ""temperature"": 0, ""date"": ""2025-10-21T04:28:40.456347+00:00"", ""prompt_version"": ""v1"", ""persona"": ""expert""}"
"('philosophyofmind', 'probability')",probability,philosophy of mind,2,0,phd,v1,v1,"{""model"": ""open-mistral-nemo"", ""temperature"": 0, ""date"": ""2025-10-21T04:28:41.825309+00:00"", ""prompt_version"": ""v1"", ""persona"": ""phd""}"
"('philosophyofmind', 'probability')",probability,philosophy of mind,2,-1,null,v1,v1,"{""model"": ""open-mistral-nemo"", ""temperature"": 0, ""date"": ""2025-10-21T04:28:43.235434+00:00"", ""prompt_version"": ""v1"", ""persona"": ""null""}"
"('dadaism', 'perception')",dadaism,perception,2,-1,expert,v1,v1,"{""model"": ""open-mistral-nemo"", ""temperature"": 0, ""date"": ""2025-10-21T04:28:45.409665+00:00"", ""prompt_version"": ""v1"", ""persona"": ""expert""}"
"('dadaism', 'perception')",dadaism,perception,2,-1,phd,v1,v1,"{""model"": ""open-mistral-nemo"", ""temperature"": 0, ""date"": ""2025-10-21T04:28:47.504929+00:00"", ""prompt_version"": ""v1"", ""persona"": ""phd""}"
"('dadaism', 'perception')",dadaism,perception,2,-1,null,v1,v1,"{""model"": ""open-mistral-nemo"", ""temperature"": 0, ""date"": ""2025-10-21T04:28:48.845781+00:00"", ""prompt_version"": ""v1"", ""persona"": ""null""}"
"('cognitivescience', 'computationaltheoryofmind')",computational theory of mind,cognitive science,4,0,expert,v1,v1,"{""model"": ""open-mistral-nemo"", ""temperature"": 0, ""date"": ""2025-10-21T04:28:50.210246+00:00"", ""prompt_version"": ""v1"", ""persona"": ""expert""}"
"('cognitivescience', 'computationaltheoryofmind')",computational theory of mind,cognitive science,4,0,phd,v1,v1,"{""model"": ""open-mistral-nemo"", ""temperature"": 0, ""date"": ""2025-10-21T04:28:51.830353+00:00"", ""prompt_version"": ""v1"", ""persona"": ""phd""}"
"('cognitivescience', 'computationaltheoryofmind')",computational theory of mind,cognitive science,4,0,null,v1,v1,"{""model"": ""open-mistral-nemo"", ""temperature"": 0, ""date"": ""2025-10-21T04:28:53.168577+00:00"", ""prompt_version"": ""v1"", ""persona"": ""null""}"
"('artificialintelligence', 'chineseroomargument')",chinese room argument,artificial intelligence,3,0,expert,v1,v1,"{""model"": ""open-mistral-nemo"", ""temperature"": 0, ""date"": ""2025-10-21T04:28:54.496180+00:00"", ""prompt_version"": ""v1"", ""persona"": ""expert""}"
"('artificialintelligence', 'chineseroomargument')",chinese room argument,artificial intelligence,2,0,phd,v1,v1,"{""model"": ""open-mistral-nemo"", ""temperature"": 0, ""date"": ""2025-10-21T04:28:56.001220+00:00"", ""prompt_version"": ""v1"", ""persona"": ""phd""}"
"('artificialintelligence', 'chineseroomargument')",chinese room argument,artificial intelligence,2,-1,null,v1,v1,"{""model"": ""open-mistral-nemo"", ""temperature"": 0, ""date"": ""2025-10-21T04:28:57.451883+00:00"", ""prompt_version"": ""v1"", ""persona"": ""null""}"
"('daoism', 'philosophyofreligion')",daoism,philosophy of religion,2,0,expert,v1,v1,"{""model"": ""open-mistral-nemo"", ""temperature"": 0, ""date"": ""2025-10-21T04:28:58.801572+00:00"", ""prompt_version"": ""v1"", ""persona"": ""expert""}"
"('daoism', 'philosophyofreligion')",daoism,philosophy of religion,2,-1,phd,v1,v1,"{""model"": ""open-mistral-nemo"", ""temperature"": 0, ""date"": ""2025-10-21T04:29:00.164837+00:00"", ""prompt_version"": ""v1"", ""persona"": ""phd""}"
"('daoism', 'philosophyofreligion')",daoism,philosophy of religion,3,0,null,v1,v1,"{""model"": ""open-mistral-nemo"", ""temperature"": 0, ""date"": ""2025-10-21T04:29:01.484948+00:00"", ""prompt_version"": ""v1"", ""persona"": ""null""}"
"('epistemology', 'evolutionaryepistemology')",evolutionary epistemology,epistemology,3,0,expert,v1,v1,"{""model"": ""open-mistral-nemo"", ""temperature"": 0, ""date"": ""2025-10-21T04:29:02.825865+00:00"", ""prompt_version"": ""v1"", ""persona"": ""expert""}"
"('epistemology', 'evolutionaryepistemology')",evolutionary epistemology,epistemology,3,0,phd,v1,v1,"{""model"": ""open-mistral-nemo"", ""temperature"": 0, ""date"": ""2025-10-21T04:29:04.181247+00:00"", ""prompt_version"": ""v1"", ""persona"": ""phd""}"
"('epistemology', 'evolutionaryepistemology')",evolutionary epistemology,epistemology,3,0,null,v1,v1,"{""model"": ""open-mistral-nemo"", ""temperature"": 0, ""date"": ""2025-10-21T04:29:05.505364+00:00"", ""prompt_version"": ""v1"", ""persona"": ""null""}"
"('causationinthelaw', 'philosophyoflaw')",causation in the law,philosophy of law,4,0,novice,v1,v1,"{""model"": ""open-mistral-nemo"", ""temperature"": 0, ""date"": ""2025-10-21T04:29:06.862683+00:00"", ""prompt_version"": ""v1"", ""persona"": ""novice""}"
"('causationinthelaw', 'philosophyoflaw')",causation in the law,philosophy of law,4,0,phd,v1,v1,"{""model"": ""open-mistral-nemo"", ""temperature"": 0, ""date"": ""2025-10-21T04:29:08.253046+00:00"", ""prompt_version"": ""v1"", ""persona"": ""phd""}"
"('causationinthelaw', 'philosophyoflaw')",causation in the law,philosophy of law,4,0,null,v1,v1,"{""model"": ""open-mistral-nemo"", ""temperature"": 0, ""date"": ""2025-10-21T04:29:09.637127+00:00"", ""prompt_version"": ""v1"", ""persona"": ""null""}"
"('philosophyofmind', 'problemofperception')",problem of perception,philosophy of mind,4,0,expert,v1,v1,"{""model"": ""open-mistral-nemo"", ""temperature"": 0, ""date"": ""2025-10-21T04:29:10.971410+00:00"", ""prompt_version"": ""v1"", ""persona"": ""expert""}"
"('philosophyofmind', 'problemofperception')",problem of perception,philosophy of mind,3,0,phd,v1,v1,"{""model"": ""open-mistral-nemo"", ""temperature"": 0, ""date"": ""2025-10-21T04:29:12.295851+00:00"", ""prompt_version"": ""v1"", ""persona"": ""phd""}"
"('philosophyofmind', 'problemofperception')",problem of perception,philosophy of mind,3,0,null,v1,v1,"{""model"": ""open-mistral-nemo"", ""temperature"": 0, ""date"": ""2025-10-21T04:29:13.696991+00:00"", ""prompt_version"": ""v1"", ""persona"": ""null""}"
"('consciousnessandpsychology', 'philosophyofmind')",consciousness and psychology,philosophy of mind,4,0,expert,v1,v1,"{""model"": ""open-mistral-nemo"", ""temperature"": 0, ""date"": ""2025-10-21T04:29:15.080513+00:00"", ""prompt_version"": ""v1"", ""persona"": ""expert""}"
"('consciousnessandpsychology', 'philosophyofmind')",consciousness and psychology,philosophy of mind,4,0,phd,v1,v1,"{""model"": ""open-mistral-nemo"", ""temperature"": 0, ""date"": ""2025-10-21T04:29:16.470319+00:00"", ""prompt_version"": ""v1"", ""persona"": ""phd""}"
"('consciousnessandpsychology', 'philosophyofmind')",consciousness and psychology,philosophy of mind,4,0,null,v1,v1,"{""model"": ""open-mistral-nemo"", ""temperature"": 0, ""date"": ""2025-10-21T04:29:17.824625+00:00"", ""prompt_version"": ""v1"", ""persona"": ""null""}"
"('body', 'perception')",body,perception,3,0,expert,v1,v1,"{""model"": ""open-mistral-nemo"", ""temperature"": 0, ""date"": ""2025-10-21T04:29:19.184592+00:00"", ""prompt_version"": ""v1"", ""persona"": ""expert""}"
"('body', 'perception')",body,perception,3,0,phd,v1,v1,"{""model"": ""open-mistral-nemo"", ""temperature"": 0, ""date"": ""2025-10-21T04:29:20.517009+00:00"", ""prompt_version"": ""v1"", ""persona"": ""phd""}"
"('body', 'perception')",body,perception,2,-1,null,v1,v1,"{""model"": ""open-mistral-nemo"", ""temperature"": 0, ""date"": ""2025-10-21T04:29:21.859996+00:00"", ""prompt_version"": ""v1"", ""persona"": ""null""}"
"('metaphysics', 'singularpropositions')",singular propositions,metaphysics,2,0,expert,v1,v1,"{""model"": ""open-mistral-nemo"", ""temperature"": 0, ""date"": ""2025-10-21T04:29:23.202848+00:00"", ""prompt_version"": ""v1"", ""persona"": ""expert""}"
"('metaphysics', 'singularpropositions')",singular propositions,metaphysics,2,0,phd,v1,v1,"{""model"": ""open-mistral-nemo"", ""temperature"": 0, ""date"": ""2025-10-21T04:29:24.546615+00:00"", ""prompt_version"": ""v1"", ""persona"": ""phd""}"
"('metaphysics', 'singularpropositions')",singular propositions,metaphysics,3,0,null,v1,v1,"{""model"": ""open-mistral-nemo"", ""temperature"": 0, ""date"": ""2025-10-21T04:29:25.883014+00:00"", ""prompt_version"": ""v1"", ""persona"": ""null""}"
"('philosophyofmind', 'philosophyofphysics')",philosophy of physics,philosophy of mind,3,0,expert,v1,v1,"{""model"": ""open-mistral-nemo"", ""temperature"": 0, ""date"": ""2025-10-21T04:29:27.241495+00:00"", ""prompt_version"": ""v1"", ""persona"": ""expert""}"
"('philosophyofmind', 'philosophyofphysics')",philosophy of physics,philosophy of mind,3,0,phd,v1,v1,"{""model"": ""open-mistral-nemo"", ""temperature"": 0, ""date"": ""2025-10-21T04:29:28.615090+00:00"", ""prompt_version"": ""v1"", ""persona"": ""phd""}"
"('philosophyofmind', 'philosophyofphysics')",philosophy of physics,philosophy of mind,3,2,null,v1,v1,"{""model"": ""open-mistral-nemo"", ""temperature"": 0, ""date"": ""2025-10-21T04:29:29.935179+00:00"", ""prompt_version"": ""v1"", ""persona"": ""null""}"
"('aposterioriknowledge', 'perception')",a posteriori knowledge,perception,4,0,expert,v1,v1,"{""model"": ""open-mistral-nemo"", ""temperature"": 0, ""date"": ""2025-10-21T04:29:31.303986+00:00"", ""prompt_version"": ""v1"", ""persona"": ""expert""}"
"('aposterioriknowledge', 'perception')",a posteriori knowledge,perception,4,0,phd,v1,v1,"{""model"": ""open-mistral-nemo"", ""temperature"": 0, ""date"": ""2025-10-21T04:29:32.644655+00:00"", ""prompt_version"": ""v1"", ""persona"": ""phd""}"
"('aposterioriknowledge', 'perception')",a posteriori knowledge,perception,4,0,null,v1,v1,"{""model"": ""open-mistral-nemo"", ""temperature"": 0, ""date"": ""2025-10-21T04:29:33.995851+00:00"", ""prompt_version"": ""v1"", ""persona"": ""null""}"
"('emotionsinthechristiantradition', 'philosophyofreligion')",emotions in the christian tradition,philosophy of religion,4,0,expert,v1,v1,"{""model"": ""open-mistral-nemo"", ""temperature"": 0, ""date"": ""2025-10-21T04:29:35.434637+00:00"", ""prompt_version"": ""v1"", ""persona"": ""expert""}"
"('emotionsinthechristiantradition', 'philosophyofreligion')",emotions in the christian tradition,philosophy of religion,3,0,phd,v1,v1,"{""model"": ""open-mistral-nemo"", ""temperature"": 0, ""date"": ""2025-10-21T04:29:37.224668+00:00"", ""prompt_version"": ""v1"", ""persona"": ""phd""}"
"('emotionsinthechristiantradition', 'philosophyofreligion')",emotions in the christian tradition,philosophy of religion,3,0,null,v1,v1,"{""model"": ""open-mistral-nemo"", ""temperature"": 0, ""date"": ""2025-10-21T04:29:38.584318+00:00"", ""prompt_version"": ""v1"", ""persona"": ""null""}"
"('consciousnessandintentionality', 'intentionality')",consciousness and intentionality,intentionality,4,0,expert,v1,v1,"{""model"": ""open-mistral-nemo"", ""temperature"": 0, ""date"": ""2025-10-21T04:29:39.927836+00:00"", ""prompt_version"": ""v1"", ""persona"": ""expert""}"
"('consciousnessandintentionality', 'intentionality')",consciousness and intentionality,intentionality,4,0,phd,v1,v1,"{""model"": ""open-mistral-nemo"", ""temperature"": 0, ""date"": ""2025-10-21T04:29:41.289986+00:00"", ""prompt_version"": ""v1"", ""persona"": ""phd""}"
"('consciousnessandintentionality', 'intentionality')",consciousness and intentionality,intentionality,4,0,null,v1,v1,"{""model"": ""open-mistral-nemo"", ""temperature"": 0, ""date"": ""2025-10-21T04:29:42.652796+00:00"", ""prompt_version"": ""v1"", ""persona"": ""null""}"
"('perception', 'phenomenologicalapproachestoselfconsciousness')",phenomenological approaches to self-consciousness,perception,3,0,expert,v1,v1,"{""model"": ""open-mistral-nemo"", ""temperature"": 0, ""date"": ""2025-10-21T04:29:43.972248+00:00"", ""prompt_version"": ""v1"", ""persona"": ""expert""}"
"('perception', 'phenomenologicalapproachestoselfconsciousness')",phenomenological approaches to self-consciousness,perception,3,0,phd,v1,v1,"{""model"": ""open-mistral-nemo"", ""temperature"": 0, ""date"": ""2025-10-21T04:29:45.314681+00:00"", ""prompt_version"": ""v1"", ""persona"": ""phd""}"
"('perception', 'phenomenologicalapproachestoselfconsciousness')",phenomenological approaches to self-consciousness,perception,2,0,null,v1,v1,"{""model"": ""open-mistral-nemo"", ""temperature"": 0, ""date"": ""2025-10-21T04:29:46.774720+00:00"", ""prompt_version"": ""v1"", ""persona"": ""null""}"
"('antirealism', 'epistemology')",anti-realism,epistemology,3,0,expert,v1,v1,"{""model"": ""open-mistral-nemo"", ""temperature"": 0, ""date"": ""2025-10-21T04:29:48.240137+00:00"", ""prompt_version"": ""v1"", ""persona"": ""expert""}"
"('antirealism', 'epistemology')",anti-realism,epistemology,2,0,phd,v1,v1,"{""model"": ""open-mistral-nemo"", ""temperature"": 0, ""date"": ""2025-10-21T04:29:49.556023+00:00"", ""prompt_version"": ""v1"", ""persona"": ""phd""}"
"('antirealism', 'epistemology')",anti-realism,epistemology,3,0,null,v1,v1,"{""model"": ""open-mistral-nemo"", ""temperature"": 0, ""date"": ""2025-10-21T04:29:50.909792+00:00"", ""prompt_version"": ""v1"", ""persona"": ""null""}"
"('experienceandperceptionoftime', 'perception')",experience and perception of time,perception,4,0,expert,v1,v1,"{""model"": ""open-mistral-nemo"", ""temperature"": 0, ""date"": ""2025-10-21T04:29:52.276799+00:00"", ""prompt_version"": ""v1"", ""persona"": ""expert""}"
"('experienceandperceptionoftime', 'perception')",experience and perception of time,perception,4,0,phd,v1,v1,"{""model"": ""open-mistral-nemo"", ""temperature"": 0, ""date"": ""2025-10-21T04:29:53.685971+00:00"", ""prompt_version"": ""v1"", ""persona"": ""phd""}"
"('experienceandperceptionoftime', 'perception')",experience and perception of time,perception,3,0,null,v1,v1,"{""model"": ""open-mistral-nemo"", ""temperature"": 0, ""date"": ""2025-10-21T04:29:55.027605+00:00"", ""prompt_version"": ""v1"", ""persona"": ""null""}"
"('scientificmethodology', 'thescientificmethod')",the scientific method,scientific methodology,4,2,novice,v1,v1,"{""model"": ""open-mistral-nemo"", ""temperature"": 0, ""date"": ""2025-10-21T04:29:56.348258+00:00"", ""prompt_version"": ""v1"", ""persona"": ""novice""}"
"('scientificmethodology', 'thescientificmethod')",the scientific method,scientific methodology,4,2,phd,v1,v1,"{""model"": ""open-mistral-nemo"", ""temperature"": 0, ""date"": ""2025-10-21T04:29:57.760654+00:00"", ""prompt_version"": ""v1"", ""persona"": ""phd""}"
"('scientificmethodology', 'thescientificmethod')",the scientific method,scientific methodology,4,2,null,v1,v1,"{""model"": ""open-mistral-nemo"", ""temperature"": 0, ""date"": ""2025-10-21T04:29:59.145181+00:00"", ""prompt_version"": ""v1"", ""persona"": ""null""}"
"('mentalcontent', 'nonconceptualmentalcontent')",nonconceptual mental content,mental content,3,0,expert,v1,v1,"{""model"": ""open-mistral-nemo"", ""temperature"": 0, ""date"": ""2025-10-21T04:30:00.501911+00:00"", ""prompt_version"": ""v1"", ""persona"": ""expert""}"
"('mentalcontent', 'nonconceptualmentalcontent')",nonconceptual mental content,mental content,3,0,phd,v1,v1,"{""model"": ""open-mistral-nemo"", ""temperature"": 0, ""date"": ""2025-10-21T04:30:01.861772+00:00"", ""prompt_version"": ""v1"", ""persona"": ""phd""}"
"('mentalcontent', 'nonconceptualmentalcontent')",nonconceptual mental content,mental content,3,0,null,v1,v1,"{""model"": ""open-mistral-nemo"", ""temperature"": 0, ""date"": ""2025-10-21T04:30:03.199874+00:00"", ""prompt_version"": ""v1"", ""persona"": ""null""}"
"('epistemology', 'philosophyofphysics')",philosophy of physics,epistemology,3,0,expert,v1,v1,"{""model"": ""open-mistral-nemo"", ""temperature"": 0, ""date"": ""2025-10-21T04:30:04.642215+00:00"", ""prompt_version"": ""v1"", ""persona"": ""expert""}"
"('epistemology', 'philosophyofphysics')",philosophy of physics,epistemology,2,0,phd,v1,v1,"{""model"": ""open-mistral-nemo"", ""temperature"": 0, ""date"": ""2025-10-21T04:30:05.974205+00:00"", ""prompt_version"": ""v1"", ""persona"": ""phd""}"
"('epistemology', 'philosophyofphysics')",philosophy of physics,epistemology,3,0,null,v1,v1,"{""model"": ""open-mistral-nemo"", ""temperature"": 0, ""date"": ""2025-10-21T04:30:07.333879+00:00"", ""prompt_version"": ""v1"", ""persona"": ""null""}"
"('metaphysics', 'peripatetic')",peripatetic,metaphysics,1,-1,expert,v1,v1,"{""model"": ""open-mistral-nemo"", ""temperature"": 0, ""date"": ""2025-10-21T04:30:08.713117+00:00"", ""prompt_version"": ""v1"", ""persona"": ""expert""}"
"('metaphysics', 'peripatetic')",peripatetic,metaphysics,2,0,phd,v1,v1,"{""model"": ""open-mistral-nemo"", ""temperature"": 0, ""date"": ""2025-10-21T04:30:10.038899+00:00"", ""prompt_version"": ""v1"", ""persona"": ""phd""}"
"('metaphysics', 'peripatetic')",peripatetic,metaphysics,1,-1,null,v1,v1,"{""model"": ""open-mistral-nemo"", ""temperature"": 0, ""date"": ""2025-10-21T04:30:11.472237+00:00"", ""prompt_version"": ""v1"", ""persona"": ""null""}"
"('expressionism', 'perception')",expressionism,perception,2,-1,expert,v1,v1,"{""model"": ""open-mistral-nemo"", ""temperature"": 0, ""date"": ""2025-10-21T04:30:12.872133+00:00"", ""prompt_version"": ""v1"", ""persona"": ""expert""}"
"('expressionism', 'perception')",expressionism,perception,2,-1,phd,v1,v1,"{""model"": ""open-mistral-nemo"", ""temperature"": 0, ""date"": ""2025-10-21T04:30:14.327344+00:00"", ""prompt_version"": ""v1"", ""persona"": ""phd""}"
"('expressionism', 'perception')",expressionism,perception,2,-1,null,v1,v1,"{""model"": ""open-mistral-nemo"", ""temperature"": 0, ""date"": ""2025-10-21T04:30:15.676389+00:00"", ""prompt_version"": ""v1"", ""persona"": ""null""}"
"('philosophiesoftheparticularsciences', 'philosophyofmind')",philosophies of the particular sciences,philosophy of mind,3,0,expert,v1,v1,"{""model"": ""open-mistral-nemo"", ""temperature"": 0, ""date"": ""2025-10-21T04:30:17.109245+00:00"", ""prompt_version"": ""v1"", ""persona"": ""expert""}"
"('philosophiesoftheparticularsciences', 'philosophyofmind')",philosophies of the particular sciences,philosophy of mind,3,0,phd,v1,v1,"{""model"": ""open-mistral-nemo"", ""temperature"": 0, ""date"": ""2025-10-21T04:30:18.457036+00:00"", ""prompt_version"": ""v1"", ""persona"": ""phd""}"
"('philosophiesoftheparticularsciences', 'philosophyofmind')",philosophies of the particular sciences,philosophy of mind,3,0,null,v1,v1,"{""model"": ""open-mistral-nemo"", ""temperature"": 0, ""date"": ""2025-10-21T04:30:19.774585+00:00"", ""prompt_version"": ""v1"", ""persona"": ""null""}"
"('africanamericanphilosophy', 'africanandafricanamericanphilosophy')",african american philosophy,african and african-american philosophy,4,0,course_taker,v1,v1,"{""model"": ""open-mistral-nemo"", ""temperature"": 0, ""date"": ""2025-10-21T04:30:21.167820+00:00"", ""prompt_version"": ""v1"", ""persona"": ""course_taker""}"
"('africanamericanphilosophy', 'africanandafricanamericanphilosophy')",african american philosophy,african and african-american philosophy,4,0,phd,v1,v1,"{""model"": ""open-mistral-nemo"", ""temperature"": 0, ""date"": ""2025-10-21T04:30:22.536472+00:00"", ""prompt_version"": ""v1"", ""persona"": ""phd""}"
"('africanamericanphilosophy', 'africanandafricanamericanphilosophy')",african american philosophy,african and african-american philosophy,4,0,null,v1,v1,"{""model"": ""open-mistral-nemo"", ""temperature"": 0, ""date"": ""2025-10-21T04:30:24.044238+00:00"", ""prompt_version"": ""v1"", ""persona"": ""null""}"
"('philosophyofmind', 'scottishphilosophyinthe19thcentury')",scottish philosophy in the 19th century,philosophy of mind,2,0,expert,v1,v1,"{""model"": ""open-mistral-nemo"", ""temperature"": 0, ""date"": ""2025-10-21T04:30:25.419012+00:00"", ""prompt_version"": ""v1"", ""persona"": ""expert""}"
"('philosophyofmind', 'scottishphilosophyinthe19thcentury')",scottish philosophy in the 19th century,philosophy of mind,2,0,phd,v1,v1,"{""model"": ""open-mistral-nemo"", ""temperature"": 0, ""date"": ""2025-10-21T04:30:26.761513+00:00"", ""prompt_version"": ""v1"", ""persona"": ""phd""}"
"('philosophyofmind', 'scottishphilosophyinthe19thcentury')",scottish philosophy in the 19th century,philosophy of mind,2,0,null,v1,v1,"{""model"": ""open-mistral-nemo"", ""temperature"": 0, ""date"": ""2025-10-21T04:30:28.084267+00:00"", ""prompt_version"": ""v1"", ""persona"": ""null""}"
"('aristotleandmathematics', 'metaphysics')",aristotle and mathematics,metaphysics,2,0,expert,v1,v1,"{""model"": ""open-mistral-nemo"", ""temperature"": 0, ""date"": ""2025-10-21T04:30:29.465578+00:00"", ""prompt_version"": ""v1"", ""persona"": ""expert""}"
"('aristotleandmathematics', 'metaphysics')",aristotle and mathematics,metaphysics,2,0,phd,v1,v1,"{""model"": ""open-mistral-nemo"", ""temperature"": 0, ""date"": ""2025-10-21T04:30:31.677996+00:00"", ""prompt_version"": ""v1"", ""persona"": ""phd""}"
"('aristotleandmathematics', 'metaphysics')",aristotle and mathematics,metaphysics,2,0,null,v1,v1,"{""model"": ""open-mistral-nemo"", ""temperature"": 0, ""date"": ""2025-10-21T04:30:33.051023+00:00"", ""prompt_version"": ""v1"", ""persona"": ""null""}"
"('epistemology', 'logicandlanguage')",logic and language,epistemology,3,0,expert,v1,v1,"{""model"": ""open-mistral-nemo"", ""temperature"": 0, ""date"": ""2025-10-21T04:30:34.385208+00:00"", ""prompt_version"": ""v1"", ""persona"": ""expert""}"
"('epistemology', 'logicandlanguage')",logic and language,epistemology,2,0,phd,v1,v1,"{""model"": ""open-mistral-nemo"", ""temperature"": 0, ""date"": ""2025-10-21T04:30:35.830104+00:00"", ""prompt_version"": ""v1"", ""persona"": ""phd""}"
"('epistemology', 'logicandlanguage')",logic and language,epistemology,2,0,null,v1,v1,"{""model"": ""open-mistral-nemo"", ""temperature"": 0, ""date"": ""2025-10-21T04:30:37.162271+00:00"", ""prompt_version"": ""v1"", ""persona"": ""null""}"
"('idealism', 'modernism')",modernism,idealism,2,1,course_taker,v1,v1,"{""model"": ""open-mistral-nemo"", ""temperature"": 0, ""date"": ""2025-10-21T04:30:38.552137+00:00"", ""prompt_version"": ""v1"", ""persona"": ""course_taker""}"
"('idealism', 'modernism')",modernism,idealism,2,1,expert,v1,v1,"{""model"": ""open-mistral-nemo"", ""temperature"": 0, ""date"": ""2025-10-21T04:30:39.877670+00:00"", ""prompt_version"": ""v1"", ""persona"": ""expert""}"
"('idealism', 'modernism')",modernism,idealism,2,-1,null,v1,v1,"{""model"": ""open-mistral-nemo"", ""temperature"": 0, ""date"": ""2025-10-21T04:30:41.224558+00:00"", ""prompt_version"": ""v1"", ""persona"": ""null""}"
"('epistemology', 'philosophyofchemistry')",philosophy of chemistry,epistemology,2,0,expert,v1,v1,"{""model"": ""open-mistral-nemo"", ""temperature"": 0, ""date"": ""2025-10-21T04:30:42.631807+00:00"", ""prompt_version"": ""v1"", ""persona"": ""expert""}"
"('epistemology', 'philosophyofchemistry')",philosophy of chemistry,epistemology,2,0,phd,v1,v1,"{""model"": ""open-mistral-nemo"", ""temperature"": 0, ""date"": ""2025-10-21T04:30:43.994244+00:00"", ""prompt_version"": ""v1"", ""persona"": ""phd""}"
"('epistemology', 'philosophyofchemistry')",philosophy of chemistry,epistemology,2,0,null,v1,v1,"{""model"": ""open-mistral-nemo"", ""temperature"": 0, ""date"": ""2025-10-21T04:30:45.354924+00:00"", ""prompt_version"": ""v1"", ""persona"": ""null""}"
"('africanandafricanamericanphilosophy', 'humanrights')",human rights,african and african-american philosophy,2,1,course_taker,v1,v1,"{""model"": ""open-mistral-nemo"", ""temperature"": 0, ""date"": ""2025-10-21T04:30:46.880053+00:00"", ""prompt_version"": ""v1"", ""persona"": ""course_taker""}"
"('africanandafricanamericanphilosophy', 'humanrights')",human rights,african and african-american philosophy,2,1,phd,v1,v1,"{""model"": ""open-mistral-nemo"", ""temperature"": 0, ""date"": ""2025-10-21T04:30:48.288433+00:00"", ""prompt_version"": ""v1"", ""persona"": ""phd""}"
"('africanandafricanamericanphilosophy', 'humanrights')",human rights,african and african-american philosophy,3,1,null,v1,v1,"{""model"": ""open-mistral-nemo"", ""temperature"": 0, ""date"": ""2025-10-21T04:30:50.129326+00:00"", ""prompt_version"": ""v1"", ""persona"": ""null""}"
"('logic', 'modallogic')",logic,modal logic,4,1,course_taker,v1,v1,"{""model"": ""open-mistral-nemo"", ""temperature"": 0, ""date"": ""2025-10-21T04:30:51.560443+00:00"", ""prompt_version"": ""v1"", ""persona"": ""course_taker""}"
"('logic', 'modallogic')",logic,modal logic,4,1,phd,v1,v1,"{""model"": ""open-mistral-nemo"", ""temperature"": 0, ""date"": ""2025-10-21T04:30:53.052175+00:00"", ""prompt_version"": ""v1"", ""persona"": ""phd""}"
"('logic', 'modallogic')",logic,modal logic,4,1,null,v1,v1,"{""model"": ""open-mistral-nemo"", ""temperature"": 0, ""date"": ""2025-10-21T04:30:54.406296+00:00"", ""prompt_version"": ""v1"", ""persona"": ""null""}"
"('epistemology', 'platoonutopia')",plato on utopia,epistemology,2,0,expert,v1,v1,"{""model"": ""open-mistral-nemo"", ""temperature"": 0, ""date"": ""2025-10-21T04:30:55.736686+00:00"", ""prompt_version"": ""v1"", ""persona"": ""expert""}"
"('epistemology', 'platoonutopia')",plato on utopia,epistemology,2,0,phd,v1,v1,"{""model"": ""open-mistral-nemo"", ""temperature"": 0, ""date"": ""2025-10-21T04:30:57.126312+00:00"", ""prompt_version"": ""v1"", ""persona"": ""phd""}"
"('epistemology', 'platoonutopia')",plato on utopia,epistemology,2,0,null,v1,v1,"{""model"": ""open-mistral-nemo"", ""temperature"": 0, ""date"": ""2025-10-21T04:30:58.480110+00:00"", ""prompt_version"": ""v1"", ""persona"": ""null""}"
"('introspection', 'perception')",introspection,perception,2,0,expert,v1,v1,"{""model"": ""open-mistral-nemo"", ""temperature"": 0, ""date"": ""2025-10-21T04:30:59.827854+00:00"", ""prompt_version"": ""v1"", ""persona"": ""expert""}"
"('introspection', 'perception')",introspection,perception,2,0,phd,v1,v1,"{""model"": ""open-mistral-nemo"", ""temperature"": 0, ""date"": ""2025-10-21T04:31:01.184017+00:00"", ""prompt_version"": ""v1"", ""persona"": ""phd""}"
"('introspection', 'perception')",introspection,perception,2,0,null,v1,v1,"{""model"": ""open-mistral-nemo"", ""temperature"": 0, ""date"": ""2025-10-21T04:31:02.555894+00:00"", ""prompt_version"": ""v1"", ""persona"": ""null""}"
"('philosophyofreligion', 'transcendentalism')",transcendentalism,philosophy of religion,2,0,expert,v1,v1,"{""model"": ""open-mistral-nemo"", ""temperature"": 0, ""date"": ""2025-10-21T04:31:03.909753+00:00"", ""prompt_version"": ""v1"", ""persona"": ""expert""}"
"('philosophyofreligion', 'transcendentalism')",transcendentalism,philosophy of religion,2,0,phd,v1,v1,"{""model"": ""open-mistral-nemo"", ""temperature"": 0, ""date"": ""2025-10-21T04:31:05.288575+00:00"", ""prompt_version"": ""v1"", ""persona"": ""phd""}"
"('philosophyofreligion', 'transcendentalism')",transcendentalism,philosophy of religion,3,0,null,v1,v1,"{""model"": ""open-mistral-nemo"", ""temperature"": 0, ""date"": ""2025-10-21T04:31:06.632242+00:00"", ""prompt_version"": ""v1"", ""persona"": ""null""}"
"('connectionistmodel', 'perception')",connectionist model,perception,3,0,expert,v1,v1,"{""model"": ""open-mistral-nemo"", ""temperature"": 0, ""date"": ""2025-10-21T04:31:08.044154+00:00"", ""prompt_version"": ""v1"", ""persona"": ""expert""}"
"('connectionistmodel', 'perception')",connectionist model,perception,2,0,phd,v1,v1,"{""model"": ""open-mistral-nemo"", ""temperature"": 0, ""date"": ""2025-10-21T04:31:09.756621+00:00"", ""prompt_version"": ""v1"", ""persona"": ""phd""}"
"('connectionistmodel', 'perception')",connectionist model,perception,2,0,null,v1,v1,"{""model"": ""open-mistral-nemo"", ""temperature"": 0, ""date"": ""2025-10-21T04:31:11.518083+00:00"", ""prompt_version"": ""v1"", ""persona"": ""null""}"
"('philosophyofcomputerscience', 'philosophyoflanguage')",philosophy of computer science,philosophy of language,2,-1,course_taker,v1,v1,"{""model"": ""open-mistral-nemo"", ""temperature"": 0, ""date"": ""2025-10-21T04:31:13.160775+00:00"", ""prompt_version"": ""v1"", ""persona"": ""course_taker""}"
"('philosophyofcomputerscience', 'philosophyoflanguage')",philosophy of computer science,philosophy of language,3,0,expert,v1,v1,"{""model"": ""open-mistral-nemo"", ""temperature"": 0, ""date"": ""2025-10-21T04:31:14.525906+00:00"", ""prompt_version"": ""v1"", ""persona"": ""expert""}"
"('philosophyofcomputerscience', 'philosophyoflanguage')",philosophy of computer science,philosophy of language,3,2,null,v1,v1,"{""model"": ""open-mistral-nemo"", ""temperature"": 0, ""date"": ""2025-10-21T04:31:15.854681+00:00"", ""prompt_version"": ""v1"", ""persona"": ""null""}"
"('atonement', 'philosophyofreligion')",atonement,philosophy of religion,3,0,expert,v1,v1,"{""model"": ""open-mistral-nemo"", ""temperature"": 0, ""date"": ""2025-10-21T04:31:17.255986+00:00"", ""prompt_version"": ""v1"", ""persona"": ""expert""}"
"('atonement', 'philosophyofreligion')",atonement,philosophy of religion,3,0,phd,v1,v1,"{""model"": ""open-mistral-nemo"", ""temperature"": 0, ""date"": ""2025-10-21T04:31:18.621570+00:00"", ""prompt_version"": ""v1"", ""persona"": ""phd""}"
"('atonement', 'philosophyofreligion')",atonement,philosophy of religion,2,0,null,v1,v1,"{""model"": ""open-mistral-nemo"", ""temperature"": 0, ""date"": ""2025-10-21T04:31:19.989107+00:00"", ""prompt_version"": ""v1"", ""persona"": ""null""}"
"('cosmologicalargument', 'philosophyofreligion')",cosmological argument,philosophy of religion,4,0,expert,v1,v1,"{""model"": ""open-mistral-nemo"", ""temperature"": 0, ""date"": ""2025-10-21T04:31:21.426418+00:00"", ""prompt_version"": ""v1"", ""persona"": ""expert""}"
"('cosmologicalargument', 'philosophyofreligion')",cosmological argument,philosophy of religion,4,0,phd,v1,v1,"{""model"": ""open-mistral-nemo"", ""temperature"": 0, ""date"": ""2025-10-21T04:31:22.753640+00:00"", ""prompt_version"": ""v1"", ""persona"": ""phd""}"
"('cosmologicalargument', 'philosophyofreligion')",cosmological argument,philosophy of religion,4,0,null,v1,v1,"{""model"": ""open-mistral-nemo"", ""temperature"": 0, ""date"": ""2025-10-21T04:31:24.090850+00:00"", ""prompt_version"": ""v1"", ""persona"": ""null""}"
"('epistemology', 'internalismandexternalism')",internalism and externalism,epistemology,4,0,expert,v1,v1,"{""model"": ""open-mistral-nemo"", ""temperature"": 0, ""date"": ""2025-10-21T04:31:25.418385+00:00"", ""prompt_version"": ""v1"", ""persona"": ""expert""}"
"('epistemology', 'internalismandexternalism')",internalism and externalism,epistemology,4,0,phd,v1,v1,"{""model"": ""open-mistral-nemo"", ""temperature"": 0, ""date"": ""2025-10-21T04:31:26.860514+00:00"", ""prompt_version"": ""v1"", ""persona"": ""phd""}"
"('epistemology', 'internalismandexternalism')",internalism and externalism,epistemology,3,0,null,v1,v1,"{""model"": ""open-mistral-nemo"", ""temperature"": 0, ""date"": ""2025-10-21T04:31:28.192886+00:00"", ""prompt_version"": ""v1"", ""persona"": ""null""}"
"('historyoflogic', 'informallogic')",informal logic,history of logic,2,0,novice,v1,v1,"{""model"": ""open-mistral-nemo"", ""temperature"": 0, ""date"": ""2025-10-21T04:31:29.540952+00:00"", ""prompt_version"": ""v1"", ""persona"": ""novice""}"
"('historyoflogic', 'informallogic')",informal logic,history of logic,2,0,phd,v1,v1,"{""model"": ""open-mistral-nemo"", ""temperature"": 0, ""date"": ""2025-10-21T04:31:31.128353+00:00"", ""prompt_version"": ""v1"", ""persona"": ""phd""}"
"('historyoflogic', 'informallogic')",informal logic,history of logic,2,0,null,v1,v1,"{""model"": ""open-mistral-nemo"", ""temperature"": 0, ""date"": ""2025-10-21T04:31:32.543863+00:00"", ""prompt_version"": ""v1"", ""persona"": ""null""}"
"('metaphysics', 'socialphilosophyandpoliticalphilosophy')",social philosophy and political philosophy,metaphysics,2,1,expert,v1,v1,"{""model"": ""open-mistral-nemo"", ""temperature"": 0, ""date"": ""2025-10-21T04:31:33.932374+00:00"", ""prompt_version"": ""v1"", ""persona"": ""expert""}"
"('metaphysics', 'socialphilosophyandpoliticalphilosophy')",social philosophy and political philosophy,metaphysics,2,1,phd,v1,v1,"{""model"": ""open-mistral-nemo"", ""temperature"": 0, ""date"": ""2025-10-21T04:31:35.293760+00:00"", ""prompt_version"": ""v1"", ""persona"": ""phd""}"
"('metaphysics', 'socialphilosophyandpoliticalphilosophy')",social philosophy and political philosophy,metaphysics,2,1,null,v1,v1,"{""model"": ""open-mistral-nemo"", ""temperature"": 0, ""date"": ""2025-10-21T04:31:36.693740+00:00"", ""prompt_version"": ""v1"", ""persona"": ""null""}"
"('medievalpoliticalphilosophy', 'socialandpoliticalphilosophy')",medieval political philosophy,social and political philosophy,4,0,expert,v1,v1,"{""model"": ""open-mistral-nemo"", ""temperature"": 0, ""date"": ""2025-10-21T04:31:38.020381+00:00"", ""prompt_version"": ""v1"", ""persona"": ""expert""}"
"('medievalpoliticalphilosophy', 'socialandpoliticalphilosophy')",medieval political philosophy,social and political philosophy,3,0,phd,v1,v1,"{""model"": ""open-mistral-nemo"", ""temperature"": 0, ""date"": ""2025-10-21T04:31:39.388887+00:00"", ""prompt_version"": ""v1"", ""persona"": ""phd""}"
"('medievalpoliticalphilosophy', 'socialandpoliticalphilosophy')",medieval political philosophy,social and political philosophy,3,0,null,v1,v1,"{""model"": ""open-mistral-nemo"", ""temperature"": 0, ""date"": ""2025-10-21T04:31:40.718171+00:00"", ""prompt_version"": ""v1"", ""persona"": ""null""}"
"('determinatesvsdeterminables', 'historyoflogic')",determinates vs. determinables,history of logic,2,0,novice,v1,v1,"{""model"": ""open-mistral-nemo"", ""temperature"": 0, ""date"": ""2025-10-21T04:31:42.200070+00:00"", ""prompt_version"": ""v1"", ""persona"": ""novice""}"
"('determinatesvsdeterminables', 'historyoflogic')",determinates vs. determinables,history of logic,2,-1,phd,v1,v1,"{""model"": ""open-mistral-nemo"", ""temperature"": 0, ""date"": ""2025-10-21T04:31:43.792759+00:00"", ""prompt_version"": ""v1"", ""persona"": ""phd""}"
"('determinatesvsdeterminables', 'historyoflogic')",determinates vs. determinables,history of logic,2,0,null,v1,v1,"{""model"": ""open-mistral-nemo"", ""temperature"": 0, ""date"": ""2025-10-21T04:31:45.205202+00:00"", ""prompt_version"": ""v1"", ""persona"": ""null""}"
"('epistemology', 'optimism')",optimism,epistemology,2,0,expert,v1,v1,"{""model"": ""open-mistral-nemo"", ""temperature"": 0, ""date"": ""2025-10-21T04:31:46.552944+00:00"", ""prompt_version"": ""v1"", ""persona"": ""expert""}"
"('epistemology', 'optimism')",optimism,epistemology,2,0,phd,v1,v1,"{""model"": ""open-mistral-nemo"", ""temperature"": 0, ""date"": ""2025-10-21T04:31:47.878572+00:00"", ""prompt_version"": ""v1"", ""persona"": ""phd""}"
"('epistemology', 'optimism')",optimism,epistemology,2,-1,null,v1,v1,"{""model"": ""open-mistral-nemo"", ""temperature"": 0, ""date"": ""2025-10-21T04:31:49.234216+00:00"", ""prompt_version"": ""v1"", ""persona"": ""null""}"
"('phenomenologyofreligion', 'philosophyofreligion')",phenomenology of religion,philosophy of religion,3,0,expert,v1,v1,"{""model"": ""open-mistral-nemo"", ""temperature"": 0, ""date"": ""2025-10-21T04:31:50.590871+00:00"", ""prompt_version"": ""v1"", ""persona"": ""expert""}"
"('phenomenologyofreligion', 'philosophyofreligion')",phenomenology of religion,philosophy of religion,3,0,phd,v1,v1,"{""model"": ""open-mistral-nemo"", ""temperature"": 0, ""date"": ""2025-10-21T04:31:51.955488+00:00"", ""prompt_version"": ""v1"", ""persona"": ""phd""}"
"('phenomenologyofreligion', 'philosophyofreligion')",phenomenology of religion,philosophy of religion,4,0,null,v1,v1,"{""model"": ""open-mistral-nemo"", ""temperature"": 0, ""date"": ""2025-10-21T04:31:53.303090+00:00"", ""prompt_version"": ""v1"", ""persona"": ""null""}"
"('metaphysics', 'philosophyofspaceandtime')",philosophy of space and time,metaphysics,4,0,expert,v1,v1,"{""model"": ""open-mistral-nemo"", ""temperature"": 0, ""date"": ""2025-10-21T04:31:54.800911+00:00"", ""prompt_version"": ""v1"", ""persona"": ""expert""}"
"('metaphysics', 'philosophyofspaceandtime')",philosophy of space and time,metaphysics,4,0,phd,v1,v1,"{""model"": ""open-mistral-nemo"", ""temperature"": 0, ""date"": ""2025-10-21T04:31:56.138427+00:00"", ""prompt_version"": ""v1"", ""persona"": ""phd""}"
"('metaphysics', 'philosophyofspaceandtime')",philosophy of space and time,metaphysics,4,0,null,v1,v1,"{""model"": ""open-mistral-nemo"", ""temperature"": 0, ""date"": ""2025-10-21T04:31:57.467448+00:00"", ""prompt_version"": ""v1"", ""persona"": ""null""}"
"('epistemology', 'philosophyoflogic')",philosophy of logic,epistemology,3,0,expert,v1,v1,"{""model"": ""open-mistral-nemo"", ""temperature"": 0, ""date"": ""2025-10-21T04:31:59.210203+00:00"", ""prompt_version"": ""v1"", ""persona"": ""expert""}"
"('epistemology', 'philosophyoflogic')",philosophy of logic,epistemology,3,0,phd,v1,v1,"{""model"": ""open-mistral-nemo"", ""temperature"": 0, ""date"": ""2025-10-21T04:32:00.926731+00:00"", ""prompt_version"": ""v1"", ""persona"": ""phd""}"
"('epistemology', 'philosophyoflogic')",philosophy of logic,epistemology,4,0,null,v1,v1,"{""model"": ""open-mistral-nemo"", ""temperature"": 0, ""date"": ""2025-10-21T04:32:02.260739+00:00"", ""prompt_version"": ""v1"", ""persona"": ""null""}"
"('existence', 'perception')",existence,perception,2,1,expert,v1,v1,"{""model"": ""open-mistral-nemo"", ""temperature"": 0, ""date"": ""2025-10-21T04:32:03.633872+00:00"", ""prompt_version"": ""v1"", ""persona"": ""expert""}"
"('existence', 'perception')",existence,perception,2,1,phd,v1,v1,"{""model"": ""open-mistral-nemo"", ""temperature"": 0, ""date"": ""2025-10-21T04:32:05.000016+00:00"", ""prompt_version"": ""v1"", ""persona"": ""phd""}"
"('existence', 'perception')",existence,perception,2,1,null,v1,v1,"{""model"": ""open-mistral-nemo"", ""temperature"": 0, ""date"": ""2025-10-21T04:32:06.501151+00:00"", ""prompt_version"": ""v1"", ""persona"": ""null""}"
"('computationandrepresentation', 'perception')",computation and representation,perception,2,1,expert,v1,v1,"{""model"": ""open-mistral-nemo"", ""temperature"": 0, ""date"": ""2025-10-21T04:32:07.913175+00:00"", ""prompt_version"": ""v1"", ""persona"": ""expert""}"
"('computationandrepresentation', 'perception')",computation and representation,perception,2,1,phd,v1,v1,"{""model"": ""open-mistral-nemo"", ""temperature"": 0, ""date"": ""2025-10-21T04:32:09.460555+00:00"", ""prompt_version"": ""v1"", ""persona"": ""phd""}"
"('computationandrepresentation', 'perception')",computation and representation,perception,2,1,null,v1,v1,"{""model"": ""open-mistral-nemo"", ""temperature"": 0, ""date"": ""2025-10-21T04:32:10.894114+00:00"", ""prompt_version"": ""v1"", ""persona"": ""null""}"
"('ancientphilosophyaristotle', 'philosophyofmind')",ancient philosophy (aristotle),philosophy of mind,3,1,expert,v1,v1,"{""model"": ""open-mistral-nemo"", ""temperature"": 0, ""date"": ""2025-10-21T04:32:12.394113+00:00"", ""prompt_version"": ""v1"", ""persona"": ""expert""}"
"('ancientphilosophyaristotle', 'philosophyofmind')",ancient philosophy (aristotle),philosophy of mind,2,1,phd,v1,v1,"{""model"": ""open-mistral-nemo"", ""temperature"": 0, ""date"": ""2025-10-21T04:32:13.763271+00:00"", ""prompt_version"": ""v1"", ""persona"": ""phd""}"
"('ancientphilosophyaristotle', 'philosophyofmind')",ancient philosophy (aristotle),philosophy of mind,3,1,null,v1,v1,"{""model"": ""open-mistral-nemo"", ""temperature"": 0, ""date"": ""2025-10-21T04:32:15.201386+00:00"", ""prompt_version"": ""v1"", ""persona"": ""null""}"
"('philosophyofmind', 'virtuesandvices')",virtues and vices,philosophy of mind,2,1,expert,v1,v1,"{""model"": ""open-mistral-nemo"", ""temperature"": 0, ""date"": ""2025-10-21T04:32:16.565129+00:00"", ""prompt_version"": ""v1"", ""persona"": ""expert""}"
"('philosophyofmind', 'virtuesandvices')",virtues and vices,philosophy of mind,2,0,phd,v1,v1,"{""model"": ""open-mistral-nemo"", ""temperature"": 0, ""date"": ""2025-10-21T04:32:17.929274+00:00"", ""prompt_version"": ""v1"", ""persona"": ""phd""}"
"('philosophyofmind', 'virtuesandvices')",virtues and vices,philosophy of mind,2,-1,null,v1,v1,"{""model"": ""open-mistral-nemo"", ""temperature"": 0, ""date"": ""2025-10-21T04:32:19.327008+00:00"", ""prompt_version"": ""v1"", ""persona"": ""null""}"
"('epistemology', 'ideas')",ideas,epistemology,4,1,expert,v1,v1,"{""model"": ""open-mistral-nemo"", ""temperature"": 0, ""date"": ""2025-10-21T04:32:20.689115+00:00"", ""prompt_version"": ""v1"", ""persona"": ""expert""}"
"('epistemology', 'ideas')",ideas,epistemology,3,0,phd,v1,v1,"{""model"": ""open-mistral-nemo"", ""temperature"": 0, ""date"": ""2025-10-21T04:32:22.850141+00:00"", ""prompt_version"": ""v1"", ""persona"": ""phd""}"
"('epistemology', 'ideas')",ideas,epistemology,3,1,null,v1,v1,"{""model"": ""open-mistral-nemo"", ""temperature"": 0, ""date"": ""2025-10-21T04:32:24.246369+00:00"", ""prompt_version"": ""v1"", ""persona"": ""null""}"
"('identitytheoryoftruth', 'metaphysics')",identity theory of truth,metaphysics,4,0,expert,v1,v1,"{""model"": ""open-mistral-nemo"", ""temperature"": 0, ""date"": ""2025-10-21T04:32:25.634927+00:00"", ""prompt_version"": ""v1"", ""persona"": ""expert""}"
"('identitytheoryoftruth', 'metaphysics')",identity theory of truth,metaphysics,3,0,phd,v1,v1,"{""model"": ""open-mistral-nemo"", ""temperature"": 0, ""date"": ""2025-10-21T04:32:27.001423+00:00"", ""prompt_version"": ""v1"", ""persona"": ""phd""}"
"('identitytheoryoftruth', 'metaphysics')",identity theory of truth,metaphysics,3,0,null,v1,v1,"{""model"": ""open-mistral-nemo"", ""temperature"": 0, ""date"": ""2025-10-21T04:32:28.376312+00:00"", ""prompt_version"": ""v1"", ""persona"": ""null""}"
"('abstractobject', 'metaphysics')",abstract object,metaphysics,4,0,expert,v1,v1,"{""model"": ""open-mistral-nemo"", ""temperature"": 0, ""date"": ""2025-10-21T04:32:29.725901+00:00"", ""prompt_version"": ""v1"", ""persona"": ""expert""}"
"('abstractobject', 'metaphysics')",abstract object,metaphysics,4,0,phd,v1,v1,"{""model"": ""open-mistral-nemo"", ""temperature"": 0, ""date"": ""2025-10-21T04:32:31.140786+00:00"", ""prompt_version"": ""v1"", ""persona"": ""phd""}"
"('abstractobject', 'metaphysics')",abstract object,metaphysics,3,0,null,v1,v1,"{""model"": ""open-mistral-nemo"", ""temperature"": 0, ""date"": ""2025-10-21T04:32:32.526174+00:00"", ""prompt_version"": ""v1"", ""persona"": ""null""}"
"('internalism', 'philosophyofmind')",internalism,philosophy of mind,4,0,expert,v1,v1,"{""model"": ""open-mistral-nemo"", ""temperature"": 0, ""date"": ""2025-10-21T04:32:33.885361+00:00"", ""prompt_version"": ""v1"", ""persona"": ""expert""}"
"('internalism', 'philosophyofmind')",internalism,philosophy of mind,3,0,phd,v1,v1,"{""model"": ""open-mistral-nemo"", ""temperature"": 0, ""date"": ""2025-10-21T04:32:35.233431+00:00"", ""prompt_version"": ""v1"", ""persona"": ""phd""}"
"('internalism', 'philosophyofmind')",internalism,philosophy of mind,4,0,null,v1,v1,"{""model"": ""open-mistral-nemo"", ""temperature"": 0, ""date"": ""2025-10-21T04:32:36.607006+00:00"", ""prompt_version"": ""v1"", ""persona"": ""null""}"
"('artificialintelligence', 'distributedrepresentation')",distributed representation,artificial intelligence,3,0,expert,v1,v1,"{""model"": ""open-mistral-nemo"", ""temperature"": 0, ""date"": ""2025-10-21T04:32:37.987146+00:00"", ""prompt_version"": ""v1"", ""persona"": ""expert""}"
"('artificialintelligence', 'distributedrepresentation')",distributed representation,artificial intelligence,2,0,phd,v1,v1,"{""model"": ""open-mistral-nemo"", ""temperature"": 0, ""date"": ""2025-10-21T04:32:39.552732+00:00"", ""prompt_version"": ""v1"", ""persona"": ""phd""}"
"('artificialintelligence', 'distributedrepresentation')",distributed representation,artificial intelligence,3,0,null,v1,v1,"{""model"": ""open-mistral-nemo"", ""temperature"": 0, ""date"": ""2025-10-21T04:32:40.916364+00:00"", ""prompt_version"": ""v1"", ""persona"": ""null""}"
"('consciousness', 'philosophyofmind')",consciousness,philosophy of mind,4,0,expert,v1,v1,"{""model"": ""open-mistral-nemo"", ""temperature"": 0, ""date"": ""2025-10-21T04:32:42.830352+00:00"", ""prompt_version"": ""v1"", ""persona"": ""expert""}"
"('consciousness', 'philosophyofmind')",consciousness,philosophy of mind,4,0,phd,v1,v1,"{""model"": ""open-mistral-nemo"", ""temperature"": 0, ""date"": ""2025-10-21T04:32:44.195397+00:00"", ""prompt_version"": ""v1"", ""persona"": ""phd""}"
"('consciousness', 'philosophyofmind')",consciousness,philosophy of mind,4,0,null,v1,v1,"{""model"": ""open-mistral-nemo"", ""temperature"": 0, ""date"": ""2025-10-21T04:32:45.541699+00:00"", ""prompt_version"": ""v1"", ""persona"": ""null""}"
"('epistemology', 'inductivelogicanddecisiontheory')",inductive logic and decision theory,epistemology,2,0,expert,v1,v1,"{""model"": ""open-mistral-nemo"", ""temperature"": 0, ""date"": ""2025-10-21T04:32:46.897436+00:00"", ""prompt_version"": ""v1"", ""persona"": ""expert""}"
"('epistemology', 'inductivelogicanddecisiontheory')",inductive logic and decision theory,epistemology,2,0,phd,v1,v1,"{""model"": ""open-mistral-nemo"", ""temperature"": 0, ""date"": ""2025-10-21T04:32:48.226280+00:00"", ""prompt_version"": ""v1"", ""persona"": ""phd""}"
"('epistemology', 'inductivelogicanddecisiontheory')",inductive logic and decision theory,epistemology,2,0,null,v1,v1,"{""model"": ""open-mistral-nemo"", ""temperature"": 0, ""date"": ""2025-10-21T04:32:49.582804+00:00"", ""prompt_version"": ""v1"", ""persona"": ""null""}"
"('folkpsychology', 'inputunit')",input unit,folk psychology,2,0,expert,v1,v1,"{""model"": ""open-mistral-nemo"", ""temperature"": 0, ""date"": ""2025-10-21T04:32:50.933419+00:00"", ""prompt_version"": ""v1"", ""persona"": ""expert""}"
"('folkpsychology', 'inputunit')",input unit,folk psychology,1,-1,phd,v1,v1,"{""model"": ""open-mistral-nemo"", ""temperature"": 0, ""date"": ""2025-10-21T04:32:52.459906+00:00"", ""prompt_version"": ""v1"", ""persona"": ""phd""}"
"('folkpsychology', 'inputunit')",input unit,folk psychology,1,-1,null,v1,v1,"{""model"": ""open-mistral-nemo"", ""temperature"": 0, ""date"": ""2025-10-21T04:32:53.821714+00:00"", ""prompt_version"": ""v1"", ""persona"": ""null""}"
"('dualismandmetaphysicsofmind', 'philosophyofmind')",dualism and metaphysics of mind,philosophy of mind,4,0,expert,v1,v1,"{""model"": ""open-mistral-nemo"", ""temperature"": 0, ""date"": ""2025-10-21T04:32:55.171854+00:00"", ""prompt_version"": ""v1"", ""persona"": ""expert""}"
"('dualismandmetaphysicsofmind', 'philosophyofmind')",dualism and metaphysics of mind,philosophy of mind,4,0,phd,v1,v1,"{""model"": ""open-mistral-nemo"", ""temperature"": 0, ""date"": ""2025-10-21T04:32:56.541564+00:00"", ""prompt_version"": ""v1"", ""persona"": ""phd""}"
"('dualismandmetaphysicsofmind', 'philosophyofmind')",dualism and metaphysics of mind,philosophy of mind,4,0,null,v1,v1,"{""model"": ""open-mistral-nemo"", ""temperature"": 0, ""date"": ""2025-10-21T04:32:58.125013+00:00"", ""prompt_version"": ""v1"", ""persona"": ""null""}"
"('philosophyofphysics', 'philosophyofscienceandthesciences')",philosophy of physics,philosophy of science and the sciences,4,0,expert,v1,v1,"{""model"": ""open-mistral-nemo"", ""temperature"": 0, ""date"": ""2025-10-21T04:32:59.501279+00:00"", ""prompt_version"": ""v1"", ""persona"": ""expert""}"
"('philosophyofphysics', 'philosophyofscienceandthesciences')",philosophy of physics,philosophy of science and the sciences,4,0,phd,v1,v1,"{""model"": ""open-mistral-nemo"", ""temperature"": 0, ""date"": ""2025-10-21T04:33:00.836970+00:00"", ""prompt_version"": ""v1"", ""persona"": ""phd""}"
"('philosophyofphysics', 'philosophyofscienceandthesciences')",philosophy of physics,philosophy of science and the sciences,4,0,null,v1,v1,"{""model"": ""open-mistral-nemo"", ""temperature"": 0, ""date"": ""2025-10-21T04:33:02.206539+00:00"", ""prompt_version"": ""v1"", ""persona"": ""null""}"
"('mentalimagery', 'perception')",mental imagery,perception,3,0,expert,v1,v1,"{""model"": ""open-mistral-nemo"", ""temperature"": 0, ""date"": ""2025-10-21T04:33:03.572070+00:00"", ""prompt_version"": ""v1"", ""persona"": ""expert""}"
"('mentalimagery', 'perception')",mental imagery,perception,2,0,phd,v1,v1,"{""model"": ""open-mistral-nemo"", ""temperature"": 0, ""date"": ""2025-10-21T04:33:04.954691+00:00"", ""prompt_version"": ""v1"", ""persona"": ""phd""}"
"('mentalimagery', 'perception')",mental imagery,perception,3,0,null,v1,v1,"{""model"": ""open-mistral-nemo"", ""temperature"": 0, ""date"": ""2025-10-21T04:33:06.586740+00:00"", ""prompt_version"": ""v1"", ""persona"": ""null""}"
"('afterlife', 'heavenandhell')",heaven and hell,afterlife,4,0,expert,v1,v1,"{""model"": ""open-mistral-nemo"", ""temperature"": 0, ""date"": ""2025-10-21T04:33:08.009362+00:00"", ""prompt_version"": ""v1"", ""persona"": ""expert""}"
"('afterlife', 'heavenandhell')",heaven and hell,afterlife,4,0,phd,v1,v1,"{""model"": ""open-mistral-nemo"", ""temperature"": 0, ""date"": ""2025-10-21T04:33:09.344824+00:00"", ""prompt_version"": ""v1"", ""persona"": ""phd""}"
"('afterlife', 'heavenandhell')",heaven and hell,afterlife,4,2,null,v1,v1,"{""model"": ""open-mistral-nemo"", ""temperature"": 0, ""date"": ""2025-10-21T04:33:10.693058+00:00"", ""prompt_version"": ""v1"", ""persona"": ""null""}"
"('divinerevelation', 'philosophyofreligion')",divine revelation,philosophy of religion,3,0,expert,v1,v1,"{""model"": ""open-mistral-nemo"", ""temperature"": 0, ""date"": ""2025-10-21T04:33:12.053281+00:00"", ""prompt_version"": ""v1"", ""persona"": ""expert""}"
"('divinerevelation', 'philosophyofreligion')",divine revelation,philosophy of religion,4,0,phd,v1,v1,"{""model"": ""open-mistral-nemo"", ""temperature"": 0, ""date"": ""2025-10-21T04:33:13.431512+00:00"", ""prompt_version"": ""v1"", ""persona"": ""phd""}"
"('divinerevelation', 'philosophyofreligion')",divine revelation,philosophy of religion,3,0,null,v1,v1,"{""model"": ""open-mistral-nemo"", ""temperature"": 0, ""date"": ""2025-10-21T04:33:14.936259+00:00"", ""prompt_version"": ""v1"", ""persona"": ""null""}"
"('mind', 'philosophyofmind')",mind,philosophy of mind,4,0,expert,v1,v1,"{""model"": ""open-mistral-nemo"", ""temperature"": 0, ""date"": ""2025-10-21T04:33:16.744949+00:00"", ""prompt_version"": ""v1"", ""persona"": ""expert""}"
"('mind', 'philosophyofmind')",mind,philosophy of mind,4,0,phd,v1,v1,"{""model"": ""open-mistral-nemo"", ""temperature"": 0, ""date"": ""2025-10-21T04:33:18.404994+00:00"", ""prompt_version"": ""v1"", ""persona"": ""phd""}"
"('mind', 'philosophyofmind')",mind,philosophy of mind,4,0,null,v1,v1,"{""model"": ""open-mistral-nemo"", ""temperature"": 0, ""date"": ""2025-10-21T04:33:19.756080+00:00"", ""prompt_version"": ""v1"", ""persona"": ""null""}"
"('folkpsychology', 'simulationtheory')",simulation theory,folk psychology,2,0,expert,v1,v1,"{""model"": ""open-mistral-nemo"", ""temperature"": 0, ""date"": ""2025-10-21T04:33:21.085649+00:00"", ""prompt_version"": ""v1"", ""persona"": ""expert""}"
"('folkpsychology', 'simulationtheory')",simulation theory,folk psychology,2,0,phd,v1,v1,"{""model"": ""open-mistral-nemo"", ""temperature"": 0, ""date"": ""2025-10-21T04:33:22.422646+00:00"", ""prompt_version"": ""v1"", ""persona"": ""phd""}"
"('folkpsychology', 'simulationtheory')",simulation theory,folk psychology,2,-1,null,v1,v1,"{""model"": ""open-mistral-nemo"", ""temperature"": 0, ""date"": ""2025-10-21T04:33:23.751084+00:00"", ""prompt_version"": ""v1"", ""persona"": ""null""}"
"('existence', 'existentialism')",existentialism,existence,4,0,course_taker,v1,v1,"{""model"": ""open-mistral-nemo"", ""temperature"": 0, ""date"": ""2025-10-21T04:33:25.128678+00:00"", ""prompt_version"": ""v1"", ""persona"": ""course_taker""}"
"('existence', 'existentialism')",existentialism,existence,3,0,phd,v1,v1,"{""model"": ""open-mistral-nemo"", ""temperature"": 0, ""date"": ""2025-10-21T04:33:27.300672+00:00"", ""prompt_version"": ""v1"", ""persona"": ""phd""}"
"('existence', 'existentialism')",existentialism,existence,4,0,null,v1,v1,"{""model"": ""open-mistral-nemo"", ""temperature"": 0, ""date"": ""2025-10-21T04:33:28.650850+00:00"", ""prompt_version"": ""v1"", ""persona"": ""null""}"
"('interpretationsofprobability', 'philosophyofscienceandthesciences')",interpretations of probability,philosophy of science and the sciences,4,0,expert,v1,v1,"{""model"": ""open-mistral-nemo"", ""temperature"": 0, ""date"": ""2025-10-21T04:33:30.084520+00:00"", ""prompt_version"": ""v1"", ""persona"": ""expert""}"
"('interpretationsofprobability', 'philosophyofscienceandthesciences')",interpretations of probability,philosophy of science and the sciences,3,0,phd,v1,v1,"{""model"": ""open-mistral-nemo"", ""temperature"": 0, ""date"": ""2025-10-21T04:33:31.523442+00:00"", ""prompt_version"": ""v1"", ""persona"": ""phd""}"
"('interpretationsofprobability', 'philosophyofscienceandthesciences')",interpretations of probability,philosophy of science and the sciences,3,0,null,v1,v1,"{""model"": ""open-mistral-nemo"", ""temperature"": 0, ""date"": ""2025-10-21T04:33:32.947798+00:00"", ""prompt_version"": ""v1"", ""persona"": ""null""}"
"('deontology', 'ethics')",ethics,deontology,3,1,novice,v1,v1,"{""model"": ""open-mistral-nemo"", ""temperature"": 0, ""date"": ""2025-10-21T04:33:34.303962+00:00"", ""prompt_version"": ""v1"", ""persona"": ""novice""}"
"('deontology', 'ethics')",ethics,deontology,3,1,phd,v1,v1,"{""model"": ""open-mistral-nemo"", ""temperature"": 0, ""date"": ""2025-10-21T04:33:35.675305+00:00"", ""prompt_version"": ""v1"", ""persona"": ""phd""}"
"('deontology', 'ethics')",ethics,deontology,3,1,null,v1,v1,"{""model"": ""open-mistral-nemo"", ""temperature"": 0, ""date"": ""2025-10-21T04:33:37.041926+00:00"", ""prompt_version"": ""v1"", ""persona"": ""null""}"
"('logic', 'logicandlanguage')",logic,logic and language,4,0,course_taker,v1,v1,"{""model"": ""open-mistral-nemo"", ""temperature"": 0, ""date"": ""2025-10-21T04:33:38.781392+00:00"", ""prompt_version"": ""v1"", ""persona"": ""course_taker""}"
"('logic', 'logicandlanguage')",logic,logic and language,4,0,phd,v1,v1,"{""model"": ""open-mistral-nemo"", ""temperature"": 0, ""date"": ""2025-10-21T04:33:40.097346+00:00"", ""prompt_version"": ""v1"", ""persona"": ""phd""}"
"('logic', 'logicandlanguage')",logic,logic and language,4,0,null,v1,v1,"{""model"": ""open-mistral-nemo"", ""temperature"": 0, ""date"": ""2025-10-21T04:33:41.445663+00:00"", ""prompt_version"": ""v1"", ""persona"": ""null""}"
"('constructivemathematics', 'philosophyofscienceandthesciences')",constructive mathematics,philosophy of science and the sciences,2,0,expert,v1,v1,"{""model"": ""open-mistral-nemo"", ""temperature"": 0, ""date"": ""2025-10-21T04:33:42.784176+00:00"", ""prompt_version"": ""v1"", ""persona"": ""expert""}"
"('constructivemathematics', 'philosophyofscienceandthesciences')",constructive mathematics,philosophy of science and the sciences,2,0,phd,v1,v1,"{""model"": ""open-mistral-nemo"", ""temperature"": 0, ""date"": ""2025-10-21T04:33:44.161073+00:00"", ""prompt_version"": ""v1"", ""persona"": ""phd""}"
"('constructivemathematics', 'philosophyofscienceandthesciences')",constructive mathematics,philosophy of science and the sciences,2,0,null,v1,v1,"{""model"": ""open-mistral-nemo"", ""temperature"": 0, ""date"": ""2025-10-21T04:33:45.934479+00:00"", ""prompt_version"": ""v1"", ""persona"": ""null""}"
"('philosophyofmind', 'unityofconsciousness')",unity of consciousness,philosophy of mind,4,0,expert,v1,v1,"{""model"": ""open-mistral-nemo"", ""temperature"": 0, ""date"": ""2025-10-21T04:33:47.276000+00:00"", ""prompt_version"": ""v1"", ""persona"": ""expert""}"
"('philosophyofmind', 'unityofconsciousness')",unity of consciousness,philosophy of mind,3,0,phd,v1,v1,"{""model"": ""open-mistral-nemo"", ""temperature"": 0, ""date"": ""2025-10-21T04:33:48.627623+00:00"", ""prompt_version"": ""v1"", ""persona"": ""phd""}"
"('philosophyofmind', 'unityofconsciousness')",unity of consciousness,philosophy of mind,3,0,null,v1,v1,"{""model"": ""open-mistral-nemo"", ""temperature"": 0, ""date"": ""2025-10-21T04:33:50.136457+00:00"", ""prompt_version"": ""v1"", ""persona"": ""null""}"
"('otherminds', 'philosophyofmind')",other minds,philosophy of mind,4,0,expert,v1,v1,"{""model"": ""open-mistral-nemo"", ""temperature"": 0, ""date"": ""2025-10-21T04:33:51.556022+00:00"", ""prompt_version"": ""v1"", ""persona"": ""expert""}"
"('otherminds', 'philosophyofmind')",other minds,philosophy of mind,4,0,phd,v1,v1,"{""model"": ""open-mistral-nemo"", ""temperature"": 0, ""date"": ""2025-10-21T04:33:52.875054+00:00"", ""prompt_version"": ""v1"", ""persona"": ""phd""}"
"('otherminds', 'philosophyofmind')",other minds,philosophy of mind,3,0,null,v1,v1,"{""model"": ""open-mistral-nemo"", ""temperature"": 0, ""date"": ""2025-10-21T04:33:54.442242+00:00"", ""prompt_version"": ""v1"", ""persona"": ""null""}"
"('perception', 'psychologicaltheory')",psychological theory,perception,3,0,expert,v1,v1,"{""model"": ""open-mistral-nemo"", ""temperature"": 0, ""date"": ""2025-10-21T04:33:55.838229+00:00"", ""prompt_version"": ""v1"", ""persona"": ""expert""}"
"('perception', 'psychologicaltheory')",psychological theory,perception,2,0,phd,v1,v1,"{""model"": ""open-mistral-nemo"", ""temperature"": 0, ""date"": ""2025-10-21T04:33:57.206598+00:00"", ""prompt_version"": ""v1"", ""persona"": ""phd""}"
"('perception', 'psychologicaltheory')",psychological theory,perception,3,1,null,v1,v1,"{""model"": ""open-mistral-nemo"", ""temperature"": 0, ""date"": ""2025-10-21T04:33:59.027493+00:00"", ""prompt_version"": ""v1"", ""persona"": ""null""}"
"('knowledgeargument', 'physicalism')",knowledge argument,physicalism,2,0,expert,v1,v1,"{""model"": ""open-mistral-nemo"", ""temperature"": 0, ""date"": ""2025-10-21T04:34:00.650728+00:00"", ""prompt_version"": ""v1"", ""persona"": ""expert""}"
"('knowledgeargument', 'physicalism')",knowledge argument,physicalism,2,0,phd,v1,v1,"{""model"": ""open-mistral-nemo"", ""temperature"": 0, ""date"": ""2025-10-21T04:34:02.002210+00:00"", ""prompt_version"": ""v1"", ""persona"": ""phd""}"
"('knowledgeargument', 'physicalism')",knowledge argument,physicalism,3,0,null,v1,v1,"{""model"": ""open-mistral-nemo"", ""temperature"": 0, ""date"": ""2025-10-21T04:34:03.507482+00:00"", ""prompt_version"": ""v1"", ""persona"": ""null""}"
"('epistemology', 'moralepistemology')",moral epistemology,epistemology,4,0,expert,v1,v1,"{""model"": ""open-mistral-nemo"", ""temperature"": 0, ""date"": ""2025-10-21T04:34:05.200876+00:00"", ""prompt_version"": ""v1"", ""persona"": ""expert""}"
"('epistemology', 'moralepistemology')",moral epistemology,epistemology,4,0,phd,v1,v1,"{""model"": ""open-mistral-nemo"", ""temperature"": 0, ""date"": ""2025-10-21T04:34:06.816751+00:00"", ""prompt_version"": ""v1"", ""persona"": ""phd""}"
"('epistemology', 'moralepistemology')",moral epistemology,epistemology,4,0,null,v1,v1,"{""model"": ""open-mistral-nemo"", ""temperature"": 0, ""date"": ""2025-10-21T04:34:08.183726+00:00"", ""prompt_version"": ""v1"", ""persona"": ""null""}"
"('epistemology', 'externalism')",externalism,epistemology,4,0,expert,v1,v1,"{""model"": ""open-mistral-nemo"", ""temperature"": 0, ""date"": ""2025-10-21T04:34:09.512756+00:00"", ""prompt_version"": ""v1"", ""persona"": ""expert""}"
"('epistemology', 'externalism')",externalism,epistemology,3,0,phd,v1,v1,"{""model"": ""open-mistral-nemo"", ""temperature"": 0, ""date"": ""2025-10-21T04:34:10.841806+00:00"", ""prompt_version"": ""v1"", ""persona"": ""phd""}"
"('epistemology', 'externalism')",externalism,epistemology,3,1,null,v1,v1,"{""model"": ""open-mistral-nemo"", ""temperature"": 0, ""date"": ""2025-10-21T04:34:12.366533+00:00"", ""prompt_version"": ""v1"", ""persona"": ""null""}"
"('epistemology', 'realismandantirealism')",realism and anti-realism,epistemology,4,0,expert,v1,v1,"{""model"": ""open-mistral-nemo"", ""temperature"": 0, ""date"": ""2025-10-21T04:34:13.782544+00:00"", ""prompt_version"": ""v1"", ""persona"": ""expert""}"
"('epistemology', 'realismandantirealism')",realism and anti-realism,epistemology,3,0,phd,v1,v1,"{""model"": ""open-mistral-nemo"", ""temperature"": 0, ""date"": ""2025-10-21T04:34:15.121812+00:00"", ""prompt_version"": ""v1"", ""persona"": ""phd""}"
"('epistemology', 'realismandantirealism')",realism and anti-realism,epistemology,4,0,null,v1,v1,"{""model"": ""open-mistral-nemo"", ""temperature"": 0, ""date"": ""2025-10-21T04:34:16.456140+00:00"", ""prompt_version"": ""v1"", ""persona"": ""null""}"
"('object', 'perception')",object,perception,3,0,expert,v1,v1,"{""model"": ""open-mistral-nemo"", ""temperature"": 0, ""date"": ""2025-10-21T04:34:17.809474+00:00"", ""prompt_version"": ""v1"", ""persona"": ""expert""}"
"('object', 'perception')",object,perception,3,1,phd,v1,v1,"{""model"": ""open-mistral-nemo"", ""temperature"": 0, ""date"": ""2025-10-21T04:34:19.222629+00:00"", ""prompt_version"": ""v1"", ""persona"": ""phd""}"
"('object', 'perception')",object,perception,2,-1,null,v1,v1,"{""model"": ""open-mistral-nemo"", ""temperature"": 0, ""date"": ""2025-10-21T04:34:20.563984+00:00"", ""prompt_version"": ""v1"", ""persona"": ""null""}"
"('artificialintelligence', 'logicandlanguage')",logic and language,artificial intelligence,2,1,expert,v1,v1,"{""model"": ""open-mistral-nemo"", ""temperature"": 0, ""date"": ""2025-10-21T04:34:21.945382+00:00"", ""prompt_version"": ""v1"", ""persona"": ""expert""}"
"('artificialintelligence', 'logicandlanguage')",logic and language,artificial intelligence,2,1,phd,v1,v1,"{""model"": ""open-mistral-nemo"", ""temperature"": 0, ""date"": ""2025-10-21T04:34:23.305989+00:00"", ""prompt_version"": ""v1"", ""persona"": ""phd""}"
"('artificialintelligence', 'logicandlanguage')",logic and language,artificial intelligence,2,-1,null,v1,v1,"{""model"": ""open-mistral-nemo"", ""temperature"": 0, ""date"": ""2025-10-21T04:34:24.659247+00:00"", ""prompt_version"": ""v1"", ""persona"": ""null""}"
"('animalcognition', 'folkpsychology')",animal cognition,folk psychology,3,0,expert,v1,v1,"{""model"": ""open-mistral-nemo"", ""temperature"": 0, ""date"": ""2025-10-21T04:34:28.199555+00:00"", ""prompt_version"": ""v1"", ""persona"": ""expert""}"
"('animalcognition', 'folkpsychology')",animal cognition,folk psychology,3,0,phd,v1,v1,"{""model"": ""open-mistral-nemo"", ""temperature"": 0, ""date"": ""2025-10-21T04:34:29.528248+00:00"", ""prompt_version"": ""v1"", ""persona"": ""phd""}"
"('animalcognition', 'folkpsychology')",animal cognition,folk psychology,2,1,null,v1,v1,"{""model"": ""open-mistral-nemo"", ""temperature"": 0, ""date"": ""2025-10-21T04:34:31.119229+00:00"", ""prompt_version"": ""v1"", ""persona"": ""null""}"
"('metaphysics', 'sophists')",sophists,metaphysics,2,0,expert,v1,v1,"{""model"": ""open-mistral-nemo"", ""temperature"": 0, ""date"": ""2025-10-21T04:34:32.472069+00:00"", ""prompt_version"": ""v1"", ""persona"": ""expert""}"
"('metaphysics', 'sophists')",sophists,metaphysics,1,-1,phd,v1,v1,"{""model"": ""open-mistral-nemo"", ""temperature"": 0, ""date"": ""2025-10-21T04:34:33.831451+00:00"", ""prompt_version"": ""v1"", ""persona"": ""phd""}"
"('metaphysics', 'sophists')",sophists,metaphysics,1,-1,null,v1,v1,"{""model"": ""open-mistral-nemo"", ""temperature"": 0, ""date"": ""2025-10-21T04:34:35.400485+00:00"", ""prompt_version"": ""v1"", ""persona"": ""null""}"
"('fideism', 'philosophyofreligion')",fideism,philosophy of religion,3,0,expert,v1,v1,"{""model"": ""open-mistral-nemo"", ""temperature"": 0, ""date"": ""2025-10-21T04:34:36.768253+00:00"", ""prompt_version"": ""v1"", ""persona"": ""expert""}"
"('fideism', 'philosophyofreligion')",fideism,philosophy of religion,3,0,phd,v1,v1,"{""model"": ""open-mistral-nemo"", ""temperature"": 0, ""date"": ""2025-10-21T04:34:38.141020+00:00"", ""prompt_version"": ""v1"", ""persona"": ""phd""}"
"('fideism', 'philosophyofreligion')",fideism,philosophy of religion,3,0,null,v1,v1,"{""model"": ""open-mistral-nemo"", ""temperature"": 0, ""date"": ""2025-10-21T04:34:39.492315+00:00"", ""prompt_version"": ""v1"", ""persona"": ""null""}"
"('logicandlanguage', 'philosophyoflanguage')",logic and language,philosophy of language,4,0,expert,v1,v1,"{""model"": ""open-mistral-nemo"", ""temperature"": 0, ""date"": ""2025-10-21T04:34:40.842193+00:00"", ""prompt_version"": ""v1"", ""persona"": ""expert""}"
"('logicandlanguage', 'philosophyoflanguage')",logic and language,philosophy of language,4,0,phd,v1,v1,"{""model"": ""open-mistral-nemo"", ""temperature"": 0, ""date"": ""2025-10-21T04:34:42.190918+00:00"", ""prompt_version"": ""v1"", ""persona"": ""phd""}"
"('logicandlanguage', 'philosophyoflanguage')",logic and language,philosophy of language,4,0,null,v1,v1,"{""model"": ""open-mistral-nemo"", ""temperature"": 0, ""date"": ""2025-10-21T04:34:44.392406+00:00"", ""prompt_version"": ""v1"", ""persona"": ""null""}"
"('determinism', 'freewill')",determinism,free will,4,1,expert,v1,v1,"{""model"": ""open-mistral-nemo"", ""temperature"": 0, ""date"": ""2025-10-21T04:34:47.057549+00:00"", ""prompt_version"": ""v1"", ""persona"": ""expert""}"
"('determinism', 'freewill')",determinism,free will,4,3,phd,v1,v1,"{""model"": ""open-mistral-nemo"", ""temperature"": 0, ""date"": ""2025-10-21T04:34:48.389050+00:00"", ""prompt_version"": ""v1"", ""persona"": ""phd""}"
"('determinism', 'freewill')",determinism,free will,3,1,null,v1,v1,"{""model"": ""open-mistral-nemo"", ""temperature"": 0, ""date"": ""2025-10-21T04:34:49.737339+00:00"", ""prompt_version"": ""v1"", ""persona"": ""null""}"
"('kantsphilosophyofreligion', 'metaphysics')",kant's philosophy of religion,metaphysics,3,0,expert,v1,v1,"{""model"": ""open-mistral-nemo"", ""temperature"": 0, ""date"": ""2025-10-21T04:34:51.141493+00:00"", ""prompt_version"": ""v1"", ""persona"": ""expert""}"
"('kantsphilosophyofreligion', 'metaphysics')",kant's philosophy of religion,metaphysics,3,0,phd,v1,v1,"{""model"": ""open-mistral-nemo"", ""temperature"": 0, ""date"": ""2025-10-21T04:34:52.484599+00:00"", ""prompt_version"": ""v1"", ""persona"": ""phd""}"
"('kantsphilosophyofreligion', 'metaphysics')",kant's philosophy of religion,metaphysics,3,0,null,v1,v1,"{""model"": ""open-mistral-nemo"", ""temperature"": 0, ""date"": ""2025-10-21T04:34:53.856204+00:00"", ""prompt_version"": ""v1"", ""persona"": ""null""}"
"('causaltheoriesofmentalcontent', 'mentalcontent')",causal theories of mental content,mental content,4,0,expert,v1,v1,"{""model"": ""open-mistral-nemo"", ""temperature"": 0, ""date"": ""2025-10-21T04:34:55.337357+00:00"", ""prompt_version"": ""v1"", ""persona"": ""expert""}"
"('causaltheoriesofmentalcontent', 'mentalcontent')",causal theories of mental content,mental content,3,0,phd,v1,v1,"{""model"": ""open-mistral-nemo"", ""temperature"": 0, ""date"": ""2025-10-21T04:34:56.699369+00:00"", ""prompt_version"": ""v1"", ""persona"": ""phd""}"
"('causaltheoriesofmentalcontent', 'mentalcontent')",causal theories of mental content,mental content,4,0,null,v1,v1,"{""model"": ""open-mistral-nemo"", ""temperature"": 0, ""date"": ""2025-10-21T04:34:58.032072+00:00"", ""prompt_version"": ""v1"", ""persona"": ""null""}"
"('bioethics', 'culturalrelativism')",cultural relativism,bioethics,2,1,expert,v1,v1,"{""model"": ""open-mistral-nemo"", ""temperature"": 0, ""date"": ""2025-10-21T04:34:59.381374+00:00"", ""prompt_version"": ""v1"", ""persona"": ""expert""}"
"('bioethics', 'culturalrelativism')",cultural relativism,bioethics,2,1,phd,v1,v1,"{""model"": ""open-mistral-nemo"", ""temperature"": 0, ""date"": ""2025-10-21T04:35:00.732430+00:00"", ""prompt_version"": ""v1"", ""persona"": ""phd""}"
"('bioethics', 'culturalrelativism')",cultural relativism,bioethics,2,-1,null,v1,v1,"{""model"": ""open-mistral-nemo"", ""temperature"": 0, ""date"": ""2025-10-21T04:35:02.203112+00:00"", ""prompt_version"": ""v1"", ""persona"": ""null""}"
"('judaicphilosophy', 'judaism')",judaic philosophy,judaism,4,0,course_taker,v1,v1,"{""model"": ""open-mistral-nemo"", ""temperature"": 0, ""date"": ""2025-10-21T04:35:03.635996+00:00"", ""prompt_version"": ""v1"", ""persona"": ""course_taker""}"
"('judaicphilosophy', 'judaism')",judaic philosophy,judaism,4,0,phd,v1,v1,"{""model"": ""open-mistral-nemo"", ""temperature"": 0, ""date"": ""2025-10-21T04:35:05.119016+00:00"", ""prompt_version"": ""v1"", ""persona"": ""phd""}"
"('judaicphilosophy', 'judaism')",judaic philosophy,judaism,4,0,null,v1,v1,"{""model"": ""open-mistral-nemo"", ""temperature"": 0, ""date"": ""2025-10-21T04:35:06.573830+00:00"", ""prompt_version"": ""v1"", ""persona"": ""null""}"
"('epistemologicalproblemsofperception', 'philosophyofmind')",epistemological problems of perception,philosophy of mind,3,0,expert,v1,v1,"{""model"": ""open-mistral-nemo"", ""temperature"": 0, ""date"": ""2025-10-21T04:35:08.007413+00:00"", ""prompt_version"": ""v1"", ""persona"": ""expert""}"
"('epistemologicalproblemsofperception', 'philosophyofmind')",epistemological problems of perception,philosophy of mind,4,0,phd,v1,v1,"{""model"": ""open-mistral-nemo"", ""temperature"": 0, ""date"": ""2025-10-21T04:35:09.365319+00:00"", ""prompt_version"": ""v1"", ""persona"": ""phd""}"
"('epistemologicalproblemsofperception', 'philosophyofmind')",epistemological problems of perception,philosophy of mind,4,0,null,v1,v1,"{""model"": ""open-mistral-nemo"", ""temperature"": 0, ""date"": ""2025-10-21T04:35:10.809496+00:00"", ""prompt_version"": ""v1"", ""persona"": ""null""}"
"('epistemologicalproblemsofperception', 'perception')",epistemological problems of perception,perception,4,0,expert,v1,v1,"{""model"": ""open-mistral-nemo"", ""temperature"": 0, ""date"": ""2025-10-21T04:35:12.182111+00:00"", ""prompt_version"": ""v1"", ""persona"": ""expert""}"
"('epistemologicalproblemsofperception', 'perception')",epistemological problems of perception,perception,4,0,phd,v1,v1,"{""model"": ""open-mistral-nemo"", ""temperature"": 0, ""date"": ""2025-10-21T04:35:13.532701+00:00"", ""prompt_version"": ""v1"", ""persona"": ""phd""}"
"('epistemologicalproblemsofperception', 'perception')",epistemological problems of perception,perception,4,0,null,v1,v1,"{""model"": ""open-mistral-nemo"", ""temperature"": 0, ""date"": ""2025-10-21T04:35:15.011650+00:00"", ""prompt_version"": ""v1"", ""persona"": ""null""}"
"('kantsphilosophicaldevelopment', 'metaphysics')",kant's philosophical development,metaphysics,3,0,expert,v1,v1,"{""model"": ""open-mistral-nemo"", ""temperature"": 0, ""date"": ""2025-10-21T04:35:16.349799+00:00"", ""prompt_version"": ""v1"", ""persona"": ""expert""}"
"('kantsphilosophicaldevelopment', 'metaphysics')",kant's philosophical development,metaphysics,3,0,phd,v1,v1,"{""model"": ""open-mistral-nemo"", ""temperature"": 0, ""date"": ""2025-10-21T04:35:17.779509+00:00"", ""prompt_version"": ""v1"", ""persona"": ""phd""}"
"('kantsphilosophicaldevelopment', 'metaphysics')",kant's philosophical development,metaphysics,3,0,null,v1,v1,"{""model"": ""open-mistral-nemo"", ""temperature"": 0, ""date"": ""2025-10-21T04:35:19.197952+00:00"", ""prompt_version"": ""v1"", ""persona"": ""null""}"
"('abstractexpressionism', 'perception')",abstract expressionism,perception,2,0,expert,v1,v1,"{""model"": ""open-mistral-nemo"", ""temperature"": 0, ""date"": ""2025-10-21T04:35:20.545457+00:00"", ""prompt_version"": ""v1"", ""persona"": ""expert""}"
"('abstractexpressionism', 'perception')",abstract expressionism,perception,2,-1,phd,v1,v1,"{""model"": ""open-mistral-nemo"", ""temperature"": 0, ""date"": ""2025-10-21T04:35:21.898355+00:00"", ""prompt_version"": ""v1"", ""persona"": ""phd""}"
"('abstractexpressionism', 'perception')",abstract expressionism,perception,2,-1,null,v1,v1,"{""model"": ""open-mistral-nemo"", ""temperature"": 0, ""date"": ""2025-10-21T04:35:23.222651+00:00"", ""prompt_version"": ""v1"", ""persona"": ""null""}"
"('mentalcontent', 'narrowmentalcontent')",narrow mental content,mental content,3,0,expert,v1,v1,"{""model"": ""open-mistral-nemo"", ""temperature"": 0, ""date"": ""2025-10-21T04:35:24.578063+00:00"", ""prompt_version"": ""v1"", ""persona"": ""expert""}"
"('mentalcontent', 'narrowmentalcontent')",narrow mental content,mental content,3,0,phd,v1,v1,"{""model"": ""open-mistral-nemo"", ""temperature"": 0, ""date"": ""2025-10-21T04:35:25.905975+00:00"", ""prompt_version"": ""v1"", ""persona"": ""phd""}"
"('mentalcontent', 'narrowmentalcontent')",narrow mental content,mental content,3,0,null,v1,v1,"{""model"": ""open-mistral-nemo"", ""temperature"": 0, ""date"": ""2025-10-21T04:35:27.249285+00:00"", ""prompt_version"": ""v1"", ""persona"": ""null""}"
"('epistemology', 'perception')",perception,epistemology,4,0,expert,v1,v1,"{""model"": ""open-mistral-nemo"", ""temperature"": 0, ""date"": ""2025-10-21T04:35:28.595368+00:00"", ""prompt_version"": ""v1"", ""persona"": ""expert""}"
"('epistemology', 'perception')",perception,epistemology,3,0,phd,v1,v1,"{""model"": ""open-mistral-nemo"", ""temperature"": 0, ""date"": ""2025-10-21T04:35:29.917008+00:00"", ""prompt_version"": ""v1"", ""persona"": ""phd""}"
"('epistemology', 'perception')",perception,epistemology,3,0,null,v1,v1,"{""model"": ""open-mistral-nemo"", ""temperature"": 0, ""date"": ""2025-10-21T04:35:31.314616+00:00"", ""prompt_version"": ""v1"", ""persona"": ""null""}"
"('causaltheoriesofmentalcontent', 'theoriesofmentalcontent')",theories of mental content,causal theories of mental content,4,1,course_taker,v1,v1,"{""model"": ""open-mistral-nemo"", ""temperature"": 0, ""date"": ""2025-10-21T04:35:32.861526+00:00"", ""prompt_version"": ""v1"", ""persona"": ""course_taker""}"
"('causaltheoriesofmentalcontent', 'theoriesofmentalcontent')",theories of mental content,causal theories of mental content,4,1,phd,v1,v1,"{""model"": ""open-mistral-nemo"", ""temperature"": 0, ""date"": ""2025-10-21T04:35:34.256752+00:00"", ""prompt_version"": ""v1"", ""persona"": ""phd""}"
"('causaltheoriesofmentalcontent', 'theoriesofmentalcontent')",theories of mental content,causal theories of mental content,4,0,null,v1,v1,"{""model"": ""open-mistral-nemo"", ""temperature"": 0, ""date"": ""2025-10-21T04:35:35.681259+00:00"", ""prompt_version"": ""v1"", ""persona"": ""null""}"
"('philosophyofmind', 'sensedata')",sense-data,philosophy of mind,3,0,expert,v1,v1,"{""model"": ""open-mistral-nemo"", ""temperature"": 0, ""date"": ""2025-10-21T04:35:37.021323+00:00"", ""prompt_version"": ""v1"", ""persona"": ""expert""}"
"('philosophyofmind', 'sensedata')",sense-data,philosophy of mind,3,0,phd,v1,v1,"{""model"": ""open-mistral-nemo"", ""temperature"": 0, ""date"": ""2025-10-21T04:35:38.389124+00:00"", ""prompt_version"": ""v1"", ""persona"": ""phd""}"
"('philosophyofmind', 'sensedata')",sense-data,philosophy of mind,3,0,null,v1,v1,"{""model"": ""open-mistral-nemo"", ""temperature"": 0, ""date"": ""2025-10-21T04:35:39.731952+00:00"", ""prompt_version"": ""v1"", ""persona"": ""null""}"
"('belief', 'epistemology')",belief,epistemology,4,0,expert,v1,v1,"{""model"": ""open-mistral-nemo"", ""temperature"": 0, ""date"": ""2025-10-21T04:35:41.097798+00:00"", ""prompt_version"": ""v1"", ""persona"": ""expert""}"
"('belief', 'epistemology')",belief,epistemology,4,0,phd,v1,v1,"{""model"": ""open-mistral-nemo"", ""temperature"": 0, ""date"": ""2025-10-21T04:35:42.413209+00:00"", ""prompt_version"": ""v1"", ""persona"": ""phd""}"
"('belief', 'epistemology')",belief,epistemology,3,0,null,v1,v1,"{""model"": ""open-mistral-nemo"", ""temperature"": 0, ""date"": ""2025-10-21T04:35:43.884272+00:00"", ""prompt_version"": ""v1"", ""persona"": ""null""}"
"('feministphilosophyoflanguage', 'philosophyoflanguage')",feminist philosophy of language,philosophy of language,4,0,expert,v1,v1,"{""model"": ""open-mistral-nemo"", ""temperature"": 0, ""date"": ""2025-10-21T04:35:45.267495+00:00"", ""prompt_version"": ""v1"", ""persona"": ""expert""}"
"('feministphilosophyoflanguage', 'philosophyoflanguage')",feminist philosophy of language,philosophy of language,4,0,phd,v1,v1,"{""model"": ""open-mistral-nemo"", ""temperature"": 0, ""date"": ""2025-10-21T04:35:46.642437+00:00"", ""prompt_version"": ""v1"", ""persona"": ""phd""}"
"('feministphilosophyoflanguage', 'philosophyoflanguage')",feminist philosophy of language,philosophy of language,4,0,null,v1,v1,"{""model"": ""open-mistral-nemo"", ""temperature"": 0, ""date"": ""2025-10-21T04:35:48.025470+00:00"", ""prompt_version"": ""v1"", ""persona"": ""null""}"
"('divinelaw', 'philosophyofreligion')",divine law,philosophy of religion,3,0,expert,v1,v1,"{""model"": ""open-mistral-nemo"", ""temperature"": 0, ""date"": ""2025-10-21T04:35:49.365584+00:00"", ""prompt_version"": ""v1"", ""persona"": ""expert""}"
"('divinelaw', 'philosophyofreligion')",divine law,philosophy of religion,3,0,phd,v1,v1,"{""model"": ""open-mistral-nemo"", ""temperature"": 0, ""date"": ""2025-10-21T04:35:50.688492+00:00"", ""prompt_version"": ""v1"", ""persona"": ""phd""}"
"('divinelaw', 'philosophyofreligion')",divine law,philosophy of religion,3,0,null,v1,v1,"{""model"": ""open-mistral-nemo"", ""temperature"": 0, ""date"": ""2025-10-21T04:35:52.029453+00:00"", ""prompt_version"": ""v1"", ""persona"": ""null""}"
"('existence', 'philosophyofmind')",existence,philosophy of mind,3,1,expert,v1,v1,"{""model"": ""open-mistral-nemo"", ""temperature"": 0, ""date"": ""2025-10-21T04:35:53.428463+00:00"", ""prompt_version"": ""v1"", ""persona"": ""expert""}"
"('existence', 'philosophyofmind')",existence,philosophy of mind,3,1,phd,v1,v1,"{""model"": ""open-mistral-nemo"", ""temperature"": 0, ""date"": ""2025-10-21T04:35:54.956477+00:00"", ""prompt_version"": ""v1"", ""persona"": ""phd""}"
"('existence', 'philosophyofmind')",existence,philosophy of mind,3,1,null,v1,v1,"{""model"": ""open-mistral-nemo"", ""temperature"": 0, ""date"": ""2025-10-21T04:35:56.322184+00:00"", ""prompt_version"": ""v1"", ""persona"": ""null""}"
"('epistemology', 'philosophyofscience')",philosophy of science,epistemology,4,0,expert,v1,v1,"{""model"": ""open-mistral-nemo"", ""temperature"": 0, ""date"": ""2025-10-21T04:35:57.662526+00:00"", ""prompt_version"": ""v1"", ""persona"": ""expert""}"
"('epistemology', 'philosophyofscience')",philosophy of science,epistemology,4,0,phd,v1,v1,"{""model"": ""open-mistral-nemo"", ""temperature"": 0, ""date"": ""2025-10-21T04:35:59.033967+00:00"", ""prompt_version"": ""v1"", ""persona"": ""phd""}"
"('epistemology', 'philosophyofscience')",philosophy of science,epistemology,4,0,null,v1,v1,"{""model"": ""open-mistral-nemo"", ""temperature"": 0, ""date"": ""2025-10-21T04:36:00.388092+00:00"", ""prompt_version"": ""v1"", ""persona"": ""null""}"
"('lawsofnature', 'metaphysics')",laws of nature,metaphysics,2,0,expert,v1,v1,"{""model"": ""open-mistral-nemo"", ""temperature"": 0, ""date"": ""2025-10-21T04:36:01.772988+00:00"", ""prompt_version"": ""v1"", ""persona"": ""expert""}"
"('lawsofnature', 'metaphysics')",laws of nature,metaphysics,2,0,phd,v1,v1,"{""model"": ""open-mistral-nemo"", ""temperature"": 0, ""date"": ""2025-10-21T04:36:03.106353+00:00"", ""prompt_version"": ""v1"", ""persona"": ""phd""}"
"('lawsofnature', 'metaphysics')",laws of nature,metaphysics,2,1,null,v1,v1,"{""model"": ""open-mistral-nemo"", ""temperature"": 0, ""date"": ""2025-10-21T04:36:04.456424+00:00"", ""prompt_version"": ""v1"", ""persona"": ""null""}"
"('ideas', 'perception')",ideas,perception,2,1,expert,v1,v1,"{""model"": ""open-mistral-nemo"", ""temperature"": 0, ""date"": ""2025-10-21T04:36:05.827310+00:00"", ""prompt_version"": ""v1"", ""persona"": ""expert""}"
"('ideas', 'perception')",ideas,perception,2,1,phd,v1,v1,"{""model"": ""open-mistral-nemo"", ""temperature"": 0, ""date"": ""2025-10-21T04:36:07.186678+00:00"", ""prompt_version"": ""v1"", ""persona"": ""phd""}"
"('ideas', 'perception')",ideas,perception,2,-1,null,v1,v1,"{""model"": ""open-mistral-nemo"", ""temperature"": 0, ""date"": ""2025-10-21T04:36:08.510072+00:00"", ""prompt_version"": ""v1"", ""persona"": ""null""}"
