key,ideaA,ideaB,relatedness,generality,persona,system_prompt,user_prompt,metadata
"('chinesephilosophy', 'taoism')",taoism,chinese philosophy,4,0,novice,v1,v1,"{""model"": ""Mistral-Nemo"", ""temperature"": 0, ""date"": ""2025-10-05T22:36:13.223294+00:00"", ""prompt_version"": ""v1"", ""persona"": ""novice""}"
"('chinesephilosophy', 'taoism')",taoism,chinese philosophy,4,0,course_taker,v1,v1,"{""model"": ""Mistral-Nemo"", ""temperature"": 0, ""date"": ""2025-10-05T22:36:14.640901+00:00"", ""prompt_version"": ""v1"", ""persona"": ""course_taker""}"
"('chinesephilosophy', 'taoism')",taoism,chinese philosophy,4,0,expert,v1,v1,"{""model"": ""Mistral-Nemo"", ""temperature"": 0, ""date"": ""2025-10-05T22:36:16.034471+00:00"", ""prompt_version"": ""v1"", ""persona"": ""expert""}"
"('chinesephilosophy', 'taoism')",taoism,chinese philosophy,4,0,phd,v1,v1,"{""model"": ""Mistral-Nemo"", ""temperature"": 0, ""date"": ""2025-10-05T22:36:17.389923+00:00"", ""prompt_version"": ""v1"", ""persona"": ""phd""}"
"('meaning', 'philosophyoflanguage')",philosophy of language,meaning,4,0,novice,v1,v1,"{""model"": ""Mistral-Nemo"", ""temperature"": 0, ""date"": ""2025-10-05T22:36:18.768039+00:00"", ""prompt_version"": ""v1"", ""persona"": ""novice""}"
"('meaning', 'philosophyoflanguage')",philosophy of language,meaning,4,0,course_taker,v1,v1,"{""model"": ""Mistral-Nemo"", ""temperature"": 0, ""date"": ""2025-10-05T22:36:20.117946+00:00"", ""prompt_version"": ""v1"", ""persona"": ""course_taker""}"
"('meaning', 'philosophyoflanguage')",philosophy of language,meaning,4,0,expert,v1,v1,"{""model"": ""Mistral-Nemo"", ""temperature"": 0, ""date"": ""2025-10-05T22:36:21.766984+00:00"", ""prompt_version"": ""v1"", ""persona"": ""expert""}"
"('meaning', 'philosophyoflanguage')",philosophy of language,meaning,4,0,phd,v1,v1,"{""model"": ""Mistral-Nemo"", ""temperature"": 0, ""date"": ""2025-10-05T22:36:23.191674+00:00"", ""prompt_version"": ""v1"", ""persona"": ""phd""}"
"('philosophyofscience', 'philosophyofscienceandthesciences')",philosophy of science and the sciences,philosophy of science,4,0,novice,v1,v1,"{""model"": ""Mistral-Nemo"", ""temperature"": 0, ""date"": ""2025-10-05T22:36:24.581229+00:00"", ""prompt_version"": ""v1"", ""persona"": ""novice""}"
"('philosophyofscience', 'philosophyofscienceandthesciences')",philosophy of science and the sciences,philosophy of science,4,0,expert,v1,v1,"{""model"": ""Mistral-Nemo"", ""temperature"": 0, ""date"": ""2025-10-05T22:36:26.086254+00:00"", ""prompt_version"": ""v1"", ""persona"": ""expert""}"
"('philosophyofscience', 'philosophyofscienceandthesciences')",philosophy of science and the sciences,philosophy of science,4,0,phd,v1,v1,"{""model"": ""Mistral-Nemo"", ""temperature"": 0, ""date"": ""2025-10-05T22:36:27.529692+00:00"", ""prompt_version"": ""v1"", ""persona"": ""phd""}"
"('epistemology', 'epistemologyofscience')",epistemology,epistemology of science,4,1,course_taker,v1,v1,"{""model"": ""Mistral-Nemo"", ""temperature"": 0, ""date"": ""2025-10-05T22:36:29.004268+00:00"", ""prompt_version"": ""v1"", ""persona"": ""course_taker""}"
"('epistemology', 'epistemologyofscience')",epistemology,epistemology of science,4,0,expert,v1,v1,"{""model"": ""Mistral-Nemo"", ""temperature"": 0, ""date"": ""2025-10-05T22:36:30.397967+00:00"", ""prompt_version"": ""v1"", ""persona"": ""expert""}"
"('epistemology', 'epistemologyofscience')",epistemology,epistemology of science,4,0,phd,v1,v1,"{""model"": ""Mistral-Nemo"", ""temperature"": 0, ""date"": ""2025-10-05T22:36:31.833749+00:00"", ""prompt_version"": ""v1"", ""persona"": ""phd""}"
"('metaphysics', 'substance')",metaphysics,substance,4,1,course_taker,v1,v1,"{""model"": ""Mistral-Nemo"", ""temperature"": 0, ""date"": ""2025-10-05T22:36:33.261151+00:00"", ""prompt_version"": ""v1"", ""persona"": ""course_taker""}"
"('metaphysics', 'substance')",metaphysics,substance,4,1,expert,v1,v1,"{""model"": ""Mistral-Nemo"", ""temperature"": 0, ""date"": ""2025-10-05T22:36:34.668398+00:00"", ""prompt_version"": ""v1"", ""persona"": ""expert""}"
"('metaphysics', 'substance')",metaphysics,substance,4,1,phd,v1,v1,"{""model"": ""Mistral-Nemo"", ""temperature"": 0, ""date"": ""2025-10-05T22:36:36.074507+00:00"", ""prompt_version"": ""v1"", ""persona"": ""phd""}"
"('philosophyofbiology', 'philosophyofscienceandthesciences')",philosophy of science and the sciences,philosophy of biology,3,1,novice,v1,v1,"{""model"": ""Mistral-Nemo"", ""temperature"": 0, ""date"": ""2025-10-05T22:36:37.443631+00:00"", ""prompt_version"": ""v1"", ""persona"": ""novice""}"
"('philosophyofbiology', 'philosophyofscienceandthesciences')",philosophy of science and the sciences,philosophy of biology,4,1,expert,v1,v1,"{""model"": ""Mistral-Nemo"", ""temperature"": 0, ""date"": ""2025-10-05T22:36:38.886930+00:00"", ""prompt_version"": ""v1"", ""persona"": ""expert""}"
"('philosophyofbiology', 'philosophyofscienceandthesciences')",philosophy of science and the sciences,philosophy of biology,3,1,phd,v1,v1,"{""model"": ""Mistral-Nemo"", ""temperature"": 0, ""date"": ""2025-10-05T22:36:40.294389+00:00"", ""prompt_version"": ""v1"", ""persona"": ""phd""}"
"('artificialintelligence', 'neuralnetwork')",artificial intelligence,neural network,4,0,course_taker,v1,v1,"{""model"": ""Mistral-Nemo"", ""temperature"": 0, ""date"": ""2025-10-05T22:36:41.634105+00:00"", ""prompt_version"": ""v1"", ""persona"": ""course_taker""}"
"('artificialintelligence', 'neuralnetwork')",artificial intelligence,neural network,4,1,expert,v1,v1,"{""model"": ""Mistral-Nemo"", ""temperature"": 0, ""date"": ""2025-10-05T22:36:43.080927+00:00"", ""prompt_version"": ""v1"", ""persona"": ""expert""}"
"('artificialintelligence', 'neuralnetwork')",artificial intelligence,neural network,4,0,phd,v1,v1,"{""model"": ""Mistral-Nemo"", ""temperature"": 0, ""date"": ""2025-10-05T22:36:44.491056+00:00"", ""prompt_version"": ""v1"", ""persona"": ""phd""}"
"('epistemology', 'moralepistemologyandmoralreasoning')",epistemology,moral epistemology and moral reasoning,4,1,novice,v1,v1,"{""model"": ""Mistral-Nemo"", ""temperature"": 0, ""date"": ""2025-10-05T22:36:45.862494+00:00"", ""prompt_version"": ""v1"", ""persona"": ""novice""}"
"('epistemology', 'moralepistemologyandmoralreasoning')",epistemology,moral epistemology and moral reasoning,4,0,expert,v1,v1,"{""model"": ""Mistral-Nemo"", ""temperature"": 0, ""date"": ""2025-10-05T22:36:47.259357+00:00"", ""prompt_version"": ""v1"", ""persona"": ""expert""}"
"('epistemology', 'moralepistemologyandmoralreasoning')",epistemology,moral epistemology and moral reasoning,3,0,phd,v1,v1,"{""model"": ""Mistral-Nemo"", ""temperature"": 0, ""date"": ""2025-10-05T22:36:48.612991+00:00"", ""prompt_version"": ""v1"", ""persona"": ""phd""}"
"('revisiontheoryoftruth', 'truth')",revision theory of truth,truth,4,0,course_taker,v1,v1,"{""model"": ""Mistral-Nemo"", ""temperature"": 0, ""date"": ""2025-10-05T22:36:50.028137+00:00"", ""prompt_version"": ""v1"", ""persona"": ""course_taker""}"
"('revisiontheoryoftruth', 'truth')",revision theory of truth,truth,4,0,expert,v1,v1,"{""model"": ""Mistral-Nemo"", ""temperature"": 0, ""date"": ""2025-10-05T22:36:51.649579+00:00"", ""prompt_version"": ""v1"", ""persona"": ""expert""}"
"('revisiontheoryoftruth', 'truth')",revision theory of truth,truth,4,0,phd,v1,v1,"{""model"": ""Mistral-Nemo"", ""temperature"": 0, ""date"": ""2025-10-05T22:36:53.033636+00:00"", ""prompt_version"": ""v1"", ""persona"": ""phd""}"
"('philosophyofreligion', 'religion')",philosophy of religion,religion,4,0,course_taker,v1,v1,"{""model"": ""Mistral-Nemo"", ""temperature"": 0, ""date"": ""2025-10-05T22:36:54.476704+00:00"", ""prompt_version"": ""v1"", ""persona"": ""course_taker""}"
"('philosophyofreligion', 'religion')",philosophy of religion,religion,4,0,expert,v1,v1,"{""model"": ""Mistral-Nemo"", ""temperature"": 0, ""date"": ""2025-10-05T22:36:55.876197+00:00"", ""prompt_version"": ""v1"", ""persona"": ""expert""}"
"('philosophyofreligion', 'religion')",philosophy of religion,religion,4,0,phd,v1,v1,"{""model"": ""Mistral-Nemo"", ""temperature"": 0, ""date"": ""2025-10-05T22:36:57.352758+00:00"", ""prompt_version"": ""v1"", ""persona"": ""phd""}"
"('artificialintelligence', 'thinkingmachine')",thinking machine,artificial intelligence,4,0,course_taker,v1,v1,"{""model"": ""Mistral-Nemo"", ""temperature"": 0, ""date"": ""2025-10-05T22:36:58.745071+00:00"", ""prompt_version"": ""v1"", ""persona"": ""course_taker""}"
"('artificialintelligence', 'thinkingmachine')",thinking machine,artificial intelligence,4,0,expert,v1,v1,"{""model"": ""Mistral-Nemo"", ""temperature"": 0, ""date"": ""2025-10-05T22:37:00.132166+00:00"", ""prompt_version"": ""v1"", ""persona"": ""expert""}"
"('artificialintelligence', 'thinkingmachine')",thinking machine,artificial intelligence,4,0,phd,v1,v1,"{""model"": ""Mistral-Nemo"", ""temperature"": 0, ""date"": ""2025-10-05T22:37:01.513417+00:00"", ""prompt_version"": ""v1"", ""persona"": ""phd""}"
"('belief', 'philosophyofreligion')",philosophy of religion,belief,3,0,course_taker,v1,v1,"{""model"": ""Mistral-Nemo"", ""temperature"": 0, ""date"": ""2025-10-05T22:37:02.886290+00:00"", ""prompt_version"": ""v1"", ""persona"": ""course_taker""}"
"('belief', 'philosophyofreligion')",philosophy of religion,belief,3,0,expert,v1,v1,"{""model"": ""Mistral-Nemo"", ""temperature"": 0, ""date"": ""2025-10-05T22:37:04.218253+00:00"", ""prompt_version"": ""v1"", ""persona"": ""expert""}"
"('belief', 'philosophyofreligion')",philosophy of religion,belief,3,0,phd,v1,v1,"{""model"": ""Mistral-Nemo"", ""temperature"": 0, ""date"": ""2025-10-05T22:37:05.622526+00:00"", ""prompt_version"": ""v1"", ""persona"": ""phd""}"
"('chinesephilosophy', 'daoism')",chinese philosophy,daoism,4,0,course_taker,v1,v1,"{""model"": ""Mistral-Nemo"", ""temperature"": 0, ""date"": ""2025-10-05T22:37:06.986719+00:00"", ""prompt_version"": ""v1"", ""persona"": ""course_taker""}"
"('chinesephilosophy', 'daoism')",chinese philosophy,daoism,4,0,expert,v1,v1,"{""model"": ""Mistral-Nemo"", ""temperature"": 0, ""date"": ""2025-10-05T22:37:08.369851+00:00"", ""prompt_version"": ""v1"", ""persona"": ""expert""}"
"('chinesephilosophy', 'daoism')",chinese philosophy,daoism,4,0,phd,v1,v1,"{""model"": ""Mistral-Nemo"", ""temperature"": 0, ""date"": ""2025-10-05T22:37:09.733178+00:00"", ""prompt_version"": ""v1"", ""persona"": ""phd""}"
"('artificialintelligence', 'philosophyofcomputerscience')",artificial intelligence,philosophy of computer science,3,0,course_taker,v1,v1,"{""model"": ""Mistral-Nemo"", ""temperature"": 0, ""date"": ""2025-10-05T22:37:11.150703+00:00"", ""prompt_version"": ""v1"", ""persona"": ""course_taker""}"
"('artificialintelligence', 'philosophyofcomputerscience')",artificial intelligence,philosophy of computer science,3,0,expert,v1,v1,"{""model"": ""Mistral-Nemo"", ""temperature"": 0, ""date"": ""2025-10-05T22:37:12.543629+00:00"", ""prompt_version"": ""v1"", ""persona"": ""expert""}"
"('artificialintelligence', 'philosophyofcomputerscience')",artificial intelligence,philosophy of computer science,3,0,phd,v1,v1,"{""model"": ""Mistral-Nemo"", ""temperature"": 0, ""date"": ""2025-10-05T22:37:13.943926+00:00"", ""prompt_version"": ""v1"", ""persona"": ""phd""}"
"('cognitivescience', 'philosophyofscience')",cognitive science,philosophy of science,3,0,course_taker,v1,v1,"{""model"": ""Mistral-Nemo"", ""temperature"": 0, ""date"": ""2025-10-05T22:37:15.342328+00:00"", ""prompt_version"": ""v1"", ""persona"": ""course_taker""}"
"('cognitivescience', 'philosophyofscience')",cognitive science,philosophy of science,4,0,expert,v1,v1,"{""model"": ""Mistral-Nemo"", ""temperature"": 0, ""date"": ""2025-10-05T22:37:16.725994+00:00"", ""prompt_version"": ""v1"", ""persona"": ""expert""}"
"('cognitivescience', 'philosophyofscience')",cognitive science,philosophy of science,4,0,phd,v1,v1,"{""model"": ""Mistral-Nemo"", ""temperature"": 0, ""date"": ""2025-10-05T22:37:18.102587+00:00"", ""prompt_version"": ""v1"", ""persona"": ""phd""}"
"('philosophyofreligion', 'religiousdiversity')",philosophy of religion,religious diversity,3,0,course_taker,v1,v1,"{""model"": ""Mistral-Nemo"", ""temperature"": 0, ""date"": ""2025-10-05T22:37:19.476892+00:00"", ""prompt_version"": ""v1"", ""persona"": ""course_taker""}"
"('philosophyofreligion', 'religiousdiversity')",philosophy of religion,religious diversity,3,0,expert,v1,v1,"{""model"": ""Mistral-Nemo"", ""temperature"": 0, ""date"": ""2025-10-05T22:37:20.869943+00:00"", ""prompt_version"": ""v1"", ""persona"": ""expert""}"
"('philosophyofreligion', 'religiousdiversity')",philosophy of religion,religious diversity,3,0,phd,v1,v1,"{""model"": ""Mistral-Nemo"", ""temperature"": 0, ""date"": ""2025-10-05T22:37:22.266635+00:00"", ""prompt_version"": ""v1"", ""persona"": ""phd""}"
"('cognitivescience', 'mind')",cognitive science,mind,3,0,course_taker,v1,v1,"{""model"": ""Mistral-Nemo"", ""temperature"": 0, ""date"": ""2025-10-05T22:37:23.636710+00:00"", ""prompt_version"": ""v1"", ""persona"": ""course_taker""}"
"('cognitivescience', 'mind')",cognitive science,mind,4,0,expert,v1,v1,"{""model"": ""Mistral-Nemo"", ""temperature"": 0, ""date"": ""2025-10-05T22:37:25.323473+00:00"", ""prompt_version"": ""v1"", ""persona"": ""expert""}"
"('cognitivescience', 'mind')",cognitive science,mind,4,0,phd,v1,v1,"{""model"": ""Mistral-Nemo"", ""temperature"": 0, ""date"": ""2025-10-05T22:37:26.696008+00:00"", ""prompt_version"": ""v1"", ""persona"": ""phd""}"
"('japaneseconfucianphilosophy', 'japanesephilosophy')",japanese confucian philosophy,japanese philosophy,4,0,novice,v1,v1,"{""model"": ""Mistral-Nemo"", ""temperature"": 0, ""date"": ""2025-10-05T22:37:28.051935+00:00"", ""prompt_version"": ""v1"", ""persona"": ""novice""}"
"('japaneseconfucianphilosophy', 'japanesephilosophy')",japanese confucian philosophy,japanese philosophy,4,0,expert,v1,v1,"{""model"": ""Mistral-Nemo"", ""temperature"": 0, ""date"": ""2025-10-05T22:37:29.448288+00:00"", ""prompt_version"": ""v1"", ""persona"": ""expert""}"
"('japaneseconfucianphilosophy', 'japanesephilosophy')",japanese confucian philosophy,japanese philosophy,4,0,phd,v1,v1,"{""model"": ""Mistral-Nemo"", ""temperature"": 0, ""date"": ""2025-10-05T22:37:30.812400+00:00"", ""prompt_version"": ""v1"", ""persona"": ""phd""}"
"('artificialintelligence', 'logicandartificialintelligence')",artificial intelligence,logic and artificial intelligence,4,0,course_taker,v1,v1,"{""model"": ""Mistral-Nemo"", ""temperature"": 0, ""date"": ""2025-10-05T22:37:32.178845+00:00"", ""prompt_version"": ""v1"", ""persona"": ""course_taker""}"
"('artificialintelligence', 'logicandartificialintelligence')",artificial intelligence,logic and artificial intelligence,4,0,expert,v1,v1,"{""model"": ""Mistral-Nemo"", ""temperature"": 0, ""date"": ""2025-10-05T22:37:33.555650+00:00"", ""prompt_version"": ""v1"", ""persona"": ""expert""}"
"('artificialintelligence', 'logicandartificialintelligence')",artificial intelligence,logic and artificial intelligence,4,0,phd,v1,v1,"{""model"": ""Mistral-Nemo"", ""temperature"": 0, ""date"": ""2025-10-05T22:37:35.096294+00:00"", ""prompt_version"": ""v1"", ""persona"": ""phd""}"
"('cognitivescience', 'philosophyofmind')",cognitive science,philosophy of mind,4,0,course_taker,v1,v1,"{""model"": ""Mistral-Nemo"", ""temperature"": 0, ""date"": ""2025-10-05T22:37:36.453976+00:00"", ""prompt_version"": ""v1"", ""persona"": ""course_taker""}"
"('cognitivescience', 'philosophyofmind')",cognitive science,philosophy of mind,4,0,expert,v1,v1,"{""model"": ""Mistral-Nemo"", ""temperature"": 0, ""date"": ""2025-10-05T22:37:37.821961+00:00"", ""prompt_version"": ""v1"", ""persona"": ""expert""}"
"('cognitivescience', 'philosophyofmind')",cognitive science,philosophy of mind,4,0,phd,v1,v1,"{""model"": ""Mistral-Nemo"", ""temperature"": 0, ""date"": ""2025-10-05T22:37:39.305721+00:00"", ""prompt_version"": ""v1"", ""persona"": ""phd""}"
"('philosophyofmathematics', 'philosophyofscienceandthesciences')",philosophy of science and the sciences,philosophy of mathematics,4,2,course_taker,v1,v1,"{""model"": ""Mistral-Nemo"", ""temperature"": 0, ""date"": ""2025-10-05T22:37:40.728771+00:00"", ""prompt_version"": ""v1"", ""persona"": ""course_taker""}"
"('philosophyofmathematics', 'philosophyofscienceandthesciences')",philosophy of science and the sciences,philosophy of mathematics,4,2,expert,v1,v1,"{""model"": ""Mistral-Nemo"", ""temperature"": 0, ""date"": ""2025-10-05T22:37:42.147847+00:00"", ""prompt_version"": ""v1"", ""persona"": ""expert""}"
"('philosophyofmathematics', 'philosophyofscienceandthesciences')",philosophy of science and the sciences,philosophy of mathematics,3,1,phd,v1,v1,"{""model"": ""Mistral-Nemo"", ""temperature"": 0, ""date"": ""2025-10-05T22:37:43.497796+00:00"", ""prompt_version"": ""v1"", ""persona"": ""phd""}"
"('cognitivescience', 'connectionism')",connectionism,cognitive science,3,0,course_taker,v1,v1,"{""model"": ""Mistral-Nemo"", ""temperature"": 0, ""date"": ""2025-10-05T22:37:44.890083+00:00"", ""prompt_version"": ""v1"", ""persona"": ""course_taker""}"
"('cognitivescience', 'connectionism')",connectionism,cognitive science,3,0,expert,v1,v1,"{""model"": ""Mistral-Nemo"", ""temperature"": 0, ""date"": ""2025-10-05T22:37:46.239894+00:00"", ""prompt_version"": ""v1"", ""persona"": ""expert""}"
"('cognitivescience', 'connectionism')",connectionism,cognitive science,3,0,phd,v1,v1,"{""model"": ""Mistral-Nemo"", ""temperature"": 0, ""date"": ""2025-10-05T22:37:47.618924+00:00"", ""prompt_version"": ""v1"", ""persona"": ""phd""}"
"('feministphilosophyofreligion', 'philosophyofreligion')",philosophy of religion,feminist philosophy of religion,4,0,course_taker,v1,v1,"{""model"": ""Mistral-Nemo"", ""temperature"": 0, ""date"": ""2025-10-05T22:37:49.016876+00:00"", ""prompt_version"": ""v1"", ""persona"": ""course_taker""}"
"('feministphilosophyofreligion', 'philosophyofreligion')",philosophy of religion,feminist philosophy of religion,4,0,expert,v1,v1,"{""model"": ""Mistral-Nemo"", ""temperature"": 0, ""date"": ""2025-10-05T22:37:50.412666+00:00"", ""prompt_version"": ""v1"", ""persona"": ""expert""}"
"('feministphilosophyofreligion', 'philosophyofreligion')",philosophy of religion,feminist philosophy of religion,4,0,phd,v1,v1,"{""model"": ""Mistral-Nemo"", ""temperature"": 0, ""date"": ""2025-10-05T22:37:51.810356+00:00"", ""prompt_version"": ""v1"", ""persona"": ""phd""}"
"('philosophyofreligion', 'religionandscience')",philosophy of religion,religion and science,3,0,course_taker,v1,v1,"{""model"": ""Mistral-Nemo"", ""temperature"": 0, ""date"": ""2025-10-05T22:37:53.196465+00:00"", ""prompt_version"": ""v1"", ""persona"": ""course_taker""}"
"('philosophyofreligion', 'religionandscience')",philosophy of religion,religion and science,3,0,expert,v1,v1,"{""model"": ""Mistral-Nemo"", ""temperature"": 0, ""date"": ""2025-10-05T22:37:54.551336+00:00"", ""prompt_version"": ""v1"", ""persona"": ""expert""}"
"('philosophyofreligion', 'religionandscience')",philosophy of religion,religion and science,3,0,phd,v1,v1,"{""model"": ""Mistral-Nemo"", ""temperature"": 0, ""date"": ""2025-10-05T22:37:55.952424+00:00"", ""prompt_version"": ""v1"", ""persona"": ""phd""}"
"('chinesebuddhism', 'chinesephilosophy')",chinese buddhism,chinese philosophy,4,0,novice,v1,v1,"{""model"": ""Mistral-Nemo"", ""temperature"": 0, ""date"": ""2025-10-05T22:37:57.381107+00:00"", ""prompt_version"": ""v1"", ""persona"": ""novice""}"
"('chinesebuddhism', 'chinesephilosophy')",chinese buddhism,chinese philosophy,4,0,expert,v1,v1,"{""model"": ""Mistral-Nemo"", ""temperature"": 0, ""date"": ""2025-10-05T22:37:58.820304+00:00"", ""prompt_version"": ""v1"", ""persona"": ""expert""}"
"('chinesebuddhism', 'chinesephilosophy')",chinese buddhism,chinese philosophy,4,0,phd,v1,v1,"{""model"": ""Mistral-Nemo"", ""temperature"": 0, ""date"": ""2025-10-05T22:38:00.214525+00:00"", ""prompt_version"": ""v1"", ""persona"": ""phd""}"
"('cognitivescience', 'philosophyofpsychology')",cognitive science,philosophy of psychology,3,0,course_taker,v1,v1,"{""model"": ""Mistral-Nemo"", ""temperature"": 0, ""date"": ""2025-10-05T22:38:01.590138+00:00"", ""prompt_version"": ""v1"", ""persona"": ""course_taker""}"
"('cognitivescience', 'philosophyofpsychology')",cognitive science,philosophy of psychology,4,0,expert,v1,v1,"{""model"": ""Mistral-Nemo"", ""temperature"": 0, ""date"": ""2025-10-05T22:38:03.104621+00:00"", ""prompt_version"": ""v1"", ""persona"": ""expert""}"
"('cognitivescience', 'philosophyofpsychology')",cognitive science,philosophy of psychology,4,0,phd,v1,v1,"{""model"": ""Mistral-Nemo"", ""temperature"": 0, ""date"": ""2025-10-05T22:38:04.486726+00:00"", ""prompt_version"": ""v1"", ""persona"": ""phd""}"
"('cognitivescience', 'representation')",cognitive science,representation,4,0,course_taker,v1,v1,"{""model"": ""Mistral-Nemo"", ""temperature"": 0, ""date"": ""2025-10-05T22:38:05.920213+00:00"", ""prompt_version"": ""v1"", ""persona"": ""course_taker""}"
"('cognitivescience', 'representation')",cognitive science,representation,4,0,expert,v1,v1,"{""model"": ""Mistral-Nemo"", ""temperature"": 0, ""date"": ""2025-10-05T22:38:07.266935+00:00"", ""prompt_version"": ""v1"", ""persona"": ""expert""}"
"('cognitivescience', 'representation')",cognitive science,representation,4,0,phd,v1,v1,"{""model"": ""Mistral-Nemo"", ""temperature"": 0, ""date"": ""2025-10-05T22:38:08.718623+00:00"", ""prompt_version"": ""v1"", ""persona"": ""phd""}"
"('philosophyofscienceandthesciences', 'probabilityandstatistics')",philosophy of science and the sciences,probability and statistics,2,1,novice,v1,v1,"{""model"": ""Mistral-Nemo"", ""temperature"": 0, ""date"": ""2025-10-05T22:38:10.144671+00:00"", ""prompt_version"": ""v1"", ""persona"": ""novice""}"
"('philosophyofscienceandthesciences', 'probabilityandstatistics')",philosophy of science and the sciences,probability and statistics,3,1,expert,v1,v1,"{""model"": ""Mistral-Nemo"", ""temperature"": 0, ""date"": ""2025-10-05T22:38:12.319382+00:00"", ""prompt_version"": ""v1"", ""persona"": ""expert""}"
"('philosophyofscienceandthesciences', 'probabilityandstatistics')",philosophy of science and the sciences,probability and statistics,2,1,phd,v1,v1,"{""model"": ""Mistral-Nemo"", ""temperature"": 0, ""date"": ""2025-10-05T22:38:13.790347+00:00"", ""prompt_version"": ""v1"", ""persona"": ""phd""}"
"('artificialintelligence', 'logic')",artificial intelligence,logic,3,0,course_taker,v1,v1,"{""model"": ""Mistral-Nemo"", ""temperature"": 0, ""date"": ""2025-10-05T22:38:15.129149+00:00"", ""prompt_version"": ""v1"", ""persona"": ""course_taker""}"
"('artificialintelligence', 'logic')",artificial intelligence,logic,3,0,expert,v1,v1,"{""model"": ""Mistral-Nemo"", ""temperature"": 0, ""date"": ""2025-10-05T22:38:16.501488+00:00"", ""prompt_version"": ""v1"", ""persona"": ""expert""}"
"('artificialintelligence', 'logic')",artificial intelligence,logic,2,0,phd,v1,v1,"{""model"": ""Mistral-Nemo"", ""temperature"": 0, ""date"": ""2025-10-05T22:38:17.887533+00:00"", ""prompt_version"": ""v1"", ""persona"": ""phd""}"
"('bioethics', 'biomedicalethics')",biomedical ethics,bioethics,4,2,expert,v1,v1,"{""model"": ""Mistral-Nemo"", ""temperature"": 0, ""date"": ""2025-10-05T22:38:19.248550+00:00"", ""prompt_version"": ""v1"", ""persona"": ""expert""}"
"('bioethics', 'biomedicalethics')",biomedical ethics,bioethics,4,2,phd,v1,v1,"{""model"": ""Mistral-Nemo"", ""temperature"": 0, ""date"": ""2025-10-05T22:38:20.664372+00:00"", ""prompt_version"": ""v1"", ""persona"": ""phd""}"
"('mentalcontent', 'representation')",representation,mental content,4,0,expert,v1,v1,"{""model"": ""Mistral-Nemo"", ""temperature"": 0, ""date"": ""2025-10-05T22:38:22.109456+00:00"", ""prompt_version"": ""v1"", ""persona"": ""expert""}"
"('mentalcontent', 'representation')",representation,mental content,4,0,phd,v1,v1,"{""model"": ""Mistral-Nemo"", ""temperature"": 0, ""date"": ""2025-10-05T22:38:23.456283+00:00"", ""prompt_version"": ""v1"", ""persona"": ""phd""}"
"('cognitivescience', 'folkpsychology')",folk psychology,cognitive science,3,0,expert,v1,v1,"{""model"": ""Mistral-Nemo"", ""temperature"": 0, ""date"": ""2025-10-05T22:38:24.854960+00:00"", ""prompt_version"": ""v1"", ""persona"": ""expert""}"
"('cognitivescience', 'folkpsychology')",folk psychology,cognitive science,3,0,phd,v1,v1,"{""model"": ""Mistral-Nemo"", ""temperature"": 0, ""date"": ""2025-10-05T22:38:26.234358+00:00"", ""prompt_version"": ""v1"", ""persona"": ""phd""}"
"('aristotleonnoncontradiction', 'perception')",aristotle on non-contradiction,perception,2,0,expert,v1,v1,"{""model"": ""Mistral-Nemo"", ""temperature"": 0, ""date"": ""2025-10-05T22:38:27.614373+00:00"", ""prompt_version"": ""v1"", ""persona"": ""expert""}"
"('aristotleonnoncontradiction', 'perception')",aristotle on non-contradiction,perception,2,1,phd,v1,v1,"{""model"": ""Mistral-Nemo"", ""temperature"": 0, ""date"": ""2025-10-05T22:38:29.141680+00:00"", ""prompt_version"": ""v1"", ""persona"": ""phd""}"
"('epistemology', 'socialphilosophyandpoliticalphilosophy')",social philosophy and political philosophy,epistemology,2,1,expert,v1,v1,"{""model"": ""Mistral-Nemo"", ""temperature"": 0, ""date"": ""2025-10-05T22:38:30.525499+00:00"", ""prompt_version"": ""v1"", ""persona"": ""expert""}"
"('epistemology', 'socialphilosophyandpoliticalphilosophy')",social philosophy and political philosophy,epistemology,2,1,phd,v1,v1,"{""model"": ""Mistral-Nemo"", ""temperature"": 0, ""date"": ""2025-10-05T22:38:31.908987+00:00"", ""prompt_version"": ""v1"", ""persona"": ""phd""}"
"('epistemology', 'realism')",realism,epistemology,3,0,expert,v1,v1,"{""model"": ""Mistral-Nemo"", ""temperature"": 0, ""date"": ""2025-10-05T22:38:33.293500+00:00"", ""prompt_version"": ""v1"", ""persona"": ""expert""}"
"('epistemology', 'realism')",realism,epistemology,3,0,phd,v1,v1,"{""model"": ""Mistral-Nemo"", ""temperature"": 0, ""date"": ""2025-10-05T22:38:34.692803+00:00"", ""prompt_version"": ""v1"", ""persona"": ""phd""}"
"('epistemology', 'philosophiesoftheparticularsciences')",philosophies of the particular sciences,epistemology,3,0,expert,v1,v1,"{""model"": ""Mistral-Nemo"", ""temperature"": 0, ""date"": ""2025-10-05T22:38:36.011571+00:00"", ""prompt_version"": ""v1"", ""persona"": ""expert""}"
"('epistemology', 'philosophiesoftheparticularsciences')",philosophies of the particular sciences,epistemology,2,0,phd,v1,v1,"{""model"": ""Mistral-Nemo"", ""temperature"": 0, ""date"": ""2025-10-05T22:38:37.349463+00:00"", ""prompt_version"": ""v1"", ""persona"": ""phd""}"
"('metaphysics', 'realismandantirealism')",realism and anti-realism,metaphysics,4,0,expert,v1,v1,"{""model"": ""Mistral-Nemo"", ""temperature"": 0, ""date"": ""2025-10-05T22:38:38.784314+00:00"", ""prompt_version"": ""v1"", ""persona"": ""expert""}"
"('metaphysics', 'realismandantirealism')",realism and anti-realism,metaphysics,4,0,phd,v1,v1,"{""model"": ""Mistral-Nemo"", ""temperature"": 0, ""date"": ""2025-10-05T22:38:40.231126+00:00"", ""prompt_version"": ""v1"", ""persona"": ""phd""}"
"('einsteinsphilosophyofscience', 'philosophyofscienceandthesciences')",einstein's philosophy of science,philosophy of science and the sciences,4,0,expert,v1,v1,"{""model"": ""Mistral-Nemo"", ""temperature"": 0, ""date"": ""2025-10-05T22:38:41.600204+00:00"", ""prompt_version"": ""v1"", ""persona"": ""expert""}"
"('einsteinsphilosophyofscience', 'philosophyofscienceandthesciences')",einstein's philosophy of science,philosophy of science and the sciences,4,0,phd,v1,v1,"{""model"": ""Mistral-Nemo"", ""temperature"": 0, ""date"": ""2025-10-05T22:38:43.012155+00:00"", ""prompt_version"": ""v1"", ""persona"": ""phd""}"
"('medievaltheoriesofrelations', 'metaphysics')",medieval theories of relations,metaphysics,3,0,expert,v1,v1,"{""model"": ""Mistral-Nemo"", ""temperature"": 0, ""date"": ""2025-10-05T22:38:44.352254+00:00"", ""prompt_version"": ""v1"", ""persona"": ""expert""}"
"('medievaltheoriesofrelations', 'metaphysics')",medieval theories of relations,metaphysics,3,0,phd,v1,v1,"{""model"": ""Mistral-Nemo"", ""temperature"": 0, ""date"": ""2025-10-05T22:38:45.732185+00:00"", ""prompt_version"": ""v1"", ""persona"": ""phd""}"
"('epistemology', 'probability')",probability,epistemology,3,0,expert,v1,v1,"{""model"": ""Mistral-Nemo"", ""temperature"": 0, ""date"": ""2025-10-05T22:38:47.183505+00:00"", ""prompt_version"": ""v1"", ""persona"": ""expert""}"
"('epistemology', 'probability')",probability,epistemology,2,0,phd,v1,v1,"{""model"": ""Mistral-Nemo"", ""temperature"": 0, ""date"": ""2025-10-05T22:38:48.605407+00:00"", ""prompt_version"": ""v1"", ""persona"": ""phd""}"
"('epistemologicalproblemsoftestimony', 'epistemology')",epistemological problems of testimony,epistemology,4,0,expert,v1,v1,"{""model"": ""Mistral-Nemo"", ""temperature"": 0, ""date"": ""2025-10-05T22:38:50.007303+00:00"", ""prompt_version"": ""v1"", ""persona"": ""expert""}"
"('epistemologicalproblemsoftestimony', 'epistemology')",epistemological problems of testimony,epistemology,4,0,phd,v1,v1,"{""model"": ""Mistral-Nemo"", ""temperature"": 0, ""date"": ""2025-10-05T22:38:51.367630+00:00"", ""prompt_version"": ""v1"", ""persona"": ""phd""}"
"('epistemology', 'reliabilism')",reliabilism,epistemology,4,0,expert,v1,v1,"{""model"": ""Mistral-Nemo"", ""temperature"": 0, ""date"": ""2025-10-05T22:38:52.750341+00:00"", ""prompt_version"": ""v1"", ""persona"": ""expert""}"
"('epistemology', 'reliabilism')",reliabilism,epistemology,3,0,phd,v1,v1,"{""model"": ""Mistral-Nemo"", ""temperature"": 0, ""date"": ""2025-10-05T22:38:54.097675+00:00"", ""prompt_version"": ""v1"", ""persona"": ""phd""}"
"('connectionism', 'connectionistmodel')",connectionism,connectionist model,4,0,course_taker,v1,v1,"{""model"": ""Mistral-Nemo"", ""temperature"": 0, ""date"": ""2025-10-05T22:38:55.491601+00:00"", ""prompt_version"": ""v1"", ""persona"": ""course_taker""}"
"('connectionism', 'connectionistmodel')",connectionism,connectionist model,4,0,phd,v1,v1,"{""model"": ""Mistral-Nemo"", ""temperature"": 0, ""date"": ""2025-10-05T22:38:56.843840+00:00"", ""prompt_version"": ""v1"", ""persona"": ""phd""}"
"('japanesezenbuddhistphilosophy', 'philosophyofmind')",japanese zen buddhist philosophy,philosophy of mind,2,0,expert,v1,v1,"{""model"": ""Mistral-Nemo"", ""temperature"": 0, ""date"": ""2025-10-05T22:38:58.172993+00:00"", ""prompt_version"": ""v1"", ""persona"": ""expert""}"
"('japanesezenbuddhistphilosophy', 'philosophyofmind')",japanese zen buddhist philosophy,philosophy of mind,2,0,phd,v1,v1,"{""model"": ""Mistral-Nemo"", ""temperature"": 0, ""date"": ""2025-10-05T22:38:59.564095+00:00"", ""prompt_version"": ""v1"", ""persona"": ""phd""}"
"('autism', 'perception')",autism,perception,2,-1,expert,v1,v1,"{""model"": ""Mistral-Nemo"", ""temperature"": 0, ""date"": ""2025-10-05T22:39:00.933790+00:00"", ""prompt_version"": ""v1"", ""persona"": ""expert""}"
"('autism', 'perception')",autism,perception,2,-1,phd,v1,v1,"{""model"": ""Mistral-Nemo"", ""temperature"": 0, ""date"": ""2025-10-05T22:39:02.281023+00:00"", ""prompt_version"": ""v1"", ""persona"": ""phd""}"
"('internalismandexternalism', 'philosophyofmind')",internalism and externalism,philosophy of mind,4,0,expert,v1,v1,"{""model"": ""Mistral-Nemo"", ""temperature"": 0, ""date"": ""2025-10-05T22:39:03.651082+00:00"", ""prompt_version"": ""v1"", ""persona"": ""expert""}"
"('internalismandexternalism', 'philosophyofmind')",internalism and externalism,philosophy of mind,4,0,phd,v1,v1,"{""model"": ""Mistral-Nemo"", ""temperature"": 0, ""date"": ""2025-10-05T22:39:05.139683+00:00"", ""prompt_version"": ""v1"", ""persona"": ""phd""}"
"('knowledge', 'rationalismvsempiricism')",rationalism vs. empiricism,knowledge,4,0,expert,v1,v1,"{""model"": ""Mistral-Nemo"", ""temperature"": 0, ""date"": ""2025-10-05T22:39:06.794624+00:00"", ""prompt_version"": ""v1"", ""persona"": ""expert""}"
"('knowledge', 'rationalismvsempiricism')",rationalism vs. empiricism,knowledge,4,0,phd,v1,v1,"{""model"": ""Mistral-Nemo"", ""temperature"": 0, ""date"": ""2025-10-05T22:39:08.137991+00:00"", ""prompt_version"": ""v1"", ""persona"": ""phd""}"
"('higherordertheoriesofconsciousness', 'perception')",higher-order theories of consciousness,perception,4,0,expert,v1,v1,"{""model"": ""Mistral-Nemo"", ""temperature"": 0, ""date"": ""2025-10-05T22:39:09.506871+00:00"", ""prompt_version"": ""v1"", ""persona"": ""expert""}"
"('higherordertheoriesofconsciousness', 'perception')",higher-order theories of consciousness,perception,3,0,phd,v1,v1,"{""model"": ""Mistral-Nemo"", ""temperature"": 0, ""date"": ""2025-10-05T22:39:10.940900+00:00"", ""prompt_version"": ""v1"", ""persona"": ""phd""}"
"('artisticrepresentation', 'perception')",artistic representation,perception,2,0,expert,v1,v1,"{""model"": ""Mistral-Nemo"", ""temperature"": 0, ""date"": ""2025-10-05T22:39:12.290443+00:00"", ""prompt_version"": ""v1"", ""persona"": ""expert""}"
"('artisticrepresentation', 'perception')",artistic representation,perception,2,0,phd,v1,v1,"{""model"": ""Mistral-Nemo"", ""temperature"": 0, ""date"": ""2025-10-05T22:39:13.706370+00:00"", ""prompt_version"": ""v1"", ""persona"": ""phd""}"
"('chineseandwestern', 'chinesephilosophy')",chinese and western,chinese philosophy,4,1,novice,v1,v1,"{""model"": ""Mistral-Nemo"", ""temperature"": 0, ""date"": ""2025-10-05T22:39:15.146404+00:00"", ""prompt_version"": ""v1"", ""persona"": ""novice""}"
"('chineseandwestern', 'chinesephilosophy')",chinese and western,chinese philosophy,4,1,expert,v1,v1,"{""model"": ""Mistral-Nemo"", ""temperature"": 0, ""date"": ""2025-10-05T22:39:16.494867+00:00"", ""prompt_version"": ""v1"", ""persona"": ""expert""}"
"('philosophyofcomputerscience', 'philosophyofmathematics')",philosophy of computer science,philosophy of mathematics,4,2,course_taker,v1,v1,"{""model"": ""Mistral-Nemo"", ""temperature"": 0, ""date"": ""2025-10-05T22:39:17.859912+00:00"", ""prompt_version"": ""v1"", ""persona"": ""course_taker""}"
"('philosophyofcomputerscience', 'philosophyofmathematics')",philosophy of computer science,philosophy of mathematics,3,0,phd,v1,v1,"{""model"": ""Mistral-Nemo"", ""temperature"": 0, ""date"": ""2025-10-05T22:39:19.222885+00:00"", ""prompt_version"": ""v1"", ""persona"": ""phd""}"
"('epistemologicalproblemsoftestimony', 'perception')",epistemological problems of testimony,perception,2,0,expert,v1,v1,"{""model"": ""Mistral-Nemo"", ""temperature"": 0, ""date"": ""2025-10-05T22:39:20.576248+00:00"", ""prompt_version"": ""v1"", ""persona"": ""expert""}"
"('epistemologicalproblemsoftestimony', 'perception')",epistemological problems of testimony,perception,2,0,phd,v1,v1,"{""model"": ""Mistral-Nemo"", ""temperature"": 0, ""date"": ""2025-10-05T22:39:22.011620+00:00"", ""prompt_version"": ""v1"", ""persona"": ""phd""}"
"('everettsrelativestateformulationofquantummechanics', 'philosophyofmind')",everett's relative-state formulation of quantum mechanics,philosophy of mind,2,0,expert,v1,v1,"{""model"": ""Mistral-Nemo"", ""temperature"": 0, ""date"": ""2025-10-05T22:39:23.367716+00:00"", ""prompt_version"": ""v1"", ""persona"": ""expert""}"
"('everettsrelativestateformulationofquantummechanics', 'philosophyofmind')",everett's relative-state formulation of quantum mechanics,philosophy of mind,2,0,phd,v1,v1,"{""model"": ""Mistral-Nemo"", ""temperature"": 0, ""date"": ""2025-10-05T22:39:25.649490+00:00"", ""prompt_version"": ""v1"", ""persona"": ""phd""}"
"('consciousness', 'unityofconsciousness')",unity of consciousness,consciousness,4,0,expert,v1,v1,"{""model"": ""Mistral-Nemo"", ""temperature"": 0, ""date"": ""2025-10-05T22:39:27.014429+00:00"", ""prompt_version"": ""v1"", ""persona"": ""expert""}"
"('consciousness', 'unityofconsciousness')",unity of consciousness,consciousness,4,0,phd,v1,v1,"{""model"": ""Mistral-Nemo"", ""temperature"": 0, ""date"": ""2025-10-05T22:39:28.383077+00:00"", ""prompt_version"": ""v1"", ""persona"": ""phd""}"
"('foreknowledgeandfreewill', 'freewill')",foreknowledge and free will,free will,4,0,expert,v1,v1,"{""model"": ""Mistral-Nemo"", ""temperature"": 0, ""date"": ""2025-10-05T22:39:29.772175+00:00"", ""prompt_version"": ""v1"", ""persona"": ""expert""}"
"('foreknowledgeandfreewill', 'freewill')",foreknowledge and free will,free will,4,0,phd,v1,v1,"{""model"": ""Mistral-Nemo"", ""temperature"": 0, ""date"": ""2025-10-05T22:39:31.126438+00:00"", ""prompt_version"": ""v1"", ""persona"": ""phd""}"
"('aristotleslogic', 'metaphysics')",aristotle's logic,metaphysics,3,0,expert,v1,v1,"{""model"": ""Mistral-Nemo"", ""temperature"": 0, ""date"": ""2025-10-05T22:39:32.504697+00:00"", ""prompt_version"": ""v1"", ""persona"": ""expert""}"
"('aristotleslogic', 'metaphysics')",aristotle's logic,metaphysics,2,0,phd,v1,v1,"{""model"": ""Mistral-Nemo"", ""temperature"": 0, ""date"": ""2025-10-05T22:39:33.861322+00:00"", ""prompt_version"": ""v1"", ""persona"": ""phd""}"
"('intentionality', 'perception')",intentionality,perception,4,0,expert,v1,v1,"{""model"": ""Mistral-Nemo"", ""temperature"": 0, ""date"": ""2025-10-05T22:39:35.245076+00:00"", ""prompt_version"": ""v1"", ""persona"": ""expert""}"
"('intentionality', 'perception')",intentionality,perception,3,0,phd,v1,v1,"{""model"": ""Mistral-Nemo"", ""temperature"": 0, ""date"": ""2025-10-05T22:39:36.638194+00:00"", ""prompt_version"": ""v1"", ""persona"": ""phd""}"
"('philosophyandchristiantheology', 'philosophyofreligion')",philosophy and christian theology,philosophy of religion,4,1,expert,v1,v1,"{""model"": ""Mistral-Nemo"", ""temperature"": 0, ""date"": ""2025-10-05T22:39:38.391082+00:00"", ""prompt_version"": ""v1"", ""persona"": ""expert""}"
"('philosophyandchristiantheology', 'philosophyofreligion')",philosophy and christian theology,philosophy of religion,4,1,phd,v1,v1,"{""model"": ""Mistral-Nemo"", ""temperature"": 0, ""date"": ""2025-10-05T22:39:39.787723+00:00"", ""prompt_version"": ""v1"", ""persona"": ""phd""}"
"('computationallinguistics', 'perception')",computational linguistics,perception,2,0,expert,v1,v1,"{""model"": ""Mistral-Nemo"", ""temperature"": 0, ""date"": ""2025-10-05T22:39:41.160979+00:00"", ""prompt_version"": ""v1"", ""persona"": ""expert""}"
"('computationallinguistics', 'perception')",computational linguistics,perception,2,-1,phd,v1,v1,"{""model"": ""Mistral-Nemo"", ""temperature"": 0, ""date"": ""2025-10-05T22:39:42.538524+00:00"", ""prompt_version"": ""v1"", ""persona"": ""phd""}"
"('metaphysics', 'naturaltheology')",natural theology,metaphysics,3,0,expert,v1,v1,"{""model"": ""Mistral-Nemo"", ""temperature"": 0, ""date"": ""2025-10-05T22:39:43.923115+00:00"", ""prompt_version"": ""v1"", ""persona"": ""expert""}"
"('metaphysics', 'naturaltheology')",natural theology,metaphysics,3,0,phd,v1,v1,"{""model"": ""Mistral-Nemo"", ""temperature"": 0, ""date"": ""2025-10-05T22:39:45.325687+00:00"", ""prompt_version"": ""v1"", ""persona"": ""phd""}"
"('artificialintelligence', 'outputunit')",output unit,artificial intelligence,2,0,expert,v1,v1,"{""model"": ""Mistral-Nemo"", ""temperature"": 0, ""date"": ""2025-10-05T22:39:46.730814+00:00"", ""prompt_version"": ""v1"", ""persona"": ""expert""}"
"('artificialintelligence', 'outputunit')",output unit,artificial intelligence,2,0,phd,v1,v1,"{""model"": ""Mistral-Nemo"", ""temperature"": 0, ""date"": ""2025-10-05T22:39:48.080886+00:00"", ""prompt_version"": ""v1"", ""persona"": ""phd""}"
"('externalism', 'philosophyofmind')",externalism,philosophy of mind,4,0,expert,v1,v1,"{""model"": ""Mistral-Nemo"", ""temperature"": 0, ""date"": ""2025-10-05T22:39:49.463968+00:00"", ""prompt_version"": ""v1"", ""persona"": ""expert""}"
"('externalism', 'philosophyofmind')",externalism,philosophy of mind,3,0,phd,v1,v1,"{""model"": ""Mistral-Nemo"", ""temperature"": 0, ""date"": ""2025-10-05T22:39:50.819312+00:00"", ""prompt_version"": ""v1"", ""persona"": ""phd""}"
"('philosophyoflanguage', 'sentence')",sentence,philosophy of language,3,0,expert,v1,v1,"{""model"": ""Mistral-Nemo"", ""temperature"": 0, ""date"": ""2025-10-05T22:39:52.149673+00:00"", ""prompt_version"": ""v1"", ""persona"": ""expert""}"
"('philosophyoflanguage', 'sentence')",sentence,philosophy of language,4,0,phd,v1,v1,"{""model"": ""Mistral-Nemo"", ""temperature"": 0, ""date"": ""2025-10-05T22:39:53.553499+00:00"", ""prompt_version"": ""v1"", ""persona"": ""phd""}"
"('perception', 'selfknowledge')",self-knowledge,perception,3,0,expert,v1,v1,"{""model"": ""Mistral-Nemo"", ""temperature"": 0, ""date"": ""2025-10-05T22:39:54.936023+00:00"", ""prompt_version"": ""v1"", ""persona"": ""expert""}"
"('perception', 'selfknowledge')",self-knowledge,perception,2,0,phd,v1,v1,"{""model"": ""Mistral-Nemo"", ""temperature"": 0, ""date"": ""2025-10-05T22:39:56.302401+00:00"", ""prompt_version"": ""v1"", ""persona"": ""phd""}"
"('continuant', 'metaphysics')",continuant,metaphysics,2,0,expert,v1,v1,"{""model"": ""Mistral-Nemo"", ""temperature"": 0, ""date"": ""2025-10-05T22:39:57.702021+00:00"", ""prompt_version"": ""v1"", ""persona"": ""expert""}"
"('continuant', 'metaphysics')",continuant,metaphysics,2,0,phd,v1,v1,"{""model"": ""Mistral-Nemo"", ""temperature"": 0, ""date"": ""2025-10-05T22:39:59.178186+00:00"", ""prompt_version"": ""v1"", ""persona"": ""phd""}"
"('matter', 'philosophyofreligion')",matter,philosophy of religion,2,0,expert,v1,v1,"{""model"": ""Mistral-Nemo"", ""temperature"": 0, ""date"": ""2025-10-05T22:40:00.570722+00:00"", ""prompt_version"": ""v1"", ""persona"": ""expert""}"
"('matter', 'philosophyofreligion')",matter,philosophy of religion,2,0,phd,v1,v1,"{""model"": ""Mistral-Nemo"", ""temperature"": 0, ""date"": ""2025-10-05T22:40:01.966674+00:00"", ""prompt_version"": ""v1"", ""persona"": ""phd""}"
"('metaphysics', 'philosophyofart')",philosophy of art,metaphysics,2,0,expert,v1,v1,"{""model"": ""Mistral-Nemo"", ""temperature"": 0, ""date"": ""2025-10-05T22:40:03.456349+00:00"", ""prompt_version"": ""v1"", ""persona"": ""expert""}"
"('metaphysics', 'philosophyofart')",philosophy of art,metaphysics,2,0,phd,v1,v1,"{""model"": ""Mistral-Nemo"", ""temperature"": 0, ""date"": ""2025-10-05T22:40:04.793160+00:00"", ""prompt_version"": ""v1"", ""persona"": ""phd""}"
"('philosophyofscience', 'philosophyofsocialscience')",philosophy of social science,philosophy of science,4,0,expert,v1,v1,"{""model"": ""Mistral-Nemo"", ""temperature"": 0, ""date"": ""2025-10-05T22:40:06.131540+00:00"", ""prompt_version"": ""v1"", ""persona"": ""expert""}"
"('philosophyofscience', 'philosophyofsocialscience')",philosophy of social science,philosophy of science,4,0,phd,v1,v1,"{""model"": ""Mistral-Nemo"", ""temperature"": 0, ""date"": ""2025-10-05T22:40:07.513372+00:00"", ""prompt_version"": ""v1"", ""persona"": ""phd""}"
"('aesthetics', 'aestheticsandphilosophyofart')",aesthetics,aesthetics and philosophy of art,4,0,expert,v1,v1,"{""model"": ""Mistral-Nemo"", ""temperature"": 0, ""date"": ""2025-10-05T22:40:08.903045+00:00"", ""prompt_version"": ""v1"", ""persona"": ""expert""}"
"('aesthetics', 'aestheticsandphilosophyofart')",aesthetics,aesthetics and philosophy of art,4,0,phd,v1,v1,"{""model"": ""Mistral-Nemo"", ""temperature"": 0, ""date"": ""2025-10-05T22:40:10.336708+00:00"", ""prompt_version"": ""v1"", ""persona"": ""phd""}"
"('epistemology', 'probabilityandstatistics')",probability and statistics,epistemology,2,0,expert,v1,v1,"{""model"": ""Mistral-Nemo"", ""temperature"": 0, ""date"": ""2025-10-05T22:40:11.713682+00:00"", ""prompt_version"": ""v1"", ""persona"": ""expert""}"
"('epistemology', 'probabilityandstatistics')",probability and statistics,epistemology,2,0,phd,v1,v1,"{""model"": ""Mistral-Nemo"", ""temperature"": 0, ""date"": ""2025-10-05T22:40:13.186860+00:00"", ""prompt_version"": ""v1"", ""persona"": ""phd""}"
"('essenceandexistence', 'existence')",essence and existence,existence,4,0,expert,v1,v1,"{""model"": ""Mistral-Nemo"", ""temperature"": 0, ""date"": ""2025-10-05T22:40:14.718686+00:00"", ""prompt_version"": ""v1"", ""persona"": ""expert""}"
"('essenceandexistence', 'existence')",essence and existence,existence,4,0,phd,v1,v1,"{""model"": ""Mistral-Nemo"", ""temperature"": 0, ""date"": ""2025-10-05T22:40:16.109904+00:00"", ""prompt_version"": ""v1"", ""persona"": ""phd""}"
"('epistemology', 'foundationalism')",foundationalism,epistemology,4,0,expert,v1,v1,"{""model"": ""Mistral-Nemo"", ""temperature"": 0, ""date"": ""2025-10-05T22:40:17.665120+00:00"", ""prompt_version"": ""v1"", ""persona"": ""expert""}"
"('epistemology', 'foundationalism')",foundationalism,epistemology,4,0,phd,v1,v1,"{""model"": ""Mistral-Nemo"", ""temperature"": 0, ""date"": ""2025-10-05T22:40:19.019729+00:00"", ""prompt_version"": ""v1"", ""persona"": ""phd""}"
"('body', 'philosophyofmind')",body,philosophy of mind,3,0,expert,v1,v1,"{""model"": ""Mistral-Nemo"", ""temperature"": 0, ""date"": ""2025-10-05T22:40:20.386164+00:00"", ""prompt_version"": ""v1"", ""persona"": ""expert""}"
"('body', 'philosophyofmind')",body,philosophy of mind,3,0,phd,v1,v1,"{""model"": ""Mistral-Nemo"", ""temperature"": 0, ""date"": ""2025-10-05T22:40:22.584524+00:00"", ""prompt_version"": ""v1"", ""persona"": ""phd""}"
"('philosophyofcomputerscience', 'philosophyofscience')",philosophy of computer science,philosophy of science,4,0,course_taker,v1,v1,"{""model"": ""Mistral-Nemo"", ""temperature"": 0, ""date"": ""2025-10-05T22:40:24.007873+00:00"", ""prompt_version"": ""v1"", ""persona"": ""course_taker""}"
"('philosophyofcomputerscience', 'philosophyofscience')",philosophy of computer science,philosophy of science,4,0,phd,v1,v1,"{""model"": ""Mistral-Nemo"", ""temperature"": 0, ""date"": ""2025-10-05T22:40:25.509063+00:00"", ""prompt_version"": ""v1"", ""persona"": ""phd""}"
"('causalprocesses', 'causation')",causal processes,causation,4,0,expert,v1,v1,"{""model"": ""Mistral-Nemo"", ""temperature"": 0, ""date"": ""2025-10-05T22:40:26.888520+00:00"", ""prompt_version"": ""v1"", ""persona"": ""expert""}"
"('causalprocesses', 'causation')",causal processes,causation,4,0,phd,v1,v1,"{""model"": ""Mistral-Nemo"", ""temperature"": 0, ""date"": ""2025-10-05T22:40:28.249026+00:00"", ""prompt_version"": ""v1"", ""persona"": ""phd""}"
"('ethics', 'gametheoryinethics')",game theory in ethics,ethics,4,0,expert,v1,v1,"{""model"": ""Mistral-Nemo"", ""temperature"": 0, ""date"": ""2025-10-05T22:40:29.687606+00:00"", ""prompt_version"": ""v1"", ""persona"": ""expert""}"
"('ethics', 'gametheoryinethics')",game theory in ethics,ethics,4,0,phd,v1,v1,"{""model"": ""Mistral-Nemo"", ""temperature"": 0, ""date"": ""2025-10-05T22:40:31.083286+00:00"", ""prompt_version"": ""v1"", ""persona"": ""phd""}"
"('cognitivescience', 'kantsviewofthemindandconsciousnessofself')",kant's view of the mind and consciousness of self,cognitive science,2,0,expert,v1,v1,"{""model"": ""Mistral-Nemo"", ""temperature"": 0, ""date"": ""2025-10-05T22:40:32.437164+00:00"", ""prompt_version"": ""v1"", ""persona"": ""expert""}"
"('cognitivescience', 'kantsviewofthemindandconsciousnessofself')",kant's view of the mind and consciousness of self,cognitive science,2,1,phd,v1,v1,"{""model"": ""Mistral-Nemo"", ""temperature"": 0, ""date"": ""2025-10-05T22:40:33.804090+00:00"", ""prompt_version"": ""v1"", ""persona"": ""phd""}"
"('metaphysics', 'realism')",realism,metaphysics,4,0,expert,v1,v1,"{""model"": ""Mistral-Nemo"", ""temperature"": 0, ""date"": ""2025-10-05T22:40:35.157132+00:00"", ""prompt_version"": ""v1"", ""persona"": ""expert""}"
"('metaphysics', 'realism')",realism,metaphysics,4,0,phd,v1,v1,"{""model"": ""Mistral-Nemo"", ""temperature"": 0, ""date"": ""2025-10-05T22:40:36.518263+00:00"", ""prompt_version"": ""v1"", ""persona"": ""phd""}"
"('perception', 'sensedata')",sense-data,perception,4,0,expert,v1,v1,"{""model"": ""Mistral-Nemo"", ""temperature"": 0, ""date"": ""2025-10-05T22:40:37.889241+00:00"", ""prompt_version"": ""v1"", ""persona"": ""expert""}"
"('perception', 'sensedata')",sense-data,perception,4,0,phd,v1,v1,"{""model"": ""Mistral-Nemo"", ""temperature"": 0, ""date"": ""2025-10-05T22:40:39.270927+00:00"", ""prompt_version"": ""v1"", ""persona"": ""phd""}"
"('continentalphilosophy', 'philosophyofhistory')",philosophy of history,continental philosophy,2,0,expert,v1,v1,"{""model"": ""Mistral-Nemo"", ""temperature"": 0, ""date"": ""2025-10-05T22:40:40.611679+00:00"", ""prompt_version"": ""v1"", ""persona"": ""expert""}"
"('continentalphilosophy', 'philosophyofhistory')",philosophy of history,continental philosophy,2,0,phd,v1,v1,"{""model"": ""Mistral-Nemo"", ""temperature"": 0, ""date"": ""2025-10-05T22:40:41.944417+00:00"", ""prompt_version"": ""v1"", ""persona"": ""phd""}"
"('cognitivescience', 'mentalimagery')",mental imagery,cognitive science,3,0,expert,v1,v1,"{""model"": ""Mistral-Nemo"", ""temperature"": 0, ""date"": ""2025-10-05T22:40:43.320778+00:00"", ""prompt_version"": ""v1"", ""persona"": ""expert""}"
"('cognitivescience', 'mentalimagery')",mental imagery,cognitive science,3,0,phd,v1,v1,"{""model"": ""Mistral-Nemo"", ""temperature"": 0, ""date"": ""2025-10-05T22:40:44.690698+00:00"", ""prompt_version"": ""v1"", ""persona"": ""phd""}"
"('humeonreligion', 'philosophyofreligion')",hume on religion,philosophy of religion,4,0,expert,v1,v1,"{""model"": ""Mistral-Nemo"", ""temperature"": 0, ""date"": ""2025-10-05T22:40:46.057549+00:00"", ""prompt_version"": ""v1"", ""persona"": ""expert""}"
"('humeonreligion', 'philosophyofreligion')",hume on religion,philosophy of religion,4,0,phd,v1,v1,"{""model"": ""Mistral-Nemo"", ""temperature"": 0, ""date"": ""2025-10-05T22:40:47.430242+00:00"", ""prompt_version"": ""v1"", ""persona"": ""phd""}"
"('epistemology', 'justifiedtruebelief')",justified true belief,epistemology,4,0,expert,v1,v1,"{""model"": ""Mistral-Nemo"", ""temperature"": 0, ""date"": ""2025-10-05T22:40:48.806974+00:00"", ""prompt_version"": ""v1"", ""persona"": ""expert""}"
"('epistemology', 'justifiedtruebelief')",justified true belief,epistemology,4,0,phd,v1,v1,"{""model"": ""Mistral-Nemo"", ""temperature"": 0, ""date"": ""2025-10-05T22:40:50.207118+00:00"", ""prompt_version"": ""v1"", ""persona"": ""phd""}"
"('bioethics', 'cloning')",cloning,bioethics,3,0,expert,v1,v1,"{""model"": ""Mistral-Nemo"", ""temperature"": 0, ""date"": ""2025-10-05T22:40:51.560028+00:00"", ""prompt_version"": ""v1"", ""persona"": ""expert""}"
"('bioethics', 'cloning')",cloning,bioethics,3,0,phd,v1,v1,"{""model"": ""Mistral-Nemo"", ""temperature"": 0, ""date"": ""2025-10-05T22:40:52.925295+00:00"", ""prompt_version"": ""v1"", ""persona"": ""phd""}"
"('epistemology', 'knowledge')",knowledge,epistemology,4,0,expert,v1,v1,"{""model"": ""Mistral-Nemo"", ""temperature"": 0, ""date"": ""2025-10-05T22:40:54.284947+00:00"", ""prompt_version"": ""v1"", ""persona"": ""expert""}"
"('epistemology', 'knowledge')",knowledge,epistemology,4,0,phd,v1,v1,"{""model"": ""Mistral-Nemo"", ""temperature"": 0, ""date"": ""2025-10-05T22:40:55.666437+00:00"", ""prompt_version"": ""v1"", ""persona"": ""phd""}"
"('civildisobedience', 'philosophyoflaw')",philosophy of law,civil disobedience,3,0,novice,v1,v1,"{""model"": ""Mistral-Nemo"", ""temperature"": 0, ""date"": ""2025-10-05T22:40:57.019244+00:00"", ""prompt_version"": ""v1"", ""persona"": ""novice""}"
"('civildisobedience', 'philosophyoflaw')",philosophy of law,civil disobedience,2,1,phd,v1,v1,"{""model"": ""Mistral-Nemo"", ""temperature"": 0, ""date"": ""2025-10-05T22:40:59.333260+00:00"", ""prompt_version"": ""v1"", ""persona"": ""phd""}"
"('emergence', 'panpsychism')",panpsychism,emergence,2,1,expert,v1,v1,"{""model"": ""Mistral-Nemo"", ""temperature"": 0, ""date"": ""2025-10-05T22:41:00.786506+00:00"", ""prompt_version"": ""v1"", ""persona"": ""expert""}"
"('emergence', 'panpsychism')",panpsychism,emergence,2,1,phd,v1,v1,"{""model"": ""Mistral-Nemo"", ""temperature"": 0, ""date"": ""2025-10-05T22:41:02.169934+00:00"", ""prompt_version"": ""v1"", ""persona"": ""phd""}"
"('kantsphilosophyofscience', 'metaphysics')",kant's philosophy of science,metaphysics,3,0,expert,v1,v1,"{""model"": ""Mistral-Nemo"", ""temperature"": 0, ""date"": ""2025-10-05T22:41:03.581815+00:00"", ""prompt_version"": ""v1"", ""persona"": ""expert""}"
"('kantsphilosophyofscience', 'metaphysics')",kant's philosophy of science,metaphysics,2,0,phd,v1,v1,"{""model"": ""Mistral-Nemo"", ""temperature"": 0, ""date"": ""2025-10-05T22:41:04.946338+00:00"", ""prompt_version"": ""v1"", ""persona"": ""phd""}"
"('historyoflogic', 'medievallogic')",medieval logic,history of logic,3,0,novice,v1,v1,"{""model"": ""Mistral-Nemo"", ""temperature"": 0, ""date"": ""2025-10-05T22:41:06.314149+00:00"", ""prompt_version"": ""v1"", ""persona"": ""novice""}"
"('historyoflogic', 'medievallogic')",medieval logic,history of logic,4,0,phd,v1,v1,"{""model"": ""Mistral-Nemo"", ""temperature"": 0, ""date"": ""2025-10-05T22:41:07.677647+00:00"", ""prompt_version"": ""v1"", ""persona"": ""phd""}"
"('idiolects', 'philosophyoflanguage')",idiolects,philosophy of language,3,0,expert,v1,v1,"{""model"": ""Mistral-Nemo"", ""temperature"": 0, ""date"": ""2025-10-05T22:41:09.106892+00:00"", ""prompt_version"": ""v1"", ""persona"": ""expert""}"
"('idiolects', 'philosophyoflanguage')",idiolects,philosophy of language,3,0,phd,v1,v1,"{""model"": ""Mistral-Nemo"", ""temperature"": 0, ""date"": ""2025-10-05T22:41:10.546502+00:00"", ""prompt_version"": ""v1"", ""persona"": ""phd""}"
"('divineillumination', 'philosophyofmind')",divine illumination,philosophy of mind,2,0,expert,v1,v1,"{""model"": ""Mistral-Nemo"", ""temperature"": 0, ""date"": ""2025-10-05T22:41:11.904448+00:00"", ""prompt_version"": ""v1"", ""persona"": ""expert""}"
"('divineillumination', 'philosophyofmind')",divine illumination,philosophy of mind,2,0,phd,v1,v1,"{""model"": ""Mistral-Nemo"", ""temperature"": 0, ""date"": ""2025-10-05T22:41:13.262754+00:00"", ""prompt_version"": ""v1"", ""persona"": ""phd""}"
"('consciousness', 'consciousnessandintentionality')",consciousness and intentionality,consciousness,4,0,expert,v1,v1,"{""model"": ""Mistral-Nemo"", ""temperature"": 0, ""date"": ""2025-10-05T22:41:14.673997+00:00"", ""prompt_version"": ""v1"", ""persona"": ""expert""}"
"('consciousness', 'consciousnessandintentionality')",consciousness and intentionality,consciousness,4,0,phd,v1,v1,"{""model"": ""Mistral-Nemo"", ""temperature"": 0, ""date"": ""2025-10-05T22:41:15.993450+00:00"", ""prompt_version"": ""v1"", ""persona"": ""phd""}"
"('ethnocentrism', 'philosophyofreligion')",ethnocentrism,philosophy of religion,2,0,expert,v1,v1,"{""model"": ""Mistral-Nemo"", ""temperature"": 0, ""date"": ""2025-10-05T22:41:17.479932+00:00"", ""prompt_version"": ""v1"", ""persona"": ""expert""}"
"('ethnocentrism', 'philosophyofreligion')",ethnocentrism,philosophy of religion,2,0,phd,v1,v1,"{""model"": ""Mistral-Nemo"", ""temperature"": 0, ""date"": ""2025-10-05T22:41:18.837588+00:00"", ""prompt_version"": ""v1"", ""persona"": ""phd""}"
"('foundationalism', 'skepticism')",foundationalism,skepticism,2,1,expert,v1,v1,"{""model"": ""Mistral-Nemo"", ""temperature"": 0, ""date"": ""2025-10-05T22:41:20.248699+00:00"", ""prompt_version"": ""v1"", ""persona"": ""expert""}"
"('foundationalism', 'skepticism')",foundationalism,skepticism,2,1,phd,v1,v1,"{""model"": ""Mistral-Nemo"", ""temperature"": 0, ""date"": ""2025-10-05T22:41:21.666252+00:00"", ""prompt_version"": ""v1"", ""persona"": ""phd""}"
"('folkpsychology', 'philosophyofmind')",folk psychology,philosophy of mind,4,0,expert,v1,v1,"{""model"": ""Mistral-Nemo"", ""temperature"": 0, ""date"": ""2025-10-05T22:41:23.039688+00:00"", ""prompt_version"": ""v1"", ""persona"": ""expert""}"
"('folkpsychology', 'philosophyofmind')",folk psychology,philosophy of mind,4,0,phd,v1,v1,"{""model"": ""Mistral-Nemo"", ""temperature"": 0, ""date"": ""2025-10-05T22:41:24.389456+00:00"", ""prompt_version"": ""v1"", ""persona"": ""phd""}"
"('perception', 'qualia')",qualia,perception,4,0,expert,v1,v1,"{""model"": ""Mistral-Nemo"", ""temperature"": 0, ""date"": ""2025-10-05T22:41:25.732192+00:00"", ""prompt_version"": ""v1"", ""persona"": ""expert""}"
"('perception', 'qualia')",qualia,perception,4,0,phd,v1,v1,"{""model"": ""Mistral-Nemo"", ""temperature"": 0, ""date"": ""2025-10-05T22:41:27.138323+00:00"", ""prompt_version"": ""v1"", ""persona"": ""phd""}"
"('metaphysics', 'motionandtime')",motion and time,metaphysics,2,0,expert,v1,v1,"{""model"": ""Mistral-Nemo"", ""temperature"": 0, ""date"": ""2025-10-05T22:41:28.563829+00:00"", ""prompt_version"": ""v1"", ""persona"": ""expert""}"
"('metaphysics', 'motionandtime')",motion and time,metaphysics,2,0,phd,v1,v1,"{""model"": ""Mistral-Nemo"", ""temperature"": 0, ""date"": ""2025-10-05T22:41:29.933463+00:00"", ""prompt_version"": ""v1"", ""persona"": ""phd""}"
"('metaphysics', 'naturalphilosophy')",natural philosophy,metaphysics,4,0,expert,v1,v1,"{""model"": ""Mistral-Nemo"", ""temperature"": 0, ""date"": ""2025-10-05T22:41:31.363542+00:00"", ""prompt_version"": ""v1"", ""persona"": ""expert""}"
"('metaphysics', 'naturalphilosophy')",natural philosophy,metaphysics,4,1,phd,v1,v1,"{""model"": ""Mistral-Nemo"", ""temperature"": 0, ""date"": ""2025-10-05T22:41:32.702814+00:00"", ""prompt_version"": ""v1"", ""persona"": ""phd""}"
"('pantheism', 'philosophyofreligion')",pantheism,philosophy of religion,3,0,expert,v1,v1,"{""model"": ""Mistral-Nemo"", ""temperature"": 0, ""date"": ""2025-10-05T22:41:34.115361+00:00"", ""prompt_version"": ""v1"", ""persona"": ""expert""}"
"('pantheism', 'philosophyofreligion')",pantheism,philosophy of religion,3,0,phd,v1,v1,"{""model"": ""Mistral-Nemo"", ""temperature"": 0, ""date"": ""2025-10-05T22:41:35.458683+00:00"", ""prompt_version"": ""v1"", ""persona"": ""phd""}"
"('epistemology', 'naturalizedepistemology')",naturalized epistemology,epistemology,4,0,expert,v1,v1,"{""model"": ""Mistral-Nemo"", ""temperature"": 0, ""date"": ""2025-10-05T22:41:36.794325+00:00"", ""prompt_version"": ""v1"", ""persona"": ""expert""}"
"('epistemology', 'naturalizedepistemology')",naturalized epistemology,epistemology,4,0,phd,v1,v1,"{""model"": ""Mistral-Nemo"", ""temperature"": 0, ""date"": ""2025-10-05T22:41:38.199016+00:00"", ""prompt_version"": ""v1"", ""persona"": ""phd""}"
"('logos', 'perception')",logos,perception,2,1,expert,v1,v1,"{""model"": ""Mistral-Nemo"", ""temperature"": 0, ""date"": ""2025-10-05T22:41:39.582290+00:00"", ""prompt_version"": ""v1"", ""persona"": ""expert""}"
"('logos', 'perception')",logos,perception,2,1,phd,v1,v1,"{""model"": ""Mistral-Nemo"", ""temperature"": 0, ""date"": ""2025-10-05T22:41:40.970388+00:00"", ""prompt_version"": ""v1"", ""persona"": ""phd""}"
"('analyticfeminism', 'metaphysics')",analytic feminism,metaphysics,2,0,expert,v1,v1,"{""model"": ""Mistral-Nemo"", ""temperature"": 0, ""date"": ""2025-10-05T22:41:42.393681+00:00"", ""prompt_version"": ""v1"", ""persona"": ""expert""}"
"('analyticfeminism', 'metaphysics')",analytic feminism,metaphysics,2,0,phd,v1,v1,"{""model"": ""Mistral-Nemo"", ""temperature"": 0, ""date"": ""2025-10-05T22:41:43.759555+00:00"", ""prompt_version"": ""v1"", ""persona"": ""phd""}"
"('chinesephilosophy', 'chinesewesterncomparativephilosophy')",chinese-western comparative philosophy,chinese philosophy,4,0,expert,v1,v1,"{""model"": ""Mistral-Nemo"", ""temperature"": 0, ""date"": ""2025-10-05T22:41:45.115312+00:00"", ""prompt_version"": ""v1"", ""persona"": ""expert""}"
"('chinesephilosophy', 'chinesewesterncomparativephilosophy')",chinese-western comparative philosophy,chinese philosophy,4,0,phd,v1,v1,"{""model"": ""Mistral-Nemo"", ""temperature"": 0, ""date"": ""2025-10-05T22:41:46.462058+00:00"", ""prompt_version"": ""v1"", ""persona"": ""phd""}"
"('koreanphilosophy', 'perception')",korean philosophy,perception,2,-1,expert,v1,v1,"{""model"": ""Mistral-Nemo"", ""temperature"": 0, ""date"": ""2025-10-05T22:41:47.819427+00:00"", ""prompt_version"": ""v1"", ""persona"": ""expert""}"
"('koreanphilosophy', 'perception')",korean philosophy,perception,2,-1,phd,v1,v1,"{""model"": ""Mistral-Nemo"", ""temperature"": 0, ""date"": ""2025-10-05T22:41:49.243657+00:00"", ""prompt_version"": ""v1"", ""persona"": ""phd""}"
"('originofaesthetic', 'philosophyofmind')",origin of aesthetic,philosophy of mind,2,0,expert,v1,v1,"{""model"": ""Mistral-Nemo"", ""temperature"": 0, ""date"": ""2025-10-05T22:41:50.595612+00:00"", ""prompt_version"": ""v1"", ""persona"": ""expert""}"
"('originofaesthetic', 'philosophyofmind')",origin of aesthetic,philosophy of mind,2,0,phd,v1,v1,"{""model"": ""Mistral-Nemo"", ""temperature"": 0, ""date"": ""2025-10-05T22:41:51.980432+00:00"", ""prompt_version"": ""v1"", ""persona"": ""phd""}"
"('connectionism', 'trainingset')",connectionism,training set,2,0,course_taker,v1,v1,"{""model"": ""Mistral-Nemo"", ""temperature"": 0, ""date"": ""2025-10-05T22:41:53.325231+00:00"", ""prompt_version"": ""v1"", ""persona"": ""course_taker""}"
"('connectionism', 'trainingset')",connectionism,training set,3,0,phd,v1,v1,"{""model"": ""Mistral-Nemo"", ""temperature"": 0, ""date"": ""2025-10-05T22:41:54.792258+00:00"", ""prompt_version"": ""v1"", ""persona"": ""phd""}"
"('evolution', 'unitsandlevelsofselection')",units and levels of selection,evolution,4,0,expert,v1,v1,"{""model"": ""Mistral-Nemo"", ""temperature"": 0, ""date"": ""2025-10-05T22:41:56.137729+00:00"", ""prompt_version"": ""v1"", ""persona"": ""expert""}"
"('evolution', 'unitsandlevelsofselection')",units and levels of selection,evolution,4,0,phd,v1,v1,"{""model"": ""Mistral-Nemo"", ""temperature"": 0, ""date"": ""2025-10-05T22:41:57.488418+00:00"", ""prompt_version"": ""v1"", ""persona"": ""phd""}"
"('consciousness', 'consciousnessandcontent')",consciousness and content,consciousness,4,0,expert,v1,v1,"{""model"": ""Mistral-Nemo"", ""temperature"": 0, ""date"": ""2025-10-05T22:41:58.862782+00:00"", ""prompt_version"": ""v1"", ""persona"": ""expert""}"
"('consciousness', 'consciousnessandcontent')",consciousness and content,consciousness,4,0,phd,v1,v1,"{""model"": ""Mistral-Nemo"", ""temperature"": 0, ""date"": ""2025-10-05T22:42:00.263153+00:00"", ""prompt_version"": ""v1"", ""persona"": ""phd""}"
"('perception', 'philosophyofphysics')",philosophy of physics,perception,2,0,expert,v1,v1,"{""model"": ""Mistral-Nemo"", ""temperature"": 0, ""date"": ""2025-10-05T22:42:01.945018+00:00"", ""prompt_version"": ""v1"", ""persona"": ""expert""}"
"('perception', 'philosophyofphysics')",philosophy of physics,perception,2,0,phd,v1,v1,"{""model"": ""Mistral-Nemo"", ""temperature"": 0, ""date"": ""2025-10-05T22:42:03.310289+00:00"", ""prompt_version"": ""v1"", ""persona"": ""phd""}"
"('dynamicalsystem', 'supertasks')",supertasks,dynamical system,2,0,expert,v1,v1,"{""model"": ""Mistral-Nemo"", ""temperature"": 0, ""date"": ""2025-10-05T22:42:04.875791+00:00"", ""prompt_version"": ""v1"", ""persona"": ""expert""}"
"('dynamicalsystem', 'supertasks')",supertasks,dynamical system,2,0,phd,v1,v1,"{""model"": ""Mistral-Nemo"", ""temperature"": 0, ""date"": ""2025-10-05T22:42:06.249429+00:00"", ""prompt_version"": ""v1"", ""persona"": ""phd""}"
"('modularity', 'philosophyofmind')",modularity,philosophy of mind,2,0,expert,v1,v1,"{""model"": ""Mistral-Nemo"", ""temperature"": 0, ""date"": ""2025-10-05T22:42:07.628711+00:00"", ""prompt_version"": ""v1"", ""persona"": ""expert""}"
"('modularity', 'philosophyofmind')",modularity,philosophy of mind,2,0,phd,v1,v1,"{""model"": ""Mistral-Nemo"", ""temperature"": 0, ""date"": ""2025-10-05T22:42:09.011479+00:00"", ""prompt_version"": ""v1"", ""persona"": ""phd""}"
"('logic', 'philosophyofmathematics')",logic,philosophy of mathematics,3,0,course_taker,v1,v1,"{""model"": ""Mistral-Nemo"", ""temperature"": 0, ""date"": ""2025-10-05T22:42:10.368411+00:00"", ""prompt_version"": ""v1"", ""persona"": ""course_taker""}"
"('logic', 'philosophyofmathematics')",logic,philosophy of mathematics,3,0,phd,v1,v1,"{""model"": ""Mistral-Nemo"", ""temperature"": 0, ""date"": ""2025-10-05T22:42:11.709442+00:00"", ""prompt_version"": ""v1"", ""persona"": ""phd""}"
"('defeasiblereasoning', 'epistemology')",defeasible reasoning,epistemology,3,0,expert,v1,v1,"{""model"": ""Mistral-Nemo"", ""temperature"": 0, ""date"": ""2025-10-05T22:42:13.060615+00:00"", ""prompt_version"": ""v1"", ""persona"": ""expert""}"
"('defeasiblereasoning', 'epistemology')",defeasible reasoning,epistemology,2,0,phd,v1,v1,"{""model"": ""Mistral-Nemo"", ""temperature"": 0, ""date"": ""2025-10-05T22:42:14.440109+00:00"", ""prompt_version"": ""v1"", ""persona"": ""phd""}"
"('descartesontologicalargument', 'perception')",descartes' ontological argument,perception,2,0,expert,v1,v1,"{""model"": ""Mistral-Nemo"", ""temperature"": 0, ""date"": ""2025-10-05T22:42:15.766908+00:00"", ""prompt_version"": ""v1"", ""persona"": ""expert""}"
"('descartesontologicalargument', 'perception')",descartes' ontological argument,perception,2,1,phd,v1,v1,"{""model"": ""Mistral-Nemo"", ""temperature"": 0, ""date"": ""2025-10-05T22:42:17.120393+00:00"", ""prompt_version"": ""v1"", ""persona"": ""phd""}"
"('bioethics', 'feministbioethics')",feminist bioethics,bioethics,4,0,expert,v1,v1,"{""model"": ""Mistral-Nemo"", ""temperature"": 0, ""date"": ""2025-10-05T22:42:18.507751+00:00"", ""prompt_version"": ""v1"", ""persona"": ""expert""}"
"('bioethics', 'feministbioethics')",feminist bioethics,bioethics,4,0,phd,v1,v1,"{""model"": ""Mistral-Nemo"", ""temperature"": 0, ""date"": ""2025-10-05T22:42:19.921111+00:00"", ""prompt_version"": ""v1"", ""persona"": ""phd""}"
"('justifiedtruebelief', 'perception')",justified true belief,perception,2,1,expert,v1,v1,"{""model"": ""Mistral-Nemo"", ""temperature"": 0, ""date"": ""2025-10-05T22:42:21.262178+00:00"", ""prompt_version"": ""v1"", ""persona"": ""expert""}"
"('justifiedtruebelief', 'perception')",justified true belief,perception,2,1,phd,v1,v1,"{""model"": ""Mistral-Nemo"", ""temperature"": 0, ""date"": ""2025-10-05T22:42:22.642710+00:00"", ""prompt_version"": ""v1"", ""persona"": ""phd""}"
"('philosophyofreligion', 'polytheism')",polytheism,philosophy of religion,3,0,expert,v1,v1,"{""model"": ""Mistral-Nemo"", ""temperature"": 0, ""date"": ""2025-10-05T22:42:24.066155+00:00"", ""prompt_version"": ""v1"", ""persona"": ""expert""}"
"('philosophyofreligion', 'polytheism')",polytheism,philosophy of religion,2,0,phd,v1,v1,"{""model"": ""Mistral-Nemo"", ""temperature"": 0, ""date"": ""2025-10-05T22:42:25.460222+00:00"", ""prompt_version"": ""v1"", ""persona"": ""phd""}"
"('philosophyofmind', 'philosophyofpsychology')",philosophy of psychology,philosophy of mind,4,0,expert,v1,v1,"{""model"": ""Mistral-Nemo"", ""temperature"": 0, ""date"": ""2025-10-05T22:42:26.828683+00:00"", ""prompt_version"": ""v1"", ""persona"": ""expert""}"
"('philosophyofmind', 'philosophyofpsychology')",philosophy of psychology,philosophy of mind,4,0,phd,v1,v1,"{""model"": ""Mistral-Nemo"", ""temperature"": 0, ""date"": ""2025-10-05T22:42:28.194955+00:00"", ""prompt_version"": ""v1"", ""persona"": ""phd""}"
"('metaphysics', 'philosophyofscienceandthesciences')",philosophy of science and the sciences,metaphysics,2,0,expert,v1,v1,"{""model"": ""Mistral-Nemo"", ""temperature"": 0, ""date"": ""2025-10-05T22:42:29.604193+00:00"", ""prompt_version"": ""v1"", ""persona"": ""expert""}"
"('metaphysics', 'philosophyofscienceandthesciences')",philosophy of science and the sciences,metaphysics,2,0,phd,v1,v1,"{""model"": ""Mistral-Nemo"", ""temperature"": 0, ""date"": ""2025-10-05T22:42:30.946218+00:00"", ""prompt_version"": ""v1"", ""persona"": ""phd""}"
"('consciousness', 'phenomenalconsciousness')",phenomenal consciousness,consciousness,4,0,expert,v1,v1,"{""model"": ""Mistral-Nemo"", ""temperature"": 0, ""date"": ""2025-10-05T22:42:32.342048+00:00"", ""prompt_version"": ""v1"", ""persona"": ""expert""}"
"('consciousness', 'phenomenalconsciousness')",phenomenal consciousness,consciousness,4,0,phd,v1,v1,"{""model"": ""Mistral-Nemo"", ""temperature"": 0, ""date"": ""2025-10-05T22:42:33.699371+00:00"", ""prompt_version"": ""v1"", ""persona"": ""phd""}"
"('artificialintelligence', 'logicandcomputation')",logic and computation,artificial intelligence,4,0,expert,v1,v1,"{""model"": ""Mistral-Nemo"", ""temperature"": 0, ""date"": ""2025-10-05T22:42:35.088386+00:00"", ""prompt_version"": ""v1"", ""persona"": ""expert""}"
"('artificialintelligence', 'logicandcomputation')",logic and computation,artificial intelligence,4,0,phd,v1,v1,"{""model"": ""Mistral-Nemo"", ""temperature"": 0, ""date"": ""2025-10-05T22:42:36.470428+00:00"", ""prompt_version"": ""v1"", ""persona"": ""phd""}"
"('analysis', 'philosophyofmathematics')",analysis,philosophy of mathematics,3,0,expert,v1,v1,"{""model"": ""Mistral-Nemo"", ""temperature"": 0, ""date"": ""2025-10-05T22:42:37.916057+00:00"", ""prompt_version"": ""v1"", ""persona"": ""expert""}"
"('analysis', 'philosophyofmathematics')",analysis,philosophy of mathematics,2,0,phd,v1,v1,"{""model"": ""Mistral-Nemo"", ""temperature"": 0, ""date"": ""2025-10-05T22:42:39.272813+00:00"", ""prompt_version"": ""v1"", ""persona"": ""phd""}"
"('metaphysics', 'principleofsufficientreason')",principle of sufficient reason,metaphysics,4,0,expert,v1,v1,"{""model"": ""Mistral-Nemo"", ""temperature"": 0, ""date"": ""2025-10-05T22:42:40.763922+00:00"", ""prompt_version"": ""v1"", ""persona"": ""expert""}"
"('metaphysics', 'principleofsufficientreason')",principle of sufficient reason,metaphysics,4,0,phd,v1,v1,"{""model"": ""Mistral-Nemo"", ""temperature"": 0, ""date"": ""2025-10-05T22:42:42.201166+00:00"", ""prompt_version"": ""v1"", ""persona"": ""phd""}"
"('perception', 'unityofconsciousness')",unity of consciousness,perception,3,1,expert,v1,v1,"{""model"": ""Mistral-Nemo"", ""temperature"": 0, ""date"": ""2025-10-05T22:42:43.608121+00:00"", ""prompt_version"": ""v1"", ""persona"": ""expert""}"
"('perception', 'unityofconsciousness')",unity of consciousness,perception,2,0,phd,v1,v1,"{""model"": ""Mistral-Nemo"", ""temperature"": 0, ""date"": ""2025-10-05T22:42:45.169546+00:00"", ""prompt_version"": ""v1"", ""persona"": ""phd""}"
"('meaning', 'metaphysics')",meaning,metaphysics,2,0,expert,v1,v1,"{""model"": ""Mistral-Nemo"", ""temperature"": 0, ""date"": ""2025-10-05T22:42:46.523111+00:00"", ""prompt_version"": ""v1"", ""persona"": ""expert""}"
"('meaning', 'metaphysics')",meaning,metaphysics,2,0,phd,v1,v1,"{""model"": ""Mistral-Nemo"", ""temperature"": 0, ""date"": ""2025-10-05T22:42:47.911613+00:00"", ""prompt_version"": ""v1"", ""persona"": ""phd""}"
"('philosophiesoftheparticularsciences', 'philosophyofscienceandthesciences')",philosophies of the particular sciences,philosophy of science and the sciences,4,0,expert,v1,v1,"{""model"": ""Mistral-Nemo"", ""temperature"": 0, ""date"": ""2025-10-05T22:42:49.321337+00:00"", ""prompt_version"": ""v1"", ""persona"": ""expert""}"
"('philosophiesoftheparticularsciences', 'philosophyofscienceandthesciences')",philosophies of the particular sciences,philosophy of science and the sciences,3,0,phd,v1,v1,"{""model"": ""Mistral-Nemo"", ""temperature"": 0, ""date"": ""2025-10-05T22:42:50.703453+00:00"", ""prompt_version"": ""v1"", ""persona"": ""phd""}"
"('metaphysics', 'mind')",mind,metaphysics,4,0,expert,v1,v1,"{""model"": ""Mistral-Nemo"", ""temperature"": 0, ""date"": ""2025-10-05T22:42:52.072604+00:00"", ""prompt_version"": ""v1"", ""persona"": ""expert""}"
"('metaphysics', 'mind')",mind,metaphysics,3,0,phd,v1,v1,"{""model"": ""Mistral-Nemo"", ""temperature"": 0, ""date"": ""2025-10-05T22:42:53.458129+00:00"", ""prompt_version"": ""v1"", ""persona"": ""phd""}"
"('epistemology', 'propernames')",proper names,epistemology,2,0,expert,v1,v1,"{""model"": ""Mistral-Nemo"", ""temperature"": 0, ""date"": ""2025-10-05T22:42:54.799718+00:00"", ""prompt_version"": ""v1"", ""persona"": ""expert""}"
"('epistemology', 'propernames')",proper names,epistemology,2,0,phd,v1,v1,"{""model"": ""Mistral-Nemo"", ""temperature"": 0, ""date"": ""2025-10-05T22:42:56.219486+00:00"", ""prompt_version"": ""v1"", ""persona"": ""phd""}"
"('metaphysics', 'simultaneity')",simultaneity,metaphysics,2,0,expert,v1,v1,"{""model"": ""Mistral-Nemo"", ""temperature"": 0, ""date"": ""2025-10-05T22:42:57.652149+00:00"", ""prompt_version"": ""v1"", ""persona"": ""expert""}"
"('metaphysics', 'simultaneity')",simultaneity,metaphysics,2,0,phd,v1,v1,"{""model"": ""Mistral-Nemo"", ""temperature"": 0, ""date"": ""2025-10-05T22:42:58.976538+00:00"", ""prompt_version"": ""v1"", ""persona"": ""phd""}"
"('philosophyofmathematics', 'settheory')",philosophy of mathematics,set theory,4,0,expert,v1,v1,"{""model"": ""Mistral-Nemo"", ""temperature"": 0, ""date"": ""2025-10-05T22:43:00.313132+00:00"", ""prompt_version"": ""v1"", ""persona"": ""expert""}"
"('philosophyofmathematics', 'settheory')",philosophy of mathematics,set theory,4,0,phd,v1,v1,"{""model"": ""Mistral-Nemo"", ""temperature"": 0, ""date"": ""2025-10-05T22:43:01.638072+00:00"", ""prompt_version"": ""v1"", ""persona"": ""phd""}"
"('historyoflogic', 'medievaltheoriesofthesyllogism')",medieval theories of the syllogism,history of logic,3,0,novice,v1,v1,"{""model"": ""Mistral-Nemo"", ""temperature"": 0, ""date"": ""2025-10-05T22:43:03.033412+00:00"", ""prompt_version"": ""v1"", ""persona"": ""novice""}"
"('historyoflogic', 'medievaltheoriesofthesyllogism')",medieval theories of the syllogism,history of logic,4,0,phd,v1,v1,"{""model"": ""Mistral-Nemo"", ""temperature"": 0, ""date"": ""2025-10-05T22:43:04.435912+00:00"", ""prompt_version"": ""v1"", ""persona"": ""phd""}"
"('metaphysicsofmind', 'panpsychism')",panpsychism,metaphysics of mind,4,0,expert,v1,v1,"{""model"": ""Mistral-Nemo"", ""temperature"": 0, ""date"": ""2025-10-05T22:43:05.786442+00:00"", ""prompt_version"": ""v1"", ""persona"": ""expert""}"
"('metaphysicsofmind', 'panpsychism')",panpsychism,metaphysics of mind,4,0,phd,v1,v1,"{""model"": ""Mistral-Nemo"", ""temperature"": 0, ""date"": ""2025-10-05T22:43:07.160084+00:00"", ""prompt_version"": ""v1"", ""persona"": ""phd""}"
"('philosophyofmind', 'symbolicprocessing')",symbolic processing,philosophy of mind,2,0,expert,v1,v1,"{""model"": ""Mistral-Nemo"", ""temperature"": 0, ""date"": ""2025-10-05T22:43:08.481149+00:00"", ""prompt_version"": ""v1"", ""persona"": ""expert""}"
"('philosophyofmind', 'symbolicprocessing')",symbolic processing,philosophy of mind,2,0,phd,v1,v1,"{""model"": ""Mistral-Nemo"", ""temperature"": 0, ""date"": ""2025-10-05T22:43:09.849692+00:00"", ""prompt_version"": ""v1"", ""persona"": ""phd""}"
"('modernphilosophy', 'philosophyofmind')",modern philosophy,philosophy of mind,3,1,expert,v1,v1,"{""model"": ""Mistral-Nemo"", ""temperature"": 0, ""date"": ""2025-10-05T22:43:11.222092+00:00"", ""prompt_version"": ""v1"", ""persona"": ""expert""}"
"('modernphilosophy', 'philosophyofmind')",modern philosophy,philosophy of mind,3,1,phd,v1,v1,"{""model"": ""Mistral-Nemo"", ""temperature"": 0, ""date"": ""2025-10-05T22:43:12.578114+00:00"", ""prompt_version"": ""v1"", ""persona"": ""phd""}"
"('chineseroomargument', 'cognitivescience')",chinese room argument,cognitive science,2,0,expert,v1,v1,"{""model"": ""Mistral-Nemo"", ""temperature"": 0, ""date"": ""2025-10-05T22:43:13.942089+00:00"", ""prompt_version"": ""v1"", ""persona"": ""expert""}"
"('chineseroomargument', 'cognitivescience')",chinese room argument,cognitive science,2,0,phd,v1,v1,"{""model"": ""Mistral-Nemo"", ""temperature"": 0, ""date"": ""2025-10-05T22:43:15.958773+00:00"", ""prompt_version"": ""v1"", ""persona"": ""phd""}"
"('arabicphilosophyandislamicphilosophy', 'metaphysics')",arabic philosophy and islamic philosophy,metaphysics,3,0,expert,v1,v1,"{""model"": ""Mistral-Nemo"", ""temperature"": 0, ""date"": ""2025-10-05T22:43:17.325872+00:00"", ""prompt_version"": ""v1"", ""persona"": ""expert""}"
"('arabicphilosophyandislamicphilosophy', 'metaphysics')",arabic philosophy and islamic philosophy,metaphysics,3,0,phd,v1,v1,"{""model"": ""Mistral-Nemo"", ""temperature"": 0, ""date"": ""2025-10-05T22:43:18.687648+00:00"", ""prompt_version"": ""v1"", ""persona"": ""phd""}"
"('consciousness', 'higherordertheoriesofconsciousness')",higher-order theories of consciousness,consciousness,4,0,expert,v1,v1,"{""model"": ""Mistral-Nemo"", ""temperature"": 0, ""date"": ""2025-10-05T22:43:20.046569+00:00"", ""prompt_version"": ""v1"", ""persona"": ""expert""}"
"('consciousness', 'higherordertheoriesofconsciousness')",higher-order theories of consciousness,consciousness,4,0,phd,v1,v1,"{""model"": ""Mistral-Nemo"", ""temperature"": 0, ""date"": ""2025-10-05T22:43:21.407548+00:00"", ""prompt_version"": ""v1"", ""persona"": ""phd""}"
"('afterlife', 'meaningoflife')",meaning of life,afterlife,2,1,expert,v1,v1,"{""model"": ""Mistral-Nemo"", ""temperature"": 0, ""date"": ""2025-10-05T22:43:22.764132+00:00"", ""prompt_version"": ""v1"", ""persona"": ""expert""}"
"('afterlife', 'meaningoflife')",meaning of life,afterlife,2,1,phd,v1,v1,"{""model"": ""Mistral-Nemo"", ""temperature"": 0, ""date"": ""2025-10-05T22:43:24.140743+00:00"", ""prompt_version"": ""v1"", ""persona"": ""phd""}"
"('philosophyofmind', 'syntacticanalysis')",syntactic analysis,philosophy of mind,2,0,expert,v1,v1,"{""model"": ""Mistral-Nemo"", ""temperature"": 0, ""date"": ""2025-10-05T22:43:25.519426+00:00"", ""prompt_version"": ""v1"", ""persona"": ""expert""}"
"('philosophyofmind', 'syntacticanalysis')",syntactic analysis,philosophy of mind,2,0,phd,v1,v1,"{""model"": ""Mistral-Nemo"", ""temperature"": 0, ""date"": ""2025-10-05T22:43:26.857322+00:00"", ""prompt_version"": ""v1"", ""persona"": ""phd""}"
"('metaphysics', 'universals')",universals,metaphysics,4,0,expert,v1,v1,"{""model"": ""Mistral-Nemo"", ""temperature"": 0, ""date"": ""2025-10-05T22:43:28.221764+00:00"", ""prompt_version"": ""v1"", ""persona"": ""expert""}"
"('metaphysics', 'universals')",universals,metaphysics,4,0,phd,v1,v1,"{""model"": ""Mistral-Nemo"", ""temperature"": 0, ""date"": ""2025-10-05T22:43:29.606850+00:00"", ""prompt_version"": ""v1"", ""persona"": ""phd""}"
"('epistemology', 'matter')",matter,epistemology,2,0,expert,v1,v1,"{""model"": ""Mistral-Nemo"", ""temperature"": 0, ""date"": ""2025-10-05T22:43:30.966939+00:00"", ""prompt_version"": ""v1"", ""persona"": ""expert""}"
"('epistemology', 'matter')",matter,epistemology,1,-1,phd,v1,v1,"{""model"": ""Mistral-Nemo"", ""temperature"": 0, ""date"": ""2025-10-05T22:43:32.368479+00:00"", ""prompt_version"": ""v1"", ""persona"": ""phd""}"
"('philosophyofreligion', 'religiousexperience')",philosophy of religion,religious experience,4,0,course_taker,v1,v1,"{""model"": ""Mistral-Nemo"", ""temperature"": 0, ""date"": ""2025-10-05T22:43:33.802625+00:00"", ""prompt_version"": ""v1"", ""persona"": ""course_taker""}"
"('philosophyofreligion', 'religiousexperience')",philosophy of religion,religious experience,3,0,expert,v1,v1,"{""model"": ""Mistral-Nemo"", ""temperature"": 0, ""date"": ""2025-10-05T22:43:35.169534+00:00"", ""prompt_version"": ""v1"", ""persona"": ""expert""}"
"('interpretation', 'judaicphilosophy')",judaic philosophy,interpretation,2,0,course_taker,v1,v1,"{""model"": ""Mistral-Nemo"", ""temperature"": 0, ""date"": ""2025-10-05T22:43:36.543637+00:00"", ""prompt_version"": ""v1"", ""persona"": ""course_taker""}"
"('interpretation', 'judaicphilosophy')",judaic philosophy,interpretation,2,0,expert,v1,v1,"{""model"": ""Mistral-Nemo"", ""temperature"": 0, ""date"": ""2025-10-05T22:43:38.007844+00:00"", ""prompt_version"": ""v1"", ""persona"": ""expert""}"
"('epistemology', 'philosophyofscienceandthesciences')",philosophy of science and the sciences,epistemology,4,0,expert,v1,v1,"{""model"": ""Mistral-Nemo"", ""temperature"": 0, ""date"": ""2025-10-05T22:43:39.370897+00:00"", ""prompt_version"": ""v1"", ""persona"": ""expert""}"
"('epistemology', 'philosophyofscienceandthesciences')",philosophy of science and the sciences,epistemology,4,0,phd,v1,v1,"{""model"": ""Mistral-Nemo"", ""temperature"": 0, ""date"": ""2025-10-05T22:43:40.765944+00:00"", ""prompt_version"": ""v1"", ""persona"": ""phd""}"
"('causeandeffect', 'perception')",cause and effect,perception,2,1,expert,v1,v1,"{""model"": ""Mistral-Nemo"", ""temperature"": 0, ""date"": ""2025-10-05T22:43:42.105712+00:00"", ""prompt_version"": ""v1"", ""persona"": ""expert""}"
"('causeandeffect', 'perception')",cause and effect,perception,2,1,phd,v1,v1,"{""model"": ""Mistral-Nemo"", ""temperature"": 0, ""date"": ""2025-10-05T22:43:43.481121+00:00"", ""prompt_version"": ""v1"", ""persona"": ""phd""}"
"('chinesephilosophy', 'westernphilosophy')",western philosophy,chinese philosophy,2,1,expert,v1,v1,"{""model"": ""Mistral-Nemo"", ""temperature"": 0, ""date"": ""2025-10-05T22:43:44.867507+00:00"", ""prompt_version"": ""v1"", ""persona"": ""expert""}"
"('chinesephilosophy', 'westernphilosophy')",western philosophy,chinese philosophy,2,3,phd,v1,v1,"{""model"": ""Mistral-Nemo"", ""temperature"": 0, ""date"": ""2025-10-05T22:43:46.235448+00:00"", ""prompt_version"": ""v1"", ""persona"": ""phd""}"
"('naturallaw', 'philosophyoflaw')",natural law,philosophy of law,4,0,expert,v1,v1,"{""model"": ""Mistral-Nemo"", ""temperature"": 0, ""date"": ""2025-10-05T22:43:47.633496+00:00"", ""prompt_version"": ""v1"", ""persona"": ""expert""}"
"('naturallaw', 'philosophyoflaw')",natural law,philosophy of law,4,0,phd,v1,v1,"{""model"": ""Mistral-Nemo"", ""temperature"": 0, ""date"": ""2025-10-05T22:43:49.069820+00:00"", ""prompt_version"": ""v1"", ""persona"": ""phd""}"
"('chinesephilosophy', 'zenbuddhism')",zen buddhism,chinese philosophy,2,0,expert,v1,v1,"{""model"": ""Mistral-Nemo"", ""temperature"": 0, ""date"": ""2025-10-05T22:43:50.493103+00:00"", ""prompt_version"": ""v1"", ""persona"": ""expert""}"
"('chinesephilosophy', 'zenbuddhism')",zen buddhism,chinese philosophy,2,0,phd,v1,v1,"{""model"": ""Mistral-Nemo"", ""temperature"": 0, ""date"": ""2025-10-05T22:43:51.857492+00:00"", ""prompt_version"": ""v1"", ""persona"": ""phd""}"
"('metaphysics', 'metaphysicsofscience')",metaphysics of science,metaphysics,4,0,expert,v1,v1,"{""model"": ""Mistral-Nemo"", ""temperature"": 0, ""date"": ""2025-10-05T22:43:53.212138+00:00"", ""prompt_version"": ""v1"", ""persona"": ""expert""}"
"('metaphysics', 'metaphysicsofscience')",metaphysics of science,metaphysics,4,0,phd,v1,v1,"{""model"": ""Mistral-Nemo"", ""temperature"": 0, ""date"": ""2025-10-05T22:43:54.786509+00:00"", ""prompt_version"": ""v1"", ""persona"": ""phd""}"
"('cognitivescience', 'philosophyofscienceandthesciences')",cognitive science,philosophy of science and the sciences,4,0,expert,v1,v1,"{""model"": ""Mistral-Nemo"", ""temperature"": 0, ""date"": ""2025-10-05T22:43:56.183665+00:00"", ""prompt_version"": ""v1"", ""persona"": ""expert""}"
"('cognitivescience', 'philosophyofscienceandthesciences')",cognitive science,philosophy of science and the sciences,4,0,phd,v1,v1,"{""model"": ""Mistral-Nemo"", ""temperature"": 0, ""date"": ""2025-10-05T22:43:57.578131+00:00"", ""prompt_version"": ""v1"", ""persona"": ""phd""}"
"('metaphysics', 'modernphilosophy')",modern philosophy,metaphysics,4,0,expert,v1,v1,"{""model"": ""Mistral-Nemo"", ""temperature"": 0, ""date"": ""2025-10-05T22:43:59.000615+00:00"", ""prompt_version"": ""v1"", ""persona"": ""expert""}"
"('metaphysics', 'modernphilosophy')",modern philosophy,metaphysics,3,0,phd,v1,v1,"{""model"": ""Mistral-Nemo"", ""temperature"": 0, ""date"": ""2025-10-05T22:44:00.348762+00:00"", ""prompt_version"": ""v1"", ""persona"": ""phd""}"
"('metaphysics', 'personalidentityandethics')",personal identity and ethics,metaphysics,3,0,expert,v1,v1,"{""model"": ""Mistral-Nemo"", ""temperature"": 0, ""date"": ""2025-10-05T22:44:01.696099+00:00"", ""prompt_version"": ""v1"", ""persona"": ""expert""}"
"('metaphysics', 'personalidentityandethics')",personal identity and ethics,metaphysics,2,0,phd,v1,v1,"{""model"": ""Mistral-Nemo"", ""temperature"": 0, ""date"": ""2025-10-05T22:44:03.140709+00:00"", ""prompt_version"": ""v1"", ""persona"": ""phd""}"
"('perception', 'unitarianism')",unitarianism,perception,2,-1,expert,v1,v1,"{""model"": ""Mistral-Nemo"", ""temperature"": 0, ""date"": ""2025-10-05T22:44:04.486573+00:00"", ""prompt_version"": ""v1"", ""persona"": ""expert""}"
"('perception', 'unitarianism')",unitarianism,perception,2,-1,phd,v1,v1,"{""model"": ""Mistral-Nemo"", ""temperature"": 0, ""date"": ""2025-10-05T22:44:05.854822+00:00"", ""prompt_version"": ""v1"", ""persona"": ""phd""}"
"('epistemology', 'feministepistemologyandphilosophyofscience')",feminist epistemology and philosophy of science,epistemology,4,0,expert,v1,v1,"{""model"": ""Mistral-Nemo"", ""temperature"": 0, ""date"": ""2025-10-05T22:44:07.197550+00:00"", ""prompt_version"": ""v1"", ""persona"": ""expert""}"
"('epistemology', 'feministepistemologyandphilosophyofscience')",feminist epistemology and philosophy of science,epistemology,4,0,phd,v1,v1,"{""model"": ""Mistral-Nemo"", ""temperature"": 0, ""date"": ""2025-10-05T22:44:08.565914+00:00"", ""prompt_version"": ""v1"", ""persona"": ""phd""}"
"('18thcenturygermanaesthetics', 'metaphysics')",18th century german aesthetics,metaphysics,2,0,expert,v1,v1,"{""model"": ""Mistral-Nemo"", ""temperature"": 0, ""date"": ""2025-10-05T22:44:09.989074+00:00"", ""prompt_version"": ""v1"", ""persona"": ""expert""}"
"('18thcenturygermanaesthetics', 'metaphysics')",18th century german aesthetics,metaphysics,1,-1,phd,v1,v1,"{""model"": ""Mistral-Nemo"", ""temperature"": 0, ""date"": ""2025-10-05T22:44:11.387756+00:00"", ""prompt_version"": ""v1"", ""persona"": ""phd""}"
"('activationvalue', 'folkpsychology')",activation value,folk psychology,2,0,expert,v1,v1,"{""model"": ""Mistral-Nemo"", ""temperature"": 0, ""date"": ""2025-10-05T22:44:12.797949+00:00"", ""prompt_version"": ""v1"", ""persona"": ""expert""}"
"('activationvalue', 'folkpsychology')",activation value,folk psychology,2,-1,phd,v1,v1,"{""model"": ""Mistral-Nemo"", ""temperature"": 0, ""date"": ""2025-10-05T22:44:14.189113+00:00"", ""prompt_version"": ""v1"", ""persona"": ""phd""}"
"('hilbertsprogram', 'philosophyofmathematics')",hilbert's program,philosophy of mathematics,4,0,course_taker,v1,v1,"{""model"": ""Mistral-Nemo"", ""temperature"": 0, ""date"": ""2025-10-05T22:44:15.560451+00:00"", ""prompt_version"": ""v1"", ""persona"": ""course_taker""}"
"('hilbertsprogram', 'philosophyofmathematics')",hilbert's program,philosophy of mathematics,4,0,phd,v1,v1,"{""model"": ""Mistral-Nemo"", ""temperature"": 0, ""date"": ""2025-10-05T22:44:16.909015+00:00"", ""prompt_version"": ""v1"", ""persona"": ""phd""}"
"('eliminativematerialism', 'philosophyofmind')",eliminative materialism,philosophy of mind,4,0,expert,v1,v1,"{""model"": ""Mistral-Nemo"", ""temperature"": 0, ""date"": ""2025-10-05T22:44:18.283519+00:00"", ""prompt_version"": ""v1"", ""persona"": ""expert""}"
"('eliminativematerialism', 'philosophyofmind')",eliminative materialism,philosophy of mind,4,0,phd,v1,v1,"{""model"": ""Mistral-Nemo"", ""temperature"": 0, ""date"": ""2025-10-05T22:44:19.945280+00:00"", ""prompt_version"": ""v1"", ""persona"": ""phd""}"
"('historyoflogic', 'intuitionisticlogic')",intuitionistic logic,history of logic,2,0,novice,v1,v1,"{""model"": ""Mistral-Nemo"", ""temperature"": 0, ""date"": ""2025-10-05T22:44:21.469705+00:00"", ""prompt_version"": ""v1"", ""persona"": ""novice""}"
"('historyoflogic', 'intuitionisticlogic')",intuitionistic logic,history of logic,2,0,phd,v1,v1,"{""model"": ""Mistral-Nemo"", ""temperature"": 0, ""date"": ""2025-10-05T22:44:22.793930+00:00"", ""prompt_version"": ""v1"", ""persona"": ""phd""}"
"('blindsight', 'perception')",blindsight,perception,3,0,expert,v1,v1,"{""model"": ""Mistral-Nemo"", ""temperature"": 0, ""date"": ""2025-10-05T22:44:24.160284+00:00"", ""prompt_version"": ""v1"", ""persona"": ""expert""}"
"('blindsight', 'perception')",blindsight,perception,3,0,phd,v1,v1,"{""model"": ""Mistral-Nemo"", ""temperature"": 0, ""date"": ""2025-10-05T22:44:25.516312+00:00"", ""prompt_version"": ""v1"", ""persona"": ""phd""}"
"('scientificmethodology', 'unityofscience')",unity of science,scientific methodology,3,1,novice,v1,v1,"{""model"": ""Mistral-Nemo"", ""temperature"": 0, ""date"": ""2025-10-05T22:44:26.932958+00:00"", ""prompt_version"": ""v1"", ""persona"": ""novice""}"
"('scientificmethodology', 'unityofscience')",unity of science,scientific methodology,3,0,phd,v1,v1,"{""model"": ""Mistral-Nemo"", ""temperature"": 0, ""date"": ""2025-10-05T22:44:28.301871+00:00"", ""prompt_version"": ""v1"", ""persona"": ""phd""}"
"('cognitivescience', 'neuralnetwork')",neural network,cognitive science,4,0,expert,v1,v1,"{""model"": ""Mistral-Nemo"", ""temperature"": 0, ""date"": ""2025-10-05T22:44:29.823527+00:00"", ""prompt_version"": ""v1"", ""persona"": ""expert""}"
"('cognitivescience', 'neuralnetwork')",neural network,cognitive science,3,0,phd,v1,v1,"{""model"": ""Mistral-Nemo"", ""temperature"": 0, ""date"": ""2025-10-05T22:44:31.210630+00:00"", ""prompt_version"": ""v1"", ""persona"": ""phd""}"
"('metaphysics', 'time')",time,metaphysics,3,0,expert,v1,v1,"{""model"": ""Mistral-Nemo"", ""temperature"": 0, ""date"": ""2025-10-05T22:44:32.581528+00:00"", ""prompt_version"": ""v1"", ""persona"": ""expert""}"
"('metaphysics', 'time')",time,metaphysics,2,0,phd,v1,v1,"{""model"": ""Mistral-Nemo"", ""temperature"": 0, ""date"": ""2025-10-05T22:44:33.927493+00:00"", ""prompt_version"": ""v1"", ""persona"": ""phd""}"
"('functionalism', 'philosophyofmind')",functionalism,philosophy of mind,4,0,expert,v1,v1,"{""model"": ""Mistral-Nemo"", ""temperature"": 0, ""date"": ""2025-10-05T22:44:35.283073+00:00"", ""prompt_version"": ""v1"", ""persona"": ""expert""}"
"('functionalism', 'philosophyofmind')",functionalism,philosophy of mind,4,0,phd,v1,v1,"{""model"": ""Mistral-Nemo"", ""temperature"": 0, ""date"": ""2025-10-05T22:44:36.642576+00:00"", ""prompt_version"": ""v1"", ""persona"": ""phd""}"
"('foundationalism', 'foundationalisttheoriesofepistemicjustification')",foundationalist theories of epistemic justification,foundationalism,4,0,expert,v1,v1,"{""model"": ""Mistral-Nemo"", ""temperature"": 0, ""date"": ""2025-10-05T22:44:38.111314+00:00"", ""prompt_version"": ""v1"", ""persona"": ""expert""}"
"('foundationalism', 'foundationalisttheoriesofepistemicjustification')",foundationalist theories of epistemic justification,foundationalism,4,0,phd,v1,v1,"{""model"": ""Mistral-Nemo"", ""temperature"": 0, ""date"": ""2025-10-05T22:44:39.647051+00:00"", ""prompt_version"": ""v1"", ""persona"": ""phd""}"
"('intuitionisticlogic', 'logic')",logic,intuitionistic logic,3,0,course_taker,v1,v1,"{""model"": ""Mistral-Nemo"", ""temperature"": 0, ""date"": ""2025-10-05T22:44:40.998378+00:00"", ""prompt_version"": ""v1"", ""persona"": ""course_taker""}"
"('intuitionisticlogic', 'logic')",logic,intuitionistic logic,4,1,phd,v1,v1,"{""model"": ""Mistral-Nemo"", ""temperature"": 0, ""date"": ""2025-10-05T22:44:42.517726+00:00"", ""prompt_version"": ""v1"", ""persona"": ""phd""}"
"('connectionism', 'neuralnetwork')",connectionism,neural network,4,0,course_taker,v1,v1,"{""model"": ""Mistral-Nemo"", ""temperature"": 0, ""date"": ""2025-10-05T22:44:43.922924+00:00"", ""prompt_version"": ""v1"", ""persona"": ""course_taker""}"
"('connectionism', 'neuralnetwork')",connectionism,neural network,4,0,phd,v1,v1,"{""model"": ""Mistral-Nemo"", ""temperature"": 0, ""date"": ""2025-10-05T22:44:45.271122+00:00"", ""prompt_version"": ""v1"", ""persona"": ""phd""}"
"('causaltheoriesofmentalcontent', 'perception')",causal theories of mental content,perception,3,0,expert,v1,v1,"{""model"": ""Mistral-Nemo"", ""temperature"": 0, ""date"": ""2025-10-05T22:44:46.645016+00:00"", ""prompt_version"": ""v1"", ""persona"": ""expert""}"
"('causaltheoriesofmentalcontent', 'perception')",causal theories of mental content,perception,3,0,phd,v1,v1,"{""model"": ""Mistral-Nemo"", ""temperature"": 0, ""date"": ""2025-10-05T22:44:47.998284+00:00"", ""prompt_version"": ""v1"", ""persona"": ""phd""}"
"('metaphysics', 'mindbodyproblem')",mind-body problem,metaphysics,4,0,expert,v1,v1,"{""model"": ""Mistral-Nemo"", ""temperature"": 0, ""date"": ""2025-10-05T22:44:49.353536+00:00"", ""prompt_version"": ""v1"", ""persona"": ""expert""}"
"('metaphysics', 'mindbodyproblem')",mind-body problem,metaphysics,3,0,phd,v1,v1,"{""model"": ""Mistral-Nemo"", ""temperature"": 0, ""date"": ""2025-10-05T22:44:50.811159+00:00"", ""prompt_version"": ""v1"", ""persona"": ""phd""}"
"('greatapes', 'philosophyofmind')",great apes,philosophy of mind,2,0,expert,v1,v1,"{""model"": ""Mistral-Nemo"", ""temperature"": 0, ""date"": ""2025-10-05T22:44:52.175633+00:00"", ""prompt_version"": ""v1"", ""persona"": ""expert""}"
"('greatapes', 'philosophyofmind')",great apes,philosophy of mind,2,0,phd,v1,v1,"{""model"": ""Mistral-Nemo"", ""temperature"": 0, ""date"": ""2025-10-05T22:44:53.528487+00:00"", ""prompt_version"": ""v1"", ""persona"": ""phd""}"
"('philosophyofreligion', 'problemofevil')",problem of evil,philosophy of religion,4,0,expert,v1,v1,"{""model"": ""Mistral-Nemo"", ""temperature"": 0, ""date"": ""2025-10-05T22:44:54.891776+00:00"", ""prompt_version"": ""v1"", ""persona"": ""expert""}"
"('philosophyofreligion', 'problemofevil')",problem of evil,philosophy of religion,4,0,phd,v1,v1,"{""model"": ""Mistral-Nemo"", ""temperature"": 0, ""date"": ""2025-10-05T22:44:56.260223+00:00"", ""prompt_version"": ""v1"", ""persona"": ""phd""}"
"('epistemology', 'gettierproblem')",gettier problem,epistemology,4,0,expert,v1,v1,"{""model"": ""Mistral-Nemo"", ""temperature"": 0, ""date"": ""2025-10-05T22:44:57.630326+00:00"", ""prompt_version"": ""v1"", ""persona"": ""expert""}"
"('epistemology', 'gettierproblem')",gettier problem,epistemology,3,0,phd,v1,v1,"{""model"": ""Mistral-Nemo"", ""temperature"": 0, ""date"": ""2025-10-05T22:44:58.970802+00:00"", ""prompt_version"": ""v1"", ""persona"": ""phd""}"
"('epistemology', 'internalism')",internalism,epistemology,4,0,expert,v1,v1,"{""model"": ""Mistral-Nemo"", ""temperature"": 0, ""date"": ""2025-10-05T22:45:00.500601+00:00"", ""prompt_version"": ""v1"", ""persona"": ""expert""}"
"('epistemology', 'internalism')",internalism,epistemology,4,0,phd,v1,v1,"{""model"": ""Mistral-Nemo"", ""temperature"": 0, ""date"": ""2025-10-05T22:45:01.868830+00:00"", ""prompt_version"": ""v1"", ""persona"": ""phd""}"
"('eternityinchristianthought', 'philosophyofreligion')",Eternity in Christian Thought,philosophy of religion,4,0,expert,v1,v1,"{""model"": ""Mistral-Nemo"", ""temperature"": 0, ""date"": ""2025-10-05T22:45:03.258400+00:00"", ""prompt_version"": ""v1"", ""persona"": ""expert""}"
"('eternityinchristianthought', 'philosophyofreligion')",Eternity in Christian Thought,philosophy of religion,4,0,phd,v1,v1,"{""model"": ""Mistral-Nemo"", ""temperature"": 0, ""date"": ""2025-10-05T22:45:04.644178+00:00"", ""prompt_version"": ""v1"", ""persona"": ""phd""}"
"('miracles', 'philosophyofreligion')",miracles,philosophy of religion,4,0,expert,v1,v1,"{""model"": ""Mistral-Nemo"", ""temperature"": 0, ""date"": ""2025-10-05T22:45:06.077016+00:00"", ""prompt_version"": ""v1"", ""persona"": ""expert""}"
"('miracles', 'philosophyofreligion')",miracles,philosophy of religion,4,0,phd,v1,v1,"{""model"": ""Mistral-Nemo"", ""temperature"": 0, ""date"": ""2025-10-05T22:45:07.452416+00:00"", ""prompt_version"": ""v1"", ""persona"": ""phd""}"
"('existence', 'metaphysics')",existence,metaphysics,4,0,expert,v1,v1,"{""model"": ""Mistral-Nemo"", ""temperature"": 0, ""date"": ""2025-10-05T22:45:08.803270+00:00"", ""prompt_version"": ""v1"", ""persona"": ""expert""}"
"('existence', 'metaphysics')",existence,metaphysics,4,0,phd,v1,v1,"{""model"": ""Mistral-Nemo"", ""temperature"": 0, ""date"": ""2025-10-05T22:45:10.213527+00:00"", ""prompt_version"": ""v1"", ""persona"": ""phd""}"
"('philosophyofreligion', 'sovereignty')",sovereignty,philosophy of religion,2,1,expert,v1,v1,"{""model"": ""Mistral-Nemo"", ""temperature"": 0, ""date"": ""2025-10-05T22:45:11.608809+00:00"", ""prompt_version"": ""v1"", ""persona"": ""expert""}"
"('philosophyofreligion', 'sovereignty')",sovereignty,philosophy of religion,2,1,phd,v1,v1,"{""model"": ""Mistral-Nemo"", ""temperature"": 0, ""date"": ""2025-10-05T22:45:12.948959+00:00"", ""prompt_version"": ""v1"", ""persona"": ""phd""}"
"('philosophyofpsychology', 'philosophyofscienceandthesciences')",philosophy of psychology,philosophy of science and the sciences,3,0,expert,v1,v1,"{""model"": ""Mistral-Nemo"", ""temperature"": 0, ""date"": ""2025-10-05T22:45:14.373122+00:00"", ""prompt_version"": ""v1"", ""persona"": ""expert""}"
"('philosophyofpsychology', 'philosophyofscienceandthesciences')",philosophy of psychology,philosophy of science and the sciences,3,0,phd,v1,v1,"{""model"": ""Mistral-Nemo"", ""temperature"": 0, ""date"": ""2025-10-05T22:45:15.787461+00:00"", ""prompt_version"": ""v1"", ""persona"": ""phd""}"
"('epistemology', 'naturalisminlegalphilosophy')",naturalism in legal philosophy,epistemology,2,0,expert,v1,v1,"{""model"": ""Mistral-Nemo"", ""temperature"": 0, ""date"": ""2025-10-05T22:45:17.194262+00:00"", ""prompt_version"": ""v1"", ""persona"": ""expert""}"
"('epistemology', 'naturalisminlegalphilosophy')",naturalism in legal philosophy,epistemology,2,0,phd,v1,v1,"{""model"": ""Mistral-Nemo"", ""temperature"": 0, ""date"": ""2025-10-05T22:45:19.806611+00:00"", ""prompt_version"": ""v1"", ""persona"": ""phd""}"
"('perception', 'philosophyofperception')",philosophy of perception,perception,4,0,expert,v1,v1,"{""model"": ""Mistral-Nemo"", ""temperature"": 0, ""date"": ""2025-10-05T22:45:21.178086+00:00"", ""prompt_version"": ""v1"", ""persona"": ""expert""}"
"('perception', 'philosophyofperception')",philosophy of perception,perception,4,0,phd,v1,v1,"{""model"": ""Mistral-Nemo"", ""temperature"": 0, ""date"": ""2025-10-05T22:45:22.622416+00:00"", ""prompt_version"": ""v1"", ""persona"": ""phd""}"
"('epistemology', 'platonicrealism')",platonic realism,epistemology,3,0,expert,v1,v1,"{""model"": ""Mistral-Nemo"", ""temperature"": 0, ""date"": ""2025-10-05T22:45:23.965281+00:00"", ""prompt_version"": ""v1"", ""persona"": ""expert""}"
"('epistemology', 'platonicrealism')",platonic realism,epistemology,2,0,phd,v1,v1,"{""model"": ""Mistral-Nemo"", ""temperature"": 0, ""date"": ""2025-10-05T22:45:25.372026+00:00"", ""prompt_version"": ""v1"", ""persona"": ""phd""}"
"('computationaltheoryofmind', 'philosophyofmind')",computational theory of mind,philosophy of mind,4,0,expert,v1,v1,"{""model"": ""Mistral-Nemo"", ""temperature"": 0, ""date"": ""2025-10-05T22:45:26.747346+00:00"", ""prompt_version"": ""v1"", ""persona"": ""expert""}"
"('computationaltheoryofmind', 'philosophyofmind')",computational theory of mind,philosophy of mind,4,0,phd,v1,v1,"{""model"": ""Mistral-Nemo"", ""temperature"": 0, ""date"": ""2025-10-05T22:45:28.102995+00:00"", ""prompt_version"": ""v1"", ""persona"": ""phd""}"
"('civilrights', 'racism')",racism,civil rights,4,0,course_taker,v1,v1,"{""model"": ""Mistral-Nemo"", ""temperature"": 0, ""date"": ""2025-10-05T22:45:29.475341+00:00"", ""prompt_version"": ""v1"", ""persona"": ""course_taker""}"
"('civilrights', 'racism')",racism,civil rights,4,0,phd,v1,v1,"{""model"": ""Mistral-Nemo"", ""temperature"": 0, ""date"": ""2025-10-05T22:45:30.845802+00:00"", ""prompt_version"": ""v1"", ""persona"": ""phd""}"
"('epistemology', 'feministsocialepistemology')",feminist social epistemology,epistemology,4,0,expert,v1,v1,"{""model"": ""Mistral-Nemo"", ""temperature"": 0, ""date"": ""2025-10-05T22:45:32.242253+00:00"", ""prompt_version"": ""v1"", ""persona"": ""expert""}"
"('epistemology', 'feministsocialepistemology')",feminist social epistemology,epistemology,4,0,phd,v1,v1,"{""model"": ""Mistral-Nemo"", ""temperature"": 0, ""date"": ""2025-10-05T22:45:33.611871+00:00"", ""prompt_version"": ""v1"", ""persona"": ""phd""}"
"('leibnizoncausation', 'perception')",leibniz on causation,perception,2,0,expert,v1,v1,"{""model"": ""Mistral-Nemo"", ""temperature"": 0, ""date"": ""2025-10-05T22:45:35.012502+00:00"", ""prompt_version"": ""v1"", ""persona"": ""expert""}"
"('leibnizoncausation', 'perception')",leibniz on causation,perception,2,-1,phd,v1,v1,"{""model"": ""Mistral-Nemo"", ""temperature"": 0, ""date"": ""2025-10-05T22:45:36.390618+00:00"", ""prompt_version"": ""v1"", ""persona"": ""phd""}"
"('philosophyofscienceandthesciences', 'scientificprogress')",scientific progress,philosophy of science and the sciences,4,0,expert,v1,v1,"{""model"": ""Mistral-Nemo"", ""temperature"": 0, ""date"": ""2025-10-05T22:45:37.864838+00:00"", ""prompt_version"": ""v1"", ""persona"": ""expert""}"
"('philosophyofscienceandthesciences', 'scientificprogress')",scientific progress,philosophy of science and the sciences,4,0,phd,v1,v1,"{""model"": ""Mistral-Nemo"", ""temperature"": 0, ""date"": ""2025-10-05T22:45:39.217816+00:00"", ""prompt_version"": ""v1"", ""persona"": ""phd""}"
"('epistemology', 'sensedata')",sense data,epistemology,4,0,expert,v1,v1,"{""model"": ""Mistral-Nemo"", ""temperature"": 0, ""date"": ""2025-10-05T22:45:40.580024+00:00"", ""prompt_version"": ""v1"", ""persona"": ""expert""}"
"('epistemology', 'sensedata')",sense data,epistemology,2,0,phd,v1,v1,"{""model"": ""Mistral-Nemo"", ""temperature"": 0, ""date"": ""2025-10-05T22:45:41.940478+00:00"", ""prompt_version"": ""v1"", ""persona"": ""phd""}"
"('epistemology', 'testimony')",testimony,epistemology,4,0,expert,v1,v1,"{""model"": ""Mistral-Nemo"", ""temperature"": 0, ""date"": ""2025-10-05T22:45:43.352893+00:00"", ""prompt_version"": ""v1"", ""persona"": ""expert""}"
"('epistemology', 'testimony')",testimony,epistemology,4,0,phd,v1,v1,"{""model"": ""Mistral-Nemo"", ""temperature"": 0, ""date"": ""2025-10-05T22:45:44.787028+00:00"", ""prompt_version"": ""v1"", ""persona"": ""phd""}"
"('epistemology', 'scientifictheory')",scientific theory,epistemology,3,0,expert,v1,v1,"{""model"": ""Mistral-Nemo"", ""temperature"": 0, ""date"": ""2025-10-05T22:45:46.122466+00:00"", ""prompt_version"": ""v1"", ""persona"": ""expert""}"
"('epistemology', 'scientifictheory')",scientific theory,epistemology,3,0,phd,v1,v1,"{""model"": ""Mistral-Nemo"", ""temperature"": 0, ""date"": ""2025-10-05T22:45:47.593180+00:00"", ""prompt_version"": ""v1"", ""persona"": ""phd""}"
"('medievaltheoriesofcausality', 'metaphysics')",medieval theories of causality,metaphysics,3,0,expert,v1,v1,"{""model"": ""Mistral-Nemo"", ""temperature"": 0, ""date"": ""2025-10-05T22:45:48.972900+00:00"", ""prompt_version"": ""v1"", ""persona"": ""expert""}"
"('medievaltheoriesofcausality', 'metaphysics')",medieval theories of causality,metaphysics,3,0,phd,v1,v1,"{""model"": ""Mistral-Nemo"", ""temperature"": 0, ""date"": ""2025-10-05T22:45:50.347356+00:00"", ""prompt_version"": ""v1"", ""persona"": ""phd""}"
"('artificialintelligence', 'connectionistmodel')",connectionist model,artificial intelligence,3,0,expert,v1,v1,"{""model"": ""Mistral-Nemo"", ""temperature"": 0, ""date"": ""2025-10-05T22:45:51.710764+00:00"", ""prompt_version"": ""v1"", ""persona"": ""expert""}"
"('artificialintelligence', 'connectionistmodel')",connectionist model,artificial intelligence,3,0,phd,v1,v1,"{""model"": ""Mistral-Nemo"", ""temperature"": 0, ""date"": ""2025-10-05T22:45:56.045626+00:00"", ""prompt_version"": ""v1"", ""persona"": ""phd""}"
"('classicallogic', 'logic')",logic,classical logic,4,0,course_taker,v1,v1,"{""model"": ""Mistral-Nemo"", ""temperature"": 0, ""date"": ""2025-10-05T22:45:57.401548+00:00"", ""prompt_version"": ""v1"", ""persona"": ""course_taker""}"
"('classicallogic', 'logic')",logic,classical logic,4,0,phd,v1,v1,"{""model"": ""Mistral-Nemo"", ""temperature"": 0, ""date"": ""2025-10-05T22:45:58.995497+00:00"", ""prompt_version"": ""v1"", ""persona"": ""phd""}"
"('epistemology', 'modernphilosophy')",modern philosophy,epistemology,4,1,expert,v1,v1,"{""model"": ""Mistral-Nemo"", ""temperature"": 0, ""date"": ""2025-10-05T22:46:01.295211+00:00"", ""prompt_version"": ""v1"", ""persona"": ""expert""}"
"('epistemology', 'modernphilosophy')",modern philosophy,epistemology,4,1,phd,v1,v1,"{""model"": ""Mistral-Nemo"", ""temperature"": 0, ""date"": ""2025-10-05T22:46:02.693352+00:00"", ""prompt_version"": ""v1"", ""persona"": ""phd""}"
"('philosophyofreligion', 'scienceandreligion')",science and religion,philosophy of religion,4,1,expert,v1,v1,"{""model"": ""Mistral-Nemo"", ""temperature"": 0, ""date"": ""2025-10-05T22:46:04.075650+00:00"", ""prompt_version"": ""v1"", ""persona"": ""expert""}"
"('philosophyofreligion', 'scienceandreligion')",science and religion,philosophy of religion,4,1,phd,v1,v1,"{""model"": ""Mistral-Nemo"", ""temperature"": 0, ""date"": ""2025-10-05T22:46:05.451245+00:00"", ""prompt_version"": ""v1"", ""persona"": ""phd""}"
"('philosophyofmind', 'spinozaspsychologicaltheory')",spinoza's psychological theory,philosophy of mind,3,0,expert,v1,v1,"{""model"": ""Mistral-Nemo"", ""temperature"": 0, ""date"": ""2025-10-05T22:46:06.856579+00:00"", ""prompt_version"": ""v1"", ""persona"": ""expert""}"
"('philosophyofmind', 'spinozaspsychologicaltheory')",spinoza's psychological theory,philosophy of mind,3,0,phd,v1,v1,"{""model"": ""Mistral-Nemo"", ""temperature"": 0, ""date"": ""2025-10-05T22:46:08.216153+00:00"", ""prompt_version"": ""v1"", ""persona"": ""phd""}"
"('intellectualism', 'philosophyofreligion')",intellectualism,philosophy of religion,3,0,novice,v1,v1,"{""model"": ""Mistral-Nemo"", ""temperature"": 0, ""date"": ""2025-10-05T22:46:09.670845+00:00"", ""prompt_version"": ""v1"", ""persona"": ""novice""}"
"('intellectualism', 'philosophyofreligion')",intellectualism,philosophy of religion,2,0,phd,v1,v1,"{""model"": ""Mistral-Nemo"", ""temperature"": 0, ""date"": ""2025-10-05T22:46:11.047311+00:00"", ""prompt_version"": ""v1"", ""persona"": ""phd""}"
"('existence', 'existenceofgod')",existence of god,existence,3,0,expert,v1,v1,"{""model"": ""Mistral-Nemo"", ""temperature"": 0, ""date"": ""2025-10-05T22:46:12.393314+00:00"", ""prompt_version"": ""v1"", ""persona"": ""expert""}"
"('existence', 'existenceofgod')",existence of god,existence,3,0,phd,v1,v1,"{""model"": ""Mistral-Nemo"", ""temperature"": 0, ""date"": ""2025-10-05T22:46:13.834291+00:00"", ""prompt_version"": ""v1"", ""persona"": ""phd""}"
"('philosophyofmind', 'philosophyofscienceandthesciences')",philosophy of science and the sciences,philosophy of mind,2,-1,expert,v1,v1,"{""model"": ""Mistral-Nemo"", ""temperature"": 0, ""date"": ""2025-10-05T22:46:15.218530+00:00"", ""prompt_version"": ""v1"", ""persona"": ""expert""}"
"('philosophyofmind', 'philosophyofscienceandthesciences')",philosophy of science and the sciences,philosophy of mind,2,1,phd,v1,v1,"{""model"": ""Mistral-Nemo"", ""temperature"": 0, ""date"": ""2025-10-05T22:46:16.611999+00:00"", ""prompt_version"": ""v1"", ""persona"": ""phd""}"
"('introspection', 'philosophyofmind')",introspection,philosophy of mind,3,0,expert,v1,v1,"{""model"": ""Mistral-Nemo"", ""temperature"": 0, ""date"": ""2025-10-05T22:46:17.969428+00:00"", ""prompt_version"": ""v1"", ""persona"": ""expert""}"
"('introspection', 'philosophyofmind')",introspection,philosophy of mind,3,0,phd,v1,v1,"{""model"": ""Mistral-Nemo"", ""temperature"": 0, ""date"": ""2025-10-05T22:46:19.337504+00:00"", ""prompt_version"": ""v1"", ""persona"": ""phd""}"
"('physicalism', 'zombies')",zombies,physicalism,2,0,expert,v1,v1,"{""model"": ""Mistral-Nemo"", ""temperature"": 0, ""date"": ""2025-10-05T22:46:20.701707+00:00"", ""prompt_version"": ""v1"", ""persona"": ""expert""}"
"('physicalism', 'zombies')",zombies,physicalism,2,0,phd,v1,v1,"{""model"": ""Mistral-Nemo"", ""temperature"": 0, ""date"": ""2025-10-05T22:46:22.051848+00:00"", ""prompt_version"": ""v1"", ""persona"": ""phd""}"
"('metaphysics', 'theoryoftruth')",theory of truth,metaphysics,3,0,expert,v1,v1,"{""model"": ""Mistral-Nemo"", ""temperature"": 0, ""date"": ""2025-10-05T22:46:23.468350+00:00"", ""prompt_version"": ""v1"", ""persona"": ""expert""}"
"('metaphysics', 'theoryoftruth')",theory of truth,metaphysics,2,0,phd,v1,v1,"{""model"": ""Mistral-Nemo"", ""temperature"": 0, ""date"": ""2025-10-05T22:46:24.816667+00:00"", ""prompt_version"": ""v1"", ""persona"": ""phd""}"
"('cartesiandualism', 'philosophyofmind')",cartesian dualism,philosophy of mind,4,0,expert,v1,v1,"{""model"": ""Mistral-Nemo"", ""temperature"": 0, ""date"": ""2025-10-05T22:46:26.190434+00:00"", ""prompt_version"": ""v1"", ""persona"": ""expert""}"
"('cartesiandualism', 'philosophyofmind')",cartesian dualism,philosophy of mind,4,0,phd,v1,v1,"{""model"": ""Mistral-Nemo"", ""temperature"": 0, ""date"": ""2025-10-05T22:46:27.548682+00:00"", ""prompt_version"": ""v1"", ""persona"": ""phd""}"
"('metaphysics', 'theoryofforms')",theory of forms,metaphysics,4,0,expert,v1,v1,"{""model"": ""Mistral-Nemo"", ""temperature"": 0, ""date"": ""2025-10-05T22:46:28.913919+00:00"", ""prompt_version"": ""v1"", ""persona"": ""expert""}"
"('metaphysics', 'theoryofforms')",theory of forms,metaphysics,4,0,phd,v1,v1,"{""model"": ""Mistral-Nemo"", ""temperature"": 0, ""date"": ""2025-10-05T22:46:30.273972+00:00"", ""prompt_version"": ""v1"", ""persona"": ""phd""}"
"('epistemology', 'historyoffeminism')",history of feminism,epistemology,2,0,expert,v1,v1,"{""model"": ""Mistral-Nemo"", ""temperature"": 0, ""date"": ""2025-10-05T22:46:31.600753+00:00"", ""prompt_version"": ""v1"", ""persona"": ""expert""}"
"('epistemology', 'historyoffeminism')",history of feminism,epistemology,2,0,phd,v1,v1,"{""model"": ""Mistral-Nemo"", ""temperature"": 0, ""date"": ""2025-10-05T22:46:33.018427+00:00"", ""prompt_version"": ""v1"", ""persona"": ""phd""}"
"('causation', 'metaphysicsofcausation')",metaphysics of causation,causation,4,0,expert,v1,v1,"{""model"": ""Mistral-Nemo"", ""temperature"": 0, ""date"": ""2025-10-05T22:46:34.379282+00:00"", ""prompt_version"": ""v1"", ""persona"": ""expert""}"
"('causation', 'metaphysicsofcausation')",metaphysics of causation,causation,4,0,phd,v1,v1,"{""model"": ""Mistral-Nemo"", ""temperature"": 0, ""date"": ""2025-10-05T22:46:35.737160+00:00"", ""prompt_version"": ""v1"", ""persona"": ""phd""}"
"('folkpsychology', 'perception')",folk psychology,perception,2,0,expert,v1,v1,"{""model"": ""Mistral-Nemo"", ""temperature"": 0, ""date"": ""2025-10-05T22:46:37.096250+00:00"", ""prompt_version"": ""v1"", ""persona"": ""expert""}"
"('folkpsychology', 'perception')",folk psychology,perception,2,-1,phd,v1,v1,"{""model"": ""Mistral-Nemo"", ""temperature"": 0, ""date"": ""2025-10-05T22:46:38.487603+00:00"", ""prompt_version"": ""v1"", ""persona"": ""phd""}"
"('computerethics', 'ethics')",computer ethics,ethics,4,0,expert,v1,v1,"{""model"": ""Mistral-Nemo"", ""temperature"": 0, ""date"": ""2025-10-05T22:46:39.881139+00:00"", ""prompt_version"": ""v1"", ""persona"": ""expert""}"
"('computerethics', 'ethics')",computer ethics,ethics,4,0,phd,v1,v1,"{""model"": ""Mistral-Nemo"", ""temperature"": 0, ""date"": ""2025-10-05T22:46:41.248257+00:00"", ""prompt_version"": ""v1"", ""persona"": ""phd""}"
"('essentialversusaccidentalproperties', 'propertyandownership')",essential versus accidental properties,property and ownership,2,0,expert,v1,v1,"{""model"": ""Mistral-Nemo"", ""temperature"": 0, ""date"": ""2025-10-05T22:46:42.678005+00:00"", ""prompt_version"": ""v1"", ""persona"": ""expert""}"
"('essentialversusaccidentalproperties', 'propertyandownership')",essential versus accidental properties,property and ownership,2,0,phd,v1,v1,"{""model"": ""Mistral-Nemo"", ""temperature"": 0, ""date"": ""2025-10-05T22:46:44.010527+00:00"", ""prompt_version"": ""v1"", ""persona"": ""phd""}"
"('philosophyofreligion', 'publicreason')",public reason,philosophy of religion,2,0,expert,v1,v1,"{""model"": ""Mistral-Nemo"", ""temperature"": 0, ""date"": ""2025-10-05T22:46:45.622947+00:00"", ""prompt_version"": ""v1"", ""persona"": ""expert""}"
"('philosophyofreligion', 'publicreason')",public reason,philosophy of religion,2,0,phd,v1,v1,"{""model"": ""Mistral-Nemo"", ""temperature"": 0, ""date"": ""2025-10-05T22:46:46.953530+00:00"", ""prompt_version"": ""v1"", ""persona"": ""phd""}"
"('agnosticism', 'philosophyofreligion')",agnosticism,philosophy of religion,4,0,expert,v1,v1,"{""model"": ""Mistral-Nemo"", ""temperature"": 0, ""date"": ""2025-10-05T22:46:48.320569+00:00"", ""prompt_version"": ""v1"", ""persona"": ""expert""}"
"('agnosticism', 'philosophyofreligion')",agnosticism,philosophy of religion,3,0,phd,v1,v1,"{""model"": ""Mistral-Nemo"", ""temperature"": 0, ""date"": ""2025-10-05T22:46:49.676632+00:00"", ""prompt_version"": ""v1"", ""persona"": ""phd""}"
"('chinesephilosophy', 'confucianism')",chinese philosophy,confucianism,4,0,course_taker,v1,v1,"{""model"": ""Mistral-Nemo"", ""temperature"": 0, ""date"": ""2025-10-05T22:46:51.047445+00:00"", ""prompt_version"": ""v1"", ""persona"": ""course_taker""}"
"('chinesephilosophy', 'confucianism')",chinese philosophy,confucianism,4,0,expert,v1,v1,"{""model"": ""Mistral-Nemo"", ""temperature"": 0, ""date"": ""2025-10-05T22:46:52.404993+00:00"", ""prompt_version"": ""v1"", ""persona"": ""expert""}"
"('symmetryandinvariance', 'symmetryandsymmetrybreaking')",symmetry and symmetry breaking,symmetry and invariance,4,2,expert,v1,v1,"{""model"": ""Mistral-Nemo"", ""temperature"": 0, ""date"": ""2025-10-05T22:46:53.806080+00:00"", ""prompt_version"": ""v1"", ""persona"": ""expert""}"
"('symmetryandinvariance', 'symmetryandsymmetrybreaking')",symmetry and symmetry breaking,symmetry and invariance,4,2,phd,v1,v1,"{""model"": ""Mistral-Nemo"", ""temperature"": 0, ""date"": ""2025-10-05T22:46:55.231903+00:00"", ""prompt_version"": ""v1"", ""persona"": ""phd""}"
"('epistemology', 'socialandpoliticalphilosophy')",social and political philosophy,epistemology,2,1,expert,v1,v1,"{""model"": ""Mistral-Nemo"", ""temperature"": 0, ""date"": ""2025-10-05T22:46:56.614875+00:00"", ""prompt_version"": ""v1"", ""persona"": ""expert""}"
"('epistemology', 'socialandpoliticalphilosophy')",social and political philosophy,epistemology,2,1,phd,v1,v1,"{""model"": ""Mistral-Nemo"", ""temperature"": 0, ""date"": ""2025-10-05T22:46:58.002712+00:00"", ""prompt_version"": ""v1"", ""persona"": ""phd""}"
"('ideas', 'metaphysics')",ideas,metaphysics,3,1,expert,v1,v1,"{""model"": ""Mistral-Nemo"", ""temperature"": 0, ""date"": ""2025-10-05T22:46:59.380958+00:00"", ""prompt_version"": ""v1"", ""persona"": ""expert""}"
"('ideas', 'metaphysics')",ideas,metaphysics,2,0,phd,v1,v1,"{""model"": ""Mistral-Nemo"", ""temperature"": 0, ""date"": ""2025-10-05T22:47:00.829950+00:00"", ""prompt_version"": ""v1"", ""persona"": ""phd""}"
"('matter', 'perception')",matter,perception,2,1,expert,v1,v1,"{""model"": ""Mistral-Nemo"", ""temperature"": 0, ""date"": ""2025-10-05T22:47:02.192907+00:00"", ""prompt_version"": ""v1"", ""persona"": ""expert""}"
"('matter', 'perception')",matter,perception,2,1,phd,v1,v1,"{""model"": ""Mistral-Nemo"", ""temperature"": 0, ""date"": ""2025-10-05T22:47:03.561913+00:00"", ""prompt_version"": ""v1"", ""persona"": ""phd""}"
"('20thcenturycontinentalphilosophy', 'philosophyofmind')",20th century continental philosophy,philosophy of mind,2,1,expert,v1,v1,"{""model"": ""Mistral-Nemo"", ""temperature"": 0, ""date"": ""2025-10-05T22:47:04.935665+00:00"", ""prompt_version"": ""v1"", ""persona"": ""expert""}"
"('20thcenturycontinentalphilosophy', 'philosophyofmind')",20th century continental philosophy,philosophy of mind,2,1,phd,v1,v1,"{""model"": ""Mistral-Nemo"", ""temperature"": 0, ""date"": ""2025-10-05T22:47:06.306678+00:00"", ""prompt_version"": ""v1"", ""persona"": ""phd""}"
"('epistemology', 'philosophyofmathematics')",philosophy of mathematics,epistemology,3,0,expert,v1,v1,"{""model"": ""Mistral-Nemo"", ""temperature"": 0, ""date"": ""2025-10-05T22:47:07.679542+00:00"", ""prompt_version"": ""v1"", ""persona"": ""expert""}"
"('epistemology', 'philosophyofmathematics')",philosophy of mathematics,epistemology,2,0,phd,v1,v1,"{""model"": ""Mistral-Nemo"", ""temperature"": 0, ""date"": ""2025-10-05T22:47:09.996577+00:00"", ""prompt_version"": ""v1"", ""persona"": ""phd""}"
"('churchturingthesis', 'turingmachine')",church-turing thesis,turing machine,4,0,expert,v1,v1,"{""model"": ""Mistral-Nemo"", ""temperature"": 0, ""date"": ""2025-10-05T22:47:11.350476+00:00"", ""prompt_version"": ""v1"", ""persona"": ""expert""}"
"('churchturingthesis', 'turingmachine')",church-turing thesis,turing machine,4,1,phd,v1,v1,"{""model"": ""Mistral-Nemo"", ""temperature"": 0, ""date"": ""2025-10-05T22:47:12.749571+00:00"", ""prompt_version"": ""v1"", ""persona"": ""phd""}"
"('cognitivevalueofart', 'perception')",cognitive value of art,perception,2,0,expert,v1,v1,"{""model"": ""Mistral-Nemo"", ""temperature"": 0, ""date"": ""2025-10-05T22:47:14.134465+00:00"", ""prompt_version"": ""v1"", ""persona"": ""expert""}"
"('cognitivevalueofart', 'perception')",cognitive value of art,perception,2,0,phd,v1,v1,"{""model"": ""Mistral-Nemo"", ""temperature"": 0, ""date"": ""2025-10-05T22:47:15.506794+00:00"", ""prompt_version"": ""v1"", ""persona"": ""phd""}"
"('kantscritiqueofmetaphysics', 'metaphysics')",kant's critique of metaphysics,metaphysics,4,0,expert,v1,v1,"{""model"": ""Mistral-Nemo"", ""temperature"": 0, ""date"": ""2025-10-05T22:47:16.898616+00:00"", ""prompt_version"": ""v1"", ""persona"": ""expert""}"
"('kantscritiqueofmetaphysics', 'metaphysics')",kant's critique of metaphysics,metaphysics,4,0,phd,v1,v1,"{""model"": ""Mistral-Nemo"", ""temperature"": 0, ""date"": ""2025-10-05T22:47:18.367652+00:00"", ""prompt_version"": ""v1"", ""persona"": ""phd""}"
"('koreanphilosophy', 'philosophyofmind')",korean philosophy,philosophy of mind,2,0,expert,v1,v1,"{""model"": ""Mistral-Nemo"", ""temperature"": 0, ""date"": ""2025-10-05T22:47:19.710896+00:00"", ""prompt_version"": ""v1"", ""persona"": ""expert""}"
"('koreanphilosophy', 'philosophyofmind')",korean philosophy,philosophy of mind,2,-1,phd,v1,v1,"{""model"": ""Mistral-Nemo"", ""temperature"": 0, ""date"": ""2025-10-05T22:47:21.092120+00:00"", ""prompt_version"": ""v1"", ""persona"": ""phd""}"
"('artificialintelligence', 'churchturingthesis')",church-turing thesis,artificial intelligence,3,1,expert,v1,v1,"{""model"": ""Mistral-Nemo"", ""temperature"": 0, ""date"": ""2025-10-05T22:47:22.472860+00:00"", ""prompt_version"": ""v1"", ""persona"": ""expert""}"
"('artificialintelligence', 'churchturingthesis')",church-turing thesis,artificial intelligence,2,1,phd,v1,v1,"{""model"": ""Mistral-Nemo"", ""temperature"": 0, ""date"": ""2025-10-05T22:47:23.885367+00:00"", ""prompt_version"": ""v1"", ""persona"": ""phd""}"
"('nonconceptualmentalcontent', 'perception')",nonconceptual mental content,perception,4,0,expert,v1,v1,"{""model"": ""Mistral-Nemo"", ""temperature"": 0, ""date"": ""2025-10-05T22:47:25.343248+00:00"", ""prompt_version"": ""v1"", ""persona"": ""expert""}"
"('nonconceptualmentalcontent', 'perception')",nonconceptual mental content,perception,3,0,phd,v1,v1,"{""model"": ""Mistral-Nemo"", ""temperature"": 0, ""date"": ""2025-10-05T22:47:26.720892+00:00"", ""prompt_version"": ""v1"", ""persona"": ""phd""}"
"('cognitivescience', 'eliminativematerialism')",eliminative materialism,cognitive science,3,0,expert,v1,v1,"{""model"": ""Mistral-Nemo"", ""temperature"": 0, ""date"": ""2025-10-05T22:47:28.079804+00:00"", ""prompt_version"": ""v1"", ""persona"": ""expert""}"
"('cognitivescience', 'eliminativematerialism')",eliminative materialism,cognitive science,2,0,phd,v1,v1,"{""model"": ""Mistral-Nemo"", ""temperature"": 0, ""date"": ""2025-10-05T22:47:29.433058+00:00"", ""prompt_version"": ""v1"", ""persona"": ""phd""}"
"('epistemologyofscience', 'metaphysics')",epistemology of science,metaphysics,2,0,expert,v1,v1,"{""model"": ""Mistral-Nemo"", ""temperature"": 0, ""date"": ""2025-10-05T22:47:30.780845+00:00"", ""prompt_version"": ""v1"", ""persona"": ""expert""}"
"('epistemologyofscience', 'metaphysics')",epistemology of science,metaphysics,2,0,phd,v1,v1,"{""model"": ""Mistral-Nemo"", ""temperature"": 0, ""date"": ""2025-10-05T22:47:32.227129+00:00"", ""prompt_version"": ""v1"", ""persona"": ""phd""}"
"('medievalproblemofuniversals', 'philosophyofmind')",medieval problem of universals,philosophy of mind,2,1,expert,v1,v1,"{""model"": ""Mistral-Nemo"", ""temperature"": 0, ""date"": ""2025-10-05T22:47:33.599310+00:00"", ""prompt_version"": ""v1"", ""persona"": ""expert""}"
"('medievalproblemofuniversals', 'philosophyofmind')",medieval problem of universals,philosophy of mind,2,1,phd,v1,v1,"{""model"": ""Mistral-Nemo"", ""temperature"": 0, ""date"": ""2025-10-05T22:47:35.068825+00:00"", ""prompt_version"": ""v1"", ""persona"": ""phd""}"
"('bellstheorem', 'quantummechanics')",bell's theorem,quantum mechanics,3,0,expert,v1,v1,"{""model"": ""Mistral-Nemo"", ""temperature"": 0, ""date"": ""2025-10-05T22:47:36.470256+00:00"", ""prompt_version"": ""v1"", ""persona"": ""expert""}"
"('bellstheorem', 'quantummechanics')",bell's theorem,quantum mechanics,4,0,phd,v1,v1,"{""model"": ""Mistral-Nemo"", ""temperature"": 0, ""date"": ""2025-10-05T22:47:37.876508+00:00"", ""prompt_version"": ""v1"", ""persona"": ""phd""}"
"('africanandafricanamericanphilosophy', 'akanphilosophyoftheperson')",akan philosophy of the person,african and african-american philosophy,2,0,course_taker,v1,v1,"{""model"": ""Mistral-Nemo"", ""temperature"": 0, ""date"": ""2025-10-05T22:47:39.294481+00:00"", ""prompt_version"": ""v1"", ""persona"": ""course_taker""}"
"('africanandafricanamericanphilosophy', 'akanphilosophyoftheperson')",akan philosophy of the person,african and african-american philosophy,2,0,phd,v1,v1,"{""model"": ""Mistral-Nemo"", ""temperature"": 0, ""date"": ""2025-10-05T22:47:40.630451+00:00"", ""prompt_version"": ""v1"", ""persona"": ""phd""}"
"('epistemology', 'theoryofforms')",theory of forms,epistemology,2,0,expert,v1,v1,"{""model"": ""Mistral-Nemo"", ""temperature"": 0, ""date"": ""2025-10-05T22:47:41.992288+00:00"", ""prompt_version"": ""v1"", ""persona"": ""expert""}"
"('epistemology', 'theoryofforms')",theory of forms,epistemology,2,0,phd,v1,v1,"{""model"": ""Mistral-Nemo"", ""temperature"": 0, ""date"": ""2025-10-05T22:47:43.471689+00:00"", ""prompt_version"": ""v1"", ""persona"": ""phd""}"
"('philosophyofscienceandthesciences', 'socialdimensionsofscientificknowledge')",social dimensions of scientific knowledge,philosophy of science and the sciences,3,0,expert,v1,v1,"{""model"": ""Mistral-Nemo"", ""temperature"": 0, ""date"": ""2025-10-05T22:47:44.850116+00:00"", ""prompt_version"": ""v1"", ""persona"": ""expert""}"
"('philosophyofscienceandthesciences', 'socialdimensionsofscientificknowledge')",social dimensions of scientific knowledge,philosophy of science and the sciences,3,0,phd,v1,v1,"{""model"": ""Mistral-Nemo"", ""temperature"": 0, ""date"": ""2025-10-05T22:47:46.307993+00:00"", ""prompt_version"": ""v1"", ""persona"": ""phd""}"
"('chinesephilosophy', 'chineseroomargument')",chinese room argument,chinese philosophy,2,-1,expert,v1,v1,"{""model"": ""Mistral-Nemo"", ""temperature"": 0, ""date"": ""2025-10-05T22:47:47.677689+00:00"", ""prompt_version"": ""v1"", ""persona"": ""expert""}"
"('chinesephilosophy', 'chineseroomargument')",chinese room argument,chinese philosophy,2,-1,phd,v1,v1,"{""model"": ""Mistral-Nemo"", ""temperature"": 0, ""date"": ""2025-10-05T22:47:49.079429+00:00"", ""prompt_version"": ""v1"", ""persona"": ""phd""}"
"('inherence', 'metaphysics')",inherence,metaphysics,4,0,expert,v1,v1,"{""model"": ""Mistral-Nemo"", ""temperature"": 0, ""date"": ""2025-10-05T22:47:50.464011+00:00"", ""prompt_version"": ""v1"", ""persona"": ""expert""}"
"('inherence', 'metaphysics')",inherence,metaphysics,2,0,phd,v1,v1,"{""model"": ""Mistral-Nemo"", ""temperature"": 0, ""date"": ""2025-10-05T22:47:51.870970+00:00"", ""prompt_version"": ""v1"", ""persona"": ""phd""}"
"('cosmologicalargumentsfortheexistenceofgod', 'philosophyofreligion')",cosmological arguments for the existence of god,philosophy of religion,4,0,expert,v1,v1,"{""model"": ""Mistral-Nemo"", ""temperature"": 0, ""date"": ""2025-10-05T22:47:53.251227+00:00"", ""prompt_version"": ""v1"", ""persona"": ""expert""}"
"('cosmologicalargumentsfortheexistenceofgod', 'philosophyofreligion')",cosmological arguments for the existence of god,philosophy of religion,4,0,phd,v1,v1,"{""model"": ""Mistral-Nemo"", ""temperature"": 0, ""date"": ""2025-10-05T22:47:54.602282+00:00"", ""prompt_version"": ""v1"", ""persona"": ""phd""}"
"('logic', 'philosophiesoftheparticularsciences')",philosophies of the particular sciences,logic,2,0,expert,v1,v1,"{""model"": ""Mistral-Nemo"", ""temperature"": 0, ""date"": ""2025-10-05T22:47:55.962524+00:00"", ""prompt_version"": ""v1"", ""persona"": ""expert""}"
"('logic', 'philosophiesoftheparticularsciences')",philosophies of the particular sciences,logic,2,0,phd,v1,v1,"{""model"": ""Mistral-Nemo"", ""temperature"": 0, ""date"": ""2025-10-05T22:47:57.391324+00:00"", ""prompt_version"": ""v1"", ""persona"": ""phd""}"
"('analyticfeminism', 'epistemology')",analytic feminism,epistemology,3,0,expert,v1,v1,"{""model"": ""Mistral-Nemo"", ""temperature"": 0, ""date"": ""2025-10-05T22:47:58.816190+00:00"", ""prompt_version"": ""v1"", ""persona"": ""expert""}"
"('analyticfeminism', 'epistemology')",analytic feminism,epistemology,2,0,phd,v1,v1,"{""model"": ""Mistral-Nemo"", ""temperature"": 0, ""date"": ""2025-10-05T22:48:00.171048+00:00"", ""prompt_version"": ""v1"", ""persona"": ""phd""}"
"('cognitivescience', 'perception')",cognitive science,perception,4,0,expert,v1,v1,"{""model"": ""Mistral-Nemo"", ""temperature"": 0, ""date"": ""2025-10-05T22:48:01.505507+00:00"", ""prompt_version"": ""v1"", ""persona"": ""expert""}"
"('cognitivescience', 'perception')",cognitive science,perception,4,0,phd,v1,v1,"{""model"": ""Mistral-Nemo"", ""temperature"": 0, ""date"": ""2025-10-05T22:48:02.876100+00:00"", ""prompt_version"": ""v1"", ""persona"": ""phd""}"
"('confirmationandinduction', 'metaphysics')",confirmation and induction,metaphysics,1,-1,expert,v1,v1,"{""model"": ""Mistral-Nemo"", ""temperature"": 0, ""date"": ""2025-10-05T22:48:04.235527+00:00"", ""prompt_version"": ""v1"", ""persona"": ""expert""}"
"('confirmationandinduction', 'metaphysics')",confirmation and induction,metaphysics,2,0,phd,v1,v1,"{""model"": ""Mistral-Nemo"", ""temperature"": 0, ""date"": ""2025-10-05T22:48:05.591290+00:00"", ""prompt_version"": ""v1"", ""persona"": ""phd""}"
"('malebranchestheoryofideasandvisioningod', 'philosophyofmind')",malebranche's theory of ideas and vision in god,philosophy of mind,3,0,expert,v1,v1,"{""model"": ""Mistral-Nemo"", ""temperature"": 0, ""date"": ""2025-10-05T22:48:07.061311+00:00"", ""prompt_version"": ""v1"", ""persona"": ""expert""}"
"('malebranchestheoryofideasandvisioningod', 'philosophyofmind')",malebranche's theory of ideas and vision in god,philosophy of mind,2,0,phd,v1,v1,"{""model"": ""Mistral-Nemo"", ""temperature"": 0, ""date"": ""2025-10-05T22:48:08.566725+00:00"", ""prompt_version"": ""v1"", ""persona"": ""phd""}"
"('philosophyofphysics', 'quantummechanics')",quantum mechanics,philosophy of physics,4,0,expert,v1,v1,"{""model"": ""Mistral-Nemo"", ""temperature"": 0, ""date"": ""2025-10-05T22:48:09.915308+00:00"", ""prompt_version"": ""v1"", ""persona"": ""expert""}"
"('philosophyofphysics', 'quantummechanics')",quantum mechanics,philosophy of physics,4,0,phd,v1,v1,"{""model"": ""Mistral-Nemo"", ""temperature"": 0, ""date"": ""2025-10-05T22:48:11.270137+00:00"", ""prompt_version"": ""v1"", ""persona"": ""phd""}"
"('relativism', 'truth')",relativism,truth,4,0,expert,v1,v1,"{""model"": ""Mistral-Nemo"", ""temperature"": 0, ""date"": ""2025-10-05T22:48:12.628863+00:00"", ""prompt_version"": ""v1"", ""persona"": ""expert""}"
"('relativism', 'truth')",relativism,truth,4,3,phd,v1,v1,"{""model"": ""Mistral-Nemo"", ""temperature"": 0, ""date"": ""2025-10-05T22:48:14.084405+00:00"", ""prompt_version"": ""v1"", ""persona"": ""phd""}"
"('philosophyofreligion', 'theism')",theism,philosophy of religion,4,0,expert,v1,v1,"{""model"": ""Mistral-Nemo"", ""temperature"": 0, ""date"": ""2025-10-05T22:48:15.467201+00:00"", ""prompt_version"": ""v1"", ""persona"": ""expert""}"
"('philosophyofreligion', 'theism')",theism,philosophy of religion,4,0,phd,v1,v1,"{""model"": ""Mistral-Nemo"", ""temperature"": 0, ""date"": ""2025-10-05T22:48:16.850754+00:00"", ""prompt_version"": ""v1"", ""persona"": ""phd""}"
"('fregestheoremandfoundationsforarithmetic', 'philosophyoflaw')",frege's theorem and foundations for arithmetic,philosophy of law,2,0,course_taker,v1,v1,"{""model"": ""Mistral-Nemo"", ""temperature"": 0, ""date"": ""2025-10-05T22:48:18.233285+00:00"", ""prompt_version"": ""v1"", ""persona"": ""course_taker""}"
"('fregestheoremandfoundationsforarithmetic', 'philosophyoflaw')",frege's theorem and foundations for arithmetic,philosophy of law,2,0,phd,v1,v1,"{""model"": ""Mistral-Nemo"", ""temperature"": 0, ""date"": ""2025-10-05T22:48:20.604926+00:00"", ""prompt_version"": ""v1"", ""persona"": ""phd""}"
"('futurecontingents', 'historyoflogic')",future contingents,history of logic,2,-1,novice,v1,v1,"{""model"": ""Mistral-Nemo"", ""temperature"": 0, ""date"": ""2025-10-05T22:48:21.997636+00:00"", ""prompt_version"": ""v1"", ""persona"": ""novice""}"
"('futurecontingents', 'historyoflogic')",future contingents,history of logic,2,-1,phd,v1,v1,"{""model"": ""Mistral-Nemo"", ""temperature"": 0, ""date"": ""2025-10-05T22:48:23.406961+00:00"", ""prompt_version"": ""v1"", ""persona"": ""phd""}"
"('nonconceptualcontent', 'perception')",non-conceptual content,perception,4,0,expert,v1,v1,"{""model"": ""Mistral-Nemo"", ""temperature"": 0, ""date"": ""2025-10-05T22:48:24.777593+00:00"", ""prompt_version"": ""v1"", ""persona"": ""expert""}"
"('nonconceptualcontent', 'perception')",non-conceptual content,perception,3,0,phd,v1,v1,"{""model"": ""Mistral-Nemo"", ""temperature"": 0, ""date"": ""2025-10-05T22:48:26.154611+00:00"", ""prompt_version"": ""v1"", ""persona"": ""phd""}"
"('foundationalisttheoriesofepistemicjustification', 'justification')",foundationalist theories of epistemic justification,justification,4,0,expert,v1,v1,"{""model"": ""Mistral-Nemo"", ""temperature"": 0, ""date"": ""2025-10-05T22:48:27.498756+00:00"", ""prompt_version"": ""v1"", ""persona"": ""expert""}"
"('foundationalisttheoriesofepistemicjustification', 'justification')",foundationalist theories of epistemic justification,justification,4,0,phd,v1,v1,"{""model"": ""Mistral-Nemo"", ""temperature"": 0, ""date"": ""2025-10-05T22:48:28.866879+00:00"", ""prompt_version"": ""v1"", ""persona"": ""phd""}"
"('philosophyofmind', 'selfconsciousness')",self-consciousness,philosophy of mind,4,0,expert,v1,v1,"{""model"": ""Mistral-Nemo"", ""temperature"": 0, ""date"": ""2025-10-05T22:48:30.232968+00:00"", ""prompt_version"": ""v1"", ""persona"": ""expert""}"
"('philosophyofmind', 'selfconsciousness')",self-consciousness,philosophy of mind,3,0,phd,v1,v1,"{""model"": ""Mistral-Nemo"", ""temperature"": 0, ""date"": ""2025-10-05T22:48:31.605209+00:00"", ""prompt_version"": ""v1"", ""persona"": ""phd""}"
"('philosophyofcomputerscience', 'philosophyofmind')",philosophy of computer science,philosophy of mind,3,0,expert,v1,v1,"{""model"": ""Mistral-Nemo"", ""temperature"": 0, ""date"": ""2025-10-05T22:48:33.036091+00:00"", ""prompt_version"": ""v1"", ""persona"": ""expert""}"
"('philosophyofcomputerscience', 'philosophyofmind')",philosophy of computer science,philosophy of mind,2,0,phd,v1,v1,"{""model"": ""Mistral-Nemo"", ""temperature"": 0, ""date"": ""2025-10-05T22:48:34.467318+00:00"", ""prompt_version"": ""v1"", ""persona"": ""phd""}"
"('artificialintelligence', 'philosophyofmind')",artificial intelligence,philosophy of mind,4,0,expert,v1,v1,"{""model"": ""Mistral-Nemo"", ""temperature"": 0, ""date"": ""2025-10-05T22:48:35.847574+00:00"", ""prompt_version"": ""v1"", ""persona"": ""expert""}"
"('artificialintelligence', 'philosophyofmind')",artificial intelligence,philosophy of mind,3,0,phd,v1,v1,"{""model"": ""Mistral-Nemo"", ""temperature"": 0, ""date"": ""2025-10-05T22:48:37.228170+00:00"", ""prompt_version"": ""v1"", ""persona"": ""phd""}"
"('animalconsciousness', 'consciousness')",animal consciousness,consciousness,4,0,expert,v1,v1,"{""model"": ""Mistral-Nemo"", ""temperature"": 0, ""date"": ""2025-10-05T22:48:38.597514+00:00"", ""prompt_version"": ""v1"", ""persona"": ""expert""}"
"('animalconsciousness', 'consciousness')",animal consciousness,consciousness,3,0,phd,v1,v1,"{""model"": ""Mistral-Nemo"", ""temperature"": 0, ""date"": ""2025-10-05T22:48:39.978606+00:00"", ""prompt_version"": ""v1"", ""persona"": ""phd""}"
"('17thand18thcenturytheoriesofemotions', 'perception')",17th and 18th century theories of emotions,perception,2,0,expert,v1,v1,"{""model"": ""Mistral-Nemo"", ""temperature"": 0, ""date"": ""2025-10-05T22:48:41.359187+00:00"", ""prompt_version"": ""v1"", ""persona"": ""expert""}"
"('17thand18thcenturytheoriesofemotions', 'perception')",17th and 18th century theories of emotions,perception,2,-1,phd,v1,v1,"{""model"": ""Mistral-Nemo"", ""temperature"": 0, ""date"": ""2025-10-05T22:48:42.779150+00:00"", ""prompt_version"": ""v1"", ""persona"": ""phd""}"
"('combininglogics', 'logic')",logic,combining logics,4,1,course_taker,v1,v1,"{""model"": ""Mistral-Nemo"", ""temperature"": 0, ""date"": ""2025-10-05T22:48:44.160677+00:00"", ""prompt_version"": ""v1"", ""persona"": ""course_taker""}"
"('combininglogics', 'logic')",logic,combining logics,4,1,phd,v1,v1,"{""model"": ""Mistral-Nemo"", ""temperature"": 0, ""date"": ""2025-10-05T22:48:45.560038+00:00"", ""prompt_version"": ""v1"", ""persona"": ""phd""}"
"('consciousnessandscience', 'perception')",consciousness and science,perception,3,1,expert,v1,v1,"{""model"": ""Mistral-Nemo"", ""temperature"": 0, ""date"": ""2025-10-05T22:48:46.962710+00:00"", ""prompt_version"": ""v1"", ""persona"": ""expert""}"
"('consciousnessandscience', 'perception')",consciousness and science,perception,3,1,phd,v1,v1,"{""model"": ""Mistral-Nemo"", ""temperature"": 0, ""date"": ""2025-10-05T22:48:48.296857+00:00"", ""prompt_version"": ""v1"", ""persona"": ""phd""}"
"('epistemology', 'otherminds')",other minds,epistemology,3,0,expert,v1,v1,"{""model"": ""Mistral-Nemo"", ""temperature"": 0, ""date"": ""2025-10-05T22:48:49.668784+00:00"", ""prompt_version"": ""v1"", ""persona"": ""expert""}"
"('epistemology', 'otherminds')",other minds,epistemology,3,0,phd,v1,v1,"{""model"": ""Mistral-Nemo"", ""temperature"": 0, ""date"": ""2025-10-05T22:48:51.044853+00:00"", ""prompt_version"": ""v1"", ""persona"": ""phd""}"
"('mindbodyproblem', 'philosophyofmind')",mind-body problem,philosophy of mind,4,0,expert,v1,v1,"{""model"": ""Mistral-Nemo"", ""temperature"": 0, ""date"": ""2025-10-05T22:48:52.397184+00:00"", ""prompt_version"": ""v1"", ""persona"": ""expert""}"
"('mindbodyproblem', 'philosophyofmind')",mind-body problem,philosophy of mind,4,0,phd,v1,v1,"{""model"": ""Mistral-Nemo"", ""temperature"": 0, ""date"": ""2025-10-05T22:48:53.853348+00:00"", ""prompt_version"": ""v1"", ""persona"": ""phd""}"
"('existence', 'possibleworlds')",possible worlds,existence,3,0,expert,v1,v1,"{""model"": ""Mistral-Nemo"", ""temperature"": 0, ""date"": ""2025-10-05T22:48:55.288207+00:00"", ""prompt_version"": ""v1"", ""persona"": ""expert""}"
"('existence', 'possibleworlds')",possible worlds,existence,4,0,phd,v1,v1,"{""model"": ""Mistral-Nemo"", ""temperature"": 0, ""date"": ""2025-10-05T22:48:56.784806+00:00"", ""prompt_version"": ""v1"", ""persona"": ""phd""}"
"('afterlife', 'incompatibilism')",incompatibilism,afterlife,2,0,expert,v1,v1,"{""model"": ""Mistral-Nemo"", ""temperature"": 0, ""date"": ""2025-10-05T22:48:58.219801+00:00"", ""prompt_version"": ""v1"", ""persona"": ""expert""}"
"('afterlife', 'incompatibilism')",incompatibilism,afterlife,1,-1,phd,v1,v1,"{""model"": ""Mistral-Nemo"", ""temperature"": 0, ""date"": ""2025-10-05T22:48:59.593290+00:00"", ""prompt_version"": ""v1"", ""persona"": ""phd""}"
"('mathematicallogic', 'metaphysics')",mathematical logic,metaphysics,2,0,expert,v1,v1,"{""model"": ""Mistral-Nemo"", ""temperature"": 0, ""date"": ""2025-10-05T22:49:01.048269+00:00"", ""prompt_version"": ""v1"", ""persona"": ""expert""}"
"('mathematicallogic', 'metaphysics')",mathematical logic,metaphysics,2,0,phd,v1,v1,"{""model"": ""Mistral-Nemo"", ""temperature"": 0, ""date"": ""2025-10-05T22:49:02.402552+00:00"", ""prompt_version"": ""v1"", ""persona"": ""phd""}"
"('animalconsciousness', 'philosophyofmind')",animal consciousness,philosophy of mind,4,0,expert,v1,v1,"{""model"": ""Mistral-Nemo"", ""temperature"": 0, ""date"": ""2025-10-05T22:49:03.814771+00:00"", ""prompt_version"": ""v1"", ""persona"": ""expert""}"
"('animalconsciousness', 'philosophyofmind')",animal consciousness,philosophy of mind,4,0,phd,v1,v1,"{""model"": ""Mistral-Nemo"", ""temperature"": 0, ""date"": ""2025-10-05T22:49:05.203810+00:00"", ""prompt_version"": ""v1"", ""persona"": ""phd""}"
"('philosophyofmind', 'teleologicalargumentsforgodsexistence')",teleological arguments for god's existence,philosophy of mind,2,1,expert,v1,v1,"{""model"": ""Mistral-Nemo"", ""temperature"": 0, ""date"": ""2025-10-05T22:49:06.674083+00:00"", ""prompt_version"": ""v1"", ""persona"": ""expert""}"
"('philosophyofmind', 'teleologicalargumentsforgodsexistence')",teleological arguments for god's existence,philosophy of mind,1,-1,phd,v1,v1,"{""model"": ""Mistral-Nemo"", ""temperature"": 0, ""date"": ""2025-10-05T22:49:08.178759+00:00"", ""prompt_version"": ""v1"", ""persona"": ""phd""}"
"('christiantheology', 'philosophyofreligion')",christian theology,philosophy of religion,4,0,expert,v1,v1,"{""model"": ""Mistral-Nemo"", ""temperature"": 0, ""date"": ""2025-10-05T22:49:09.552820+00:00"", ""prompt_version"": ""v1"", ""persona"": ""expert""}"
"('christiantheology', 'philosophyofreligion')",christian theology,philosophy of religion,4,0,phd,v1,v1,"{""model"": ""Mistral-Nemo"", ""temperature"": 0, ""date"": ""2025-10-05T22:49:10.990175+00:00"", ""prompt_version"": ""v1"", ""persona"": ""phd""}"
"('historicisttheoriesofrationality', 'philosophyofscienceandthesciences')",historicist theories of rationality,philosophy of science and the sciences,2,0,expert,v1,v1,"{""model"": ""Mistral-Nemo"", ""temperature"": 0, ""date"": ""2025-10-05T22:49:12.387130+00:00"", ""prompt_version"": ""v1"", ""persona"": ""expert""}"
"('historicisttheoriesofrationality', 'philosophyofscienceandthesciences')",historicist theories of rationality,philosophy of science and the sciences,3,0,phd,v1,v1,"{""model"": ""Mistral-Nemo"", ""temperature"": 0, ""date"": ""2025-10-05T22:49:13.776412+00:00"", ""prompt_version"": ""v1"", ""persona"": ""phd""}"
"('explanation', 'philosophyofscienceandthesciences')",explanation,philosophy of science and the sciences,3,0,expert,v1,v1,"{""model"": ""Mistral-Nemo"", ""temperature"": 0, ""date"": ""2025-10-05T22:49:15.188563+00:00"", ""prompt_version"": ""v1"", ""persona"": ""expert""}"
"('explanation', 'philosophyofscienceandthesciences')",explanation,philosophy of science and the sciences,4,0,phd,v1,v1,"{""model"": ""Mistral-Nemo"", ""temperature"": 0, ""date"": ""2025-10-05T22:49:16.568384+00:00"", ""prompt_version"": ""v1"", ""persona"": ""phd""}"
"('modernphilosophy', 'perception')",modern philosophy,perception,2,1,expert,v1,v1,"{""model"": ""Mistral-Nemo"", ""temperature"": 0, ""date"": ""2025-10-05T22:49:17.983534+00:00"", ""prompt_version"": ""v1"", ""persona"": ""expert""}"
"('modernphilosophy', 'perception')",modern philosophy,perception,2,1,phd,v1,v1,"{""model"": ""Mistral-Nemo"", ""temperature"": 0, ""date"": ""2025-10-05T22:49:19.370270+00:00"", ""prompt_version"": ""v1"", ""persona"": ""phd""}"
"('culture', 'philosophyofreligion')",culture,philosophy of religion,3,1,expert,v1,v1,"{""model"": ""Mistral-Nemo"", ""temperature"": 0, ""date"": ""2025-10-05T22:49:20.774412+00:00"", ""prompt_version"": ""v1"", ""persona"": ""expert""}"
"('culture', 'philosophyofreligion')",culture,philosophy of religion,3,1,phd,v1,v1,"{""model"": ""Mistral-Nemo"", ""temperature"": 0, ""date"": ""2025-10-05T22:49:22.341761+00:00"", ""prompt_version"": ""v1"", ""persona"": ""phd""}"
"('mentalcontent', 'mentalrepresentation')",mental representation,mental content,4,2,expert,v1,v1,"{""model"": ""Mistral-Nemo"", ""temperature"": 0, ""date"": ""2025-10-05T22:49:23.715620+00:00"", ""prompt_version"": ""v1"", ""persona"": ""expert""}"
"('mentalcontent', 'mentalrepresentation')",mental representation,mental content,4,2,phd,v1,v1,"{""model"": ""Mistral-Nemo"", ""temperature"": 0, ""date"": ""2025-10-05T22:49:25.103595+00:00"", ""prompt_version"": ""v1"", ""persona"": ""phd""}"
"('cognitivescience', 'connectionistmodel')",connectionist model,cognitive science,3,0,expert,v1,v1,"{""model"": ""Mistral-Nemo"", ""temperature"": 0, ""date"": ""2025-10-05T22:49:26.530420+00:00"", ""prompt_version"": ""v1"", ""persona"": ""expert""}"
"('cognitivescience', 'connectionistmodel')",connectionist model,cognitive science,3,0,phd,v1,v1,"{""model"": ""Mistral-Nemo"", ""temperature"": 0, ""date"": ""2025-10-05T22:49:27.884303+00:00"", ""prompt_version"": ""v1"", ""persona"": ""phd""}"
"('epistemology', 'philosophyofmind')",philosophy of mind,epistemology,4,0,expert,v1,v1,"{""model"": ""Mistral-Nemo"", ""temperature"": 0, ""date"": ""2025-10-05T22:49:29.295214+00:00"", ""prompt_version"": ""v1"", ""persona"": ""expert""}"
"('epistemology', 'philosophyofmind')",philosophy of mind,epistemology,3,0,phd,v1,v1,"{""model"": ""Mistral-Nemo"", ""temperature"": 0, ""date"": ""2025-10-05T22:49:30.829320+00:00"", ""prompt_version"": ""v1"", ""persona"": ""phd""}"
"('conservationbiology', 'philosophyofscienceandthesciences')",conservation biology,philosophy of science and the sciences,2,0,expert,v1,v1,"{""model"": ""Mistral-Nemo"", ""temperature"": 0, ""date"": ""2025-10-05T22:49:32.300545+00:00"", ""prompt_version"": ""v1"", ""persona"": ""expert""}"
"('conservationbiology', 'philosophyofscienceandthesciences')",conservation biology,philosophy of science and the sciences,2,0,phd,v1,v1,"{""model"": ""Mistral-Nemo"", ""temperature"": 0, ""date"": ""2025-10-05T22:49:33.766149+00:00"", ""prompt_version"": ""v1"", ""persona"": ""phd""}"
"('coherentisttheoriesofjustification', 'epistemology')",coherentist theories of justification,epistemology,4,0,expert,v1,v1,"{""model"": ""Mistral-Nemo"", ""temperature"": 0, ""date"": ""2025-10-05T22:49:35.135110+00:00"", ""prompt_version"": ""v1"", ""persona"": ""expert""}"
"('coherentisttheoriesofjustification', 'epistemology')",coherentist theories of justification,epistemology,3,0,phd,v1,v1,"{""model"": ""Mistral-Nemo"", ""temperature"": 0, ""date"": ""2025-10-05T22:49:36.491357+00:00"", ""prompt_version"": ""v1"", ""persona"": ""phd""}"
"('eliminativematerialism', 'philosophyofscienceandthesciences')",eliminative materialism,philosophy of science and the sciences,2,0,expert,v1,v1,"{""model"": ""Mistral-Nemo"", ""temperature"": 0, ""date"": ""2025-10-05T22:49:37.909325+00:00"", ""prompt_version"": ""v1"", ""persona"": ""expert""}"
"('eliminativematerialism', 'philosophyofscienceandthesciences')",eliminative materialism,philosophy of science and the sciences,2,0,phd,v1,v1,"{""model"": ""Mistral-Nemo"", ""temperature"": 0, ""date"": ""2025-10-05T22:49:39.279193+00:00"", ""prompt_version"": ""v1"", ""persona"": ""phd""}"
"('artificialintelligence', 'inputunit')",input unit,artificial intelligence,2,0,expert,v1,v1,"{""model"": ""Mistral-Nemo"", ""temperature"": 0, ""date"": ""2025-10-05T22:49:40.685335+00:00"", ""prompt_version"": ""v1"", ""persona"": ""expert""}"
"('artificialintelligence', 'inputunit')",input unit,artificial intelligence,2,0,phd,v1,v1,"{""model"": ""Mistral-Nemo"", ""temperature"": 0, ""date"": ""2025-10-05T22:49:42.064101+00:00"", ""prompt_version"": ""v1"", ""persona"": ""phd""}"
"('lebensphilosophie', 'philosophyofreligion')",lebensphilosophie,philosophy of religion,2,0,expert,v1,v1,"{""model"": ""Mistral-Nemo"", ""temperature"": 0, ""date"": ""2025-10-05T22:49:43.456372+00:00"", ""prompt_version"": ""v1"", ""persona"": ""expert""}"
"('lebensphilosophie', 'philosophyofreligion')",lebensphilosophie,philosophy of religion,2,-1,phd,v1,v1,"{""model"": ""Mistral-Nemo"", ""temperature"": 0, ""date"": ""2025-10-05T22:49:44.842698+00:00"", ""prompt_version"": ""v1"", ""persona"": ""phd""}"
"('perception', 'platoonknowledgeinthetheaetetus')",plato on knowledge in the theaetetus,perception,3,0,expert,v1,v1,"{""model"": ""Mistral-Nemo"", ""temperature"": 0, ""date"": ""2025-10-05T22:49:46.233302+00:00"", ""prompt_version"": ""v1"", ""persona"": ""expert""}"
"('perception', 'platoonknowledgeinthetheaetetus')",plato on knowledge in the theaetetus,perception,2,0,phd,v1,v1,"{""model"": ""Mistral-Nemo"", ""temperature"": 0, ""date"": ""2025-10-05T22:49:47.596394+00:00"", ""prompt_version"": ""v1"", ""persona"": ""phd""}"
"('cognitivescience', 'nativism')",nativism,cognitive science,2,0,expert,v1,v1,"{""model"": ""Mistral-Nemo"", ""temperature"": 0, ""date"": ""2025-10-05T22:49:48.973144+00:00"", ""prompt_version"": ""v1"", ""persona"": ""expert""}"
"('cognitivescience', 'nativism')",nativism,cognitive science,2,0,phd,v1,v1,"{""model"": ""Mistral-Nemo"", ""temperature"": 0, ""date"": ""2025-10-05T22:49:50.377279+00:00"", ""prompt_version"": ""v1"", ""persona"": ""phd""}"
"('conceptsofgod', 'philosophyofreligion')",concepts of god,philosophy of religion,4,0,expert,v1,v1,"{""model"": ""Mistral-Nemo"", ""temperature"": 0, ""date"": ""2025-10-05T22:49:51.711377+00:00"", ""prompt_version"": ""v1"", ""persona"": ""expert""}"
"('conceptsofgod', 'philosophyofreligion')",concepts of god,philosophy of religion,4,0,phd,v1,v1,"{""model"": ""Mistral-Nemo"", ""temperature"": 0, ""date"": ""2025-10-05T22:49:53.090364+00:00"", ""prompt_version"": ""v1"", ""persona"": ""phd""}"
"('churchturingthesis', 'philosophyofcomputerscience')",philosophy of computer science,church-turing thesis,2,0,course_taker,v1,v1,"{""model"": ""Mistral-Nemo"", ""temperature"": 0, ""date"": ""2025-10-05T22:49:54.447722+00:00"", ""prompt_version"": ""v1"", ""persona"": ""course_taker""}"
"('churchturingthesis', 'philosophyofcomputerscience')",philosophy of computer science,church-turing thesis,2,0,phd,v1,v1,"{""model"": ""Mistral-Nemo"", ""temperature"": 0, ""date"": ""2025-10-05T22:49:55.810055+00:00"", ""prompt_version"": ""v1"", ""persona"": ""phd""}"
"('hylomorphism', 'metaphysics')",hylomorphism,metaphysics,4,0,expert,v1,v1,"{""model"": ""Mistral-Nemo"", ""temperature"": 0, ""date"": ""2025-10-05T22:49:57.244107+00:00"", ""prompt_version"": ""v1"", ""persona"": ""expert""}"
"('hylomorphism', 'metaphysics')",hylomorphism,metaphysics,3,0,phd,v1,v1,"{""model"": ""Mistral-Nemo"", ""temperature"": 0, ""date"": ""2025-10-05T22:49:58.630256+00:00"", ""prompt_version"": ""v1"", ""persona"": ""phd""}"
"('cognitivescience', 'symbolicprocessing')",symbolic processing,cognitive science,3,0,expert,v1,v1,"{""model"": ""Mistral-Nemo"", ""temperature"": 0, ""date"": ""2025-10-05T22:50:00.097545+00:00"", ""prompt_version"": ""v1"", ""persona"": ""expert""}"
"('cognitivescience', 'symbolicprocessing')",symbolic processing,cognitive science,4,0,phd,v1,v1,"{""model"": ""Mistral-Nemo"", ""temperature"": 0, ""date"": ""2025-10-05T22:50:01.473735+00:00"", ""prompt_version"": ""v1"", ""persona"": ""phd""}"
"('pacifism', 'philosophyofreligion')",pacifism,philosophy of religion,2,-1,expert,v1,v1,"{""model"": ""Mistral-Nemo"", ""temperature"": 0, ""date"": ""2025-10-05T22:50:02.861746+00:00"", ""prompt_version"": ""v1"", ""persona"": ""expert""}"
"('pacifism', 'philosophyofreligion')",pacifism,philosophy of religion,2,0,phd,v1,v1,"{""model"": ""Mistral-Nemo"", ""temperature"": 0, ""date"": ""2025-10-05T22:50:04.230653+00:00"", ""prompt_version"": ""v1"", ""persona"": ""phd""}"
"('epistemology', 'lawsofnature')",laws of nature,epistemology,2,1,expert,v1,v1,"{""model"": ""Mistral-Nemo"", ""temperature"": 0, ""date"": ""2025-10-05T22:50:05.615080+00:00"", ""prompt_version"": ""v1"", ""persona"": ""expert""}"
"('epistemology', 'lawsofnature')",laws of nature,epistemology,2,1,phd,v1,v1,"{""model"": ""Mistral-Nemo"", ""temperature"": 0, ""date"": ""2025-10-05T22:50:07.046655+00:00"", ""prompt_version"": ""v1"", ""persona"": ""phd""}"
"('philosophyofmind', 'probabilityandstatistics')",probability and statistics,philosophy of mind,2,-1,expert,v1,v1,"{""model"": ""Mistral-Nemo"", ""temperature"": 0, ""date"": ""2025-10-05T22:50:08.416577+00:00"", ""prompt_version"": ""v1"", ""persona"": ""expert""}"
"('philosophyofmind', 'probabilityandstatistics')",probability and statistics,philosophy of mind,2,-1,phd,v1,v1,"{""model"": ""Mistral-Nemo"", ""temperature"": 0, ""date"": ""2025-10-05T22:50:09.804401+00:00"", ""prompt_version"": ""v1"", ""persona"": ""phd""}"
"('metaphysics', 'philosophyofperception')",philosophy of perception,metaphysics,2,0,expert,v1,v1,"{""model"": ""Mistral-Nemo"", ""temperature"": 0, ""date"": ""2025-10-05T22:50:11.159263+00:00"", ""prompt_version"": ""v1"", ""persona"": ""expert""}"
"('metaphysics', 'philosophyofperception')",philosophy of perception,metaphysics,2,0,phd,v1,v1,"{""model"": ""Mistral-Nemo"", ""temperature"": 0, ""date"": ""2025-10-05T22:50:12.564739+00:00"", ""prompt_version"": ""v1"", ""persona"": ""phd""}"
"('cognitivescience', 'modularity')",modularity,cognitive science,2,0,expert,v1,v1,"{""model"": ""Mistral-Nemo"", ""temperature"": 0, ""date"": ""2025-10-05T22:50:14.006147+00:00"", ""prompt_version"": ""v1"", ""persona"": ""expert""}"
"('cognitivescience', 'modularity')",modularity,cognitive science,2,0,phd,v1,v1,"{""model"": ""Mistral-Nemo"", ""temperature"": 0, ""date"": ""2025-10-05T22:50:15.335952+00:00"", ""prompt_version"": ""v1"", ""persona"": ""phd""}"
"('matter', 'metaphysics')",matter,metaphysics,2,0,expert,v1,v1,"{""model"": ""Mistral-Nemo"", ""temperature"": 0, ""date"": ""2025-10-05T22:50:16.736056+00:00"", ""prompt_version"": ""v1"", ""persona"": ""expert""}"
"('matter', 'metaphysics')",matter,metaphysics,2,0,phd,v1,v1,"{""model"": ""Mistral-Nemo"", ""temperature"": 0, ""date"": ""2025-10-05T22:50:18.100600+00:00"", ""prompt_version"": ""v1"", ""persona"": ""phd""}"
"('artificialintelligence', 'cognitivescience')",artificial intelligence,cognitive science,4,0,course_taker,v1,v1,"{""model"": ""Mistral-Nemo"", ""temperature"": 0, ""date"": ""2025-10-05T22:50:19.618984+00:00"", ""prompt_version"": ""v1"", ""persona"": ""course_taker""}"
"('artificialintelligence', 'cognitivescience')",artificial intelligence,cognitive science,4,0,expert,v1,v1,"{""model"": ""Mistral-Nemo"", ""temperature"": 0, ""date"": ""2025-10-05T22:50:21.086102+00:00"", ""prompt_version"": ""v1"", ""persona"": ""expert""}"
"('cartesiandualism', 'dualism')",cartesian dualism,dualism,4,0,expert,v1,v1,"{""model"": ""Mistral-Nemo"", ""temperature"": 0, ""date"": ""2025-10-05T22:50:22.512165+00:00"", ""prompt_version"": ""v1"", ""persona"": ""expert""}"
"('cartesiandualism', 'dualism')",cartesian dualism,dualism,4,0,phd,v1,v1,"{""model"": ""Mistral-Nemo"", ""temperature"": 0, ""date"": ""2025-10-05T22:50:23.972422+00:00"", ""prompt_version"": ""v1"", ""persona"": ""phd""}"
"('definitionofmorality', 'philosophyofreligion')",definition of morality,philosophy of religion,2,0,expert,v1,v1,"{""model"": ""Mistral-Nemo"", ""temperature"": 0, ""date"": ""2025-10-05T22:50:25.351640+00:00"", ""prompt_version"": ""v1"", ""persona"": ""expert""}"
"('definitionofmorality', 'philosophyofreligion')",definition of morality,philosophy of religion,2,0,phd,v1,v1,"{""model"": ""Mistral-Nemo"", ""temperature"": 0, ""date"": ""2025-10-05T22:50:26.732217+00:00"", ""prompt_version"": ""v1"", ""persona"": ""phd""}"
"('aesthetics', 'environmentalaesthetics')",environmental aesthetics,aesthetics,4,0,expert,v1,v1,"{""model"": ""Mistral-Nemo"", ""temperature"": 0, ""date"": ""2025-10-05T22:50:28.146838+00:00"", ""prompt_version"": ""v1"", ""persona"": ""expert""}"
"('aesthetics', 'environmentalaesthetics')",environmental aesthetics,aesthetics,3,0,phd,v1,v1,"{""model"": ""Mistral-Nemo"", ""temperature"": 0, ""date"": ""2025-10-05T22:50:29.551528+00:00"", ""prompt_version"": ""v1"", ""persona"": ""phd""}"
"('leibnizsphilosophyofmind', 'philosophyofmind')",leibniz's philosophy of mind,philosophy of mind,4,0,expert,v1,v1,"{""model"": ""Mistral-Nemo"", ""temperature"": 0, ""date"": ""2025-10-05T22:50:30.906045+00:00"", ""prompt_version"": ""v1"", ""persona"": ""expert""}"
"('leibnizsphilosophyofmind', 'philosophyofmind')",leibniz's philosophy of mind,philosophy of mind,4,0,phd,v1,v1,"{""model"": ""Mistral-Nemo"", ""temperature"": 0, ""date"": ""2025-10-05T22:50:32.223089+00:00"", ""prompt_version"": ""v1"", ""persona"": ""phd""}"
"('descartesmodalmetaphysics', 'metaphysics')",descartes' modal metaphysics,metaphysics,4,0,expert,v1,v1,"{""model"": ""Mistral-Nemo"", ""temperature"": 0, ""date"": ""2025-10-05T22:50:33.663744+00:00"", ""prompt_version"": ""v1"", ""persona"": ""expert""}"
"('descartesmodalmetaphysics', 'metaphysics')",descartes' modal metaphysics,metaphysics,4,0,phd,v1,v1,"{""model"": ""Mistral-Nemo"", ""temperature"": 0, ""date"": ""2025-10-05T22:50:35.012720+00:00"", ""prompt_version"": ""v1"", ""persona"": ""phd""}"
"('logic', 'philosophyoflanguage')",logic,philosophy of language,3,0,course_taker,v1,v1,"{""model"": ""Mistral-Nemo"", ""temperature"": 0, ""date"": ""2025-10-05T22:50:36.400142+00:00"", ""prompt_version"": ""v1"", ""persona"": ""course_taker""}"
"('logic', 'philosophyoflanguage')",logic,philosophy of language,3,0,phd,v1,v1,"{""model"": ""Mistral-Nemo"", ""temperature"": 0, ""date"": ""2025-10-05T22:50:37.760035+00:00"", ""prompt_version"": ""v1"", ""persona"": ""phd""}"
"('atomism', 'philosophyofchemistry')",atomism,philosophy of chemistry,3,0,expert,v1,v1,"{""model"": ""Mistral-Nemo"", ""temperature"": 0, ""date"": ""2025-10-05T22:50:39.132002+00:00"", ""prompt_version"": ""v1"", ""persona"": ""expert""}"
"('atomism', 'philosophyofchemistry')",atomism,philosophy of chemistry,3,0,phd,v1,v1,"{""model"": ""Mistral-Nemo"", ""temperature"": 0, ""date"": ""2025-10-05T22:50:40.511766+00:00"", ""prompt_version"": ""v1"", ""persona"": ""phd""}"
"('philosophyofbiology', 'philosophyofscience')",philosophy of biology,philosophy of science,4,0,expert,v1,v1,"{""model"": ""Mistral-Nemo"", ""temperature"": 0, ""date"": ""2025-10-05T22:50:41.962369+00:00"", ""prompt_version"": ""v1"", ""persona"": ""expert""}"
"('philosophyofbiology', 'philosophyofscience')",philosophy of biology,philosophy of science,4,0,phd,v1,v1,"{""model"": ""Mistral-Nemo"", ""temperature"": 0, ""date"": ""2025-10-05T22:50:43.360700+00:00"", ""prompt_version"": ""v1"", ""persona"": ""phd""}"
"('molecularbiology', 'philosophyofscienceandthesciences')",molecular biology,philosophy of science and the sciences,2,0,expert,v1,v1,"{""model"": ""Mistral-Nemo"", ""temperature"": 0, ""date"": ""2025-10-05T22:50:44.738730+00:00"", ""prompt_version"": ""v1"", ""persona"": ""expert""}"
"('molecularbiology', 'philosophyofscienceandthesciences')",molecular biology,philosophy of science and the sciences,2,0,phd,v1,v1,"{""model"": ""Mistral-Nemo"", ""temperature"": 0, ""date"": ""2025-10-05T22:50:46.127885+00:00"", ""prompt_version"": ""v1"", ""persona"": ""phd""}"
"('epistemology', 'induction')",induction,epistemology,3,0,expert,v1,v1,"{""model"": ""Mistral-Nemo"", ""temperature"": 0, ""date"": ""2025-10-05T22:50:47.490847+00:00"", ""prompt_version"": ""v1"", ""persona"": ""expert""}"
"('epistemology', 'induction')",induction,epistemology,3,0,phd,v1,v1,"{""model"": ""Mistral-Nemo"", ""temperature"": 0, ""date"": ""2025-10-05T22:50:48.812663+00:00"", ""prompt_version"": ""v1"", ""persona"": ""phd""}"
"('causeandeffect', 'metaphysics')",cause and effect,metaphysics,3,0,expert,v1,v1,"{""model"": ""Mistral-Nemo"", ""temperature"": 0, ""date"": ""2025-10-05T22:50:50.178608+00:00"", ""prompt_version"": ""v1"", ""persona"": ""expert""}"
"('causeandeffect', 'metaphysics')",cause and effect,metaphysics,2,0,phd,v1,v1,"{""model"": ""Mistral-Nemo"", ""temperature"": 0, ""date"": ""2025-10-05T22:50:51.533456+00:00"", ""prompt_version"": ""v1"", ""persona"": ""phd""}"
"('metaphysics', 'metaphysicsofmind')",metaphysics,metaphysics of mind,4,0,expert,v1,v1,"{""model"": ""Mistral-Nemo"", ""temperature"": 0, ""date"": ""2025-10-05T22:50:52.945176+00:00"", ""prompt_version"": ""v1"", ""persona"": ""expert""}"
"('metaphysics', 'metaphysicsofmind')",metaphysics,metaphysics of mind,4,1,phd,v1,v1,"{""model"": ""Mistral-Nemo"", ""temperature"": 0, ""date"": ""2025-10-05T22:50:54.314278+00:00"", ""prompt_version"": ""v1"", ""persona"": ""phd""}"
"('contextualism', 'epistemology')",contextualism,epistemology,4,0,expert,v1,v1,"{""model"": ""Mistral-Nemo"", ""temperature"": 0, ""date"": ""2025-10-05T22:50:55.659488+00:00"", ""prompt_version"": ""v1"", ""persona"": ""expert""}"
"('contextualism', 'epistemology')",contextualism,epistemology,4,0,phd,v1,v1,"{""model"": ""Mistral-Nemo"", ""temperature"": 0, ""date"": ""2025-10-05T22:50:56.982482+00:00"", ""prompt_version"": ""v1"", ""persona"": ""phd""}"
"('18thcenturybritishaesthetics', 'philosophyofmind')",18th century british aesthetics,philosophy of mind,2,0,expert,v1,v1,"{""model"": ""Mistral-Nemo"", ""temperature"": 0, ""date"": ""2025-10-05T22:50:58.442288+00:00"", ""prompt_version"": ""v1"", ""persona"": ""expert""}"
"('18thcenturybritishaesthetics', 'philosophyofmind')",18th century british aesthetics,philosophy of mind,1,-1,phd,v1,v1,"{""model"": ""Mistral-Nemo"", ""temperature"": 0, ""date"": ""2025-10-05T22:50:59.782275+00:00"", ""prompt_version"": ""v1"", ""persona"": ""phd""}"
"('metaphysics', 'propernames')",proper names,metaphysics,2,0,expert,v1,v1,"{""model"": ""Mistral-Nemo"", ""temperature"": 0, ""date"": ""2025-10-05T22:51:01.358375+00:00"", ""prompt_version"": ""v1"", ""persona"": ""expert""}"
"('metaphysics', 'propernames')",proper names,metaphysics,2,0,phd,v1,v1,"{""model"": ""Mistral-Nemo"", ""temperature"": 0, ""date"": ""2025-10-05T22:51:02.699970+00:00"", ""prompt_version"": ""v1"", ""persona"": ""phd""}"
"('panpsychism', 'philosophyofmind')",panpsychism,philosophy of mind,3,0,expert,v1,v1,"{""model"": ""Mistral-Nemo"", ""temperature"": 0, ""date"": ""2025-10-05T22:51:04.051008+00:00"", ""prompt_version"": ""v1"", ""persona"": ""expert""}"
"('panpsychism', 'philosophyofmind')",panpsychism,philosophy of mind,4,0,phd,v1,v1,"{""model"": ""Mistral-Nemo"", ""temperature"": 0, ""date"": ""2025-10-05T22:51:05.420202+00:00"", ""prompt_version"": ""v1"", ""persona"": ""phd""}"
"('philosophyofreligion', 'religionandpolitics')",religion and politics,philosophy of religion,4,1,expert,v1,v1,"{""model"": ""Mistral-Nemo"", ""temperature"": 0, ""date"": ""2025-10-05T22:51:06.813451+00:00"", ""prompt_version"": ""v1"", ""persona"": ""expert""}"
"('philosophyofreligion', 'religionandpolitics')",religion and politics,philosophy of religion,4,0,phd,v1,v1,"{""model"": ""Mistral-Nemo"", ""temperature"": 0, ""date"": ""2025-10-05T22:51:08.177580+00:00"", ""prompt_version"": ""v1"", ""persona"": ""phd""}"
"('18thcenturygermanaesthetics', 'perception')",18th century german aesthetics,perception,3,0,expert,v1,v1,"{""model"": ""Mistral-Nemo"", ""temperature"": 0, ""date"": ""2025-10-05T22:51:09.533453+00:00"", ""prompt_version"": ""v1"", ""persona"": ""expert""}"
"('18thcenturygermanaesthetics', 'perception')",18th century german aesthetics,perception,2,0,phd,v1,v1,"{""model"": ""Mistral-Nemo"", ""temperature"": 0, ""date"": ""2025-10-05T22:51:10.933875+00:00"", ""prompt_version"": ""v1"", ""persona"": ""phd""}"
"('knowledge', 'platoonknowledgeinthetheaetetus')",plato on knowledge in the theaetetus,knowledge,4,0,expert,v1,v1,"{""model"": ""Mistral-Nemo"", ""temperature"": 0, ""date"": ""2025-10-05T22:51:12.374209+00:00"", ""prompt_version"": ""v1"", ""persona"": ""expert""}"
"('knowledge', 'platoonknowledgeinthetheaetetus')",plato on knowledge in the theaetetus,knowledge,4,0,phd,v1,v1,"{""model"": ""Mistral-Nemo"", ""temperature"": 0, ""date"": ""2025-10-05T22:51:13.861475+00:00"", ""prompt_version"": ""v1"", ""persona"": ""phd""}"
"('appliedethics', 'bioethics')",bioethics,applied ethics,4,0,expert,v1,v1,"{""model"": ""Mistral-Nemo"", ""temperature"": 0, ""date"": ""2025-10-05T22:51:15.359429+00:00"", ""prompt_version"": ""v1"", ""persona"": ""expert""}"
"('appliedethics', 'bioethics')",bioethics,applied ethics,4,0,phd,v1,v1,"{""model"": ""Mistral-Nemo"", ""temperature"": 0, ""date"": ""2025-10-05T22:51:16.767093+00:00"", ""prompt_version"": ""v1"", ""persona"": ""phd""}"
"('gettierproblem', 'perception')",gettier problem,perception,2,-1,expert,v1,v1,"{""model"": ""Mistral-Nemo"", ""temperature"": 0, ""date"": ""2025-10-05T22:51:18.112689+00:00"", ""prompt_version"": ""v1"", ""persona"": ""expert""}"
"('gettierproblem', 'perception')",gettier problem,perception,2,-1,phd,v1,v1,"{""model"": ""Mistral-Nemo"", ""temperature"": 0, ""date"": ""2025-10-05T22:51:19.480660+00:00"", ""prompt_version"": ""v1"", ""persona"": ""phd""}"
"('chinesephilosophy', 'mohism')",mohism,chinese philosophy,4,0,novice,v1,v1,"{""model"": ""Mistral-Nemo"", ""temperature"": 0, ""date"": ""2025-10-05T22:51:20.828002+00:00"", ""prompt_version"": ""v1"", ""persona"": ""novice""}"
"('chinesephilosophy', 'mohism')",mohism,chinese philosophy,3,0,phd,v1,v1,"{""model"": ""Mistral-Nemo"", ""temperature"": 0, ""date"": ""2025-10-05T22:51:22.169949+00:00"", ""prompt_version"": ""v1"", ""persona"": ""phd""}"
"('artificialintelligence', 'computationandrepresentation')",computation and representation,artificial intelligence,4,0,expert,v1,v1,"{""model"": ""Mistral-Nemo"", ""temperature"": 0, ""date"": ""2025-10-05T22:51:23.490688+00:00"", ""prompt_version"": ""v1"", ""persona"": ""expert""}"
"('artificialintelligence', 'computationandrepresentation')",computation and representation,artificial intelligence,4,0,phd,v1,v1,"{""model"": ""Mistral-Nemo"", ""temperature"": 0, ""date"": ""2025-10-05T22:51:24.860342+00:00"", ""prompt_version"": ""v1"", ""persona"": ""phd""}"
"('epistemologicalproblemsofmemory', 'epistemology')",epistemological problems of memory,epistemology,4,0,expert,v1,v1,"{""model"": ""Mistral-Nemo"", ""temperature"": 0, ""date"": ""2025-10-05T22:51:26.242645+00:00"", ""prompt_version"": ""v1"", ""persona"": ""expert""}"
"('epistemologicalproblemsofmemory', 'epistemology')",epistemological problems of memory,epistemology,4,0,phd,v1,v1,"{""model"": ""Mistral-Nemo"", ""temperature"": 0, ""date"": ""2025-10-05T22:51:27.655808+00:00"", ""prompt_version"": ""v1"", ""persona"": ""phd""}"
"('mentalcontent', 'teleologicaltheoriesofmentalcontent')",teleological theories of mental content,mental content,4,0,expert,v1,v1,"{""model"": ""Mistral-Nemo"", ""temperature"": 0, ""date"": ""2025-10-05T22:51:29.023177+00:00"", ""prompt_version"": ""v1"", ""persona"": ""expert""}"
"('mentalcontent', 'teleologicaltheoriesofmentalcontent')",teleological theories of mental content,mental content,4,0,phd,v1,v1,"{""model"": ""Mistral-Nemo"", ""temperature"": 0, ""date"": ""2025-10-05T22:51:30.396282+00:00"", ""prompt_version"": ""v1"", ""persona"": ""phd""}"
"('confirmationandinduction', 'epistemology')",confirmation and induction,epistemology,3,0,expert,v1,v1,"{""model"": ""Mistral-Nemo"", ""temperature"": 0, ""date"": ""2025-10-05T22:51:31.747480+00:00"", ""prompt_version"": ""v1"", ""persona"": ""expert""}"
"('confirmationandinduction', 'epistemology')",confirmation and induction,epistemology,4,0,phd,v1,v1,"{""model"": ""Mistral-Nemo"", ""temperature"": 0, ""date"": ""2025-10-05T22:51:33.095626+00:00"", ""prompt_version"": ""v1"", ""persona"": ""phd""}"
"('islamicphilosophy', 'philosophyofreligion')",islamic philosophy,philosophy of religion,4,0,expert,v1,v1,"{""model"": ""Mistral-Nemo"", ""temperature"": 0, ""date"": ""2025-10-05T22:51:34.476541+00:00"", ""prompt_version"": ""v1"", ""persona"": ""expert""}"
"('islamicphilosophy', 'philosophyofreligion')",islamic philosophy,philosophy of religion,4,0,phd,v1,v1,"{""model"": ""Mistral-Nemo"", ""temperature"": 0, ""date"": ""2025-10-05T22:51:35.836999+00:00"", ""prompt_version"": ""v1"", ""persona"": ""phd""}"
"('boltzmannsworkinstatisticalphysics', 'philosophyofscienceandthesciences')",boltzmann's work in statistical physics,philosophy of science and the sciences,2,0,expert,v1,v1,"{""model"": ""Mistral-Nemo"", ""temperature"": 0, ""date"": ""2025-10-05T22:51:37.324327+00:00"", ""prompt_version"": ""v1"", ""persona"": ""expert""}"
"('boltzmannsworkinstatisticalphysics', 'philosophyofscienceandthesciences')",boltzmann's work in statistical physics,philosophy of science and the sciences,2,0,phd,v1,v1,"{""model"": ""Mistral-Nemo"", ""temperature"": 0, ""date"": ""2025-10-05T22:51:38.691401+00:00"", ""prompt_version"": ""v1"", ""persona"": ""phd""}"
"('formsofgovernment', 'philosophyofreligion')",forms of government,philosophy of religion,2,-1,expert,v1,v1,"{""model"": ""Mistral-Nemo"", ""temperature"": 0, ""date"": ""2025-10-05T22:51:40.042845+00:00"", ""prompt_version"": ""v1"", ""persona"": ""expert""}"
"('formsofgovernment', 'philosophyofreligion')",forms of government,philosophy of religion,1,-1,phd,v1,v1,"{""model"": ""Mistral-Nemo"", ""temperature"": 0, ""date"": ""2025-10-05T22:51:41.407851+00:00"", ""prompt_version"": ""v1"", ""persona"": ""phd""}"
"('logicalform', 'philosophyoflanguage')",philosophy of language,logical form,4,0,expert,v1,v1,"{""model"": ""Mistral-Nemo"", ""temperature"": 0, ""date"": ""2025-10-05T22:51:42.782091+00:00"", ""prompt_version"": ""v1"", ""persona"": ""expert""}"
"('logicalform', 'philosophyoflanguage')",philosophy of language,logical form,3,0,phd,v1,v1,"{""model"": ""Mistral-Nemo"", ""temperature"": 0, ""date"": ""2025-10-05T22:51:44.144186+00:00"", ""prompt_version"": ""v1"", ""persona"": ""phd""}"
"('philosophyofreligion', 'religiouslanguage')",religious language,philosophy of religion,4,0,expert,v1,v1,"{""model"": ""Mistral-Nemo"", ""temperature"": 0, ""date"": ""2025-10-05T22:51:45.524828+00:00"", ""prompt_version"": ""v1"", ""persona"": ""expert""}"
"('philosophyofreligion', 'religiouslanguage')",religious language,philosophy of religion,4,0,phd,v1,v1,"{""model"": ""Mistral-Nemo"", ""temperature"": 0, ""date"": ""2025-10-05T22:51:46.893443+00:00"", ""prompt_version"": ""v1"", ""persona"": ""phd""}"
"('perception', 'philosophyofmind')",perception,philosophy of mind,4,0,expert,v1,v1,"{""model"": ""Mistral-Nemo"", ""temperature"": 0, ""date"": ""2025-10-05T22:51:48.319166+00:00"", ""prompt_version"": ""v1"", ""persona"": ""expert""}"
"('perception', 'philosophyofmind')",perception,philosophy of mind,4,0,phd,v1,v1,"{""model"": ""Mistral-Nemo"", ""temperature"": 0, ""date"": ""2025-10-05T22:51:49.692134+00:00"", ""prompt_version"": ""v1"", ""persona"": ""phd""}"
"('philosophyofmind', 'propositionalattitude')",propositional attitude,philosophy of mind,4,0,expert,v1,v1,"{""model"": ""Mistral-Nemo"", ""temperature"": 0, ""date"": ""2025-10-05T22:51:51.013955+00:00"", ""prompt_version"": ""v1"", ""persona"": ""expert""}"
"('philosophyofmind', 'propositionalattitude')",propositional attitude,philosophy of mind,4,0,phd,v1,v1,"{""model"": ""Mistral-Nemo"", ""temperature"": 0, ""date"": ""2025-10-05T22:51:52.338120+00:00"", ""prompt_version"": ""v1"", ""persona"": ""phd""}"
"('neuralcorrelates', 'perception')",neural correlates,perception,3,0,expert,v1,v1,"{""model"": ""Mistral-Nemo"", ""temperature"": 0, ""date"": ""2025-10-05T22:51:53.684411+00:00"", ""prompt_version"": ""v1"", ""persona"": ""expert""}"
"('neuralcorrelates', 'perception')",neural correlates,perception,3,0,phd,v1,v1,"{""model"": ""Mistral-Nemo"", ""temperature"": 0, ""date"": ""2025-10-05T22:51:55.073866+00:00"", ""prompt_version"": ""v1"", ""persona"": ""phd""}"
"('descartesandthepinealgland', 'perception')",descartes and the pineal gland,perception,3,0,expert,v1,v1,"{""model"": ""Mistral-Nemo"", ""temperature"": 0, ""date"": ""2025-10-05T22:51:56.474780+00:00"", ""prompt_version"": ""v1"", ""persona"": ""expert""}"
"('descartesandthepinealgland', 'perception')",descartes and the pineal gland,perception,2,0,phd,v1,v1,"{""model"": ""Mistral-Nemo"", ""temperature"": 0, ""date"": ""2025-10-05T22:51:57.856757+00:00"", ""prompt_version"": ""v1"", ""persona"": ""phd""}"
"('literature', 'philosophyofscienceandthesciences')",literature,philosophy of science and the sciences,2,1,expert,v1,v1,"{""model"": ""Mistral-Nemo"", ""temperature"": 0, ""date"": ""2025-10-05T22:51:59.261229+00:00"", ""prompt_version"": ""v1"", ""persona"": ""expert""}"
"('literature', 'philosophyofscienceandthesciences')",literature,philosophy of science and the sciences,2,1,phd,v1,v1,"{""model"": ""Mistral-Nemo"", ""temperature"": 0, ""date"": ""2025-10-05T22:52:00.659755+00:00"", ""prompt_version"": ""v1"", ""persona"": ""phd""}"
"('perception', 'surrealism')",surrealism,perception,2,0,expert,v1,v1,"{""model"": ""Mistral-Nemo"", ""temperature"": 0, ""date"": ""2025-10-05T22:52:02.133194+00:00"", ""prompt_version"": ""v1"", ""persona"": ""expert""}"
"('perception', 'surrealism')",surrealism,perception,2,0,phd,v1,v1,"{""model"": ""Mistral-Nemo"", ""temperature"": 0, ""date"": ""2025-10-05T22:52:03.515626+00:00"", ""prompt_version"": ""v1"", ""persona"": ""phd""}"
"('philosophyofreligion', 'toleration')",toleration,philosophy of religion,2,0,expert,v1,v1,"{""model"": ""Mistral-Nemo"", ""temperature"": 0, ""date"": ""2025-10-05T22:52:04.990358+00:00"", ""prompt_version"": ""v1"", ""persona"": ""expert""}"
"('philosophyofreligion', 'toleration')",toleration,philosophy of religion,2,0,phd,v1,v1,"{""model"": ""Mistral-Nemo"", ""temperature"": 0, ""date"": ""2025-10-05T22:52:06.324557+00:00"", ""prompt_version"": ""v1"", ""persona"": ""phd""}"
"('metaphysics', 'philosophyofmind')",philosophy of mind,metaphysics,3,0,expert,v1,v1,"{""model"": ""Mistral-Nemo"", ""temperature"": 0, ""date"": ""2025-10-05T22:52:07.677763+00:00"", ""prompt_version"": ""v1"", ""persona"": ""expert""}"
"('metaphysics', 'philosophyofmind')",philosophy of mind,metaphysics,2,0,phd,v1,v1,"{""model"": ""Mistral-Nemo"", ""temperature"": 0, ""date"": ""2025-10-05T22:52:09.066143+00:00"", ""prompt_version"": ""v1"", ""persona"": ""phd""}"
"('aspectsofconsciousness', 'functionofconsciousness')",function of consciousness,aspects of consciousness,4,0,expert,v1,v1,"{""model"": ""Mistral-Nemo"", ""temperature"": 0, ""date"": ""2025-10-05T22:52:10.435227+00:00"", ""prompt_version"": ""v1"", ""persona"": ""expert""}"
"('aspectsofconsciousness', 'functionofconsciousness')",function of consciousness,aspects of consciousness,3,0,phd,v1,v1,"{""model"": ""Mistral-Nemo"", ""temperature"": 0, ""date"": ""2025-10-05T22:52:11.842481+00:00"", ""prompt_version"": ""v1"", ""persona"": ""phd""}"
"('earlyphilosophicalinterpretationsofgeneralrelativity', 'epistemology')",early philosophical interpretations of general relativity,epistemology,2,0,expert,v1,v1,"{""model"": ""Mistral-Nemo"", ""temperature"": 0, ""date"": ""2025-10-05T22:52:13.232567+00:00"", ""prompt_version"": ""v1"", ""persona"": ""expert""}"
"('earlyphilosophicalinterpretationsofgeneralrelativity', 'epistemology')",early philosophical interpretations of general relativity,epistemology,2,0,phd,v1,v1,"{""model"": ""Mistral-Nemo"", ""temperature"": 0, ""date"": ""2025-10-05T22:52:14.631957+00:00"", ""prompt_version"": ""v1"", ""persona"": ""phd""}"
"('medievaltheoriesofanalogy', 'metaphysics')",medieval theories of analogy,metaphysics,3,0,expert,v1,v1,"{""model"": ""Mistral-Nemo"", ""temperature"": 0, ""date"": ""2025-10-05T22:52:16.014961+00:00"", ""prompt_version"": ""v1"", ""persona"": ""expert""}"
"('medievaltheoriesofanalogy', 'metaphysics')",medieval theories of analogy,metaphysics,2,0,phd,v1,v1,"{""model"": ""Mistral-Nemo"", ""temperature"": 0, ""date"": ""2025-10-05T22:52:17.365472+00:00"", ""prompt_version"": ""v1"", ""persona"": ""phd""}"
"('metaphysics', 'platoonutopia')",plato on utopia,metaphysics,2,0,expert,v1,v1,"{""model"": ""Mistral-Nemo"", ""temperature"": 0, ""date"": ""2025-10-05T22:52:18.738231+00:00"", ""prompt_version"": ""v1"", ""persona"": ""expert""}"
"('metaphysics', 'platoonutopia')",plato on utopia,metaphysics,2,0,phd,v1,v1,"{""model"": ""Mistral-Nemo"", ""temperature"": 0, ""date"": ""2025-10-05T22:52:20.098425+00:00"", ""prompt_version"": ""v1"", ""persona"": ""phd""}"
"('continentalphilosophy', 'pragmatism')",continental philosophy,pragmatism,2,-1,expert,v1,v1,"{""model"": ""Mistral-Nemo"", ""temperature"": 0, ""date"": ""2025-10-05T22:52:21.463955+00:00"", ""prompt_version"": ""v1"", ""persona"": ""expert""}"
"('continentalphilosophy', 'pragmatism')",continental philosophy,pragmatism,2,-1,phd,v1,v1,"{""model"": ""Mistral-Nemo"", ""temperature"": 0, ""date"": ""2025-10-05T22:52:22.819167+00:00"", ""prompt_version"": ""v1"", ""persona"": ""phd""}"
"('artificialintelligence', 'symbolicprocessing')",symbolic processing,artificial intelligence,3,0,expert,v1,v1,"{""model"": ""Mistral-Nemo"", ""temperature"": 0, ""date"": ""2025-10-05T22:52:24.151004+00:00"", ""prompt_version"": ""v1"", ""persona"": ""expert""}"
"('artificialintelligence', 'symbolicprocessing')",symbolic processing,artificial intelligence,4,0,phd,v1,v1,"{""model"": ""Mistral-Nemo"", ""temperature"": 0, ""date"": ""2025-10-05T22:52:25.490726+00:00"", ""prompt_version"": ""v1"", ""persona"": ""phd""}"
"('aristotlesnaturalphilosophy', 'metaphysics')",aristotle's natural philosophy,metaphysics,4,0,expert,v1,v1,"{""model"": ""Mistral-Nemo"", ""temperature"": 0, ""date"": ""2025-10-05T22:52:26.884890+00:00"", ""prompt_version"": ""v1"", ""persona"": ""expert""}"
"('aristotlesnaturalphilosophy', 'metaphysics')",aristotle's natural philosophy,metaphysics,4,0,phd,v1,v1,"{""model"": ""Mistral-Nemo"", ""temperature"": 0, ""date"": ""2025-10-05T22:52:28.352543+00:00"", ""prompt_version"": ""v1"", ""persona"": ""phd""}"
"('consciousnessandintentionality', 'perception')",consciousness and intentionality,perception,4,0,expert,v1,v1,"{""model"": ""Mistral-Nemo"", ""temperature"": 0, ""date"": ""2025-10-05T22:52:29.708151+00:00"", ""prompt_version"": ""v1"", ""persona"": ""expert""}"
"('consciousnessandintentionality', 'perception')",consciousness and intentionality,perception,4,0,phd,v1,v1,"{""model"": ""Mistral-Nemo"", ""temperature"": 0, ""date"": ""2025-10-05T22:52:31.036436+00:00"", ""prompt_version"": ""v1"", ""persona"": ""phd""}"
"('metaphysics', 'philosophyofpsychology')",philosophy of psychology,metaphysics,2,0,expert,v1,v1,"{""model"": ""Mistral-Nemo"", ""temperature"": 0, ""date"": ""2025-10-05T22:52:32.455269+00:00"", ""prompt_version"": ""v1"", ""persona"": ""expert""}"
"('metaphysics', 'philosophyofpsychology')",philosophy of psychology,metaphysics,2,0,phd,v1,v1,"{""model"": ""Mistral-Nemo"", ""temperature"": 0, ""date"": ""2025-10-05T22:52:33.883146+00:00"", ""prompt_version"": ""v1"", ""persona"": ""phd""}"
"('epistemology', 'philosophyofperception')",philosophy of perception,epistemology,4,0,expert,v1,v1,"{""model"": ""Mistral-Nemo"", ""temperature"": 0, ""date"": ""2025-10-05T22:52:35.225471+00:00"", ""prompt_version"": ""v1"", ""persona"": ""expert""}"
"('epistemology', 'philosophyofperception')",philosophy of perception,epistemology,4,0,phd,v1,v1,"{""model"": ""Mistral-Nemo"", ""temperature"": 0, ""date"": ""2025-10-05T22:52:36.582438+00:00"", ""prompt_version"": ""v1"", ""persona"": ""phd""}"
"('hinduism', 'philosophyofreligion')",hinduism,philosophy of religion,4,0,expert,v1,v1,"{""model"": ""Mistral-Nemo"", ""temperature"": 0, ""date"": ""2025-10-05T22:52:37.926379+00:00"", ""prompt_version"": ""v1"", ""persona"": ""expert""}"
"('hinduism', 'philosophyofreligion')",hinduism,philosophy of religion,4,0,phd,v1,v1,"{""model"": ""Mistral-Nemo"", ""temperature"": 0, ""date"": ""2025-10-05T22:52:39.272214+00:00"", ""prompt_version"": ""v1"", ""persona"": ""phd""}"
"('cognitivescience', 'psychiatry')",cognitive science,psychiatry,2,0,course_taker,v1,v1,"{""model"": ""Mistral-Nemo"", ""temperature"": 0, ""date"": ""2025-10-05T22:52:40.645711+00:00"", ""prompt_version"": ""v1"", ""persona"": ""course_taker""}"
"('cognitivescience', 'psychiatry')",cognitive science,psychiatry,2,0,expert,v1,v1,"{""model"": ""Mistral-Nemo"", ""temperature"": 0, ""date"": ""2025-10-05T22:52:42.022682+00:00"", ""prompt_version"": ""v1"", ""persona"": ""expert""}"
"('causaltheoriesofmentalcontent', 'cognitivescience')",causal theories of mental content,cognitive science,3,0,expert,v1,v1,"{""model"": ""Mistral-Nemo"", ""temperature"": 0, ""date"": ""2025-10-05T22:52:43.428833+00:00"", ""prompt_version"": ""v1"", ""persona"": ""expert""}"
"('causaltheoriesofmentalcontent', 'cognitivescience')",causal theories of mental content,cognitive science,3,0,phd,v1,v1,"{""model"": ""Mistral-Nemo"", ""temperature"": 0, ""date"": ""2025-10-05T22:52:45.019193+00:00"", ""prompt_version"": ""v1"", ""persona"": ""phd""}"
"('philosophyofbiology', 'philosophyofchemistry')",philosophy of chemistry,philosophy of biology,3,2,expert,v1,v1,"{""model"": ""Mistral-Nemo"", ""temperature"": 0, ""date"": ""2025-10-05T22:52:46.428500+00:00"", ""prompt_version"": ""v1"", ""persona"": ""expert""}"
"('philosophyofbiology', 'philosophyofchemistry')",philosophy of chemistry,philosophy of biology,2,0,phd,v1,v1,"{""model"": ""Mistral-Nemo"", ""temperature"": 0, ""date"": ""2025-10-05T22:52:47.785955+00:00"", ""prompt_version"": ""v1"", ""persona"": ""phd""}"
"('perception', 'propositionalattitude')",propositional attitude,perception,2,0,expert,v1,v1,"{""model"": ""Mistral-Nemo"", ""temperature"": 0, ""date"": ""2025-10-05T22:52:49.288496+00:00"", ""prompt_version"": ""v1"", ""persona"": ""expert""}"
"('perception', 'propositionalattitude')",propositional attitude,perception,2,1,phd,v1,v1,"{""model"": ""Mistral-Nemo"", ""temperature"": 0, ""date"": ""2025-10-05T22:52:50.655887+00:00"", ""prompt_version"": ""v1"", ""persona"": ""phd""}"
"('philosophyofreligion', 'politicalauthority')",political authority,philosophy of religion,2,1,expert,v1,v1,"{""model"": ""Mistral-Nemo"", ""temperature"": 0, ""date"": ""2025-10-05T22:52:52.096685+00:00"", ""prompt_version"": ""v1"", ""persona"": ""expert""}"
"('philosophyofreligion', 'politicalauthority')",political authority,philosophy of religion,2,1,phd,v1,v1,"{""model"": ""Mistral-Nemo"", ""temperature"": 0, ""date"": ""2025-10-05T22:52:53.727336+00:00"", ""prompt_version"": ""v1"", ""persona"": ""phd""}"
"('influenceofislamicthoughtonmaimonides', 'philosophyofreligion')",influence of islamic thought on maimonides,philosophy of religion,4,0,expert,v1,v1,"{""model"": ""Mistral-Nemo"", ""temperature"": 0, ""date"": ""2025-10-05T22:52:55.142944+00:00"", ""prompt_version"": ""v1"", ""persona"": ""expert""}"
"('influenceofislamicthoughtonmaimonides', 'philosophyofreligion')",influence of islamic thought on maimonides,philosophy of religion,3,0,phd,v1,v1,"{""model"": ""Mistral-Nemo"", ""temperature"": 0, ""date"": ""2025-10-05T22:52:56.720041+00:00"", ""prompt_version"": ""v1"", ""persona"": ""phd""}"
"('kantsviewofthemindandconsciousnessofself', 'perception')",kant's view of the mind and consciousness of self,perception,4,0,expert,v1,v1,"{""model"": ""Mistral-Nemo"", ""temperature"": 0, ""date"": ""2025-10-05T22:52:58.154030+00:00"", ""prompt_version"": ""v1"", ""persona"": ""expert""}"
"('kantsviewofthemindandconsciousnessofself', 'perception')",kant's view of the mind and consciousness of self,perception,4,0,phd,v1,v1,"{""model"": ""Mistral-Nemo"", ""temperature"": 0, ""date"": ""2025-10-05T22:52:59.677782+00:00"", ""prompt_version"": ""v1"", ""persona"": ""phd""}"
"('coherentism', 'epistemology')",coherentism,epistemology,3,0,expert,v1,v1,"{""model"": ""Mistral-Nemo"", ""temperature"": 0, ""date"": ""2025-10-05T22:53:01.033141+00:00"", ""prompt_version"": ""v1"", ""persona"": ""expert""}"
"('coherentism', 'epistemology')",coherentism,epistemology,3,0,phd,v1,v1,"{""model"": ""Mistral-Nemo"", ""temperature"": 0, ""date"": ""2025-10-05T22:53:02.404404+00:00"", ""prompt_version"": ""v1"", ""persona"": ""phd""}"
"('internalistvsexternalistconceptionsofepistemicjustification', 'justification')",internalist vs. externalist conceptions of epistemic justification,justification,4,0,expert,v1,v1,"{""model"": ""Mistral-Nemo"", ""temperature"": 0, ""date"": ""2025-10-05T22:53:03.771700+00:00"", ""prompt_version"": ""v1"", ""persona"": ""expert""}"
"('internalistvsexternalistconceptionsofepistemicjustification', 'justification')",internalist vs. externalist conceptions of epistemic justification,justification,4,0,phd,v1,v1,"{""model"": ""Mistral-Nemo"", ""temperature"": 0, ""date"": ""2025-10-05T22:53:05.153278+00:00"", ""prompt_version"": ""v1"", ""persona"": ""phd""}"
"('externalismaboutmentalcontent', 'internalismandexternalism')",externalism about mental content,internalism and externalism,4,0,expert,v1,v1,"{""model"": ""Mistral-Nemo"", ""temperature"": 0, ""date"": ""2025-10-05T22:53:06.761494+00:00"", ""prompt_version"": ""v1"", ""persona"": ""expert""}"
"('externalismaboutmentalcontent', 'internalismandexternalism')",externalism about mental content,internalism and externalism,4,0,phd,v1,v1,"{""model"": ""Mistral-Nemo"", ""temperature"": 0, ""date"": ""2025-10-05T22:53:08.703215+00:00"", ""prompt_version"": ""v1"", ""persona"": ""phd""}"
"('philosophyofreligion', 'secularism')",secularism,philosophy of religion,3,0,expert,v1,v1,"{""model"": ""Mistral-Nemo"", ""temperature"": 0, ""date"": ""2025-10-05T22:53:10.079788+00:00"", ""prompt_version"": ""v1"", ""persona"": ""expert""}"
"('philosophyofreligion', 'secularism')",secularism,philosophy of religion,2,0,phd,v1,v1,"{""model"": ""Mistral-Nemo"", ""temperature"": 0, ""date"": ""2025-10-05T22:53:11.413307+00:00"", ""prompt_version"": ""v1"", ""persona"": ""phd""}"
"('mentalcontent', 'philosophyofmind')",mental content,philosophy of mind,4,0,expert,v1,v1,"{""model"": ""Mistral-Nemo"", ""temperature"": 0, ""date"": ""2025-10-05T22:53:12.762679+00:00"", ""prompt_version"": ""v1"", ""persona"": ""expert""}"
"('mentalcontent', 'philosophyofmind')",mental content,philosophy of mind,4,0,phd,v1,v1,"{""model"": ""Mistral-Nemo"", ""temperature"": 0, ""date"": ""2025-10-05T22:53:14.144353+00:00"", ""prompt_version"": ""v1"", ""persona"": ""phd""}"
"('animalcognition', 'philosophyofmind')",animal cognition,philosophy of mind,3,0,expert,v1,v1,"{""model"": ""Mistral-Nemo"", ""temperature"": 0, ""date"": ""2025-10-05T22:53:15.493068+00:00"", ""prompt_version"": ""v1"", ""persona"": ""expert""}"
"('animalcognition', 'philosophyofmind')",animal cognition,philosophy of mind,3,0,phd,v1,v1,"{""model"": ""Mistral-Nemo"", ""temperature"": 0, ""date"": ""2025-10-05T22:53:17.004797+00:00"", ""prompt_version"": ""v1"", ""persona"": ""phd""}"
"('metaphysicsofmind', 'philosophyofmind')",metaphysics of mind,philosophy of mind,4,0,expert,v1,v1,"{""model"": ""Mistral-Nemo"", ""temperature"": 0, ""date"": ""2025-10-05T22:53:18.530522+00:00"", ""prompt_version"": ""v1"", ""persona"": ""expert""}"
"('metaphysicsofmind', 'philosophyofmind')",metaphysics of mind,philosophy of mind,4,0,phd,v1,v1,"{""model"": ""Mistral-Nemo"", ""temperature"": 0, ""date"": ""2025-10-05T22:53:19.886417+00:00"", ""prompt_version"": ""v1"", ""persona"": ""phd""}"
"('aspectsofmind', 'philosophyofmind')",aspects of mind,philosophy of mind,4,0,expert,v1,v1,"{""model"": ""Mistral-Nemo"", ""temperature"": 0, ""date"": ""2025-10-05T22:53:21.246895+00:00"", ""prompt_version"": ""v1"", ""persona"": ""expert""}"
"('aspectsofmind', 'philosophyofmind')",aspects of mind,philosophy of mind,4,0,phd,v1,v1,"{""model"": ""Mistral-Nemo"", ""temperature"": 0, ""date"": ""2025-10-05T22:53:22.651145+00:00"", ""prompt_version"": ""v1"", ""persona"": ""phd""}"
"('mentalcontent', 'nonconceptualcontent')",non-conceptual content,mental content,3,0,expert,v1,v1,"{""model"": ""Mistral-Nemo"", ""temperature"": 0, ""date"": ""2025-10-05T22:53:24.096458+00:00"", ""prompt_version"": ""v1"", ""persona"": ""expert""}"
"('mentalcontent', 'nonconceptualcontent')",non-conceptual content,mental content,3,0,phd,v1,v1,"{""model"": ""Mistral-Nemo"", ""temperature"": 0, ""date"": ""2025-10-05T22:53:25.460957+00:00"", ""prompt_version"": ""v1"", ""persona"": ""phd""}"
"('folkpsychology', 'folkpsychologyasmentalsimulation')",folk psychology as mental simulation,folk psychology,4,0,expert,v1,v1,"{""model"": ""Mistral-Nemo"", ""temperature"": 0, ""date"": ""2025-10-05T22:53:27.039226+00:00"", ""prompt_version"": ""v1"", ""persona"": ""expert""}"
"('folkpsychology', 'folkpsychologyasmentalsimulation')",folk psychology as mental simulation,folk psychology,4,0,phd,v1,v1,"{""model"": ""Mistral-Nemo"", ""temperature"": 0, ""date"": ""2025-10-05T22:53:28.427754+00:00"", ""prompt_version"": ""v1"", ""persona"": ""phd""}"
"('18thcenturybritishaesthetics', 'perception')",18th century british aesthetics,perception,2,0,expert,v1,v1,"{""model"": ""Mistral-Nemo"", ""temperature"": 0, ""date"": ""2025-10-05T22:53:29.811763+00:00"", ""prompt_version"": ""v1"", ""persona"": ""expert""}"
"('18thcenturybritishaesthetics', 'perception')",18th century british aesthetics,perception,2,0,phd,v1,v1,"{""model"": ""Mistral-Nemo"", ""temperature"": 0, ""date"": ""2025-10-05T22:53:31.280463+00:00"", ""prompt_version"": ""v1"", ""persona"": ""phd""}"
"('bioethics', 'businessethics')",business ethics,bioethics,2,0,expert,v1,v1,"{""model"": ""Mistral-Nemo"", ""temperature"": 0, ""date"": ""2025-10-05T22:53:32.609659+00:00"", ""prompt_version"": ""v1"", ""persona"": ""expert""}"
"('bioethics', 'businessethics')",business ethics,bioethics,2,0,phd,v1,v1,"{""model"": ""Mistral-Nemo"", ""temperature"": 0, ""date"": ""2025-10-05T22:53:33.995350+00:00"", ""prompt_version"": ""v1"", ""persona"": ""phd""}"
"('18thcenturygermanaesthetics', 'aestheticsandphilosophyofart')",aesthetics and philosophy of art,18th century german aesthetics,3,0,course_taker,v1,v1,"{""model"": ""Mistral-Nemo"", ""temperature"": 0, ""date"": ""2025-10-05T22:53:35.430766+00:00"", ""prompt_version"": ""v1"", ""persona"": ""course_taker""}"
"('18thcenturygermanaesthetics', 'aestheticsandphilosophyofart')",aesthetics and philosophy of art,18th century german aesthetics,3,0,phd,v1,v1,"{""model"": ""Mistral-Nemo"", ""temperature"": 0, ""date"": ""2025-10-05T22:53:36.853060+00:00"", ""prompt_version"": ""v1"", ""persona"": ""phd""}"
"('ideas', 'philosophyofmind')",ideas,philosophy of mind,3,1,expert,v1,v1,"{""model"": ""Mistral-Nemo"", ""temperature"": 0, ""date"": ""2025-10-05T22:53:38.491943+00:00"", ""prompt_version"": ""v1"", ""persona"": ""expert""}"
"('ideas', 'philosophyofmind')",ideas,philosophy of mind,3,0,phd,v1,v1,"{""model"": ""Mistral-Nemo"", ""temperature"": 0, ""date"": ""2025-10-05T22:53:39.904845+00:00"", ""prompt_version"": ""v1"", ""persona"": ""phd""}"
"('methodologicaldebatesincosmologythe1930sand1940s', 'philosophyofscienceandthesciences')",methodological debates in cosmology the 1930s and 1940s,philosophy of science and the sciences,2,0,expert,v1,v1,"{""model"": ""Mistral-Nemo"", ""temperature"": 0, ""date"": ""2025-10-05T22:53:41.260050+00:00"", ""prompt_version"": ""v1"", ""persona"": ""expert""}"
"('methodologicaldebatesincosmologythe1930sand1940s', 'philosophyofscienceandthesciences')",methodological debates in cosmology the 1930s and 1940s,philosophy of science and the sciences,2,0,phd,v1,v1,"{""model"": ""Mistral-Nemo"", ""temperature"": 0, ""date"": ""2025-10-05T22:53:42.611274+00:00"", ""prompt_version"": ""v1"", ""persona"": ""phd""}"
"('compositionalityandlogicalform', 'metaphysics')",compositionality and logical form,metaphysics,2,0,expert,v1,v1,"{""model"": ""Mistral-Nemo"", ""temperature"": 0, ""date"": ""2025-10-05T22:53:43.994831+00:00"", ""prompt_version"": ""v1"", ""persona"": ""expert""}"
"('compositionalityandlogicalform', 'metaphysics')",compositionality and logical form,metaphysics,2,0,phd,v1,v1,"{""model"": ""Mistral-Nemo"", ""temperature"": 0, ""date"": ""2025-10-05T22:53:45.476944+00:00"", ""prompt_version"": ""v1"", ""persona"": ""phd""}"
"('leibnizsinfluenceonkant', 'perception')",leibniz's influence on kant,perception,2,0,expert,v1,v1,"{""model"": ""Mistral-Nemo"", ""temperature"": 0, ""date"": ""2025-10-05T22:53:46.830923+00:00"", ""prompt_version"": ""v1"", ""persona"": ""expert""}"
"('leibnizsinfluenceonkant', 'perception')",leibniz's influence on kant,perception,2,0,phd,v1,v1,"{""model"": ""Mistral-Nemo"", ""temperature"": 0, ""date"": ""2025-10-05T22:53:48.316612+00:00"", ""prompt_version"": ""v1"", ""persona"": ""phd""}"
"('chinesephilosophy', 'mohistcanons')",mohist canons,chinese philosophy,3,0,novice,v1,v1,"{""model"": ""Mistral-Nemo"", ""temperature"": 0, ""date"": ""2025-10-05T22:53:49.775260+00:00"", ""prompt_version"": ""v1"", ""persona"": ""novice""}"
"('chinesephilosophy', 'mohistcanons')",mohist canons,chinese philosophy,3,0,phd,v1,v1,"{""model"": ""Mistral-Nemo"", ""temperature"": 0, ""date"": ""2025-10-05T22:53:51.140521+00:00"", ""prompt_version"": ""v1"", ""persona"": ""phd""}"
"('deweysaesthetics', 'perception')",dewey's aesthetics,perception,3,0,expert,v1,v1,"{""model"": ""Mistral-Nemo"", ""temperature"": 0, ""date"": ""2025-10-05T22:53:52.577111+00:00"", ""prompt_version"": ""v1"", ""persona"": ""expert""}"
"('deweysaesthetics', 'perception')",dewey's aesthetics,perception,2,0,phd,v1,v1,"{""model"": ""Mistral-Nemo"", ""temperature"": 0, ""date"": ""2025-10-05T22:53:53.960665+00:00"", ""prompt_version"": ""v1"", ""persona"": ""phd""}"
"('consciousness', 'perception')",consciousness,perception,4,2,expert,v1,v1,"{""model"": ""Mistral-Nemo"", ""temperature"": 0, ""date"": ""2025-10-05T22:53:55.499062+00:00"", ""prompt_version"": ""v1"", ""persona"": ""expert""}"
"('consciousness', 'perception')",consciousness,perception,4,3,phd,v1,v1,"{""model"": ""Mistral-Nemo"", ""temperature"": 0, ""date"": ""2025-10-05T22:53:56.838272+00:00"", ""prompt_version"": ""v1"", ""persona"": ""phd""}"
"('epistemology', 'philosophyofpsychology')",philosophy of psychology,epistemology,3,0,expert,v1,v1,"{""model"": ""Mistral-Nemo"", ""temperature"": 0, ""date"": ""2025-10-05T22:53:58.272458+00:00"", ""prompt_version"": ""v1"", ""persona"": ""expert""}"
"('epistemology', 'philosophyofpsychology')",philosophy of psychology,epistemology,2,0,phd,v1,v1,"{""model"": ""Mistral-Nemo"", ""temperature"": 0, ""date"": ""2025-10-05T22:53:59.673490+00:00"", ""prompt_version"": ""v1"", ""persona"": ""phd""}"
"('logos', 'metaphysics')",logos,metaphysics,3,0,expert,v1,v1,"{""model"": ""Mistral-Nemo"", ""temperature"": 0, ""date"": ""2025-10-05T22:54:01.048949+00:00"", ""prompt_version"": ""v1"", ""persona"": ""expert""}"
"('logos', 'metaphysics')",logos,metaphysics,2,0,phd,v1,v1,"{""model"": ""Mistral-Nemo"", ""temperature"": 0, ""date"": ""2025-10-05T22:54:02.445747+00:00"", ""prompt_version"": ""v1"", ""persona"": ""phd""}"
"('artificialintelligence', 'turingmachine')",turing machine,artificial intelligence,3,0,expert,v1,v1,"{""model"": ""Mistral-Nemo"", ""temperature"": 0, ""date"": ""2025-10-05T22:54:03.817842+00:00"", ""prompt_version"": ""v1"", ""persona"": ""expert""}"
"('artificialintelligence', 'turingmachine')",turing machine,artificial intelligence,3,0,phd,v1,v1,"{""model"": ""Mistral-Nemo"", ""temperature"": 0, ""date"": ""2025-10-05T22:54:05.224851+00:00"", ""prompt_version"": ""v1"", ""persona"": ""phd""}"
"('interpretation', 'philosophyoflanguage')",philosophy of language,interpretation,4,0,expert,v1,v1,"{""model"": ""Mistral-Nemo"", ""temperature"": 0, ""date"": ""2025-10-05T22:54:06.572394+00:00"", ""prompt_version"": ""v1"", ""persona"": ""expert""}"
"('interpretation', 'philosophyoflanguage')",philosophy of language,interpretation,4,0,phd,v1,v1,"{""model"": ""Mistral-Nemo"", ""temperature"": 0, ""date"": ""2025-10-05T22:54:07.916625+00:00"", ""prompt_version"": ""v1"", ""persona"": ""phd""}"
"('cognitivescience', 'dynamicalsystem')",dynamical system,cognitive science,2,-1,expert,v1,v1,"{""model"": ""Mistral-Nemo"", ""temperature"": 0, ""date"": ""2025-10-05T22:54:09.270028+00:00"", ""prompt_version"": ""v1"", ""persona"": ""expert""}"
"('cognitivescience', 'dynamicalsystem')",dynamical system,cognitive science,2,-1,phd,v1,v1,"{""model"": ""Mistral-Nemo"", ""temperature"": 0, ""date"": ""2025-10-05T22:54:10.638597+00:00"", ""prompt_version"": ""v1"", ""persona"": ""phd""}"
"('churchandstate', 'philosophyofreligion')",church and state,philosophy of religion,3,0,expert,v1,v1,"{""model"": ""Mistral-Nemo"", ""temperature"": 0, ""date"": ""2025-10-05T22:54:11.995003+00:00"", ""prompt_version"": ""v1"", ""persona"": ""expert""}"
"('churchandstate', 'philosophyofreligion')",church and state,philosophy of religion,3,0,phd,v1,v1,"{""model"": ""Mistral-Nemo"", ""temperature"": 0, ""date"": ""2025-10-05T22:54:13.445570+00:00"", ""prompt_version"": ""v1"", ""persona"": ""phd""}"
"('bohmianmechanics', 'quantummechanics')",bohmian mechanics,quantum mechanics,4,0,expert,v1,v1,"{""model"": ""Mistral-Nemo"", ""temperature"": 0, ""date"": ""2025-10-05T22:54:14.825459+00:00"", ""prompt_version"": ""v1"", ""persona"": ""expert""}"
"('bohmianmechanics', 'quantummechanics')",bohmian mechanics,quantum mechanics,4,0,phd,v1,v1,"{""model"": ""Mistral-Nemo"", ""temperature"": 0, ""date"": ""2025-10-05T22:54:16.746425+00:00"", ""prompt_version"": ""v1"", ""persona"": ""phd""}"
"('philosophyofart', 'philosophyofmind')",philosophy of art,philosophy of mind,2,-1,expert,v1,v1,"{""model"": ""Mistral-Nemo"", ""temperature"": 0, ""date"": ""2025-10-05T22:54:18.129665+00:00"", ""prompt_version"": ""v1"", ""persona"": ""expert""}"
"('philosophyofart', 'philosophyofmind')",philosophy of art,philosophy of mind,2,3,phd,v1,v1,"{""model"": ""Mistral-Nemo"", ""temperature"": 0, ""date"": ""2025-10-05T22:54:19.481234+00:00"", ""prompt_version"": ""v1"", ""persona"": ""phd""}"
"('africansagephilosophy', 'afterlife')",african sage philosophy,afterlife,2,0,expert,v1,v1,"{""model"": ""Mistral-Nemo"", ""temperature"": 0, ""date"": ""2025-10-05T22:54:20.844928+00:00"", ""prompt_version"": ""v1"", ""persona"": ""expert""}"
"('africansagephilosophy', 'afterlife')",african sage philosophy,afterlife,2,-1,phd,v1,v1,"{""model"": ""Mistral-Nemo"", ""temperature"": 0, ""date"": ""2025-10-05T22:54:22.223611+00:00"", ""prompt_version"": ""v1"", ""persona"": ""phd""}"
"('ethicsandart', 'philosophyofart')",philosophy of art,ethics and art,4,0,expert,v1,v1,"{""model"": ""Mistral-Nemo"", ""temperature"": 0, ""date"": ""2025-10-05T22:54:23.658759+00:00"", ""prompt_version"": ""v1"", ""persona"": ""expert""}"
"('ethicsandart', 'philosophyofart')",philosophy of art,ethics and art,3,0,phd,v1,v1,"{""model"": ""Mistral-Nemo"", ""temperature"": 0, ""date"": ""2025-10-05T22:54:24.990687+00:00"", ""prompt_version"": ""v1"", ""persona"": ""phd""}"
"('modernphilosophy', 'philosophyofreligion')",modern philosophy,philosophy of religion,3,1,expert,v1,v1,"{""model"": ""Mistral-Nemo"", ""temperature"": 0, ""date"": ""2025-10-05T22:54:26.364538+00:00"", ""prompt_version"": ""v1"", ""persona"": ""expert""}"
"('modernphilosophy', 'philosophyofreligion')",modern philosophy,philosophy of religion,3,1,phd,v1,v1,"{""model"": ""Mistral-Nemo"", ""temperature"": 0, ""date"": ""2025-10-05T22:54:27.740845+00:00"", ""prompt_version"": ""v1"", ""persona"": ""phd""}"
"('imagery', 'philosophyofmind')",imagery,philosophy of mind,2,0,expert,v1,v1,"{""model"": ""Mistral-Nemo"", ""temperature"": 0, ""date"": ""2025-10-05T22:54:29.110122+00:00"", ""prompt_version"": ""v1"", ""persona"": ""expert""}"
"('imagery', 'philosophyofmind')",imagery,philosophy of mind,2,0,phd,v1,v1,"{""model"": ""Mistral-Nemo"", ""temperature"": 0, ""date"": ""2025-10-05T22:54:30.479145+00:00"", ""prompt_version"": ""v1"", ""persona"": ""phd""}"
"('philosophyofreligion', 'zenbuddhism')",zen buddhism,philosophy of religion,3,0,expert,v1,v1,"{""model"": ""Mistral-Nemo"", ""temperature"": 0, ""date"": ""2025-10-05T22:54:31.845880+00:00"", ""prompt_version"": ""v1"", ""persona"": ""expert""}"
"('philosophyofreligion', 'zenbuddhism')",zen buddhism,philosophy of religion,3,0,phd,v1,v1,"{""model"": ""Mistral-Nemo"", ""temperature"": 0, ""date"": ""2025-10-05T22:54:33.216395+00:00"", ""prompt_version"": ""v1"", ""persona"": ""phd""}"
"('kantsphilosophyofreligion', 'philosophyofreligion')",kant's philosophy of religion,philosophy of religion,4,0,expert,v1,v1,"{""model"": ""Mistral-Nemo"", ""temperature"": 0, ""date"": ""2025-10-05T22:54:34.615482+00:00"", ""prompt_version"": ""v1"", ""persona"": ""expert""}"
"('kantsphilosophyofreligion', 'philosophyofreligion')",kant's philosophy of religion,philosophy of religion,4,0,phd,v1,v1,"{""model"": ""Mistral-Nemo"", ""temperature"": 0, ""date"": ""2025-10-05T22:54:36.047886+00:00"", ""prompt_version"": ""v1"", ""persona"": ""phd""}"
"('cognitivescience', 'networkmodel')",network model,cognitive science,2,0,expert,v1,v1,"{""model"": ""Mistral-Nemo"", ""temperature"": 0, ""date"": ""2025-10-05T22:54:37.517156+00:00"", ""prompt_version"": ""v1"", ""persona"": ""expert""}"
"('cognitivescience', 'networkmodel')",network model,cognitive science,2,0,phd,v1,v1,"{""model"": ""Mistral-Nemo"", ""temperature"": 0, ""date"": ""2025-10-05T22:54:38.879248+00:00"", ""prompt_version"": ""v1"", ""persona"": ""phd""}"
"('historyoflogic', 'squareofopposition')",square of opposition,history of logic,2,0,novice,v1,v1,"{""model"": ""Mistral-Nemo"", ""temperature"": 0, ""date"": ""2025-10-05T22:54:40.300752+00:00"", ""prompt_version"": ""v1"", ""persona"": ""novice""}"
"('historyoflogic', 'squareofopposition')",square of opposition,history of logic,2,0,phd,v1,v1,"{""model"": ""Mistral-Nemo"", ""temperature"": 0, ""date"": ""2025-10-05T22:54:41.667532+00:00"", ""prompt_version"": ""v1"", ""persona"": ""phd""}"
"('epistemology', 'falsificationism')",falsificationism,epistemology,3,0,expert,v1,v1,"{""model"": ""Mistral-Nemo"", ""temperature"": 0, ""date"": ""2025-10-05T22:54:43.114244+00:00"", ""prompt_version"": ""v1"", ""persona"": ""expert""}"
"('epistemology', 'falsificationism')",falsificationism,epistemology,3,0,phd,v1,v1,"{""model"": ""Mistral-Nemo"", ""temperature"": 0, ""date"": ""2025-10-05T22:54:44.586465+00:00"", ""prompt_version"": ""v1"", ""persona"": ""phd""}"
"('dynamism', 'japanesephilosophy')",dynamism,japanese philosophy,2,0,novice,v1,v1,"{""model"": ""Mistral-Nemo"", ""temperature"": 0, ""date"": ""2025-10-05T22:54:45.979364+00:00"", ""prompt_version"": ""v1"", ""persona"": ""novice""}"
"('dynamism', 'japanesephilosophy')",dynamism,japanese philosophy,2,0,expert,v1,v1,"{""model"": ""Mistral-Nemo"", ""temperature"": 0, ""date"": ""2025-10-05T22:54:47.428607+00:00"", ""prompt_version"": ""v1"", ""persona"": ""expert""}"
"('cosmology', 'metaphysics')",cosmology,metaphysics,4,0,expert,v1,v1,"{""model"": ""Mistral-Nemo"", ""temperature"": 0, ""date"": ""2025-10-05T22:54:52.466888+00:00"", ""prompt_version"": ""v1"", ""persona"": ""expert""}"
"('cosmology', 'metaphysics')",cosmology,metaphysics,3,0,phd,v1,v1,"{""model"": ""Mistral-Nemo"", ""temperature"": 0, ""date"": ""2025-10-05T22:54:53.879182+00:00"", ""prompt_version"": ""v1"", ""persona"": ""phd""}"
"('autism', 'folkpsychology')",autism,folk psychology,2,0,expert,v1,v1,"{""model"": ""Mistral-Nemo"", ""temperature"": 0, ""date"": ""2025-10-05T22:54:55.256892+00:00"", ""prompt_version"": ""v1"", ""persona"": ""expert""}"
"('autism', 'folkpsychology')",autism,folk psychology,2,0,phd,v1,v1,"{""model"": ""Mistral-Nemo"", ""temperature"": 0, ""date"": ""2025-10-05T22:54:56.647609+00:00"", ""prompt_version"": ""v1"", ""persona"": ""phd""}"
"('kantsviewofthemindandconsciousnessofself', 'philosophyofmind')",kant's view of the mind and consciousness of self,philosophy of mind,4,0,expert,v1,v1,"{""model"": ""Mistral-Nemo"", ""temperature"": 0, ""date"": ""2025-10-05T22:54:58.029260+00:00"", ""prompt_version"": ""v1"", ""persona"": ""expert""}"
"('kantsviewofthemindandconsciousnessofself', 'philosophyofmind')",kant's view of the mind and consciousness of self,philosophy of mind,4,0,phd,v1,v1,"{""model"": ""Mistral-Nemo"", ""temperature"": 0, ""date"": ""2025-10-05T22:54:59.405987+00:00"", ""prompt_version"": ""v1"", ""persona"": ""phd""}"
"('nonhumananimals', 'philosophyofmind')",nonhuman animals,philosophy of mind,2,0,expert,v1,v1,"{""model"": ""Mistral-Nemo"", ""temperature"": 0, ""date"": ""2025-10-05T22:55:00.730756+00:00"", ""prompt_version"": ""v1"", ""persona"": ""expert""}"
"('nonhumananimals', 'philosophyofmind')",nonhuman animals,philosophy of mind,2,0,phd,v1,v1,"{""model"": ""Mistral-Nemo"", ""temperature"": 0, ""date"": ""2025-10-05T22:55:02.121752+00:00"", ""prompt_version"": ""v1"", ""persona"": ""phd""}"
"('languagelearning', 'philosophyoflanguage')",philosophy of language,language learning,2,0,expert,v1,v1,"{""model"": ""Mistral-Nemo"", ""temperature"": 0, ""date"": ""2025-10-05T22:55:03.508533+00:00"", ""prompt_version"": ""v1"", ""persona"": ""expert""}"
"('languagelearning', 'philosophyoflanguage')",philosophy of language,language learning,2,1,phd,v1,v1,"{""model"": ""Mistral-Nemo"", ""temperature"": 0, ""date"": ""2025-10-05T22:55:04.879886+00:00"", ""prompt_version"": ""v1"", ""persona"": ""phd""}"
"('pakistaniphilosophy', 'perception')",pakistani philosophy,perception,2,0,expert,v1,v1,"{""model"": ""Mistral-Nemo"", ""temperature"": 0, ""date"": ""2025-10-05T22:55:06.279570+00:00"", ""prompt_version"": ""v1"", ""persona"": ""expert""}"
"('pakistaniphilosophy', 'perception')",pakistani philosophy,perception,2,0,phd,v1,v1,"{""model"": ""Mistral-Nemo"", ""temperature"": 0, ""date"": ""2025-10-05T22:55:07.674992+00:00"", ""prompt_version"": ""v1"", ""persona"": ""phd""}"
"('dualism', 'propertydualism')",property dualism,dualism,4,0,expert,v1,v1,"{""model"": ""Mistral-Nemo"", ""temperature"": 0, ""date"": ""2025-10-05T22:55:09.466240+00:00"", ""prompt_version"": ""v1"", ""persona"": ""expert""}"
"('dualism', 'propertydualism')",property dualism,dualism,4,0,phd,v1,v1,"{""model"": ""Mistral-Nemo"", ""temperature"": 0, ""date"": ""2025-10-05T22:55:10.849414+00:00"", ""prompt_version"": ""v1"", ""persona"": ""phd""}"
"('analysisofknowledge', 'knowledge')",analysis of knowledge,knowledge,4,0,expert,v1,v1,"{""model"": ""Mistral-Nemo"", ""temperature"": 0, ""date"": ""2025-10-05T22:55:12.419266+00:00"", ""prompt_version"": ""v1"", ""persona"": ""expert""}"
"('analysisofknowledge', 'knowledge')",analysis of knowledge,knowledge,4,0,phd,v1,v1,"{""model"": ""Mistral-Nemo"", ""temperature"": 0, ""date"": ""2025-10-05T22:55:13.994939+00:00"", ""prompt_version"": ""v1"", ""persona"": ""phd""}"
"('epistemology', 'platosmiddleperiodmetaphysicsandepistemology')",plato's middle period metaphysics and epistemology,epistemology,4,0,expert,v1,v1,"{""model"": ""Mistral-Nemo"", ""temperature"": 0, ""date"": ""2025-10-05T22:55:15.407502+00:00"", ""prompt_version"": ""v1"", ""persona"": ""expert""}"
"('epistemology', 'platosmiddleperiodmetaphysicsandepistemology')",plato's middle period metaphysics and epistemology,epistemology,3,0,phd,v1,v1,"{""model"": ""Mistral-Nemo"", ""temperature"": 0, ""date"": ""2025-10-05T22:55:16.807869+00:00"", ""prompt_version"": ""v1"", ""persona"": ""phd""}"
"('causaldeterminism', 'freewill')",causal determinism,free will,4,3,expert,v1,v1,"{""model"": ""Mistral-Nemo"", ""temperature"": 0, ""date"": ""2025-10-05T22:55:18.241425+00:00"", ""prompt_version"": ""v1"", ""persona"": ""expert""}"
"('causaldeterminism', 'freewill')",causal determinism,free will,3,1,phd,v1,v1,"{""model"": ""Mistral-Nemo"", ""temperature"": 0, ""date"": ""2025-10-05T22:55:19.790229+00:00"", ""prompt_version"": ""v1"", ""persona"": ""phd""}"
"('leibnizsinfluenceonkant', 'metaphysics')",leibniz's influence on kant,metaphysics,3,0,expert,v1,v1,"{""model"": ""Mistral-Nemo"", ""temperature"": 0, ""date"": ""2025-10-05T22:55:21.341006+00:00"", ""prompt_version"": ""v1"", ""persona"": ""expert""}"
"('leibnizsinfluenceonkant', 'metaphysics')",leibniz's influence on kant,metaphysics,2,0,phd,v1,v1,"{""model"": ""Mistral-Nemo"", ""temperature"": 0, ""date"": ""2025-10-05T22:55:22.904274+00:00"", ""prompt_version"": ""v1"", ""persona"": ""phd""}"
"('conservationbiology', 'philosophyofbiology')",conservation biology,philosophy of biology,3,0,expert,v1,v1,"{""model"": ""Mistral-Nemo"", ""temperature"": 0, ""date"": ""2025-10-05T22:55:24.506981+00:00"", ""prompt_version"": ""v1"", ""persona"": ""expert""}"
"('conservationbiology', 'philosophyofbiology')",conservation biology,philosophy of biology,3,0,phd,v1,v1,"{""model"": ""Mistral-Nemo"", ""temperature"": 0, ""date"": ""2025-10-05T22:55:25.864361+00:00"", ""prompt_version"": ""v1"", ""persona"": ""phd""}"
"('metaphysics', 'platonism')",platonism,metaphysics,4,0,expert,v1,v1,"{""model"": ""Mistral-Nemo"", ""temperature"": 0, ""date"": ""2025-10-05T22:55:27.365074+00:00"", ""prompt_version"": ""v1"", ""persona"": ""expert""}"
"('metaphysics', 'platonism')",platonism,metaphysics,4,0,phd,v1,v1,"{""model"": ""Mistral-Nemo"", ""temperature"": 0, ""date"": ""2025-10-05T22:55:28.708220+00:00"", ""prompt_version"": ""v1"", ""persona"": ""phd""}"
"('epistemology', 'metaphysicsofscience')",metaphysics of science,epistemology,3,0,expert,v1,v1,"{""model"": ""Mistral-Nemo"", ""temperature"": 0, ""date"": ""2025-10-05T22:55:30.119612+00:00"", ""prompt_version"": ""v1"", ""persona"": ""expert""}"
"('epistemology', 'metaphysicsofscience')",metaphysics of science,epistemology,2,0,phd,v1,v1,"{""model"": ""Mistral-Nemo"", ""temperature"": 0, ""date"": ""2025-10-05T22:55:31.632778+00:00"", ""prompt_version"": ""v1"", ""persona"": ""phd""}"
"('afterlife', 'philosophyofreligion')",afterlife,philosophy of religion,3,0,expert,v1,v1,"{""model"": ""Mistral-Nemo"", ""temperature"": 0, ""date"": ""2025-10-05T22:55:33.037162+00:00"", ""prompt_version"": ""v1"", ""persona"": ""expert""}"
"('afterlife', 'philosophyofreligion')",afterlife,philosophy of religion,3,0,phd,v1,v1,"{""model"": ""Mistral-Nemo"", ""temperature"": 0, ""date"": ""2025-10-05T22:55:34.438772+00:00"", ""prompt_version"": ""v1"", ""persona"": ""phd""}"
"('epistemology', 'socialepistemology')",social epistemology,epistemology,4,0,expert,v1,v1,"{""model"": ""Mistral-Nemo"", ""temperature"": 0, ""date"": ""2025-10-05T22:55:35.835031+00:00"", ""prompt_version"": ""v1"", ""persona"": ""expert""}"
"('epistemology', 'socialepistemology')",social epistemology,epistemology,4,0,phd,v1,v1,"{""model"": ""Mistral-Nemo"", ""temperature"": 0, ""date"": ""2025-10-05T22:55:37.306994+00:00"", ""prompt_version"": ""v1"", ""persona"": ""phd""}"
"('perception', 'reliabilism')",reliabilism,perception,3,0,expert,v1,v1,"{""model"": ""Mistral-Nemo"", ""temperature"": 0, ""date"": ""2025-10-05T22:55:38.691505+00:00"", ""prompt_version"": ""v1"", ""persona"": ""expert""}"
"('perception', 'reliabilism')",reliabilism,perception,2,0,phd,v1,v1,"{""model"": ""Mistral-Nemo"", ""temperature"": 0, ""date"": ""2025-10-05T22:55:40.272242+00:00"", ""prompt_version"": ""v1"", ""persona"": ""phd""}"
"('evolutionarypsychology', 'philosophyofmind')",evolutionary psychology,philosophy of mind,3,0,expert,v1,v1,"{""model"": ""Mistral-Nemo"", ""temperature"": 0, ""date"": ""2025-10-05T22:55:41.821738+00:00"", ""prompt_version"": ""v1"", ""persona"": ""expert""}"
"('evolutionarypsychology', 'philosophyofmind')",evolutionary psychology,philosophy of mind,2,0,phd,v1,v1,"{""model"": ""Mistral-Nemo"", ""temperature"": 0, ""date"": ""2025-10-05T22:55:43.207697+00:00"", ""prompt_version"": ""v1"", ""persona"": ""phd""}"
"('interactionism', 'philosophyofmind')",interactionism,philosophy of mind,3,0,expert,v1,v1,"{""model"": ""Mistral-Nemo"", ""temperature"": 0, ""date"": ""2025-10-05T22:55:44.598232+00:00"", ""prompt_version"": ""v1"", ""persona"": ""expert""}"
"('interactionism', 'philosophyofmind')",interactionism,philosophy of mind,3,0,phd,v1,v1,"{""model"": ""Mistral-Nemo"", ""temperature"": 0, ""date"": ""2025-10-05T22:55:45.970474+00:00"", ""prompt_version"": ""v1"", ""persona"": ""phd""}"
"('cognitivescience', 'computationandrepresentation')",computation and representation,cognitive science,4,0,expert,v1,v1,"{""model"": ""Mistral-Nemo"", ""temperature"": 0, ""date"": ""2025-10-05T22:55:47.430231+00:00"", ""prompt_version"": ""v1"", ""persona"": ""expert""}"
"('cognitivescience', 'computationandrepresentation')",computation and representation,cognitive science,4,0,phd,v1,v1,"{""model"": ""Mistral-Nemo"", ""temperature"": 0, ""date"": ""2025-10-05T22:55:48.839786+00:00"", ""prompt_version"": ""v1"", ""persona"": ""phd""}"
"('historyoflogic', 'hypotheticalsyllogism')",hypothetical syllogism,history of logic,2,0,novice,v1,v1,"{""model"": ""Mistral-Nemo"", ""temperature"": 0, ""date"": ""2025-10-05T22:55:50.303447+00:00"", ""prompt_version"": ""v1"", ""persona"": ""novice""}"
"('historyoflogic', 'hypotheticalsyllogism')",hypothetical syllogism,history of logic,2,0,phd,v1,v1,"{""model"": ""Mistral-Nemo"", ""temperature"": 0, ""date"": ""2025-10-05T22:55:51.715060+00:00"", ""prompt_version"": ""v1"", ""persona"": ""phd""}"
"('currentphilosophy', 'perception')",current philosophy,perception,3,0,expert,v1,v1,"{""model"": ""Mistral-Nemo"", ""temperature"": 0, ""date"": ""2025-10-05T22:55:53.096610+00:00"", ""prompt_version"": ""v1"", ""persona"": ""expert""}"
"('currentphilosophy', 'perception')",current philosophy,perception,2,-1,phd,v1,v1,"{""model"": ""Mistral-Nemo"", ""temperature"": 0, ""date"": ""2025-10-05T22:55:54.513025+00:00"", ""prompt_version"": ""v1"", ""persona"": ""phd""}"
"('hobbessmoralandpoliticalphilosophy', 'socialandpoliticalphilosophy')",hobbes's moral and political philosophy,social and political philosophy,4,0,expert,v1,v1,"{""model"": ""Mistral-Nemo"", ""temperature"": 0, ""date"": ""2025-10-05T22:55:55.893626+00:00"", ""prompt_version"": ""v1"", ""persona"": ""expert""}"
"('hobbessmoralandpoliticalphilosophy', 'socialandpoliticalphilosophy')",hobbes's moral and political philosophy,social and political philosophy,4,0,phd,v1,v1,"{""model"": ""Mistral-Nemo"", ""temperature"": 0, ""date"": ""2025-10-05T22:55:57.281519+00:00"", ""prompt_version"": ""v1"", ""persona"": ""phd""}"
"('magnetism', 'perception')",magnetism,perception,2,-1,expert,v1,v1,"{""model"": ""Mistral-Nemo"", ""temperature"": 0, ""date"": ""2025-10-05T22:55:58.697266+00:00"", ""prompt_version"": ""v1"", ""persona"": ""expert""}"
"('magnetism', 'perception')",magnetism,perception,1,-1,phd,v1,v1,"{""model"": ""Mistral-Nemo"", ""temperature"": 0, ""date"": ""2025-10-05T22:56:00.086783+00:00"", ""prompt_version"": ""v1"", ""persona"": ""phd""}"
"('mentalcausation', 'philosophyofmind')",mental causation,philosophy of mind,4,0,expert,v1,v1,"{""model"": ""Mistral-Nemo"", ""temperature"": 0, ""date"": ""2025-10-05T22:56:01.450181+00:00"", ""prompt_version"": ""v1"", ""persona"": ""expert""}"
"('mentalcausation', 'philosophyofmind')",mental causation,philosophy of mind,4,0,phd,v1,v1,"{""model"": ""Mistral-Nemo"", ""temperature"": 0, ""date"": ""2025-10-05T22:56:02.943327+00:00"", ""prompt_version"": ""v1"", ""persona"": ""phd""}"
"('africanandafricanamericanphilosophy', 'ethnophilosophy')",ethnophilosophy,african and african-american philosophy,3,0,course_taker,v1,v1,"{""model"": ""Mistral-Nemo"", ""temperature"": 0, ""date"": ""2025-10-05T22:56:04.431570+00:00"", ""prompt_version"": ""v1"", ""persona"": ""course_taker""}"
"('africanandafricanamericanphilosophy', 'ethnophilosophy')",ethnophilosophy,african and african-american philosophy,2,0,phd,v1,v1,"{""model"": ""Mistral-Nemo"", ""temperature"": 0, ""date"": ""2025-10-05T22:56:05.784108+00:00"", ""prompt_version"": ""v1"", ""persona"": ""phd""}"
"('epistemology', 'generalrelativity')",general relativity,epistemology,2,0,expert,v1,v1,"{""model"": ""Mistral-Nemo"", ""temperature"": 0, ""date"": ""2025-10-05T22:56:07.286445+00:00"", ""prompt_version"": ""v1"", ""persona"": ""expert""}"
"('epistemology', 'generalrelativity')",general relativity,epistemology,1,-1,phd,v1,v1,"{""model"": ""Mistral-Nemo"", ""temperature"": 0, ""date"": ""2025-10-05T22:56:08.692367+00:00"", ""prompt_version"": ""v1"", ""persona"": ""phd""}"
"('induction', 'philosophyofmind')",induction,philosophy of mind,3,0,expert,v1,v1,"{""model"": ""Mistral-Nemo"", ""temperature"": 0, ""date"": ""2025-10-05T22:56:10.025627+00:00"", ""prompt_version"": ""v1"", ""persona"": ""expert""}"
"('induction', 'philosophyofmind')",induction,philosophy of mind,2,1,phd,v1,v1,"{""model"": ""Mistral-Nemo"", ""temperature"": 0, ""date"": ""2025-10-05T22:56:11.528315+00:00"", ""prompt_version"": ""v1"", ""persona"": ""phd""}"
"('epistemologyofreligion', 'philosophyofreligion')",epistemology of religion,philosophy of religion,4,0,expert,v1,v1,"{""model"": ""Mistral-Nemo"", ""temperature"": 0, ""date"": ""2025-10-05T22:56:12.925722+00:00"", ""prompt_version"": ""v1"", ""persona"": ""expert""}"
"('epistemologyofreligion', 'philosophyofreligion')",epistemology of religion,philosophy of religion,4,0,phd,v1,v1,"{""model"": ""Mistral-Nemo"", ""temperature"": 0, ""date"": ""2025-10-05T22:56:14.287171+00:00"", ""prompt_version"": ""v1"", ""persona"": ""phd""}"
"('mentalimagery', 'philosophyofmind')",mental imagery,philosophy of mind,3,0,expert,v1,v1,"{""model"": ""Mistral-Nemo"", ""temperature"": 0, ""date"": ""2025-10-05T22:56:15.677754+00:00"", ""prompt_version"": ""v1"", ""persona"": ""expert""}"
"('mentalimagery', 'philosophyofmind')",mental imagery,philosophy of mind,3,0,phd,v1,v1,"{""model"": ""Mistral-Nemo"", ""temperature"": 0, ""date"": ""2025-10-05T22:56:17.124112+00:00"", ""prompt_version"": ""v1"", ""persona"": ""phd""}"
"('baptism', 'epistemology')",baptism,epistemology,2,0,expert,v1,v1,"{""model"": ""Mistral-Nemo"", ""temperature"": 0, ""date"": ""2025-10-05T22:56:18.499010+00:00"", ""prompt_version"": ""v1"", ""persona"": ""expert""}"
"('baptism', 'epistemology')",baptism,epistemology,2,0,phd,v1,v1,"{""model"": ""Mistral-Nemo"", ""temperature"": 0, ""date"": ""2025-10-05T22:56:19.859368+00:00"", ""prompt_version"": ""v1"", ""persona"": ""phd""}"
"('causation', 'probabilisticcausation')",probabilistic causation,causation,3,0,expert,v1,v1,"{""model"": ""Mistral-Nemo"", ""temperature"": 0, ""date"": ""2025-10-05T22:56:21.227050+00:00"", ""prompt_version"": ""v1"", ""persona"": ""expert""}"
"('causation', 'probabilisticcausation')",probabilistic causation,causation,3,0,phd,v1,v1,"{""model"": ""Mistral-Nemo"", ""temperature"": 0, ""date"": ""2025-10-05T22:56:22.606011+00:00"", ""prompt_version"": ""v1"", ""persona"": ""phd""}"
"('measurementinquantumtheory', 'perception')",measurement in quantum theory,perception,2,0,expert,v1,v1,"{""model"": ""Mistral-Nemo"", ""temperature"": 0, ""date"": ""2025-10-05T22:56:23.998631+00:00"", ""prompt_version"": ""v1"", ""persona"": ""expert""}"
"('measurementinquantumtheory', 'perception')",measurement in quantum theory,perception,2,0,phd,v1,v1,"{""model"": ""Mistral-Nemo"", ""temperature"": 0, ""date"": ""2025-10-05T22:56:25.431058+00:00"", ""prompt_version"": ""v1"", ""persona"": ""phd""}"
"('interpretation', 'metaphysics')",interpretation,metaphysics,2,0,expert,v1,v1,"{""model"": ""Mistral-Nemo"", ""temperature"": 0, ""date"": ""2025-10-05T22:56:26.779356+00:00"", ""prompt_version"": ""v1"", ""persona"": ""expert""}"
"('interpretation', 'metaphysics')",interpretation,metaphysics,2,0,phd,v1,v1,"{""model"": ""Mistral-Nemo"", ""temperature"": 0, ""date"": ""2025-10-05T22:56:28.119885+00:00"", ""prompt_version"": ""v1"", ""persona"": ""phd""}"
"('perception', 'scottishphilosophyinthe19thcentury')",scottish philosophy in the 19th century,perception,2,0,expert,v1,v1,"{""model"": ""Mistral-Nemo"", ""temperature"": 0, ""date"": ""2025-10-05T22:56:29.522765+00:00"", ""prompt_version"": ""v1"", ""persona"": ""expert""}"
"('perception', 'scottishphilosophyinthe19thcentury')",scottish philosophy in the 19th century,perception,2,-1,phd,v1,v1,"{""model"": ""Mistral-Nemo"", ""temperature"": 0, ""date"": ""2025-10-05T22:56:30.878368+00:00"", ""prompt_version"": ""v1"", ""persona"": ""phd""}"
"('philosophyofchemistry', 'philosophyofscienceandthesciences')",philosophy of chemistry,philosophy of science and the sciences,4,0,expert,v1,v1,"{""model"": ""Mistral-Nemo"", ""temperature"": 0, ""date"": ""2025-10-05T22:56:32.322735+00:00"", ""prompt_version"": ""v1"", ""persona"": ""expert""}"
"('philosophyofchemistry', 'philosophyofscienceandthesciences')",philosophy of chemistry,philosophy of science and the sciences,4,0,phd,v1,v1,"{""model"": ""Mistral-Nemo"", ""temperature"": 0, ""date"": ""2025-10-05T22:56:33.723089+00:00"", ""prompt_version"": ""v1"", ""persona"": ""phd""}"
"('goodness', 'metaphysics')",goodness,metaphysics,2,0,expert,v1,v1,"{""model"": ""Mistral-Nemo"", ""temperature"": 0, ""date"": ""2025-10-05T22:56:35.249990+00:00"", ""prompt_version"": ""v1"", ""persona"": ""expert""}"
"('goodness', 'metaphysics')",goodness,metaphysics,2,0,phd,v1,v1,"{""model"": ""Mistral-Nemo"", ""temperature"": 0, ""date"": ""2025-10-05T22:56:36.592216+00:00"", ""prompt_version"": ""v1"", ""persona"": ""phd""}"
"('concepts', 'mentalcontent')",concepts,mental content,3,1,expert,v1,v1,"{""model"": ""Mistral-Nemo"", ""temperature"": 0, ""date"": ""2025-10-05T22:56:37.970003+00:00"", ""prompt_version"": ""v1"", ""persona"": ""expert""}"
"('concepts', 'mentalcontent')",concepts,mental content,3,0,phd,v1,v1,"{""model"": ""Mistral-Nemo"", ""temperature"": 0, ""date"": ""2025-10-05T22:56:39.448870+00:00"", ""prompt_version"": ""v1"", ""persona"": ""phd""}"
"('languageandsociety', 'philosophyoflanguage')",philosophy of language,language and society,3,0,expert,v1,v1,"{""model"": ""Mistral-Nemo"", ""temperature"": 0, ""date"": ""2025-10-05T22:56:40.960489+00:00"", ""prompt_version"": ""v1"", ""persona"": ""expert""}"
"('languageandsociety', 'philosophyoflanguage')",philosophy of language,language and society,3,0,phd,v1,v1,"{""model"": ""Mistral-Nemo"", ""temperature"": 0, ""date"": ""2025-10-05T22:56:42.322642+00:00"", ""prompt_version"": ""v1"", ""persona"": ""phd""}"
"('epistemology', 'philosophyofsocialscience')",philosophy of social science,epistemology,3,0,expert,v1,v1,"{""model"": ""Mistral-Nemo"", ""temperature"": 0, ""date"": ""2025-10-05T22:56:43.732704+00:00"", ""prompt_version"": ""v1"", ""persona"": ""expert""}"
"('epistemology', 'philosophyofsocialscience')",philosophy of social science,epistemology,2,0,phd,v1,v1,"{""model"": ""Mistral-Nemo"", ""temperature"": 0, ""date"": ""2025-10-05T22:56:45.184220+00:00"", ""prompt_version"": ""v1"", ""persona"": ""phd""}"
"('perception', 'representationalism')",representationalism,perception,4,0,expert,v1,v1,"{""model"": ""Mistral-Nemo"", ""temperature"": 0, ""date"": ""2025-10-05T22:56:46.616302+00:00"", ""prompt_version"": ""v1"", ""persona"": ""expert""}"
"('perception', 'representationalism')",representationalism,perception,3,0,phd,v1,v1,"{""model"": ""Mistral-Nemo"", ""temperature"": 0, ""date"": ""2025-10-05T22:56:48.035388+00:00"", ""prompt_version"": ""v1"", ""persona"": ""phd""}"
"('philosophyofreligion', 'secularhumanism')",secular humanism,philosophy of religion,3,0,expert,v1,v1,"{""model"": ""Mistral-Nemo"", ""temperature"": 0, ""date"": ""2025-10-05T22:56:49.373574+00:00"", ""prompt_version"": ""v1"", ""persona"": ""expert""}"
"('philosophyofreligion', 'secularhumanism')",secular humanism,philosophy of religion,2,0,phd,v1,v1,"{""model"": ""Mistral-Nemo"", ""temperature"": 0, ""date"": ""2025-10-05T22:56:50.824541+00:00"", ""prompt_version"": ""v1"", ""persona"": ""phd""}"
"('philosophyofmind', 'philosophyofnature')",philosophy of nature,philosophy of mind,3,1,expert,v1,v1,"{""model"": ""Mistral-Nemo"", ""temperature"": 0, ""date"": ""2025-10-05T22:56:52.634141+00:00"", ""prompt_version"": ""v1"", ""persona"": ""expert""}"
"('philosophyofmind', 'philosophyofnature')",philosophy of nature,philosophy of mind,2,1,phd,v1,v1,"{""model"": ""Mistral-Nemo"", ""temperature"": 0, ""date"": ""2025-10-05T22:56:54.065144+00:00"", ""prompt_version"": ""v1"", ""persona"": ""phd""}"
"('metaphysics', 'philosophyofchemistry')",philosophy of chemistry,metaphysics,2,0,expert,v1,v1,"{""model"": ""Mistral-Nemo"", ""temperature"": 0, ""date"": ""2025-10-05T22:56:55.534388+00:00"", ""prompt_version"": ""v1"", ""persona"": ""expert""}"
"('metaphysics', 'philosophyofchemistry')",philosophy of chemistry,metaphysics,2,0,phd,v1,v1,"{""model"": ""Mistral-Nemo"", ""temperature"": 0, ""date"": ""2025-10-05T22:56:56.967044+00:00"", ""prompt_version"": ""v1"", ""persona"": ""phd""}"
"('africanandafricanamericanphilosophy', 'africanphilosophy')",african philosophy,african and african-american philosophy,4,0,course_taker,v1,v1,"{""model"": ""Mistral-Nemo"", ""temperature"": 0, ""date"": ""2025-10-05T22:56:58.390600+00:00"", ""prompt_version"": ""v1"", ""persona"": ""course_taker""}"
"('africanandafricanamericanphilosophy', 'africanphilosophy')",african philosophy,african and african-american philosophy,4,0,phd,v1,v1,"{""model"": ""Mistral-Nemo"", ""temperature"": 0, ""date"": ""2025-10-05T22:56:59.829420+00:00"", ""prompt_version"": ""v1"", ""persona"": ""phd""}"
"('japaneseaesthetics', 'japanesephilosophy')",japanese aesthetics,japanese philosophy,4,0,novice,v1,v1,"{""model"": ""Mistral-Nemo"", ""temperature"": 0, ""date"": ""2025-10-05T22:57:01.186651+00:00"", ""prompt_version"": ""v1"", ""persona"": ""novice""}"
"('japaneseaesthetics', 'japanesephilosophy')",japanese aesthetics,japanese philosophy,4,3,phd,v1,v1,"{""model"": ""Mistral-Nemo"", ""temperature"": 0, ""date"": ""2025-10-05T22:57:02.552406+00:00"", ""prompt_version"": ""v1"", ""persona"": ""phd""}"
"('ancientlogic', 'historyoflogic')",ancient logic,history of logic,4,0,novice,v1,v1,"{""model"": ""Mistral-Nemo"", ""temperature"": 0, ""date"": ""2025-10-05T22:57:04.129451+00:00"", ""prompt_version"": ""v1"", ""persona"": ""novice""}"
"('ancientlogic', 'historyoflogic')",ancient logic,history of logic,4,0,phd,v1,v1,"{""model"": ""Mistral-Nemo"", ""temperature"": 0, ""date"": ""2025-10-05T22:57:05.570482+00:00"", ""prompt_version"": ""v1"", ""persona"": ""phd""}"
"('philosophyofreligion', 'pietism')",pietism,philosophy of religion,2,0,expert,v1,v1,"{""model"": ""Mistral-Nemo"", ""temperature"": 0, ""date"": ""2025-10-05T22:57:07.000283+00:00"", ""prompt_version"": ""v1"", ""persona"": ""expert""}"
"('philosophyofreligion', 'pietism')",pietism,philosophy of religion,2,0,phd,v1,v1,"{""model"": ""Mistral-Nemo"", ""temperature"": 0, ""date"": ""2025-10-05T22:57:08.421375+00:00"", ""prompt_version"": ""v1"", ""persona"": ""phd""}"
"('ontologicalargument', 'philosophyofreligion')",ontological argument,philosophy of religion,4,0,expert,v1,v1,"{""model"": ""Mistral-Nemo"", ""temperature"": 0, ""date"": ""2025-10-05T22:57:09.861256+00:00"", ""prompt_version"": ""v1"", ""persona"": ""expert""}"
"('ontologicalargument', 'philosophyofreligion')",ontological argument,philosophy of religion,4,0,phd,v1,v1,"{""model"": ""Mistral-Nemo"", ""temperature"": 0, ""date"": ""2025-10-05T22:57:11.250038+00:00"", ""prompt_version"": ""v1"", ""persona"": ""phd""}"
"('eliminativematerialism', 'folkpsychology')",eliminative materialism,folk psychology,3,0,expert,v1,v1,"{""model"": ""Mistral-Nemo"", ""temperature"": 0, ""date"": ""2025-10-05T22:57:12.627388+00:00"", ""prompt_version"": ""v1"", ""persona"": ""expert""}"
"('eliminativematerialism', 'folkpsychology')",eliminative materialism,folk psychology,4,0,phd,v1,v1,"{""model"": ""Mistral-Nemo"", ""temperature"": 0, ""date"": ""2025-10-05T22:57:14.060958+00:00"", ""prompt_version"": ""v1"", ""persona"": ""phd""}"
"('externalism', 'perception')",externalism,perception,3,0,expert,v1,v1,"{""model"": ""Mistral-Nemo"", ""temperature"": 0, ""date"": ""2025-10-05T22:57:15.495131+00:00"", ""prompt_version"": ""v1"", ""persona"": ""expert""}"
"('externalism', 'perception')",externalism,perception,3,0,phd,v1,v1,"{""model"": ""Mistral-Nemo"", ""temperature"": 0, ""date"": ""2025-10-05T22:57:16.935361+00:00"", ""prompt_version"": ""v1"", ""persona"": ""phd""}"
"('epistemology', 'experimentinphysics')",experiment in physics,epistemology,1,-1,expert,v1,v1,"{""model"": ""Mistral-Nemo"", ""temperature"": 0, ""date"": ""2025-10-05T22:57:18.362651+00:00"", ""prompt_version"": ""v1"", ""persona"": ""expert""}"
"('epistemology', 'experimentinphysics')",experiment in physics,epistemology,1,-1,phd,v1,v1,"{""model"": ""Mistral-Nemo"", ""temperature"": 0, ""date"": ""2025-10-05T22:57:19.774598+00:00"", ""prompt_version"": ""v1"", ""persona"": ""phd""}"
"('existenceofgod', 'metaphysics')",existence of god,metaphysics,4,0,expert,v1,v1,"{""model"": ""Mistral-Nemo"", ""temperature"": 0, ""date"": ""2025-10-05T22:57:21.185405+00:00"", ""prompt_version"": ""v1"", ""persona"": ""expert""}"
"('existenceofgod', 'metaphysics')",existence of god,metaphysics,3,0,phd,v1,v1,"{""model"": ""Mistral-Nemo"", ""temperature"": 0, ""date"": ""2025-10-05T22:57:22.597413+00:00"", ""prompt_version"": ""v1"", ""persona"": ""phd""}"
"('philosophyofcomputerscience', 'philosophyofscienceandthesciences')",philosophy of computer science,philosophy of science and the sciences,4,0,expert,v1,v1,"{""model"": ""Mistral-Nemo"", ""temperature"": 0, ""date"": ""2025-10-05T22:57:23.992033+00:00"", ""prompt_version"": ""v1"", ""persona"": ""expert""}"
"('philosophyofcomputerscience', 'philosophyofscienceandthesciences')",philosophy of computer science,philosophy of science and the sciences,4,0,phd,v1,v1,"{""model"": ""Mistral-Nemo"", ""temperature"": 0, ""date"": ""2025-10-05T22:57:25.531979+00:00"", ""prompt_version"": ""v1"", ""persona"": ""phd""}"
"('ethics', 'utilitarianism')",ethics,utilitarianism,4,1,novice,v1,v1,"{""model"": ""Mistral-Nemo"", ""temperature"": 0, ""date"": ""2025-10-05T22:57:26.961246+00:00"", ""prompt_version"": ""v1"", ""persona"": ""novice""}"
"('ethics', 'utilitarianism')",ethics,utilitarianism,4,1,phd,v1,v1,"{""model"": ""Mistral-Nemo"", ""temperature"": 0, ""date"": ""2025-10-05T22:57:28.396773+00:00"", ""prompt_version"": ""v1"", ""persona"": ""phd""}"
"('scientificmethodology', 'scientificrealism')",scientific realism,scientific methodology,3,0,novice,v1,v1,"{""model"": ""Mistral-Nemo"", ""temperature"": 0, ""date"": ""2025-10-05T22:57:29.838255+00:00"", ""prompt_version"": ""v1"", ""persona"": ""novice""}"
"('scientificmethodology', 'scientificrealism')",scientific realism,scientific methodology,3,0,phd,v1,v1,"{""model"": ""Mistral-Nemo"", ""temperature"": 0, ""date"": ""2025-10-05T22:57:31.273369+00:00"", ""prompt_version"": ""v1"", ""persona"": ""phd""}"
"('metaphysics', 'philosophyofscience')",philosophy of science,metaphysics,2,0,expert,v1,v1,"{""model"": ""Mistral-Nemo"", ""temperature"": 0, ""date"": ""2025-10-05T22:57:32.671156+00:00"", ""prompt_version"": ""v1"", ""persona"": ""expert""}"
"('metaphysics', 'philosophyofscience')",philosophy of science,metaphysics,2,0,phd,v1,v1,"{""model"": ""Mistral-Nemo"", ""temperature"": 0, ""date"": ""2025-10-05T22:57:34.006425+00:00"", ""prompt_version"": ""v1"", ""persona"": ""phd""}"
"('epistemology', 'introspection')",introspection,epistemology,3,0,expert,v1,v1,"{""model"": ""Mistral-Nemo"", ""temperature"": 0, ""date"": ""2025-10-05T22:57:35.390624+00:00"", ""prompt_version"": ""v1"", ""persona"": ""expert""}"
"('epistemology', 'introspection')",introspection,epistemology,2,0,phd,v1,v1,"{""model"": ""Mistral-Nemo"", ""temperature"": 0, ""date"": ""2025-10-05T22:57:36.796241+00:00"", ""prompt_version"": ""v1"", ""persona"": ""phd""}"
"('logicandlanguage', 'philosophyofcomputerscience')",philosophy of computer science,logic and language,3,0,course_taker,v1,v1,"{""model"": ""Mistral-Nemo"", ""temperature"": 0, ""date"": ""2025-10-05T22:57:38.150001+00:00"", ""prompt_version"": ""v1"", ""persona"": ""course_taker""}"
"('logicandlanguage', 'philosophyofcomputerscience')",philosophy of computer science,logic and language,2,0,phd,v1,v1,"{""model"": ""Mistral-Nemo"", ""temperature"": 0, ""date"": ""2025-10-05T22:57:39.566005+00:00"", ""prompt_version"": ""v1"", ""persona"": ""phd""}"
"('medievaltheoriesofthecategories', 'metaphysics')",medieval theories of the categories,metaphysics,4,0,expert,v1,v1,"{""model"": ""Mistral-Nemo"", ""temperature"": 0, ""date"": ""2025-10-05T22:57:40.989278+00:00"", ""prompt_version"": ""v1"", ""persona"": ""expert""}"
"('medievaltheoriesofthecategories', 'metaphysics')",medieval theories of the categories,metaphysics,3,0,phd,v1,v1,"{""model"": ""Mistral-Nemo"", ""temperature"": 0, ""date"": ""2025-10-05T22:57:42.366181+00:00"", ""prompt_version"": ""v1"", ""persona"": ""phd""}"
"('lockespoliticalphilosophy', 'philosophyofreligion')",locke's political philosophy,philosophy of religion,2,0,expert,v1,v1,"{""model"": ""Mistral-Nemo"", ""temperature"": 0, ""date"": ""2025-10-05T22:57:43.718214+00:00"", ""prompt_version"": ""v1"", ""persona"": ""expert""}"
"('lockespoliticalphilosophy', 'philosophyofreligion')",locke's political philosophy,philosophy of religion,2,0,phd,v1,v1,"{""model"": ""Mistral-Nemo"", ""temperature"": 0, ""date"": ""2025-10-05T22:57:45.078587+00:00"", ""prompt_version"": ""v1"", ""persona"": ""phd""}"
"('consciousness', 'kantsviewofthemindandconsciousnessofself')",kant's view of the mind and consciousness of self,consciousness,4,0,expert,v1,v1,"{""model"": ""Mistral-Nemo"", ""temperature"": 0, ""date"": ""2025-10-05T22:57:46.503671+00:00"", ""prompt_version"": ""v1"", ""persona"": ""expert""}"
"('consciousness', 'kantsviewofthemindandconsciousnessofself')",kant's view of the mind and consciousness of self,consciousness,4,0,phd,v1,v1,"{""model"": ""Mistral-Nemo"", ""temperature"": 0, ""date"": ""2025-10-05T22:57:47.896049+00:00"", ""prompt_version"": ""v1"", ""persona"": ""phd""}"
"('metaphysics', 'philosophyofphysics')",philosophy of physics,metaphysics,4,0,expert,v1,v1,"{""model"": ""Mistral-Nemo"", ""temperature"": 0, ""date"": ""2025-10-05T22:57:49.389985+00:00"", ""prompt_version"": ""v1"", ""persona"": ""expert""}"
"('metaphysics', 'philosophyofphysics')",philosophy of physics,metaphysics,3,0,phd,v1,v1,"{""model"": ""Mistral-Nemo"", ""temperature"": 0, ""date"": ""2025-10-05T22:57:51.305204+00:00"", ""prompt_version"": ""v1"", ""persona"": ""phd""}"
"('identitytheoryofmind', 'perception')",identity theory of mind,perception,2,0,expert,v1,v1,"{""model"": ""Mistral-Nemo"", ""temperature"": 0, ""date"": ""2025-10-05T22:57:52.708555+00:00"", ""prompt_version"": ""v1"", ""persona"": ""expert""}"
"('identitytheoryofmind', 'perception')",identity theory of mind,perception,2,0,phd,v1,v1,"{""model"": ""Mistral-Nemo"", ""temperature"": 0, ""date"": ""2025-10-05T22:57:54.089793+00:00"", ""prompt_version"": ""v1"", ""persona"": ""phd""}"
"('metaphysics', 'vitalism')",vitalism,metaphysics,2,0,expert,v1,v1,"{""model"": ""Mistral-Nemo"", ""temperature"": 0, ""date"": ""2025-10-05T22:57:55.512645+00:00"", ""prompt_version"": ""v1"", ""persona"": ""expert""}"
"('metaphysics', 'vitalism')",vitalism,metaphysics,2,0,phd,v1,v1,"{""model"": ""Mistral-Nemo"", ""temperature"": 0, ""date"": ""2025-10-05T22:57:56.867545+00:00"", ""prompt_version"": ""v1"", ""persona"": ""phd""}"
"('philosophyofmind', 'realism')",realism,philosophy of mind,3,1,expert,v1,v1,"{""model"": ""Mistral-Nemo"", ""temperature"": 0, ""date"": ""2025-10-05T22:57:58.253444+00:00"", ""prompt_version"": ""v1"", ""persona"": ""expert""}"
"('philosophyofmind', 'realism')",realism,philosophy of mind,3,1,phd,v1,v1,"{""model"": ""Mistral-Nemo"", ""temperature"": 0, ""date"": ""2025-10-05T22:57:59.631207+00:00"", ""prompt_version"": ""v1"", ""persona"": ""phd""}"
"('imagery', 'perception')",imagery,perception,3,0,expert,v1,v1,"{""model"": ""Mistral-Nemo"", ""temperature"": 0, ""date"": ""2025-10-05T22:58:00.983756+00:00"", ""prompt_version"": ""v1"", ""persona"": ""expert""}"
"('imagery', 'perception')",imagery,perception,3,0,phd,v1,v1,"{""model"": ""Mistral-Nemo"", ""temperature"": 0, ""date"": ""2025-10-05T22:58:02.331118+00:00"", ""prompt_version"": ""v1"", ""persona"": ""phd""}"
"('aspectsofconsciousness', 'selfconsciousness')",self-consciousness,aspects of consciousness,4,0,expert,v1,v1,"{""model"": ""Mistral-Nemo"", ""temperature"": 0, ""date"": ""2025-10-05T22:58:03.724991+00:00"", ""prompt_version"": ""v1"", ""persona"": ""expert""}"
"('aspectsofconsciousness', 'selfconsciousness')",self-consciousness,aspects of consciousness,3,0,phd,v1,v1,"{""model"": ""Mistral-Nemo"", ""temperature"": 0, ""date"": ""2025-10-05T22:58:05.051373+00:00"", ""prompt_version"": ""v1"", ""persona"": ""phd""}"
"('aristotlespsychology', 'philosophyofmind')",aristotle's psychology,philosophy of mind,4,0,expert,v1,v1,"{""model"": ""Mistral-Nemo"", ""temperature"": 0, ""date"": ""2025-10-05T22:58:06.475878+00:00"", ""prompt_version"": ""v1"", ""persona"": ""expert""}"
"('aristotlespsychology', 'philosophyofmind')",aristotle's psychology,philosophy of mind,4,0,phd,v1,v1,"{""model"": ""Mistral-Nemo"", ""temperature"": 0, ""date"": ""2025-10-05T22:58:07.856470+00:00"", ""prompt_version"": ""v1"", ""persona"": ""phd""}"
"('folkpsychologyasatheory', 'philosophyofmind')",folk psychology as a theory,philosophy of mind,4,0,expert,v1,v1,"{""model"": ""Mistral-Nemo"", ""temperature"": 0, ""date"": ""2025-10-05T22:58:09.223237+00:00"", ""prompt_version"": ""v1"", ""persona"": ""expert""}"
"('folkpsychologyasatheory', 'philosophyofmind')",folk psychology as a theory,philosophy of mind,3,0,phd,v1,v1,"{""model"": ""Mistral-Nemo"", ""temperature"": 0, ""date"": ""2025-10-05T22:58:10.598074+00:00"", ""prompt_version"": ""v1"", ""persona"": ""phd""}"
"('modularityofmind', 'philosophyofmind')",modularity of mind,philosophy of mind,3,0,expert,v1,v1,"{""model"": ""Mistral-Nemo"", ""temperature"": 0, ""date"": ""2025-10-05T22:58:11.964978+00:00"", ""prompt_version"": ""v1"", ""persona"": ""expert""}"
"('modularityofmind', 'philosophyofmind')",modularity of mind,philosophy of mind,3,0,phd,v1,v1,"{""model"": ""Mistral-Nemo"", ""temperature"": 0, ""date"": ""2025-10-05T22:58:13.337975+00:00"", ""prompt_version"": ""v1"", ""persona"": ""phd""}"
"('languageofthoughthypothesis', 'philosophyoflanguage')",language of thought hypothesis,philosophy of language,4,0,expert,v1,v1,"{""model"": ""Mistral-Nemo"", ""temperature"": 0, ""date"": ""2025-10-05T22:58:14.714847+00:00"", ""prompt_version"": ""v1"", ""persona"": ""expert""}"
"('languageofthoughthypothesis', 'philosophyoflanguage')",language of thought hypothesis,philosophy of language,4,0,phd,v1,v1,"{""model"": ""Mistral-Nemo"", ""temperature"": 0, ""date"": ""2025-10-05T22:58:16.072174+00:00"", ""prompt_version"": ""v1"", ""persona"": ""phd""}"
"('probabilityandstatistics', 'scientificmethodology')",probability and statistics,scientific methodology,4,0,novice,v1,v1,"{""model"": ""Mistral-Nemo"", ""temperature"": 0, ""date"": ""2025-10-05T22:58:17.438300+00:00"", ""prompt_version"": ""v1"", ""persona"": ""novice""}"
"('probabilityandstatistics', 'scientificmethodology')",probability and statistics,scientific methodology,3,0,phd,v1,v1,"{""model"": ""Mistral-Nemo"", ""temperature"": 0, ""date"": ""2025-10-05T22:58:18.988652+00:00"", ""prompt_version"": ""v1"", ""persona"": ""phd""}"
"('externalismaboutmentalcontent', 'mentalcontent')",externalism about mental content,mental content,4,0,expert,v1,v1,"{""model"": ""Mistral-Nemo"", ""temperature"": 0, ""date"": ""2025-10-05T22:58:20.338061+00:00"", ""prompt_version"": ""v1"", ""persona"": ""expert""}"
"('externalismaboutmentalcontent', 'mentalcontent')",externalism about mental content,mental content,4,0,phd,v1,v1,"{""model"": ""Mistral-Nemo"", ""temperature"": 0, ""date"": ""2025-10-05T22:58:21.696362+00:00"", ""prompt_version"": ""v1"", ""persona"": ""phd""}"
"('descartesepistemology', 'perception')",descartes' epistemology,perception,4,0,expert,v1,v1,"{""model"": ""Mistral-Nemo"", ""temperature"": 0, ""date"": ""2025-10-05T22:58:23.057230+00:00"", ""prompt_version"": ""v1"", ""persona"": ""expert""}"
"('descartesepistemology', 'perception')",descartes' epistemology,perception,3,0,phd,v1,v1,"{""model"": ""Mistral-Nemo"", ""temperature"": 0, ""date"": ""2025-10-05T22:58:24.385399+00:00"", ""prompt_version"": ""v1"", ""persona"": ""phd""}"
"('mereology', 'metaphysics')",mereology,metaphysics,4,0,expert,v1,v1,"{""model"": ""Mistral-Nemo"", ""temperature"": 0, ""date"": ""2025-10-05T22:58:25.849854+00:00"", ""prompt_version"": ""v1"", ""persona"": ""expert""}"
"('mereology', 'metaphysics')",mereology,metaphysics,4,0,phd,v1,v1,"{""model"": ""Mistral-Nemo"", ""temperature"": 0, ""date"": ""2025-10-05T22:58:27.230309+00:00"", ""prompt_version"": ""v1"", ""persona"": ""phd""}"
"('artificialintelligence', 'turingtest')",turing test,artificial intelligence,4,0,expert,v1,v1,"{""model"": ""Mistral-Nemo"", ""temperature"": 0, ""date"": ""2025-10-05T22:58:28.591322+00:00"", ""prompt_version"": ""v1"", ""persona"": ""expert""}"
"('artificialintelligence', 'turingtest')",turing test,artificial intelligence,4,0,phd,v1,v1,"{""model"": ""Mistral-Nemo"", ""temperature"": 0, ""date"": ""2025-10-05T22:58:30.045552+00:00"", ""prompt_version"": ""v1"", ""persona"": ""phd""}"
"('philosophyofmind', 'universals')",universals,philosophy of mind,3,1,expert,v1,v1,"{""model"": ""Mistral-Nemo"", ""temperature"": 0, ""date"": ""2025-10-05T22:58:31.409104+00:00"", ""prompt_version"": ""v1"", ""persona"": ""expert""}"
"('philosophyofmind', 'universals')",universals,philosophy of mind,3,0,phd,v1,v1,"{""model"": ""Mistral-Nemo"", ""temperature"": 0, ""date"": ""2025-10-05T22:58:32.809646+00:00"", ""prompt_version"": ""v1"", ""persona"": ""phd""}"
"('consciousnessandcontent', 'philosophyofmind')",consciousness and content,philosophy of mind,4,0,expert,v1,v1,"{""model"": ""Mistral-Nemo"", ""temperature"": 0, ""date"": ""2025-10-05T22:58:34.200555+00:00"", ""prompt_version"": ""v1"", ""persona"": ""expert""}"
"('consciousnessandcontent', 'philosophyofmind')",consciousness and content,philosophy of mind,4,0,phd,v1,v1,"{""model"": ""Mistral-Nemo"", ""temperature"": 0, ""date"": ""2025-10-05T22:58:35.560206+00:00"", ""prompt_version"": ""v1"", ""persona"": ""phd""}"
"('philosophyofmathematics', 'zenosparadoxes')",zeno's paradoxes,philosophy of mathematics,2,-1,course_taker,v1,v1,"{""model"": ""Mistral-Nemo"", ""temperature"": 0, ""date"": ""2025-10-05T22:58:36.922341+00:00"", ""prompt_version"": ""v1"", ""persona"": ""course_taker""}"
"('philosophyofmathematics', 'zenosparadoxes')",zeno's paradoxes,philosophy of mathematics,2,0,phd,v1,v1,"{""model"": ""Mistral-Nemo"", ""temperature"": 0, ""date"": ""2025-10-05T22:58:38.346358+00:00"", ""prompt_version"": ""v1"", ""persona"": ""phd""}"
"('chineseethics', 'chinesephilosophy')",chinese ethics,chinese philosophy,4,0,novice,v1,v1,"{""model"": ""Mistral-Nemo"", ""temperature"": 0, ""date"": ""2025-10-05T22:58:39.683137+00:00"", ""prompt_version"": ""v1"", ""persona"": ""novice""}"
"('chineseethics', 'chinesephilosophy')",chinese ethics,chinese philosophy,4,0,phd,v1,v1,"{""model"": ""Mistral-Nemo"", ""temperature"": 0, ""date"": ""2025-10-05T22:58:41.103895+00:00"", ""prompt_version"": ""v1"", ""persona"": ""phd""}"
"('matter', 'philosophyofmind')",matter,philosophy of mind,3,0,expert,v1,v1,"{""model"": ""Mistral-Nemo"", ""temperature"": 0, ""date"": ""2025-10-05T22:58:42.473069+00:00"", ""prompt_version"": ""v1"", ""persona"": ""expert""}"
"('matter', 'philosophyofmind')",matter,philosophy of mind,2,1,phd,v1,v1,"{""model"": ""Mistral-Nemo"", ""temperature"": 0, ""date"": ""2025-10-05T22:58:44.063109+00:00"", ""prompt_version"": ""v1"", ""persona"": ""phd""}"
"('epistemologicalproblemsofperception', 'epistemology')",epistemological problems of perception,epistemology,4,0,expert,v1,v1,"{""model"": ""Mistral-Nemo"", ""temperature"": 0, ""date"": ""2025-10-05T22:58:45.445062+00:00"", ""prompt_version"": ""v1"", ""persona"": ""expert""}"
"('epistemologicalproblemsofperception', 'epistemology')",epistemological problems of perception,epistemology,4,0,phd,v1,v1,"{""model"": ""Mistral-Nemo"", ""temperature"": 0, ""date"": ""2025-10-05T22:58:46.868689+00:00"", ""prompt_version"": ""v1"", ""persona"": ""phd""}"
"('epistemology', 'knowledgebyacquaintanceandknowledgebydescription')",knowledge by acquaintance and knowledge by description,epistemology,3,0,expert,v1,v1,"{""model"": ""Mistral-Nemo"", ""temperature"": 0, ""date"": ""2025-10-05T22:58:48.274694+00:00"", ""prompt_version"": ""v1"", ""persona"": ""expert""}"
"('epistemology', 'knowledgebyacquaintanceandknowledgebydescription')",knowledge by acquaintance and knowledge by description,epistemology,3,0,phd,v1,v1,"{""model"": ""Mistral-Nemo"", ""temperature"": 0, ""date"": ""2025-10-05T22:58:49.713662+00:00"", ""prompt_version"": ""v1"", ""persona"": ""phd""}"
"('philosophyofscienceandthesciences', 'unityofscience')",unity of science,philosophy of science and the sciences,4,0,expert,v1,v1,"{""model"": ""Mistral-Nemo"", ""temperature"": 0, ""date"": ""2025-10-05T22:58:51.136966+00:00"", ""prompt_version"": ""v1"", ""persona"": ""expert""}"
"('philosophyofscienceandthesciences', 'unityofscience')",unity of science,philosophy of science and the sciences,4,0,phd,v1,v1,"{""model"": ""Mistral-Nemo"", ""temperature"": 0, ""date"": ""2025-10-05T22:58:52.514738+00:00"", ""prompt_version"": ""v1"", ""persona"": ""phd""}"
"('eternityoftheworld', 'metaphysics')",eternity of the world,metaphysics,4,0,expert,v1,v1,"{""model"": ""Mistral-Nemo"", ""temperature"": 0, ""date"": ""2025-10-05T22:58:53.911586+00:00"", ""prompt_version"": ""v1"", ""persona"": ""expert""}"
"('eternityoftheworld', 'metaphysics')",eternity of the world,metaphysics,4,0,phd,v1,v1,"{""model"": ""Mistral-Nemo"", ""temperature"": 0, ""date"": ""2025-10-05T22:58:55.346075+00:00"", ""prompt_version"": ""v1"", ""persona"": ""phd""}"
"('consciousnessandmentalcontent', 'mentalcontent')",consciousness and mental content,mental content,4,0,expert,v1,v1,"{""model"": ""Mistral-Nemo"", ""temperature"": 0, ""date"": ""2025-10-05T22:58:56.745817+00:00"", ""prompt_version"": ""v1"", ""persona"": ""expert""}"
"('consciousnessandmentalcontent', 'mentalcontent')",consciousness and mental content,mental content,3,0,phd,v1,v1,"{""model"": ""Mistral-Nemo"", ""temperature"": 0, ""date"": ""2025-10-05T22:58:58.151679+00:00"", ""prompt_version"": ""v1"", ""persona"": ""phd""}"
"('philosophyofreligion', 'taoism')",taoism,philosophy of religion,2,0,expert,v1,v1,"{""model"": ""Mistral-Nemo"", ""temperature"": 0, ""date"": ""2025-10-05T22:58:59.638444+00:00"", ""prompt_version"": ""v1"", ""persona"": ""expert""}"
"('philosophyofreligion', 'taoism')",taoism,philosophy of religion,2,0,phd,v1,v1,"{""model"": ""Mistral-Nemo"", ""temperature"": 0, ""date"": ""2025-10-05T22:59:01.038154+00:00"", ""prompt_version"": ""v1"", ""persona"": ""phd""}"
"('bioethics', 'personalidentityandethics')",personal identity and ethics,bioethics,3,1,expert,v1,v1,"{""model"": ""Mistral-Nemo"", ""temperature"": 0, ""date"": ""2025-10-05T22:59:02.443023+00:00"", ""prompt_version"": ""v1"", ""persona"": ""expert""}"
"('bioethics', 'personalidentityandethics')",personal identity and ethics,bioethics,2,0,phd,v1,v1,"{""model"": ""Mistral-Nemo"", ""temperature"": 0, ""date"": ""2025-10-05T22:59:03.781301+00:00"", ""prompt_version"": ""v1"", ""persona"": ""phd""}"
"('ancienttheoriesofsoul', 'philosophyofmind')",ancient theories of soul,philosophy of mind,3,0,expert,v1,v1,"{""model"": ""Mistral-Nemo"", ""temperature"": 0, ""date"": ""2025-10-05T22:59:05.150440+00:00"", ""prompt_version"": ""v1"", ""persona"": ""expert""}"
"('ancienttheoriesofsoul', 'philosophyofmind')",ancient theories of soul,philosophy of mind,3,0,phd,v1,v1,"{""model"": ""Mistral-Nemo"", ""temperature"": 0, ""date"": ""2025-10-05T22:59:06.601282+00:00"", ""prompt_version"": ""v1"", ""persona"": ""phd""}"
"('atheism', 'philosophyofreligion')",atheism,philosophy of religion,4,0,expert,v1,v1,"{""model"": ""Mistral-Nemo"", ""temperature"": 0, ""date"": ""2025-10-05T22:59:08.044824+00:00"", ""prompt_version"": ""v1"", ""persona"": ""expert""}"
"('atheism', 'philosophyofreligion')",atheism,philosophy of religion,4,0,phd,v1,v1,"{""model"": ""Mistral-Nemo"", ""temperature"": 0, ""date"": ""2025-10-05T22:59:09.466893+00:00"", ""prompt_version"": ""v1"", ""persona"": ""phd""}"
"('cartesiandualism', 'perception')",cartesian dualism,perception,3,0,expert,v1,v1,"{""model"": ""Mistral-Nemo"", ""temperature"": 0, ""date"": ""2025-10-05T22:59:10.826473+00:00"", ""prompt_version"": ""v1"", ""persona"": ""expert""}"
"('cartesiandualism', 'perception')",cartesian dualism,perception,2,-1,phd,v1,v1,"{""model"": ""Mistral-Nemo"", ""temperature"": 0, ""date"": ""2025-10-05T22:59:12.345479+00:00"", ""prompt_version"": ""v1"", ""persona"": ""phd""}"
"('aristotelianism', 'metaphysics')",aristotelianism,metaphysics,4,0,expert,v1,v1,"{""model"": ""Mistral-Nemo"", ""temperature"": 0, ""date"": ""2025-10-05T22:59:13.722565+00:00"", ""prompt_version"": ""v1"", ""persona"": ""expert""}"
"('aristotelianism', 'metaphysics')",aristotelianism,metaphysics,4,0,phd,v1,v1,"{""model"": ""Mistral-Nemo"", ""temperature"": 0, ""date"": ""2025-10-05T22:59:15.103795+00:00"", ""prompt_version"": ""v1"", ""persona"": ""phd""}"
"('ethics', 'religionandmorality')",religion and morality,ethics,4,0,expert,v1,v1,"{""model"": ""Mistral-Nemo"", ""temperature"": 0, ""date"": ""2025-10-05T22:59:16.451275+00:00"", ""prompt_version"": ""v1"", ""persona"": ""expert""}"
"('ethics', 'religionandmorality')",religion and morality,ethics,4,0,phd,v1,v1,"{""model"": ""Mistral-Nemo"", ""temperature"": 0, ""date"": ""2025-10-05T22:59:17.864371+00:00"", ""prompt_version"": ""v1"", ""persona"": ""phd""}"
"('philosophyofreligion', 'satanism')",satanism,philosophy of religion,2,0,expert,v1,v1,"{""model"": ""Mistral-Nemo"", ""temperature"": 0, ""date"": ""2025-10-05T22:59:19.436765+00:00"", ""prompt_version"": ""v1"", ""persona"": ""expert""}"
"('philosophyofreligion', 'satanism')",satanism,philosophy of religion,2,0,phd,v1,v1,"{""model"": ""Mistral-Nemo"", ""temperature"": 0, ""date"": ""2025-10-05T22:59:20.844903+00:00"", ""prompt_version"": ""v1"", ""persona"": ""phd""}"
"('perception', 'teleosemantics')",teleosemantics,perception,2,0,expert,v1,v1,"{""model"": ""Mistral-Nemo"", ""temperature"": 0, ""date"": ""2025-10-05T22:59:22.374895+00:00"", ""prompt_version"": ""v1"", ""persona"": ""expert""}"
"('perception', 'teleosemantics')",teleosemantics,perception,2,0,phd,v1,v1,"{""model"": ""Mistral-Nemo"", ""temperature"": 0, ""date"": ""2025-10-05T22:59:23.753843+00:00"", ""prompt_version"": ""v1"", ""persona"": ""phd""}"
"('internalismandexternalism', 'perception')",internalism and externalism,perception,3,0,expert,v1,v1,"{""model"": ""Mistral-Nemo"", ""temperature"": 0, ""date"": ""2025-10-05T22:59:25.146602+00:00"", ""prompt_version"": ""v1"", ""persona"": ""expert""}"
"('internalismandexternalism', 'perception')",internalism and externalism,perception,3,0,phd,v1,v1,"{""model"": ""Mistral-Nemo"", ""temperature"": 0, ""date"": ""2025-10-05T22:59:26.569012+00:00"", ""prompt_version"": ""v1"", ""persona"": ""phd""}"
"('hilbertsprogram', 'philosophyofscienceandthesciences')",hilbert's program,philosophy of science and the sciences,4,0,expert,v1,v1,"{""model"": ""Mistral-Nemo"", ""temperature"": 0, ""date"": ""2025-10-05T22:59:27.971468+00:00"", ""prompt_version"": ""v1"", ""persona"": ""expert""}"
"('hilbertsprogram', 'philosophyofscienceandthesciences')",hilbert's program,philosophy of science and the sciences,2,0,phd,v1,v1,"{""model"": ""Mistral-Nemo"", ""temperature"": 0, ""date"": ""2025-10-05T22:59:29.375193+00:00"", ""prompt_version"": ""v1"", ""persona"": ""phd""}"
"('philosophyofreligion', 'pragmaticargumentsandbeliefingod')",pragmatic arguments and belief in god,philosophy of religion,4,0,expert,v1,v1,"{""model"": ""Mistral-Nemo"", ""temperature"": 0, ""date"": ""2025-10-05T22:59:30.748053+00:00"", ""prompt_version"": ""v1"", ""persona"": ""expert""}"
"('philosophyofreligion', 'pragmaticargumentsandbeliefingod')",pragmatic arguments and belief in god,philosophy of religion,3,0,phd,v1,v1,"{""model"": ""Mistral-Nemo"", ""temperature"": 0, ""date"": ""2025-10-05T22:59:32.137083+00:00"", ""prompt_version"": ""v1"", ""persona"": ""phd""}"
"('continentalfeminism', 'continentalphilosophy')",continental feminism,continental philosophy,3,0,expert,v1,v1,"{""model"": ""Mistral-Nemo"", ""temperature"": 0, ""date"": ""2025-10-05T22:59:33.544136+00:00"", ""prompt_version"": ""v1"", ""persona"": ""expert""}"
"('continentalfeminism', 'continentalphilosophy')",continental feminism,continental philosophy,4,0,phd,v1,v1,"{""model"": ""Mistral-Nemo"", ""temperature"": 0, ""date"": ""2025-10-05T22:59:34.976216+00:00"", ""prompt_version"": ""v1"", ""persona"": ""phd""}"
"('epistemology', 'logos')",logos,epistemology,3,0,expert,v1,v1,"{""model"": ""Mistral-Nemo"", ""temperature"": 0, ""date"": ""2025-10-05T22:59:36.339183+00:00"", ""prompt_version"": ""v1"", ""persona"": ""expert""}"
"('epistemology', 'logos')",logos,epistemology,2,1,phd,v1,v1,"{""model"": ""Mistral-Nemo"", ""temperature"": 0, ""date"": ""2025-10-05T22:59:37.945931+00:00"", ""prompt_version"": ""v1"", ""persona"": ""phd""}"
"('artificialintelligence', 'computation')",artificial intelligence,computation,4,0,course_taker,v1,v1,"{""model"": ""Mistral-Nemo"", ""temperature"": 0, ""date"": ""2025-10-05T22:59:39.372496+00:00"", ""prompt_version"": ""v1"", ""persona"": ""course_taker""}"
"('artificialintelligence', 'computation')",artificial intelligence,computation,4,0,expert,v1,v1,"{""model"": ""Mistral-Nemo"", ""temperature"": 0, ""date"": ""2025-10-05T22:59:40.815705+00:00"", ""prompt_version"": ""v1"", ""persona"": ""expert""}"
"('classicalphysics', 'philosophyofscienceandthesciences')",classical physics,philosophy of science and the sciences,3,0,expert,v1,v1,"{""model"": ""Mistral-Nemo"", ""temperature"": 0, ""date"": ""2025-10-05T22:59:42.238903+00:00"", ""prompt_version"": ""v1"", ""persona"": ""expert""}"
"('classicalphysics', 'philosophyofscienceandthesciences')",classical physics,philosophy of science and the sciences,2,0,phd,v1,v1,"{""model"": ""Mistral-Nemo"", ""temperature"": 0, ""date"": ""2025-10-05T22:59:43.626660+00:00"", ""prompt_version"": ""v1"", ""persona"": ""phd""}"
"('feministmetaphysics', 'metaphysics')",feminist metaphysics,metaphysics,3,0,expert,v1,v1,"{""model"": ""Mistral-Nemo"", ""temperature"": 0, ""date"": ""2025-10-05T22:59:45.013302+00:00"", ""prompt_version"": ""v1"", ""persona"": ""expert""}"
"('feministmetaphysics', 'metaphysics')",feminist metaphysics,metaphysics,3,0,phd,v1,v1,"{""model"": ""Mistral-Nemo"", ""temperature"": 0, ""date"": ""2025-10-05T22:59:46.395260+00:00"", ""prompt_version"": ""v1"", ""persona"": ""phd""}"
"('japanesephilosophy', 'zenbuddhism')",zen buddhism,japanese philosophy,4,0,expert,v1,v1,"{""model"": ""Mistral-Nemo"", ""temperature"": 0, ""date"": ""2025-10-05T22:59:47.744931+00:00"", ""prompt_version"": ""v1"", ""persona"": ""expert""}"
"('japanesephilosophy', 'zenbuddhism')",zen buddhism,japanese philosophy,4,0,phd,v1,v1,"{""model"": ""Mistral-Nemo"", ""temperature"": 0, ""date"": ""2025-10-05T22:59:49.201819+00:00"", ""prompt_version"": ""v1"", ""persona"": ""phd""}"
"('socialandpoliticalphilosophy', 'socialphilosophy')",social philosophy,social and political philosophy,4,0,expert,v1,v1,"{""model"": ""Mistral-Nemo"", ""temperature"": 0, ""date"": ""2025-10-05T22:59:50.612899+00:00"", ""prompt_version"": ""v1"", ""persona"": ""expert""}"
"('socialandpoliticalphilosophy', 'socialphilosophy')",social philosophy,social and political philosophy,4,0,phd,v1,v1,"{""model"": ""Mistral-Nemo"", ""temperature"": 0, ""date"": ""2025-10-05T22:59:52.010615+00:00"", ""prompt_version"": ""v1"", ""persona"": ""phd""}"
"('philosophyoflanguage', 'privatelanguageargument')",private language argument,philosophy of language,3,0,expert,v1,v1,"{""model"": ""Mistral-Nemo"", ""temperature"": 0, ""date"": ""2025-10-05T22:59:53.409808+00:00"", ""prompt_version"": ""v1"", ""persona"": ""expert""}"
"('philosophyoflanguage', 'privatelanguageargument')",private language argument,philosophy of language,3,0,phd,v1,v1,"{""model"": ""Mistral-Nemo"", ""temperature"": 0, ""date"": ""2025-10-05T22:59:54.944790+00:00"", ""prompt_version"": ""v1"", ""persona"": ""phd""}"
"('implicature', 'pragmatics')",implicature,pragmatics,4,0,expert,v1,v1,"{""model"": ""Mistral-Nemo"", ""temperature"": 0, ""date"": ""2025-10-05T22:59:56.316663+00:00"", ""prompt_version"": ""v1"", ""persona"": ""expert""}"
"('implicature', 'pragmatics')",implicature,pragmatics,4,0,phd,v1,v1,"{""model"": ""Mistral-Nemo"", ""temperature"": 0, ""date"": ""2025-10-05T22:59:57.812709+00:00"", ""prompt_version"": ""v1"", ""persona"": ""phd""}"
"('axiomatictheoriesoftruth', 'philosophyoflanguage')",axiomatic theories of truth,philosophy of language,3,0,expert,v1,v1,"{""model"": ""Mistral-Nemo"", ""temperature"": 0, ""date"": ""2025-10-05T22:59:59.238247+00:00"", ""prompt_version"": ""v1"", ""persona"": ""expert""}"
"('axiomatictheoriesoftruth', 'philosophyoflanguage')",axiomatic theories of truth,philosophy of language,4,0,phd,v1,v1,"{""model"": ""Mistral-Nemo"", ""temperature"": 0, ""date"": ""2025-10-05T23:00:00.671324+00:00"", ""prompt_version"": ""v1"", ""persona"": ""phd""}"
"('naturallawtradition', 'philosophyofreligion')",natural law tradition,philosophy of religion,2,0,expert,v1,v1,"{""model"": ""Mistral-Nemo"", ""temperature"": 0, ""date"": ""2025-10-05T23:00:02.047725+00:00"", ""prompt_version"": ""v1"", ""persona"": ""expert""}"
"('naturallawtradition', 'philosophyofreligion')",natural law tradition,philosophy of religion,2,0,phd,v1,v1,"{""model"": ""Mistral-Nemo"", ""temperature"": 0, ""date"": ""2025-10-05T23:00:03.594607+00:00"", ""prompt_version"": ""v1"", ""persona"": ""phd""}"
"('bayesstheorem', 'philosophyofscienceandthesciences')",bayes's theorem,philosophy of science and the sciences,3,0,expert,v1,v1,"{""model"": ""Mistral-Nemo"", ""temperature"": 0, ""date"": ""2025-10-05T23:00:04.981980+00:00"", ""prompt_version"": ""v1"", ""persona"": ""expert""}"
"('bayesstheorem', 'philosophyofscienceandthesciences')",bayes's theorem,philosophy of science and the sciences,2,0,phd,v1,v1,"{""model"": ""Mistral-Nemo"", ""temperature"": 0, ""date"": ""2025-10-05T23:00:06.361039+00:00"", ""prompt_version"": ""v1"", ""persona"": ""phd""}"
"('biologicalaltruism', 'philosophyofbiology')",biological altruism,philosophy of biology,4,0,expert,v1,v1,"{""model"": ""Mistral-Nemo"", ""temperature"": 0, ""date"": ""2025-10-05T23:00:07.751572+00:00"", ""prompt_version"": ""v1"", ""persona"": ""expert""}"
"('biologicalaltruism', 'philosophyofbiology')",biological altruism,philosophy of biology,3,0,phd,v1,v1,"{""model"": ""Mistral-Nemo"", ""temperature"": 0, ""date"": ""2025-10-05T23:00:09.134397+00:00"", ""prompt_version"": ""v1"", ""persona"": ""phd""}"
"('artificialintelligence', 'temporallogic')",temporal logic,artificial intelligence,2,0,expert,v1,v1,"{""model"": ""Mistral-Nemo"", ""temperature"": 0, ""date"": ""2025-10-05T23:00:10.613827+00:00"", ""prompt_version"": ""v1"", ""persona"": ""expert""}"
"('artificialintelligence', 'temporallogic')",temporal logic,artificial intelligence,2,-1,phd,v1,v1,"{""model"": ""Mistral-Nemo"", ""temperature"": 0, ""date"": ""2025-10-05T23:00:11.982452+00:00"", ""prompt_version"": ""v1"", ""persona"": ""phd""}"
"('metaphysicsandlanguage', 'philosophyoflanguage')",metaphysics and language,philosophy of language,4,1,expert,v1,v1,"{""model"": ""Mistral-Nemo"", ""temperature"": 0, ""date"": ""2025-10-05T23:00:13.333569+00:00"", ""prompt_version"": ""v1"", ""persona"": ""expert""}"
"('metaphysicsandlanguage', 'philosophyoflanguage')",metaphysics and language,philosophy of language,4,1,phd,v1,v1,"{""model"": ""Mistral-Nemo"", ""temperature"": 0, ""date"": ""2025-10-05T23:00:14.803014+00:00"", ""prompt_version"": ""v1"", ""persona"": ""phd""}"
"('ethics', 'medievaltheoriesofpracticalreason')",medieval theories of practical reason,ethics,3,0,expert,v1,v1,"{""model"": ""Mistral-Nemo"", ""temperature"": 0, ""date"": ""2025-10-05T23:00:16.236690+00:00"", ""prompt_version"": ""v1"", ""persona"": ""expert""}"
"('ethics', 'medievaltheoriesofpracticalreason')",medieval theories of practical reason,ethics,3,0,phd,v1,v1,"{""model"": ""Mistral-Nemo"", ""temperature"": 0, ""date"": ""2025-10-05T23:00:17.631057+00:00"", ""prompt_version"": ""v1"", ""persona"": ""phd""}"
"('indispensabilityargumentsinthephilosophyofmathematics', 'philosophyofscienceandthesciences')",indispensability arguments in the philosophy of mathematics,philosophy of science and the sciences,2,0,expert,v1,v1,"{""model"": ""Mistral-Nemo"", ""temperature"": 0, ""date"": ""2025-10-05T23:00:19.001406+00:00"", ""prompt_version"": ""v1"", ""persona"": ""expert""}"
"('indispensabilityargumentsinthephilosophyofmathematics', 'philosophyofscienceandthesciences')",indispensability arguments in the philosophy of mathematics,philosophy of science and the sciences,2,0,phd,v1,v1,"{""model"": ""Mistral-Nemo"", ""temperature"": 0, ""date"": ""2025-10-05T23:00:20.334101+00:00"", ""prompt_version"": ""v1"", ""persona"": ""phd""}"
"('metaphysics', 'metaphysicsofcausation')",metaphysics of causation,metaphysics,4,0,expert,v1,v1,"{""model"": ""Mistral-Nemo"", ""temperature"": 0, ""date"": ""2025-10-05T23:00:21.866927+00:00"", ""prompt_version"": ""v1"", ""persona"": ""expert""}"
"('metaphysics', 'metaphysicsofcausation')",metaphysics of causation,metaphysics,4,0,phd,v1,v1,"{""model"": ""Mistral-Nemo"", ""temperature"": 0, ""date"": ""2025-10-05T23:00:23.310517+00:00"", ""prompt_version"": ""v1"", ""persona"": ""phd""}"
"('activationvalue', 'artificialintelligence')",activation value,artificial intelligence,2,0,expert,v1,v1,"{""model"": ""Mistral-Nemo"", ""temperature"": 0, ""date"": ""2025-10-05T23:00:24.821882+00:00"", ""prompt_version"": ""v1"", ""persona"": ""expert""}"
"('activationvalue', 'artificialintelligence')",activation value,artificial intelligence,2,0,phd,v1,v1,"{""model"": ""Mistral-Nemo"", ""temperature"": 0, ""date"": ""2025-10-05T23:00:26.170597+00:00"", ""prompt_version"": ""v1"", ""persona"": ""phd""}"
"('developmentalbiology', 'trait')",trait,developmental biology,2,0,expert,v1,v1,"{""model"": ""Mistral-Nemo"", ""temperature"": 0, ""date"": ""2025-10-05T23:00:27.577687+00:00"", ""prompt_version"": ""v1"", ""persona"": ""expert""}"
"('developmentalbiology', 'trait')",trait,developmental biology,2,0,phd,v1,v1,"{""model"": ""Mistral-Nemo"", ""temperature"": 0, ""date"": ""2025-10-05T23:00:28.948123+00:00"", ""prompt_version"": ""v1"", ""persona"": ""phd""}"
"('bioethics', 'doctrineofdoubleeffect')",doctrine of double effect,bioethics,3,0,expert,v1,v1,"{""model"": ""Mistral-Nemo"", ""temperature"": 0, ""date"": ""2025-10-05T23:00:30.377780+00:00"", ""prompt_version"": ""v1"", ""persona"": ""expert""}"
"('bioethics', 'doctrineofdoubleeffect')",doctrine of double effect,bioethics,2,0,phd,v1,v1,"{""model"": ""Mistral-Nemo"", ""temperature"": 0, ""date"": ""2025-10-05T23:00:31.735943+00:00"", ""prompt_version"": ""v1"", ""persona"": ""phd""}"
"('philosophyofchemistry', 'philosophyofphysics')",philosophy of chemistry,philosophy of physics,4,2,expert,v1,v1,"{""model"": ""Mistral-Nemo"", ""temperature"": 0, ""date"": ""2025-10-05T23:00:33.143285+00:00"", ""prompt_version"": ""v1"", ""persona"": ""expert""}"
"('philosophyofchemistry', 'philosophyofphysics')",philosophy of chemistry,philosophy of physics,3,2,phd,v1,v1,"{""model"": ""Mistral-Nemo"", ""temperature"": 0, ""date"": ""2025-10-05T23:00:34.500459+00:00"", ""prompt_version"": ""v1"", ""persona"": ""phd""}"
"('metaphysics', 'platosmiddleperiodmetaphysicsandepistemology')",plato's middle period metaphysics and epistemology,metaphysics,4,0,expert,v1,v1,"{""model"": ""Mistral-Nemo"", ""temperature"": 0, ""date"": ""2025-10-05T23:00:35.870550+00:00"", ""prompt_version"": ""v1"", ""persona"": ""expert""}"
"('metaphysics', 'platosmiddleperiodmetaphysicsandepistemology')",plato's middle period metaphysics and epistemology,metaphysics,4,0,phd,v1,v1,"{""model"": ""Mistral-Nemo"", ""temperature"": 0, ""date"": ""2025-10-05T23:00:37.219910+00:00"", ""prompt_version"": ""v1"", ""persona"": ""phd""}"
"('statisticalmechanicsandthermodynamics', 'thermodynamicasymmetryintime')",thermodynamic asymmetry in time,statistical mechanics and thermodynamics,4,0,expert,v1,v1,"{""model"": ""Mistral-Nemo"", ""temperature"": 0, ""date"": ""2025-10-05T23:00:38.598595+00:00"", ""prompt_version"": ""v1"", ""persona"": ""expert""}"
"('statisticalmechanicsandthermodynamics', 'thermodynamicasymmetryintime')",thermodynamic asymmetry in time,statistical mechanics and thermodynamics,4,0,phd,v1,v1,"{""model"": ""Mistral-Nemo"", ""temperature"": 0, ""date"": ""2025-10-05T23:00:40.005237+00:00"", ""prompt_version"": ""v1"", ""persona"": ""phd""}"
"('interpretation', 'quantummechanics')",interpretation,quantum mechanics,2,1,expert,v1,v1,"{""model"": ""Mistral-Nemo"", ""temperature"": 0, ""date"": ""2025-10-05T23:00:41.393592+00:00"", ""prompt_version"": ""v1"", ""persona"": ""expert""}"
"('interpretation', 'quantummechanics')",interpretation,quantum mechanics,2,1,phd,v1,v1,"{""model"": ""Mistral-Nemo"", ""temperature"": 0, ""date"": ""2025-10-05T23:00:42.878956+00:00"", ""prompt_version"": ""v1"", ""persona"": ""phd""}"
"('approachestofeministphilosophy', 'continentalphilosophy')",approaches to feminist philosophy,continental philosophy,2,0,expert,v1,v1,"{""model"": ""Mistral-Nemo"", ""temperature"": 0, ""date"": ""2025-10-05T23:00:44.241693+00:00"", ""prompt_version"": ""v1"", ""persona"": ""expert""}"
"('approachestofeministphilosophy', 'continentalphilosophy')",approaches to feminist philosophy,continental philosophy,2,0,phd,v1,v1,"{""model"": ""Mistral-Nemo"", ""temperature"": 0, ""date"": ""2025-10-05T23:00:45.575397+00:00"", ""prompt_version"": ""v1"", ""persona"": ""phd""}"
"('life', 'philosophyofreligion')",life,philosophy of religion,2,1,expert,v1,v1,"{""model"": ""Mistral-Nemo"", ""temperature"": 0, ""date"": ""2025-10-05T23:00:47.006650+00:00"", ""prompt_version"": ""v1"", ""persona"": ""expert""}"
"('life', 'philosophyofreligion')",life,philosophy of religion,2,1,phd,v1,v1,"{""model"": ""Mistral-Nemo"", ""temperature"": 0, ""date"": ""2025-10-05T23:00:48.417972+00:00"", ""prompt_version"": ""v1"", ""persona"": ""phd""}"
"('contentsofperception', 'mentalcontent')",contents of perception,mental content,4,0,expert,v1,v1,"{""model"": ""Mistral-Nemo"", ""temperature"": 0, ""date"": ""2025-10-05T23:00:49.938669+00:00"", ""prompt_version"": ""v1"", ""persona"": ""expert""}"
"('contentsofperception', 'mentalcontent')",contents of perception,mental content,3,0,phd,v1,v1,"{""model"": ""Mistral-Nemo"", ""temperature"": 0, ""date"": ""2025-10-05T23:00:51.330143+00:00"", ""prompt_version"": ""v1"", ""persona"": ""phd""}"
"('mentalrepresentation', 'perception')",mental representation,perception,4,0,expert,v1,v1,"{""model"": ""Mistral-Nemo"", ""temperature"": 0, ""date"": ""2025-10-05T23:00:52.989783+00:00"", ""prompt_version"": ""v1"", ""persona"": ""expert""}"
"('mentalrepresentation', 'perception')",mental representation,perception,3,0,phd,v1,v1,"{""model"": ""Mistral-Nemo"", ""temperature"": 0, ""date"": ""2025-10-05T23:00:54.356965+00:00"", ""prompt_version"": ""v1"", ""persona"": ""phd""}"
"('goodnessandvaluetheory', 'metaphysics')",goodness and value theory,metaphysics,2,0,expert,v1,v1,"{""model"": ""Mistral-Nemo"", ""temperature"": 0, ""date"": ""2025-10-05T23:00:55.717211+00:00"", ""prompt_version"": ""v1"", ""persona"": ""expert""}"
"('goodnessandvaluetheory', 'metaphysics')",goodness and value theory,metaphysics,2,0,phd,v1,v1,"{""model"": ""Mistral-Nemo"", ""temperature"": 0, ""date"": ""2025-10-05T23:00:57.104931+00:00"", ""prompt_version"": ""v1"", ""persona"": ""phd""}"
"('intentionality', 'philosophyofmind')",intentionality,philosophy of mind,4,0,expert,v1,v1,"{""model"": ""Mistral-Nemo"", ""temperature"": 0, ""date"": ""2025-10-05T23:00:58.469144+00:00"", ""prompt_version"": ""v1"", ""persona"": ""expert""}"
"('intentionality', 'philosophyofmind')",intentionality,philosophy of mind,4,0,phd,v1,v1,"{""model"": ""Mistral-Nemo"", ""temperature"": 0, ""date"": ""2025-10-05T23:00:59.854960+00:00"", ""prompt_version"": ""v1"", ""persona"": ""phd""}"
"('hardproblem', 'perception')",hard problem,perception,3,0,expert,v1,v1,"{""model"": ""Mistral-Nemo"", ""temperature"": 0, ""date"": ""2025-10-05T23:01:01.302875+00:00"", ""prompt_version"": ""v1"", ""persona"": ""expert""}"
"('hardproblem', 'perception')",hard problem,perception,2,0,phd,v1,v1,"{""model"": ""Mistral-Nemo"", ""temperature"": 0, ""date"": ""2025-10-05T23:01:02.729073+00:00"", ""prompt_version"": ""v1"", ""persona"": ""phd""}"
"('concepts', 'perception')",concepts,perception,2,1,expert,v1,v1,"{""model"": ""Mistral-Nemo"", ""temperature"": 0, ""date"": ""2025-10-05T23:01:04.132038+00:00"", ""prompt_version"": ""v1"", ""persona"": ""expert""}"
"('concepts', 'perception')",concepts,perception,2,1,phd,v1,v1,"{""model"": ""Mistral-Nemo"", ""temperature"": 0, ""date"": ""2025-10-05T23:01:05.604233+00:00"", ""prompt_version"": ""v1"", ""persona"": ""phd""}"
"('philosophyofmind', 'propernames')",proper names,philosophy of mind,2,0,expert,v1,v1,"{""model"": ""Mistral-Nemo"", ""temperature"": 0, ""date"": ""2025-10-05T23:01:06.976885+00:00"", ""prompt_version"": ""v1"", ""persona"": ""expert""}"
"('philosophyofmind', 'propernames')",proper names,philosophy of mind,2,0,phd,v1,v1,"{""model"": ""Mistral-Nemo"", ""temperature"": 0, ""date"": ""2025-10-05T23:01:08.324134+00:00"", ""prompt_version"": ""v1"", ""persona"": ""phd""}"
"('folkpsychology', 'philosophyofscienceandthesciences')",folk psychology,philosophy of science and the sciences,2,0,expert,v1,v1,"{""model"": ""Mistral-Nemo"", ""temperature"": 0, ""date"": ""2025-10-05T23:01:09.699654+00:00"", ""prompt_version"": ""v1"", ""persona"": ""expert""}"
"('folkpsychology', 'philosophyofscienceandthesciences')",folk psychology,philosophy of science and the sciences,2,0,phd,v1,v1,"{""model"": ""Mistral-Nemo"", ""temperature"": 0, ""date"": ""2025-10-05T23:01:11.035201+00:00"", ""prompt_version"": ""v1"", ""persona"": ""phd""}"
"('computationandrepresentation', 'philosophyofmind')",computation and representation,philosophy of mind,4,0,expert,v1,v1,"{""model"": ""Mistral-Nemo"", ""temperature"": 0, ""date"": ""2025-10-05T23:01:12.401305+00:00"", ""prompt_version"": ""v1"", ""persona"": ""expert""}"
"('computationandrepresentation', 'philosophyofmind')",computation and representation,philosophy of mind,4,0,phd,v1,v1,"{""model"": ""Mistral-Nemo"", ""temperature"": 0, ""date"": ""2025-10-05T23:01:13.771469+00:00"", ""prompt_version"": ""v1"", ""persona"": ""phd""}"
"('mentalrepresentation', 'philosophyofmind')",mental representation,philosophy of mind,4,0,expert,v1,v1,"{""model"": ""Mistral-Nemo"", ""temperature"": 0, ""date"": ""2025-10-05T23:01:15.220039+00:00"", ""prompt_version"": ""v1"", ""persona"": ""expert""}"
"('mentalrepresentation', 'philosophyofmind')",mental representation,philosophy of mind,4,0,phd,v1,v1,"{""model"": ""Mistral-Nemo"", ""temperature"": 0, ""date"": ""2025-10-05T23:01:16.565339+00:00"", ""prompt_version"": ""v1"", ""persona"": ""phd""}"
"('metaphysics', 'processphilosophy')",process philosophy,metaphysics,4,0,expert,v1,v1,"{""model"": ""Mistral-Nemo"", ""temperature"": 0, ""date"": ""2025-10-05T23:01:17.986786+00:00"", ""prompt_version"": ""v1"", ""persona"": ""expert""}"
"('metaphysics', 'processphilosophy')",process philosophy,metaphysics,3,0,phd,v1,v1,"{""model"": ""Mistral-Nemo"", ""temperature"": 0, ""date"": ""2025-10-05T23:01:19.342849+00:00"", ""prompt_version"": ""v1"", ""persona"": ""phd""}"
"('metaphysics', 'philosophyofmathematics')",philosophy of mathematics,metaphysics,2,0,expert,v1,v1,"{""model"": ""Mistral-Nemo"", ""temperature"": 0, ""date"": ""2025-10-05T23:01:20.678198+00:00"", ""prompt_version"": ""v1"", ""persona"": ""expert""}"
"('metaphysics', 'philosophyofmathematics')",philosophy of mathematics,metaphysics,2,0,phd,v1,v1,"{""model"": ""Mistral-Nemo"", ""temperature"": 0, ""date"": ""2025-10-05T23:01:22.027349+00:00"", ""prompt_version"": ""v1"", ""persona"": ""phd""}"
"('epistemology', 'epistemologyofreligion')",epistemology of religion,epistemology,4,0,expert,v1,v1,"{""model"": ""Mistral-Nemo"", ""temperature"": 0, ""date"": ""2025-10-05T23:01:23.367368+00:00"", ""prompt_version"": ""v1"", ""persona"": ""expert""}"
"('epistemology', 'epistemologyofreligion')",epistemology of religion,epistemology,4,0,phd,v1,v1,"{""model"": ""Mistral-Nemo"", ""temperature"": 0, ""date"": ""2025-10-05T23:01:24.710701+00:00"", ""prompt_version"": ""v1"", ""persona"": ""phd""}"
"('ancientphilosophyaristotle', 'metaphysics')",ancient philosophy (aristotle),metaphysics,4,0,expert,v1,v1,"{""model"": ""Mistral-Nemo"", ""temperature"": 0, ""date"": ""2025-10-05T23:01:26.038617+00:00"", ""prompt_version"": ""v1"", ""persona"": ""expert""}"
"('ancientphilosophyaristotle', 'metaphysics')",ancient philosophy (aristotle),metaphysics,3,0,phd,v1,v1,"{""model"": ""Mistral-Nemo"", ""temperature"": 0, ""date"": ""2025-10-05T23:01:27.359204+00:00"", ""prompt_version"": ""v1"", ""persona"": ""phd""}"
"('philosophyofchemistry', 'philosophyofmind')",philosophy of chemistry,philosophy of mind,2,0,expert,v1,v1,"{""model"": ""Mistral-Nemo"", ""temperature"": 0, ""date"": ""2025-10-05T23:01:28.736028+00:00"", ""prompt_version"": ""v1"", ""persona"": ""expert""}"
"('philosophyofchemistry', 'philosophyofmind')",philosophy of chemistry,philosophy of mind,2,0,phd,v1,v1,"{""model"": ""Mistral-Nemo"", ""temperature"": 0, ""date"": ""2025-10-05T23:01:30.069666+00:00"", ""prompt_version"": ""v1"", ""persona"": ""phd""}"
"('abstractobject', 'philosophyofmind')",abstract object,philosophy of mind,3,0,expert,v1,v1,"{""model"": ""Mistral-Nemo"", ""temperature"": 0, ""date"": ""2025-10-05T23:01:31.592147+00:00"", ""prompt_version"": ""v1"", ""persona"": ""expert""}"
"('abstractobject', 'philosophyofmind')",abstract object,philosophy of mind,2,0,phd,v1,v1,"{""model"": ""Mistral-Nemo"", ""temperature"": 0, ""date"": ""2025-10-05T23:01:32.946141+00:00"", ""prompt_version"": ""v1"", ""persona"": ""phd""}"
"('japanesephilosophy', 'japanesezenbuddhistphilosophy')",japanese zen buddhist philosophy,japanese philosophy,4,0,novice,v1,v1,"{""model"": ""Mistral-Nemo"", ""temperature"": 0, ""date"": ""2025-10-05T23:01:34.293818+00:00"", ""prompt_version"": ""v1"", ""persona"": ""novice""}"
"('japanesephilosophy', 'japanesezenbuddhistphilosophy')",japanese zen buddhist philosophy,japanese philosophy,4,0,phd,v1,v1,"{""model"": ""Mistral-Nemo"", ""temperature"": 0, ""date"": ""2025-10-05T23:01:35.693086+00:00"", ""prompt_version"": ""v1"", ""persona"": ""phd""}"
"('perception', 'philosophyofpsychology')",philosophy of psychology,perception,3,0,expert,v1,v1,"{""model"": ""Mistral-Nemo"", ""temperature"": 0, ""date"": ""2025-10-05T23:01:37.132776+00:00"", ""prompt_version"": ""v1"", ""persona"": ""expert""}"
"('perception', 'philosophyofpsychology')",philosophy of psychology,perception,3,0,phd,v1,v1,"{""model"": ""Mistral-Nemo"", ""temperature"": 0, ""date"": ""2025-10-05T23:01:38.484536+00:00"", ""prompt_version"": ""v1"", ""persona"": ""phd""}"
"('epistemology', 'feministphilosophy')",feminist philosophy,epistemology,2,0,expert,v1,v1,"{""model"": ""Mistral-Nemo"", ""temperature"": 0, ""date"": ""2025-10-05T23:01:39.863107+00:00"", ""prompt_version"": ""v1"", ""persona"": ""expert""}"
"('epistemology', 'feministphilosophy')",feminist philosophy,epistemology,2,0,phd,v1,v1,"{""model"": ""Mistral-Nemo"", ""temperature"": 0, ""date"": ""2025-10-05T23:01:41.343349+00:00"", ""prompt_version"": ""v1"", ""persona"": ""phd""}"
"('aristotleoncausality', 'metaphysics')",aristotle on causality,metaphysics,4,0,expert,v1,v1,"{""model"": ""Mistral-Nemo"", ""temperature"": 0, ""date"": ""2025-10-05T23:01:42.756576+00:00"", ""prompt_version"": ""v1"", ""persona"": ""expert""}"
"('aristotleoncausality', 'metaphysics')",aristotle on causality,metaphysics,4,0,phd,v1,v1,"{""model"": ""Mistral-Nemo"", ""temperature"": 0, ""date"": ""2025-10-05T23:01:44.172949+00:00"", ""prompt_version"": ""v1"", ""persona"": ""phd""}"
"('historyoflogic', 'inductivelogic')",inductive logic,history of logic,2,0,novice,v1,v1,"{""model"": ""Mistral-Nemo"", ""temperature"": 0, ""date"": ""2025-10-05T23:01:45.535172+00:00"", ""prompt_version"": ""v1"", ""persona"": ""novice""}"
"('historyoflogic', 'inductivelogic')",inductive logic,history of logic,2,0,phd,v1,v1,"{""model"": ""Mistral-Nemo"", ""temperature"": 0, ""date"": ""2025-10-05T23:01:46.883659+00:00"", ""prompt_version"": ""v1"", ""persona"": ""phd""}"
"('philosophyofmind', 'psychiatry')",psychiatry,philosophy of mind,3,0,expert,v1,v1,"{""model"": ""Mistral-Nemo"", ""temperature"": 0, ""date"": ""2025-10-05T23:01:48.270816+00:00"", ""prompt_version"": ""v1"", ""persona"": ""expert""}"
"('philosophyofmind', 'psychiatry')",psychiatry,philosophy of mind,3,0,phd,v1,v1,"{""model"": ""Mistral-Nemo"", ""temperature"": 0, ""date"": ""2025-10-05T23:01:49.656223+00:00"", ""prompt_version"": ""v1"", ""persona"": ""phd""}"
"('epistemologicalproblemsofmemory', 'philosophyofmind')",epistemological problems of memory,philosophy of mind,3,0,expert,v1,v1,"{""model"": ""Mistral-Nemo"", ""temperature"": 0, ""date"": ""2025-10-05T23:01:51.020776+00:00"", ""prompt_version"": ""v1"", ""persona"": ""expert""}"
"('epistemologicalproblemsofmemory', 'philosophyofmind')",epistemological problems of memory,philosophy of mind,2,0,phd,v1,v1,"{""model"": ""Mistral-Nemo"", ""temperature"": 0, ""date"": ""2025-10-05T23:01:52.419933+00:00"", ""prompt_version"": ""v1"", ""persona"": ""phd""}"
"('medievalpoliticalphilosophy', 'philosophyofreligion')",medieval political philosophy,philosophy of religion,2,0,expert,v1,v1,"{""model"": ""Mistral-Nemo"", ""temperature"": 0, ""date"": ""2025-10-05T23:01:53.837615+00:00"", ""prompt_version"": ""v1"", ""persona"": ""expert""}"
"('medievalpoliticalphilosophy', 'philosophyofreligion')",medieval political philosophy,philosophy of religion,2,0,phd,v1,v1,"{""model"": ""Mistral-Nemo"", ""temperature"": 0, ""date"": ""2025-10-05T23:01:55.291410+00:00"", ""prompt_version"": ""v1"", ""persona"": ""phd""}"
"('lawandlanguage', 'philosophyoflanguage')",law and language,philosophy of language,4,0,expert,v1,v1,"{""model"": ""Mistral-Nemo"", ""temperature"": 0, ""date"": ""2025-10-05T23:01:56.648917+00:00"", ""prompt_version"": ""v1"", ""persona"": ""expert""}"
"('lawandlanguage', 'philosophyoflanguage')",law and language,philosophy of language,4,0,phd,v1,v1,"{""model"": ""Mistral-Nemo"", ""temperature"": 0, ""date"": ""2025-10-05T23:01:58.025420+00:00"", ""prompt_version"": ""v1"", ""persona"": ""phd""}"
"('perception', 'problemofperception')",problem of perception,perception,4,0,expert,v1,v1,"{""model"": ""Mistral-Nemo"", ""temperature"": 0, ""date"": ""2025-10-05T23:01:59.499376+00:00"", ""prompt_version"": ""v1"", ""persona"": ""expert""}"
"('perception', 'problemofperception')",problem of perception,perception,4,0,phd,v1,v1,"{""model"": ""Mistral-Nemo"", ""temperature"": 0, ""date"": ""2025-10-05T23:02:00.828705+00:00"", ""prompt_version"": ""v1"", ""persona"": ""phd""}"
"('philosophyofbiology', 'philosophyofmind')",philosophy of biology,philosophy of mind,3,3,expert,v1,v1,"{""model"": ""Mistral-Nemo"", ""temperature"": 0, ""date"": ""2025-10-05T23:02:02.252379+00:00"", ""prompt_version"": ""v1"", ""persona"": ""expert""}"
"('philosophyofbiology', 'philosophyofmind')",philosophy of biology,philosophy of mind,2,0,phd,v1,v1,"{""model"": ""Mistral-Nemo"", ""temperature"": 0, ""date"": ""2025-10-05T23:02:03.574828+00:00"", ""prompt_version"": ""v1"", ""persona"": ""phd""}"
"('metaphysics', 'scottishphilosophyinthe19thcentury')",scottish philosophy in the 19th century,metaphysics,2,0,expert,v1,v1,"{""model"": ""Mistral-Nemo"", ""temperature"": 0, ""date"": ""2025-10-05T23:02:05.380434+00:00"", ""prompt_version"": ""v1"", ""persona"": ""expert""}"
"('metaphysics', 'scottishphilosophyinthe19thcentury')",scottish philosophy in the 19th century,metaphysics,2,0,phd,v1,v1,"{""model"": ""Mistral-Nemo"", ""temperature"": 0, ""date"": ""2025-10-05T23:02:06.943167+00:00"", ""prompt_version"": ""v1"", ""persona"": ""phd""}"
"('metaphysics', 'socialandpoliticalphilosophy')",social and political philosophy,metaphysics,2,0,expert,v1,v1,"{""model"": ""Mistral-Nemo"", ""temperature"": 0, ""date"": ""2025-10-05T23:02:08.320816+00:00"", ""prompt_version"": ""v1"", ""persona"": ""expert""}"
"('metaphysics', 'socialandpoliticalphilosophy')",social and political philosophy,metaphysics,2,1,phd,v1,v1,"{""model"": ""Mistral-Nemo"", ""temperature"": 0, ""date"": ""2025-10-05T23:02:09.723532+00:00"", ""prompt_version"": ""v1"", ""persona"": ""phd""}"
"('continentalphilosophy', 'intersectionsbetweenpragmatistandcontinentalfeminism')",intersections between pragmatist and continental feminism,continental philosophy,4,0,expert,v1,v1,"{""model"": ""Mistral-Nemo"", ""temperature"": 0, ""date"": ""2025-10-05T23:02:11.134506+00:00"", ""prompt_version"": ""v1"", ""persona"": ""expert""}"
"('continentalphilosophy', 'intersectionsbetweenpragmatistandcontinentalfeminism')",intersections between pragmatist and continental feminism,continental philosophy,3,0,phd,v1,v1,"{""model"": ""Mistral-Nemo"", ""temperature"": 0, ""date"": ""2025-10-05T23:02:12.503383+00:00"", ""prompt_version"": ""v1"", ""persona"": ""phd""}"
"('ethics', 'virtuesandvices')",ethics,virtues and vices,4,1,course_taker,v1,v1,"{""model"": ""Mistral-Nemo"", ""temperature"": 0, ""date"": ""2025-10-05T23:02:13.910979+00:00"", ""prompt_version"": ""v1"", ""persona"": ""course_taker""}"
"('ethics', 'virtuesandvices')",ethics,virtues and vices,4,1,phd,v1,v1,"{""model"": ""Mistral-Nemo"", ""temperature"": 0, ""date"": ""2025-10-05T23:02:15.441810+00:00"", ""prompt_version"": ""v1"", ""persona"": ""phd""}"
"('mathematicallogic', 'philosophyofmind')",mathematical logic,philosophy of mind,2,0,expert,v1,v1,"{""model"": ""Mistral-Nemo"", ""temperature"": 0, ""date"": ""2025-10-05T23:02:16.866592+00:00"", ""prompt_version"": ""v1"", ""persona"": ""expert""}"
"('mathematicallogic', 'philosophyofmind')",mathematical logic,philosophy of mind,2,0,phd,v1,v1,"{""model"": ""Mistral-Nemo"", ""temperature"": 0, ""date"": ""2025-10-05T23:02:18.222351+00:00"", ""prompt_version"": ""v1"", ""persona"": ""phd""}"
"('eternityinchristianthought', 'metaphysics')",Eternity in Christian Thought,metaphysics,3,0,expert,v1,v1,"{""model"": ""Mistral-Nemo"", ""temperature"": 0, ""date"": ""2025-10-05T23:02:19.635422+00:00"", ""prompt_version"": ""v1"", ""persona"": ""expert""}"
"('eternityinchristianthought', 'metaphysics')",Eternity in Christian Thought,metaphysics,2,0,phd,v1,v1,"{""model"": ""Mistral-Nemo"", ""temperature"": 0, ""date"": ""2025-10-05T23:02:21.072322+00:00"", ""prompt_version"": ""v1"", ""persona"": ""phd""}"
"('historyoflogic', 'logicandgames')",logic and games,history of logic,2,0,novice,v1,v1,"{""model"": ""Mistral-Nemo"", ""temperature"": 0, ""date"": ""2025-10-05T23:02:22.415286+00:00"", ""prompt_version"": ""v1"", ""persona"": ""novice""}"
"('historyoflogic', 'logicandgames')",logic and games,history of logic,2,0,phd,v1,v1,"{""model"": ""Mistral-Nemo"", ""temperature"": 0, ""date"": ""2025-10-05T23:02:23.749156+00:00"", ""prompt_version"": ""v1"", ""persona"": ""phd""}"
"('philosophyofmind', 'realismandantirealism')",realism and anti-realism,philosophy of mind,3,1,expert,v1,v1,"{""model"": ""Mistral-Nemo"", ""temperature"": 0, ""date"": ""2025-10-05T23:02:25.276291+00:00"", ""prompt_version"": ""v1"", ""persona"": ""expert""}"
"('philosophyofmind', 'realismandantirealism')",realism and anti-realism,philosophy of mind,2,1,phd,v1,v1,"{""model"": ""Mistral-Nemo"", ""temperature"": 0, ""date"": ""2025-10-05T23:02:26.671995+00:00"", ""prompt_version"": ""v1"", ""persona"": ""phd""}"
"('falsificationism', 'scientificmethodology')",falsificationism,scientific methodology,3,0,novice,v1,v1,"{""model"": ""Mistral-Nemo"", ""temperature"": 0, ""date"": ""2025-10-05T23:02:28.053054+00:00"", ""prompt_version"": ""v1"", ""persona"": ""novice""}"
"('falsificationism', 'scientificmethodology')",falsificationism,scientific methodology,3,0,phd,v1,v1,"{""model"": ""Mistral-Nemo"", ""temperature"": 0, ""date"": ""2025-10-05T23:02:29.413496+00:00"", ""prompt_version"": ""v1"", ""persona"": ""phd""}"
"('perception', 'psychologicalrelation')",psychological relation,perception,3,0,expert,v1,v1,"{""model"": ""Mistral-Nemo"", ""temperature"": 0, ""date"": ""2025-10-05T23:02:30.785461+00:00"", ""prompt_version"": ""v1"", ""persona"": ""expert""}"
"('perception', 'psychologicalrelation')",psychological relation,perception,3,0,phd,v1,v1,"{""model"": ""Mistral-Nemo"", ""temperature"": 0, ""date"": ""2025-10-05T23:02:32.125487+00:00"", ""prompt_version"": ""v1"", ""persona"": ""phd""}"
"('philosophyofscienceandthesciences', 'probability')",probability,philosophy of science and the sciences,3,0,expert,v1,v1,"{""model"": ""Mistral-Nemo"", ""temperature"": 0, ""date"": ""2025-10-05T23:02:33.461097+00:00"", ""prompt_version"": ""v1"", ""persona"": ""expert""}"
"('philosophyofscienceandthesciences', 'probability')",probability,philosophy of science and the sciences,4,0,phd,v1,v1,"{""model"": ""Mistral-Nemo"", ""temperature"": 0, ""date"": ""2025-10-05T23:02:34.837096+00:00"", ""prompt_version"": ""v1"", ""persona"": ""phd""}"
"('ethics', 'socialcontract')",social contract,ethics,3,0,expert,v1,v1,"{""model"": ""Mistral-Nemo"", ""temperature"": 0, ""date"": ""2025-10-05T23:02:36.166281+00:00"", ""prompt_version"": ""v1"", ""persona"": ""expert""}"
"('ethics', 'socialcontract')",social contract,ethics,3,0,phd,v1,v1,"{""model"": ""Mistral-Nemo"", ""temperature"": 0, ""date"": ""2025-10-05T23:02:37.625123+00:00"", ""prompt_version"": ""v1"", ""persona"": ""phd""}"
"('epistemology', 'philosophyofbiology')",philosophy of biology,epistemology,2,0,expert,v1,v1,"{""model"": ""Mistral-Nemo"", ""temperature"": 0, ""date"": ""2025-10-05T23:02:38.945151+00:00"", ""prompt_version"": ""v1"", ""persona"": ""expert""}"
"('epistemology', 'philosophyofbiology')",philosophy of biology,epistemology,2,0,phd,v1,v1,"{""model"": ""Mistral-Nemo"", ""temperature"": 0, ""date"": ""2025-10-05T23:02:40.291145+00:00"", ""prompt_version"": ""v1"", ""persona"": ""phd""}"
"('identityofindiscernibles', 'metaphysics')",identity of indiscernibles,metaphysics,3,0,expert,v1,v1,"{""model"": ""Mistral-Nemo"", ""temperature"": 0, ""date"": ""2025-10-05T23:02:41.677365+00:00"", ""prompt_version"": ""v1"", ""persona"": ""expert""}"
"('identityofindiscernibles', 'metaphysics')",identity of indiscernibles,metaphysics,3,0,phd,v1,v1,"{""model"": ""Mistral-Nemo"", ""temperature"": 0, ""date"": ""2025-10-05T23:02:43.068130+00:00"", ""prompt_version"": ""v1"", ""persona"": ""phd""}"
"('backwardcausation', 'causation')",backward causation,causation,4,0,expert,v1,v1,"{""model"": ""Mistral-Nemo"", ""temperature"": 0, ""date"": ""2025-10-05T23:02:44.472587+00:00"", ""prompt_version"": ""v1"", ""persona"": ""expert""}"
"('backwardcausation', 'causation')",backward causation,causation,3,0,phd,v1,v1,"{""model"": ""Mistral-Nemo"", ""temperature"": 0, ""date"": ""2025-10-05T23:02:45.864591+00:00"", ""prompt_version"": ""v1"", ""persona"": ""phd""}"
"('aestheticsandphilosophyofart', 'philosophyofcomposition')",aesthetics and philosophy of art,philosophy of composition,4,0,course_taker,v1,v1,"{""model"": ""Mistral-Nemo"", ""temperature"": 0, ""date"": ""2025-10-05T23:02:47.288035+00:00"", ""prompt_version"": ""v1"", ""persona"": ""course_taker""}"
"('aestheticsandphilosophyofart', 'philosophyofcomposition')",aesthetics and philosophy of art,philosophy of composition,3,0,phd,v1,v1,"{""model"": ""Mistral-Nemo"", ""temperature"": 0, ""date"": ""2025-10-05T23:02:48.643258+00:00"", ""prompt_version"": ""v1"", ""persona"": ""phd""}"
"('epistemology', 'scientificmethodology')",scientific methodology,epistemology,4,0,expert,v1,v1,"{""model"": ""Mistral-Nemo"", ""temperature"": 0, ""date"": ""2025-10-05T23:02:50.048481+00:00"", ""prompt_version"": ""v1"", ""persona"": ""expert""}"
"('epistemology', 'scientificmethodology')",scientific methodology,epistemology,3,0,phd,v1,v1,"{""model"": ""Mistral-Nemo"", ""temperature"": 0, ""date"": ""2025-10-05T23:02:51.413223+00:00"", ""prompt_version"": ""v1"", ""persona"": ""phd""}"
"('animalcognition', 'cognitivescience')",animal cognition,cognitive science,4,0,expert,v1,v1,"{""model"": ""Mistral-Nemo"", ""temperature"": 0, ""date"": ""2025-10-05T23:02:52.764156+00:00"", ""prompt_version"": ""v1"", ""persona"": ""expert""}"
"('animalcognition', 'cognitivescience')",animal cognition,cognitive science,4,0,phd,v1,v1,"{""model"": ""Mistral-Nemo"", ""temperature"": 0, ""date"": ""2025-10-05T23:02:54.153421+00:00"", ""prompt_version"": ""v1"", ""persona"": ""phd""}"
"('argumentsfortheexistenceofgod', 'philosophyofreligion')",arguments for the existence of god,philosophy of religion,4,0,expert,v1,v1,"{""model"": ""Mistral-Nemo"", ""temperature"": 0, ""date"": ""2025-10-05T23:02:55.487198+00:00"", ""prompt_version"": ""v1"", ""persona"": ""expert""}"
"('argumentsfortheexistenceofgod', 'philosophyofreligion')",arguments for the existence of god,philosophy of religion,4,0,phd,v1,v1,"{""model"": ""Mistral-Nemo"", ""temperature"": 0, ""date"": ""2025-10-05T23:02:56.843491+00:00"", ""prompt_version"": ""v1"", ""persona"": ""phd""}"
"('identityandindividualityinquantumtheory', 'metaphysics')",identity and individuality in quantum theory,metaphysics,2,0,expert,v1,v1,"{""model"": ""Mistral-Nemo"", ""temperature"": 0, ""date"": ""2025-10-05T23:02:58.226585+00:00"", ""prompt_version"": ""v1"", ""persona"": ""expert""}"
"('identityandindividualityinquantumtheory', 'metaphysics')",identity and individuality in quantum theory,metaphysics,2,0,phd,v1,v1,"{""model"": ""Mistral-Nemo"", ""temperature"": 0, ""date"": ""2025-10-05T23:02:59.581081+00:00"", ""prompt_version"": ""v1"", ""persona"": ""phd""}"
"('mentalstate', 'philosophyofmind')",mental state,philosophy of mind,4,0,expert,v1,v1,"{""model"": ""Mistral-Nemo"", ""temperature"": 0, ""date"": ""2025-10-05T23:03:00.938409+00:00"", ""prompt_version"": ""v1"", ""persona"": ""expert""}"
"('mentalstate', 'philosophyofmind')",mental state,philosophy of mind,4,0,phd,v1,v1,"{""model"": ""Mistral-Nemo"", ""temperature"": 0, ""date"": ""2025-10-05T23:03:02.304191+00:00"", ""prompt_version"": ""v1"", ""persona"": ""phd""}"
"('philosophyofmathematics', 'philosophyofscience')",philosophy of mathematics,philosophy of science,4,2,expert,v1,v1,"{""model"": ""Mistral-Nemo"", ""temperature"": 0, ""date"": ""2025-10-05T23:03:03.658836+00:00"", ""prompt_version"": ""v1"", ""persona"": ""expert""}"
"('philosophyofmathematics', 'philosophyofscience')",philosophy of mathematics,philosophy of science,4,2,phd,v1,v1,"{""model"": ""Mistral-Nemo"", ""temperature"": 0, ""date"": ""2025-10-05T23:03:05.110670+00:00"", ""prompt_version"": ""v1"", ""persona"": ""phd""}"
"('monotheism', 'philosophyofreligion')",monotheism,philosophy of religion,4,0,expert,v1,v1,"{""model"": ""Mistral-Nemo"", ""temperature"": 0, ""date"": ""2025-10-05T23:03:06.459163+00:00"", ""prompt_version"": ""v1"", ""persona"": ""expert""}"
"('monotheism', 'philosophyofreligion')",monotheism,philosophy of religion,4,0,phd,v1,v1,"{""model"": ""Mistral-Nemo"", ""temperature"": 0, ""date"": ""2025-10-05T23:03:07.831759+00:00"", ""prompt_version"": ""v1"", ""persona"": ""phd""}"
"('logicandlanguage', 'philosophyofmind')",logic and language,philosophy of mind,2,0,expert,v1,v1,"{""model"": ""Mistral-Nemo"", ""temperature"": 0, ""date"": ""2025-10-05T23:03:09.188569+00:00"", ""prompt_version"": ""v1"", ""persona"": ""expert""}"
"('logicandlanguage', 'philosophyofmind')",logic and language,philosophy of mind,2,0,phd,v1,v1,"{""model"": ""Mistral-Nemo"", ""temperature"": 0, ""date"": ""2025-10-05T23:03:10.525908+00:00"", ""prompt_version"": ""v1"", ""persona"": ""phd""}"
"('chineseroomargument', 'philosophyofmind')",chinese room argument,philosophy of mind,3,0,expert,v1,v1,"{""model"": ""Mistral-Nemo"", ""temperature"": 0, ""date"": ""2025-10-05T23:03:11.874171+00:00"", ""prompt_version"": ""v1"", ""persona"": ""expert""}"
"('chineseroomargument', 'philosophyofmind')",chinese room argument,philosophy of mind,3,0,phd,v1,v1,"{""model"": ""Mistral-Nemo"", ""temperature"": 0, ""date"": ""2025-10-05T23:03:13.222654+00:00"", ""prompt_version"": ""v1"", ""persona"": ""phd""}"
"('neutralmonism', 'philosophyofmind')",neutral monism,philosophy of mind,2,0,expert,v1,v1,"{""model"": ""Mistral-Nemo"", ""temperature"": 0, ""date"": ""2025-10-05T23:03:14.569971+00:00"", ""prompt_version"": ""v1"", ""persona"": ""expert""}"
"('neutralmonism', 'philosophyofmind')",neutral monism,philosophy of mind,2,0,phd,v1,v1,"{""model"": ""Mistral-Nemo"", ""temperature"": 0, ""date"": ""2025-10-05T23:03:15.937951+00:00"", ""prompt_version"": ""v1"", ""persona"": ""phd""}"
"('consciousness', 'phenomenologicalapproachestoselfconsciousness')",phenomenological approaches to self-consciousness,consciousness,4,0,expert,v1,v1,"{""model"": ""Mistral-Nemo"", ""temperature"": 0, ""date"": ""2025-10-05T23:03:17.314368+00:00"", ""prompt_version"": ""v1"", ""persona"": ""expert""}"
"('consciousness', 'phenomenologicalapproachestoselfconsciousness')",phenomenological approaches to self-consciousness,consciousness,4,0,phd,v1,v1,"{""model"": ""Mistral-Nemo"", ""temperature"": 0, ""date"": ""2025-10-05T23:03:18.730119+00:00"", ""prompt_version"": ""v1"", ""persona"": ""phd""}"
"('omniscience', 'philosophyofreligion')",omniscience,philosophy of religion,3,0,expert,v1,v1,"{""model"": ""Mistral-Nemo"", ""temperature"": 0, ""date"": ""2025-10-05T23:03:20.187480+00:00"", ""prompt_version"": ""v1"", ""persona"": ""expert""}"
"('omniscience', 'philosophyofreligion')",omniscience,philosophy of religion,2,0,phd,v1,v1,"{""model"": ""Mistral-Nemo"", ""temperature"": 0, ""date"": ""2025-10-05T23:03:21.577794+00:00"", ""prompt_version"": ""v1"", ""persona"": ""phd""}"
"('epistemeandtechne', 'metaphysics')",episteme and techne,metaphysics,2,0,expert,v1,v1,"{""model"": ""Mistral-Nemo"", ""temperature"": 0, ""date"": ""2025-10-05T23:03:22.979856+00:00"", ""prompt_version"": ""v1"", ""persona"": ""expert""}"
"('epistemeandtechne', 'metaphysics')",episteme and techne,metaphysics,2,0,phd,v1,v1,"{""model"": ""Mistral-Nemo"", ""temperature"": 0, ""date"": ""2025-10-05T23:03:24.385836+00:00"", ""prompt_version"": ""v1"", ""persona"": ""phd""}"
"('aristotleandmathematics', 'philosophyofmathematics')",aristotle and mathematics,philosophy of mathematics,4,0,course_taker,v1,v1,"{""model"": ""Mistral-Nemo"", ""temperature"": 0, ""date"": ""2025-10-05T23:03:25.857561+00:00"", ""prompt_version"": ""v1"", ""persona"": ""course_taker""}"
"('aristotleandmathematics', 'philosophyofmathematics')",aristotle and mathematics,philosophy of mathematics,4,0,phd,v1,v1,"{""model"": ""Mistral-Nemo"", ""temperature"": 0, ""date"": ""2025-10-05T23:03:27.224916+00:00"", ""prompt_version"": ""v1"", ""persona"": ""phd""}"
"('logic', 'philosophyofcomputerscience')",philosophy of computer science,logic,3,0,course_taker,v1,v1,"{""model"": ""Mistral-Nemo"", ""temperature"": 0, ""date"": ""2025-10-05T23:03:28.573363+00:00"", ""prompt_version"": ""v1"", ""persona"": ""course_taker""}"
"('logic', 'philosophyofcomputerscience')",philosophy of computer science,logic,3,0,phd,v1,v1,"{""model"": ""Mistral-Nemo"", ""temperature"": 0, ""date"": ""2025-10-05T23:03:29.942228+00:00"", ""prompt_version"": ""v1"", ""persona"": ""phd""}"
"('thinkingmachine', 'turingtest')",thinking machine,turing test,3,0,course_taker,v1,v1,"{""model"": ""Mistral-Nemo"", ""temperature"": 0, ""date"": ""2025-10-05T23:03:31.306871+00:00"", ""prompt_version"": ""v1"", ""persona"": ""course_taker""}"
"('thinkingmachine', 'turingtest')",thinking machine,turing test,3,0,phd,v1,v1,"{""model"": ""Mistral-Nemo"", ""temperature"": 0, ""date"": ""2025-10-05T23:03:32.641922+00:00"", ""prompt_version"": ""v1"", ""persona"": ""phd""}"
"('mentalrepresentationinmedievalphilosophy', 'philosophyofmind')",mental representation in medieval philosophy,philosophy of mind,3,0,expert,v1,v1,"{""model"": ""Mistral-Nemo"", ""temperature"": 0, ""date"": ""2025-10-05T23:03:34.091396+00:00"", ""prompt_version"": ""v1"", ""persona"": ""expert""}"
"('mentalrepresentationinmedievalphilosophy', 'philosophyofmind')",mental representation in medieval philosophy,philosophy of mind,2,0,phd,v1,v1,"{""model"": ""Mistral-Nemo"", ""temperature"": 0, ""date"": ""2025-10-05T23:03:35.496080+00:00"", ""prompt_version"": ""v1"", ""persona"": ""phd""}"
"('epistemology', 'philosophyofnature')",philosophy of nature,epistemology,2,1,expert,v1,v1,"{""model"": ""Mistral-Nemo"", ""temperature"": 0, ""date"": ""2025-10-05T23:03:36.874888+00:00"", ""prompt_version"": ""v1"", ""persona"": ""expert""}"
"('epistemology', 'philosophyofnature')",philosophy of nature,epistemology,2,1,phd,v1,v1,"{""model"": ""Mistral-Nemo"", ""temperature"": 0, ""date"": ""2025-10-05T23:03:38.226443+00:00"", ""prompt_version"": ""v1"", ""persona"": ""phd""}"
"('philosophyofreligion', 'religionandmorality')",religion and morality,philosophy of religion,4,0,expert,v1,v1,"{""model"": ""Mistral-Nemo"", ""temperature"": 0, ""date"": ""2025-10-05T23:03:39.615577+00:00"", ""prompt_version"": ""v1"", ""persona"": ""expert""}"
"('philosophyofreligion', 'religionandmorality')",religion and morality,philosophy of religion,4,0,phd,v1,v1,"{""model"": ""Mistral-Nemo"", ""temperature"": 0, ""date"": ""2025-10-05T23:03:41.054051+00:00"", ""prompt_version"": ""v1"", ""persona"": ""phd""}"
"('philosophyoflanguage', 'privatelanguage')",private language,philosophy of language,3,0,expert,v1,v1,"{""model"": ""Mistral-Nemo"", ""temperature"": 0, ""date"": ""2025-10-05T23:03:42.498469+00:00"", ""prompt_version"": ""v1"", ""persona"": ""expert""}"
"('philosophyoflanguage', 'privatelanguage')",private language,philosophy of language,2,0,phd,v1,v1,"{""model"": ""Mistral-Nemo"", ""temperature"": 0, ""date"": ""2025-10-05T23:03:43.939383+00:00"", ""prompt_version"": ""v1"", ""persona"": ""phd""}"
"('epistemology', 'indeterminism')",indeterminism,epistemology,2,0,expert,v1,v1,"{""model"": ""Mistral-Nemo"", ""temperature"": 0, ""date"": ""2025-10-05T23:03:45.304413+00:00"", ""prompt_version"": ""v1"", ""persona"": ""expert""}"
"('epistemology', 'indeterminism')",indeterminism,epistemology,2,0,phd,v1,v1,"{""model"": ""Mistral-Nemo"", ""temperature"": 0, ""date"": ""2025-10-05T23:03:46.640375+00:00"", ""prompt_version"": ""v1"", ""persona"": ""phd""}"
"('evolutionarypsychology', 'philosophyofreligion')",evolutionary psychology,philosophy of religion,2,-1,expert,v1,v1,"{""model"": ""Mistral-Nemo"", ""temperature"": 0, ""date"": ""2025-10-05T23:03:47.972815+00:00"", ""prompt_version"": ""v1"", ""persona"": ""expert""}"
"('evolutionarypsychology', 'philosophyofreligion')",evolutionary psychology,philosophy of religion,2,-1,phd,v1,v1,"{""model"": ""Mistral-Nemo"", ""temperature"": 0, ""date"": ""2025-10-05T23:03:49.311280+00:00"", ""prompt_version"": ""v1"", ""persona"": ""phd""}"
"('philosophyofmind', 'philosophyofperception')",philosophy of perception,philosophy of mind,4,0,expert,v1,v1,"{""model"": ""Mistral-Nemo"", ""temperature"": 0, ""date"": ""2025-10-05T23:03:50.729023+00:00"", ""prompt_version"": ""v1"", ""persona"": ""expert""}"
"('philosophyofmind', 'philosophyofperception')",philosophy of perception,philosophy of mind,4,0,phd,v1,v1,"{""model"": ""Mistral-Nemo"", ""temperature"": 0, ""date"": ""2025-10-05T23:03:52.068628+00:00"", ""prompt_version"": ""v1"", ""persona"": ""phd""}"
"('algebra', 'philosophyofmathematics')",philosophy of mathematics,algebra,2,1,course_taker,v1,v1,"{""model"": ""Mistral-Nemo"", ""temperature"": 0, ""date"": ""2025-10-05T23:03:53.443674+00:00"", ""prompt_version"": ""v1"", ""persona"": ""course_taker""}"
"('algebra', 'philosophyofmathematics')",philosophy of mathematics,algebra,2,0,phd,v1,v1,"{""model"": ""Mistral-Nemo"", ""temperature"": 0, ""date"": ""2025-10-05T23:03:54.882388+00:00"", ""prompt_version"": ""v1"", ""persona"": ""phd""}"
"('metaphysics', 'philosophyofbiology')",philosophy of biology,metaphysics,2,0,expert,v1,v1,"{""model"": ""Mistral-Nemo"", ""temperature"": 0, ""date"": ""2025-10-05T23:03:56.300037+00:00"", ""prompt_version"": ""v1"", ""persona"": ""expert""}"
"('metaphysics', 'philosophyofbiology')",philosophy of biology,metaphysics,2,0,phd,v1,v1,"{""model"": ""Mistral-Nemo"", ""temperature"": 0, ""date"": ""2025-10-05T23:03:57.681353+00:00"", ""prompt_version"": ""v1"", ""persona"": ""phd""}"
"('afterlife', 'eternityoftheworld')",eternity of the world,afterlife,2,1,expert,v1,v1,"{""model"": ""Mistral-Nemo"", ""temperature"": 0, ""date"": ""2025-10-05T23:03:59.019391+00:00"", ""prompt_version"": ""v1"", ""persona"": ""expert""}"
"('afterlife', 'eternityoftheworld')",eternity of the world,afterlife,2,1,phd,v1,v1,"{""model"": ""Mistral-Nemo"", ""temperature"": 0, ""date"": ""2025-10-05T23:04:00.375172+00:00"", ""prompt_version"": ""v1"", ""persona"": ""phd""}"
"('artificialintelligence', 'modernhistoryofcomputing')",modern history of computing,artificial intelligence,4,0,expert,v1,v1,"{""model"": ""Mistral-Nemo"", ""temperature"": 0, ""date"": ""2025-10-05T23:04:01.725205+00:00"", ""prompt_version"": ""v1"", ""persona"": ""expert""}"
"('artificialintelligence', 'modernhistoryofcomputing')",modern history of computing,artificial intelligence,3,0,phd,v1,v1,"{""model"": ""Mistral-Nemo"", ""temperature"": 0, ""date"": ""2025-10-05T23:04:03.258397+00:00"", ""prompt_version"": ""v1"", ""persona"": ""phd""}"
"('ambiguity', 'epistemology')",ambiguity,epistemology,2,0,expert,v1,v1,"{""model"": ""Mistral-Nemo"", ""temperature"": 0, ""date"": ""2025-10-05T23:04:04.612295+00:00"", ""prompt_version"": ""v1"", ""persona"": ""expert""}"
"('ambiguity', 'epistemology')",ambiguity,epistemology,2,0,phd,v1,v1,"{""model"": ""Mistral-Nemo"", ""temperature"": 0, ""date"": ""2025-10-05T23:04:06.032491+00:00"", ""prompt_version"": ""v1"", ""persona"": ""phd""}"
"('artificialintelligence', 'frameproblem')",frame problem,artificial intelligence,2,0,expert,v1,v1,"{""model"": ""Mistral-Nemo"", ""temperature"": 0, ""date"": ""2025-10-05T23:04:07.359003+00:00"", ""prompt_version"": ""v1"", ""persona"": ""expert""}"
"('artificialintelligence', 'frameproblem')",frame problem,artificial intelligence,2,0,phd,v1,v1,"{""model"": ""Mistral-Nemo"", ""temperature"": 0, ""date"": ""2025-10-05T23:04:08.798550+00:00"", ""prompt_version"": ""v1"", ""persona"": ""phd""}"
"('consciousnessandcontent', 'perception')",consciousness and content,perception,3,0,expert,v1,v1,"{""model"": ""Mistral-Nemo"", ""temperature"": 0, ""date"": ""2025-10-05T23:04:10.212004+00:00"", ""prompt_version"": ""v1"", ""persona"": ""expert""}"
"('consciousnessandcontent', 'perception')",consciousness and content,perception,4,0,phd,v1,v1,"{""model"": ""Mistral-Nemo"", ""temperature"": 0, ""date"": ""2025-10-05T23:04:11.556115+00:00"", ""prompt_version"": ""v1"", ""persona"": ""phd""}"
"('epistemology', 'interpretation')",interpretation,epistemology,4,0,expert,v1,v1,"{""model"": ""Mistral-Nemo"", ""temperature"": 0, ""date"": ""2025-10-05T23:04:12.913201+00:00"", ""prompt_version"": ""v1"", ""persona"": ""expert""}"
"('epistemology', 'interpretation')",interpretation,epistemology,3,0,phd,v1,v1,"{""model"": ""Mistral-Nemo"", ""temperature"": 0, ""date"": ""2025-10-05T23:04:14.245215+00:00"", ""prompt_version"": ""v1"", ""persona"": ""phd""}"
"('dualism', 'philosophyofmind')",dualism,philosophy of mind,4,0,expert,v1,v1,"{""model"": ""Mistral-Nemo"", ""temperature"": 0, ""date"": ""2025-10-05T23:04:15.731691+00:00"", ""prompt_version"": ""v1"", ""persona"": ""expert""}"
"('dualism', 'philosophyofmind')",dualism,philosophy of mind,3,0,phd,v1,v1,"{""model"": ""Mistral-Nemo"", ""temperature"": 0, ""date"": ""2025-10-05T23:04:17.197149+00:00"", ""prompt_version"": ""v1"", ""persona"": ""phd""}"
"('cognitivescience', 'philosophiesoftheparticularsciences')",cognitive science,philosophies of the particular sciences,3,0,expert,v1,v1,"{""model"": ""Mistral-Nemo"", ""temperature"": 0, ""date"": ""2025-10-05T23:04:18.560207+00:00"", ""prompt_version"": ""v1"", ""persona"": ""expert""}"
"('cognitivescience', 'philosophiesoftheparticularsciences')",cognitive science,philosophies of the particular sciences,4,0,phd,v1,v1,"{""model"": ""Mistral-Nemo"", ""temperature"": 0, ""date"": ""2025-10-05T23:04:20.069666+00:00"", ""prompt_version"": ""v1"", ""persona"": ""phd""}"
"('animalcognition', 'perception')",animal cognition,perception,3,0,expert,v1,v1,"{""model"": ""Mistral-Nemo"", ""temperature"": 0, ""date"": ""2025-10-05T23:04:21.451924+00:00"", ""prompt_version"": ""v1"", ""persona"": ""expert""}"
"('animalcognition', 'perception')",animal cognition,perception,3,0,phd,v1,v1,"{""model"": ""Mistral-Nemo"", ""temperature"": 0, ""date"": ""2025-10-05T23:04:22.928740+00:00"", ""prompt_version"": ""v1"", ""persona"": ""phd""}"
"('epistemology', 'virtueepistemology')",virtue epistemology,epistemology,4,0,expert,v1,v1,"{""model"": ""Mistral-Nemo"", ""temperature"": 0, ""date"": ""2025-10-05T23:04:24.353170+00:00"", ""prompt_version"": ""v1"", ""persona"": ""expert""}"
"('epistemology', 'virtueepistemology')",virtue epistemology,epistemology,4,0,phd,v1,v1,"{""model"": ""Mistral-Nemo"", ""temperature"": 0, ""date"": ""2025-10-05T23:04:25.850751+00:00"", ""prompt_version"": ""v1"", ""persona"": ""phd""}"
"('mentalcontent', 'theoriesofmentalcontent')",theories of mental content,mental content,4,0,expert,v1,v1,"{""model"": ""Mistral-Nemo"", ""temperature"": 0, ""date"": ""2025-10-05T23:04:27.238078+00:00"", ""prompt_version"": ""v1"", ""persona"": ""expert""}"
"('mentalcontent', 'theoriesofmentalcontent')",theories of mental content,mental content,4,0,phd,v1,v1,"{""model"": ""Mistral-Nemo"", ""temperature"": 0, ""date"": ""2025-10-05T23:04:37.988502+00:00"", ""prompt_version"": ""v1"", ""persona"": ""phd""}"
"('mentalcontent', 'mentalimagery')",mental imagery,mental content,3,0,expert,v1,v1,"{""model"": ""Mistral-Nemo"", ""temperature"": 0, ""date"": ""2025-10-05T23:04:39.387888+00:00"", ""prompt_version"": ""v1"", ""persona"": ""expert""}"
"('mentalcontent', 'mentalimagery')",mental imagery,mental content,3,0,phd,v1,v1,"{""model"": ""Mistral-Nemo"", ""temperature"": 0, ""date"": ""2025-10-05T23:04:40.817678+00:00"", ""prompt_version"": ""v1"", ""persona"": ""phd""}"
"('continentalphilosophy', 'feminism')",feminism,continental philosophy,2,-1,expert,v1,v1,"{""model"": ""Mistral-Nemo"", ""temperature"": 0, ""date"": ""2025-10-05T23:04:42.211107+00:00"", ""prompt_version"": ""v1"", ""persona"": ""expert""}"
"('continentalphilosophy', 'feminism')",feminism,continental philosophy,2,-1,phd,v1,v1,"{""model"": ""Mistral-Nemo"", ""temperature"": 0, ""date"": ""2025-10-05T23:04:43.549325+00:00"", ""prompt_version"": ""v1"", ""persona"": ""phd""}"
"('epistemology', 'psychiatry')",psychiatry,epistemology,1,-1,expert,v1,v1,"{""model"": ""Mistral-Nemo"", ""temperature"": 0, ""date"": ""2025-10-05T23:04:44.914798+00:00"", ""prompt_version"": ""v1"", ""persona"": ""expert""}"
"('epistemology', 'psychiatry')",psychiatry,epistemology,1,-1,phd,v1,v1,"{""model"": ""Mistral-Nemo"", ""temperature"": 0, ""date"": ""2025-10-05T23:04:46.308529+00:00"", ""prompt_version"": ""v1"", ""persona"": ""phd""}"
"('africanandafricanamericanphilosophy', 'africansagephilosophy')",african sage philosophy,african and african-american philosophy,4,0,course_taker,v1,v1,"{""model"": ""Mistral-Nemo"", ""temperature"": 0, ""date"": ""2025-10-05T23:04:47.671345+00:00"", ""prompt_version"": ""v1"", ""persona"": ""course_taker""}"
"('africanandafricanamericanphilosophy', 'africansagephilosophy')",african sage philosophy,african and african-american philosophy,4,0,phd,v1,v1,"{""model"": ""Mistral-Nemo"", ""temperature"": 0, ""date"": ""2025-10-05T23:04:49.042277+00:00"", ""prompt_version"": ""v1"", ""persona"": ""phd""}"
"('molecularbiology', 'philosophyofbiology')",molecular biology,philosophy of biology,3,0,expert,v1,v1,"{""model"": ""Mistral-Nemo"", ""temperature"": 0, ""date"": ""2025-10-05T23:04:50.414442+00:00"", ""prompt_version"": ""v1"", ""persona"": ""expert""}"
"('molecularbiology', 'philosophyofbiology')",molecular biology,philosophy of biology,3,0,phd,v1,v1,"{""model"": ""Mistral-Nemo"", ""temperature"": 0, ""date"": ""2025-10-05T23:04:51.763098+00:00"", ""prompt_version"": ""v1"", ""persona"": ""phd""}"
"('churchturingthesis', 'function')",church-turing thesis,function,4,0,expert,v1,v1,"{""model"": ""Mistral-Nemo"", ""temperature"": 0, ""date"": ""2025-10-05T23:04:53.167855+00:00"", ""prompt_version"": ""v1"", ""persona"": ""expert""}"
"('churchturingthesis', 'function')",church-turing thesis,function,3,0,phd,v1,v1,"{""model"": ""Mistral-Nemo"", ""temperature"": 0, ""date"": ""2025-10-05T23:04:54.516482+00:00"", ""prompt_version"": ""v1"", ""persona"": ""phd""}"
"('analysis', 'metaphysics')",analysis,metaphysics,2,0,expert,v1,v1,"{""model"": ""Mistral-Nemo"", ""temperature"": 0, ""date"": ""2025-10-05T23:04:55.843178+00:00"", ""prompt_version"": ""v1"", ""persona"": ""expert""}"
"('analysis', 'metaphysics')",analysis,metaphysics,2,0,phd,v1,v1,"{""model"": ""Mistral-Nemo"", ""temperature"": 0, ""date"": ""2025-10-05T23:04:57.302143+00:00"", ""prompt_version"": ""v1"", ""persona"": ""phd""}"
"('philosophyoflanguage', 'syntax')",philosophy of language,syntax,3,1,expert,v1,v1,"{""model"": ""Mistral-Nemo"", ""temperature"": 0, ""date"": ""2025-10-05T23:04:58.701063+00:00"", ""prompt_version"": ""v1"", ""persona"": ""expert""}"
"('philosophyoflanguage', 'syntax')",philosophy of language,syntax,3,0,phd,v1,v1,"{""model"": ""Mistral-Nemo"", ""temperature"": 0, ""date"": ""2025-10-05T23:05:00.045921+00:00"", ""prompt_version"": ""v1"", ""persona"": ""phd""}"
"('africanandafricanamericanphilosophy', 'race')",race,african and african-american philosophy,4,0,course_taker,v1,v1,"{""model"": ""Mistral-Nemo"", ""temperature"": 0, ""date"": ""2025-10-05T23:05:01.452500+00:00"", ""prompt_version"": ""v1"", ""persona"": ""course_taker""}"
"('africanandafricanamericanphilosophy', 'race')",race,african and african-american philosophy,3,0,phd,v1,v1,"{""model"": ""Mistral-Nemo"", ""temperature"": 0, ""date"": ""2025-10-05T23:05:02.810351+00:00"", ""prompt_version"": ""v1"", ""persona"": ""phd""}"
"('cognitivescience', 'languagelearning')",language learning,cognitive science,2,0,expert,v1,v1,"{""model"": ""Mistral-Nemo"", ""temperature"": 0, ""date"": ""2025-10-05T23:05:04.147034+00:00"", ""prompt_version"": ""v1"", ""persona"": ""expert""}"
"('cognitivescience', 'languagelearning')",language learning,cognitive science,2,0,phd,v1,v1,"{""model"": ""Mistral-Nemo"", ""temperature"": 0, ""date"": ""2025-10-05T23:05:05.492101+00:00"", ""prompt_version"": ""v1"", ""persona"": ""phd""}"
"('aspectsofconsciousness', 'unityofconsciousness')",unity of consciousness,aspects of consciousness,3,0,expert,v1,v1,"{""model"": ""Mistral-Nemo"", ""temperature"": 0, ""date"": ""2025-10-05T23:05:06.858424+00:00"", ""prompt_version"": ""v1"", ""persona"": ""expert""}"
"('aspectsofconsciousness', 'unityofconsciousness')",unity of consciousness,aspects of consciousness,3,0,phd,v1,v1,"{""model"": ""Mistral-Nemo"", ""temperature"": 0, ""date"": ""2025-10-05T23:05:08.216844+00:00"", ""prompt_version"": ""v1"", ""persona"": ""phd""}"
"('epistemology', 'transworldidentity')",transworld identity,epistemology,2,0,expert,v1,v1,"{""model"": ""Mistral-Nemo"", ""temperature"": 0, ""date"": ""2025-10-05T23:05:09.576274+00:00"", ""prompt_version"": ""v1"", ""persona"": ""expert""}"
"('epistemology', 'transworldidentity')",transworld identity,epistemology,2,0,phd,v1,v1,"{""model"": ""Mistral-Nemo"", ""temperature"": 0, ""date"": ""2025-10-05T23:05:15.645264+00:00"", ""prompt_version"": ""v1"", ""persona"": ""phd""}"
"('judaism', 'philosophyofreligion')",judaism,philosophy of religion,4,0,expert,v1,v1,"{""model"": ""Mistral-Nemo"", ""temperature"": 0, ""date"": ""2025-10-05T23:05:17.020938+00:00"", ""prompt_version"": ""v1"", ""persona"": ""expert""}"
"('judaism', 'philosophyofreligion')",judaism,philosophy of religion,3,0,phd,v1,v1,"{""model"": ""Mistral-Nemo"", ""temperature"": 0, ""date"": ""2025-10-05T23:05:18.371746+00:00"", ""prompt_version"": ""v1"", ""persona"": ""phd""}"
"('metaphysics', 'processtheism')",process theism,metaphysics,2,0,expert,v1,v1,"{""model"": ""Mistral-Nemo"", ""temperature"": 0, ""date"": ""2025-10-05T23:05:19.855364+00:00"", ""prompt_version"": ""v1"", ""persona"": ""expert""}"
"('metaphysics', 'processtheism')",process theism,metaphysics,2,0,phd,v1,v1,"{""model"": ""Mistral-Nemo"", ""temperature"": 0, ""date"": ""2025-10-05T23:05:21.198085+00:00"", ""prompt_version"": ""v1"", ""persona"": ""phd""}"
"('metaphysics', 'philosophiesoftheparticularsciences')",philosophies of the particular sciences,metaphysics,2,0,expert,v1,v1,"{""model"": ""Mistral-Nemo"", ""temperature"": 0, ""date"": ""2025-10-05T23:05:22.582973+00:00"", ""prompt_version"": ""v1"", ""persona"": ""expert""}"
"('metaphysics', 'philosophiesoftheparticularsciences')",philosophies of the particular sciences,metaphysics,2,0,phd,v1,v1,"{""model"": ""Mistral-Nemo"", ""temperature"": 0, ""date"": ""2025-10-05T23:05:23.959738+00:00"", ""prompt_version"": ""v1"", ""persona"": ""phd""}"
"('creationism', 'philosophyofreligion')",creationism,philosophy of religion,3,0,expert,v1,v1,"{""model"": ""Mistral-Nemo"", ""temperature"": 0, ""date"": ""2025-10-05T23:05:25.319762+00:00"", ""prompt_version"": ""v1"", ""persona"": ""expert""}"
"('creationism', 'philosophyofreligion')",creationism,philosophy of religion,3,0,phd,v1,v1,"{""model"": ""Mistral-Nemo"", ""temperature"": 0, ""date"": ""2025-10-05T23:05:26.654749+00:00"", ""prompt_version"": ""v1"", ""persona"": ""phd""}"
"('epistemology', 'historyofscience')",history of science,epistemology,2,0,expert,v1,v1,"{""model"": ""Mistral-Nemo"", ""temperature"": 0, ""date"": ""2025-10-05T23:05:28.028633+00:00"", ""prompt_version"": ""v1"", ""persona"": ""expert""}"
"('epistemology', 'historyofscience')",history of science,epistemology,2,0,phd,v1,v1,"{""model"": ""Mistral-Nemo"", ""temperature"": 0, ""date"": ""2025-10-05T23:05:29.362007+00:00"", ""prompt_version"": ""v1"", ""persona"": ""phd""}"
"('causation', 'counterfactualtheoriesofcausation')",counterfactual theories of causation,causation,4,0,expert,v1,v1,"{""model"": ""Mistral-Nemo"", ""temperature"": 0, ""date"": ""2025-10-05T23:05:30.822545+00:00"", ""prompt_version"": ""v1"", ""persona"": ""expert""}"
"('causation', 'counterfactualtheoriesofcausation')",counterfactual theories of causation,causation,4,0,phd,v1,v1,"{""model"": ""Mistral-Nemo"", ""temperature"": 0, ""date"": ""2025-10-05T23:05:32.306033+00:00"", ""prompt_version"": ""v1"", ""persona"": ""phd""}"
"('consciousnessandintentionality', 'philosophyofmind')",consciousness and intentionality,philosophy of mind,4,0,expert,v1,v1,"{""model"": ""Mistral-Nemo"", ""temperature"": 0, ""date"": ""2025-10-05T23:05:34.984517+00:00"", ""prompt_version"": ""v1"", ""persona"": ""expert""}"
"('consciousnessandintentionality', 'philosophyofmind')",consciousness and intentionality,philosophy of mind,4,0,phd,v1,v1,"{""model"": ""Mistral-Nemo"", ""temperature"": 0, ""date"": ""2025-10-05T23:05:36.340143+00:00"", ""prompt_version"": ""v1"", ""persona"": ""phd""}"
"('descartesepistemology', 'philosophyofmind')",descartes' epistemology,philosophy of mind,4,0,expert,v1,v1,"{""model"": ""Mistral-Nemo"", ""temperature"": 0, ""date"": ""2025-10-05T23:05:37.794905+00:00"", ""prompt_version"": ""v1"", ""persona"": ""expert""}"
"('descartesepistemology', 'philosophyofmind')",descartes' epistemology,philosophy of mind,3,0,phd,v1,v1,"{""model"": ""Mistral-Nemo"", ""temperature"": 0, ""date"": ""2025-10-05T23:05:39.229228+00:00"", ""prompt_version"": ""v1"", ""persona"": ""phd""}"
"('descartesmodalmetaphysics', 'philosophyofmind')",descartes' modal metaphysics,philosophy of mind,3,0,expert,v1,v1,"{""model"": ""Mistral-Nemo"", ""temperature"": 0, ""date"": ""2025-10-05T23:05:40.581560+00:00"", ""prompt_version"": ""v1"", ""persona"": ""expert""}"
"('descartesmodalmetaphysics', 'philosophyofmind')",descartes' modal metaphysics,philosophy of mind,2,0,phd,v1,v1,"{""model"": ""Mistral-Nemo"", ""temperature"": 0, ""date"": ""2025-10-05T23:05:41.930385+00:00"", ""prompt_version"": ""v1"", ""persona"": ""phd""}"
"('cognitivescience', 'explanation')",cognitive science,explanation,3,0,course_taker,v1,v1,"{""model"": ""Mistral-Nemo"", ""temperature"": 0, ""date"": ""2025-10-05T23:05:43.290606+00:00"", ""prompt_version"": ""v1"", ""persona"": ""course_taker""}"
"('cognitivescience', 'explanation')",cognitive science,explanation,4,0,expert,v1,v1,"{""model"": ""Mistral-Nemo"", ""temperature"": 0, ""date"": ""2025-10-05T23:05:44.650274+00:00"", ""prompt_version"": ""v1"", ""persona"": ""expert""}"
"('philosophyofmind', 'probability')",probability,philosophy of mind,2,0,expert,v1,v1,"{""model"": ""Mistral-Nemo"", ""temperature"": 0, ""date"": ""2025-10-05T23:05:45.997805+00:00"", ""prompt_version"": ""v1"", ""persona"": ""expert""}"
"('philosophyofmind', 'probability')",probability,philosophy of mind,2,1,phd,v1,v1,"{""model"": ""Mistral-Nemo"", ""temperature"": 0, ""date"": ""2025-10-05T23:05:47.386202+00:00"", ""prompt_version"": ""v1"", ""persona"": ""phd""}"
"('dadaism', 'perception')",dadaism,perception,2,-1,expert,v1,v1,"{""model"": ""Mistral-Nemo"", ""temperature"": 0, ""date"": ""2025-10-05T23:05:48.754107+00:00"", ""prompt_version"": ""v1"", ""persona"": ""expert""}"
"('dadaism', 'perception')",dadaism,perception,2,-1,phd,v1,v1,"{""model"": ""Mistral-Nemo"", ""temperature"": 0, ""date"": ""2025-10-05T23:05:50.184857+00:00"", ""prompt_version"": ""v1"", ""persona"": ""phd""}"
"('cognitivescience', 'computationaltheoryofmind')",computational theory of mind,cognitive science,4,0,expert,v1,v1,"{""model"": ""Mistral-Nemo"", ""temperature"": 0, ""date"": ""2025-10-05T23:05:51.624513+00:00"", ""prompt_version"": ""v1"", ""persona"": ""expert""}"
"('cognitivescience', 'computationaltheoryofmind')",computational theory of mind,cognitive science,4,0,phd,v1,v1,"{""model"": ""Mistral-Nemo"", ""temperature"": 0, ""date"": ""2025-10-05T23:05:52.968334+00:00"", ""prompt_version"": ""v1"", ""persona"": ""phd""}"
"('artificialintelligence', 'chineseroomargument')",chinese room argument,artificial intelligence,3,0,expert,v1,v1,"{""model"": ""Mistral-Nemo"", ""temperature"": 0, ""date"": ""2025-10-05T23:05:54.301506+00:00"", ""prompt_version"": ""v1"", ""persona"": ""expert""}"
"('artificialintelligence', 'chineseroomargument')",chinese room argument,artificial intelligence,2,0,phd,v1,v1,"{""model"": ""Mistral-Nemo"", ""temperature"": 0, ""date"": ""2025-10-05T23:05:55.633739+00:00"", ""prompt_version"": ""v1"", ""persona"": ""phd""}"
"('daoism', 'philosophyofreligion')",daoism,philosophy of religion,2,0,expert,v1,v1,"{""model"": ""Mistral-Nemo"", ""temperature"": 0, ""date"": ""2025-10-05T23:05:57.048778+00:00"", ""prompt_version"": ""v1"", ""persona"": ""expert""}"
"('daoism', 'philosophyofreligion')",daoism,philosophy of religion,2,0,phd,v1,v1,"{""model"": ""Mistral-Nemo"", ""temperature"": 0, ""date"": ""2025-10-05T23:05:58.398125+00:00"", ""prompt_version"": ""v1"", ""persona"": ""phd""}"
"('epistemology', 'evolutionaryepistemology')",evolutionary epistemology,epistemology,3,0,expert,v1,v1,"{""model"": ""Mistral-Nemo"", ""temperature"": 0, ""date"": ""2025-10-05T23:05:59.800082+00:00"", ""prompt_version"": ""v1"", ""persona"": ""expert""}"
"('epistemology', 'evolutionaryepistemology')",evolutionary epistemology,epistemology,3,0,phd,v1,v1,"{""model"": ""Mistral-Nemo"", ""temperature"": 0, ""date"": ""2025-10-05T23:06:01.252443+00:00"", ""prompt_version"": ""v1"", ""persona"": ""phd""}"
"('causationinthelaw', 'philosophyoflaw')",causation in the law,philosophy of law,4,0,novice,v1,v1,"{""model"": ""Mistral-Nemo"", ""temperature"": 0, ""date"": ""2025-10-05T23:06:02.598846+00:00"", ""prompt_version"": ""v1"", ""persona"": ""novice""}"
"('causationinthelaw', 'philosophyoflaw')",causation in the law,philosophy of law,4,0,phd,v1,v1,"{""model"": ""Mistral-Nemo"", ""temperature"": 0, ""date"": ""2025-10-05T23:06:04.014664+00:00"", ""prompt_version"": ""v1"", ""persona"": ""phd""}"
"('philosophyofmind', 'problemofperception')",problem of perception,philosophy of mind,4,0,expert,v1,v1,"{""model"": ""Mistral-Nemo"", ""temperature"": 0, ""date"": ""2025-10-05T23:06:05.365566+00:00"", ""prompt_version"": ""v1"", ""persona"": ""expert""}"
"('philosophyofmind', 'problemofperception')",problem of perception,philosophy of mind,3,0,phd,v1,v1,"{""model"": ""Mistral-Nemo"", ""temperature"": 0, ""date"": ""2025-10-05T23:06:06.775771+00:00"", ""prompt_version"": ""v1"", ""persona"": ""phd""}"
"('consciousnessandpsychology', 'philosophyofmind')",consciousness and psychology,philosophy of mind,4,0,expert,v1,v1,"{""model"": ""Mistral-Nemo"", ""temperature"": 0, ""date"": ""2025-10-05T23:06:09.222101+00:00"", ""prompt_version"": ""v1"", ""persona"": ""expert""}"
"('consciousnessandpsychology', 'philosophyofmind')",consciousness and psychology,philosophy of mind,4,0,phd,v1,v1,"{""model"": ""Mistral-Nemo"", ""temperature"": 0, ""date"": ""2025-10-05T23:06:10.569579+00:00"", ""prompt_version"": ""v1"", ""persona"": ""phd""}"
"('body', 'perception')",body,perception,3,0,expert,v1,v1,"{""model"": ""Mistral-Nemo"", ""temperature"": 0, ""date"": ""2025-10-05T23:06:11.942752+00:00"", ""prompt_version"": ""v1"", ""persona"": ""expert""}"
"('body', 'perception')",body,perception,4,0,phd,v1,v1,"{""model"": ""Mistral-Nemo"", ""temperature"": 0, ""date"": ""2025-10-05T23:06:13.309092+00:00"", ""prompt_version"": ""v1"", ""persona"": ""phd""}"
"('metaphysics', 'singularpropositions')",singular propositions,metaphysics,2,0,expert,v1,v1,"{""model"": ""Mistral-Nemo"", ""temperature"": 0, ""date"": ""2025-10-05T23:06:14.688019+00:00"", ""prompt_version"": ""v1"", ""persona"": ""expert""}"
"('metaphysics', 'singularpropositions')",singular propositions,metaphysics,2,0,phd,v1,v1,"{""model"": ""Mistral-Nemo"", ""temperature"": 0, ""date"": ""2025-10-05T23:06:16.079029+00:00"", ""prompt_version"": ""v1"", ""persona"": ""phd""}"
"('philosophyofmind', 'philosophyofphysics')",philosophy of physics,philosophy of mind,3,0,expert,v1,v1,"{""model"": ""Mistral-Nemo"", ""temperature"": 0, ""date"": ""2025-10-05T23:06:17.437884+00:00"", ""prompt_version"": ""v1"", ""persona"": ""expert""}"
"('philosophyofmind', 'philosophyofphysics')",philosophy of physics,philosophy of mind,3,3,phd,v1,v1,"{""model"": ""Mistral-Nemo"", ""temperature"": 0, ""date"": ""2025-10-05T23:06:18.799409+00:00"", ""prompt_version"": ""v1"", ""persona"": ""phd""}"
"('aposterioriknowledge', 'perception')",a posteriori knowledge,perception,4,0,expert,v1,v1,"{""model"": ""Mistral-Nemo"", ""temperature"": 0, ""date"": ""2025-10-05T23:06:20.503937+00:00"", ""prompt_version"": ""v1"", ""persona"": ""expert""}"
"('aposterioriknowledge', 'perception')",a posteriori knowledge,perception,4,0,phd,v1,v1,"{""model"": ""Mistral-Nemo"", ""temperature"": 0, ""date"": ""2025-10-05T23:06:21.841191+00:00"", ""prompt_version"": ""v1"", ""persona"": ""phd""}"
"('emotionsinthechristiantradition', 'philosophyofreligion')",emotions in the christian tradition,philosophy of religion,4,0,expert,v1,v1,"{""model"": ""Mistral-Nemo"", ""temperature"": 0, ""date"": ""2025-10-05T23:06:23.206405+00:00"", ""prompt_version"": ""v1"", ""persona"": ""expert""}"
"('emotionsinthechristiantradition', 'philosophyofreligion')",emotions in the christian tradition,philosophy of religion,3,0,phd,v1,v1,"{""model"": ""Mistral-Nemo"", ""temperature"": 0, ""date"": ""2025-10-05T23:06:24.582677+00:00"", ""prompt_version"": ""v1"", ""persona"": ""phd""}"
"('consciousnessandintentionality', 'intentionality')",consciousness and intentionality,intentionality,4,0,expert,v1,v1,"{""model"": ""Mistral-Nemo"", ""temperature"": 0, ""date"": ""2025-10-05T23:06:25.928594+00:00"", ""prompt_version"": ""v1"", ""persona"": ""expert""}"
"('consciousnessandintentionality', 'intentionality')",consciousness and intentionality,intentionality,4,0,phd,v1,v1,"{""model"": ""Mistral-Nemo"", ""temperature"": 0, ""date"": ""2025-10-05T23:06:27.292174+00:00"", ""prompt_version"": ""v1"", ""persona"": ""phd""}"
"('perception', 'phenomenologicalapproachestoselfconsciousness')",phenomenological approaches to self-consciousness,perception,3,0,expert,v1,v1,"{""model"": ""Mistral-Nemo"", ""temperature"": 0, ""date"": ""2025-10-05T23:06:28.784116+00:00"", ""prompt_version"": ""v1"", ""persona"": ""expert""}"
"('perception', 'phenomenologicalapproachestoselfconsciousness')",phenomenological approaches to self-consciousness,perception,3,0,phd,v1,v1,"{""model"": ""Mistral-Nemo"", ""temperature"": 0, ""date"": ""2025-10-05T23:06:30.146054+00:00"", ""prompt_version"": ""v1"", ""persona"": ""phd""}"
"('antirealism', 'epistemology')",anti-realism,epistemology,3,0,expert,v1,v1,"{""model"": ""Mistral-Nemo"", ""temperature"": 0, ""date"": ""2025-10-05T23:06:31.504733+00:00"", ""prompt_version"": ""v1"", ""persona"": ""expert""}"
"('antirealism', 'epistemology')",anti-realism,epistemology,2,0,phd,v1,v1,"{""model"": ""Mistral-Nemo"", ""temperature"": 0, ""date"": ""2025-10-05T23:06:32.874808+00:00"", ""prompt_version"": ""v1"", ""persona"": ""phd""}"
"('experienceandperceptionoftime', 'perception')",experience and perception of time,perception,4,0,expert,v1,v1,"{""model"": ""Mistral-Nemo"", ""temperature"": 0, ""date"": ""2025-10-05T23:06:34.227179+00:00"", ""prompt_version"": ""v1"", ""persona"": ""expert""}"
"('experienceandperceptionoftime', 'perception')",experience and perception of time,perception,4,0,phd,v1,v1,"{""model"": ""Mistral-Nemo"", ""temperature"": 0, ""date"": ""2025-10-05T23:06:35.646119+00:00"", ""prompt_version"": ""v1"", ""persona"": ""phd""}"
"('scientificmethodology', 'thescientificmethod')",the scientific method,scientific methodology,4,2,novice,v1,v1,"{""model"": ""Mistral-Nemo"", ""temperature"": 0, ""date"": ""2025-10-05T23:06:37.019876+00:00"", ""prompt_version"": ""v1"", ""persona"": ""novice""}"
"('scientificmethodology', 'thescientificmethod')",the scientific method,scientific methodology,4,2,phd,v1,v1,"{""model"": ""Mistral-Nemo"", ""temperature"": 0, ""date"": ""2025-10-05T23:06:38.345356+00:00"", ""prompt_version"": ""v1"", ""persona"": ""phd""}"
"('mentalcontent', 'nonconceptualmentalcontent')",nonconceptual mental content,mental content,3,0,expert,v1,v1,"{""model"": ""Mistral-Nemo"", ""temperature"": 0, ""date"": ""2025-10-05T23:06:39.724623+00:00"", ""prompt_version"": ""v1"", ""persona"": ""expert""}"
"('mentalcontent', 'nonconceptualmentalcontent')",nonconceptual mental content,mental content,3,0,phd,v1,v1,"{""model"": ""Mistral-Nemo"", ""temperature"": 0, ""date"": ""2025-10-05T23:06:41.098953+00:00"", ""prompt_version"": ""v1"", ""persona"": ""phd""}"
"('epistemology', 'philosophyofphysics')",philosophy of physics,epistemology,3,0,expert,v1,v1,"{""model"": ""Mistral-Nemo"", ""temperature"": 0, ""date"": ""2025-10-05T23:06:42.506789+00:00"", ""prompt_version"": ""v1"", ""persona"": ""expert""}"
"('epistemology', 'philosophyofphysics')",philosophy of physics,epistemology,2,0,phd,v1,v1,"{""model"": ""Mistral-Nemo"", ""temperature"": 0, ""date"": ""2025-10-05T23:06:43.887904+00:00"", ""prompt_version"": ""v1"", ""persona"": ""phd""}"
"('metaphysics', 'peripatetic')",peripatetic,metaphysics,1,-1,expert,v1,v1,"{""model"": ""Mistral-Nemo"", ""temperature"": 0, ""date"": ""2025-10-05T23:06:47.310382+00:00"", ""prompt_version"": ""v1"", ""persona"": ""expert""}"
"('metaphysics', 'peripatetic')",peripatetic,metaphysics,2,0,phd,v1,v1,"{""model"": ""Mistral-Nemo"", ""temperature"": 0, ""date"": ""2025-10-05T23:06:48.664086+00:00"", ""prompt_version"": ""v1"", ""persona"": ""phd""}"
"('expressionism', 'perception')",expressionism,perception,2,-1,expert,v1,v1,"{""model"": ""Mistral-Nemo"", ""temperature"": 0, ""date"": ""2025-10-05T23:06:50.084754+00:00"", ""prompt_version"": ""v1"", ""persona"": ""expert""}"
"('expressionism', 'perception')",expressionism,perception,2,-1,phd,v1,v1,"{""model"": ""Mistral-Nemo"", ""temperature"": 0, ""date"": ""2025-10-05T23:06:51.419367+00:00"", ""prompt_version"": ""v1"", ""persona"": ""phd""}"
"('philosophiesoftheparticularsciences', 'philosophyofmind')",philosophies of the particular sciences,philosophy of mind,3,0,expert,v1,v1,"{""model"": ""Mistral-Nemo"", ""temperature"": 0, ""date"": ""2025-10-05T23:06:52.764678+00:00"", ""prompt_version"": ""v1"", ""persona"": ""expert""}"
"('philosophiesoftheparticularsciences', 'philosophyofmind')",philosophies of the particular sciences,philosophy of mind,2,0,phd,v1,v1,"{""model"": ""Mistral-Nemo"", ""temperature"": 0, ""date"": ""2025-10-05T23:06:54.103149+00:00"", ""prompt_version"": ""v1"", ""persona"": ""phd""}"
"('africanamericanphilosophy', 'africanandafricanamericanphilosophy')",african american philosophy,african and african-american philosophy,4,0,course_taker,v1,v1,"{""model"": ""Mistral-Nemo"", ""temperature"": 0, ""date"": ""2025-10-05T23:06:55.520494+00:00"", ""prompt_version"": ""v1"", ""persona"": ""course_taker""}"
"('africanamericanphilosophy', 'africanandafricanamericanphilosophy')",african american philosophy,african and african-american philosophy,4,0,phd,v1,v1,"{""model"": ""Mistral-Nemo"", ""temperature"": 0, ""date"": ""2025-10-05T23:06:56.955638+00:00"", ""prompt_version"": ""v1"", ""persona"": ""phd""}"
"('philosophyofmind', 'scottishphilosophyinthe19thcentury')",scottish philosophy in the 19th century,philosophy of mind,2,0,expert,v1,v1,"{""model"": ""Mistral-Nemo"", ""temperature"": 0, ""date"": ""2025-10-05T23:06:58.297925+00:00"", ""prompt_version"": ""v1"", ""persona"": ""expert""}"
"('philosophyofmind', 'scottishphilosophyinthe19thcentury')",scottish philosophy in the 19th century,philosophy of mind,2,0,phd,v1,v1,"{""model"": ""Mistral-Nemo"", ""temperature"": 0, ""date"": ""2025-10-05T23:06:59.661759+00:00"", ""prompt_version"": ""v1"", ""persona"": ""phd""}"
"('aristotleandmathematics', 'metaphysics')",aristotle and mathematics,metaphysics,2,0,expert,v1,v1,"{""model"": ""Mistral-Nemo"", ""temperature"": 0, ""date"": ""2025-10-05T23:07:01.013662+00:00"", ""prompt_version"": ""v1"", ""persona"": ""expert""}"
"('aristotleandmathematics', 'metaphysics')",aristotle and mathematics,metaphysics,2,0,phd,v1,v1,"{""model"": ""Mistral-Nemo"", ""temperature"": 0, ""date"": ""2025-10-05T23:07:02.345995+00:00"", ""prompt_version"": ""v1"", ""persona"": ""phd""}"
"('epistemology', 'logicandlanguage')",logic and language,epistemology,3,0,expert,v1,v1,"{""model"": ""Mistral-Nemo"", ""temperature"": 0, ""date"": ""2025-10-05T23:07:03.693578+00:00"", ""prompt_version"": ""v1"", ""persona"": ""expert""}"
"('epistemology', 'logicandlanguage')",logic and language,epistemology,2,0,phd,v1,v1,"{""model"": ""Mistral-Nemo"", ""temperature"": 0, ""date"": ""2025-10-05T23:07:05.911836+00:00"", ""prompt_version"": ""v1"", ""persona"": ""phd""}"
"('idealism', 'modernism')",modernism,idealism,2,1,course_taker,v1,v1,"{""model"": ""Mistral-Nemo"", ""temperature"": 0, ""date"": ""2025-10-05T23:07:07.282407+00:00"", ""prompt_version"": ""v1"", ""persona"": ""course_taker""}"
"('idealism', 'modernism')",modernism,idealism,2,1,expert,v1,v1,"{""model"": ""Mistral-Nemo"", ""temperature"": 0, ""date"": ""2025-10-05T23:07:08.730503+00:00"", ""prompt_version"": ""v1"", ""persona"": ""expert""}"
"('epistemology', 'philosophyofchemistry')",philosophy of chemistry,epistemology,2,0,expert,v1,v1,"{""model"": ""Mistral-Nemo"", ""temperature"": 0, ""date"": ""2025-10-05T23:07:10.161902+00:00"", ""prompt_version"": ""v1"", ""persona"": ""expert""}"
"('epistemology', 'philosophyofchemistry')",philosophy of chemistry,epistemology,2,0,phd,v1,v1,"{""model"": ""Mistral-Nemo"", ""temperature"": 0, ""date"": ""2025-10-05T23:07:11.515767+00:00"", ""prompt_version"": ""v1"", ""persona"": ""phd""}"
"('africanandafricanamericanphilosophy', 'humanrights')",human rights,african and african-american philosophy,2,1,course_taker,v1,v1,"{""model"": ""Mistral-Nemo"", ""temperature"": 0, ""date"": ""2025-10-05T23:07:12.893160+00:00"", ""prompt_version"": ""v1"", ""persona"": ""course_taker""}"
"('africanandafricanamericanphilosophy', 'humanrights')",human rights,african and african-american philosophy,2,1,phd,v1,v1,"{""model"": ""Mistral-Nemo"", ""temperature"": 0, ""date"": ""2025-10-05T23:07:14.362030+00:00"", ""prompt_version"": ""v1"", ""persona"": ""phd""}"
"('logic', 'modallogic')",logic,modal logic,4,1,course_taker,v1,v1,"{""model"": ""Mistral-Nemo"", ""temperature"": 0, ""date"": ""2025-10-05T23:07:15.725382+00:00"", ""prompt_version"": ""v1"", ""persona"": ""course_taker""}"
"('logic', 'modallogic')",logic,modal logic,4,1,phd,v1,v1,"{""model"": ""Mistral-Nemo"", ""temperature"": 0, ""date"": ""2025-10-05T23:07:17.094437+00:00"", ""prompt_version"": ""v1"", ""persona"": ""phd""}"
"('epistemology', 'platoonutopia')",plato on utopia,epistemology,2,0,expert,v1,v1,"{""model"": ""Mistral-Nemo"", ""temperature"": 0, ""date"": ""2025-10-05T23:07:18.449570+00:00"", ""prompt_version"": ""v1"", ""persona"": ""expert""}"
"('epistemology', 'platoonutopia')",plato on utopia,epistemology,2,0,phd,v1,v1,"{""model"": ""Mistral-Nemo"", ""temperature"": 0, ""date"": ""2025-10-05T23:07:19.799226+00:00"", ""prompt_version"": ""v1"", ""persona"": ""phd""}"
"('introspection', 'perception')",introspection,perception,2,0,expert,v1,v1,"{""model"": ""Mistral-Nemo"", ""temperature"": 0, ""date"": ""2025-10-05T23:07:21.199073+00:00"", ""prompt_version"": ""v1"", ""persona"": ""expert""}"
"('introspection', 'perception')",introspection,perception,2,3,phd,v1,v1,"{""model"": ""Mistral-Nemo"", ""temperature"": 0, ""date"": ""2025-10-05T23:07:22.551449+00:00"", ""prompt_version"": ""v1"", ""persona"": ""phd""}"
"('philosophyofreligion', 'transcendentalism')",transcendentalism,philosophy of religion,2,0,expert,v1,v1,"{""model"": ""Mistral-Nemo"", ""temperature"": 0, ""date"": ""2025-10-05T23:07:23.883273+00:00"", ""prompt_version"": ""v1"", ""persona"": ""expert""}"
"('philosophyofreligion', 'transcendentalism')",transcendentalism,philosophy of religion,2,0,phd,v1,v1,"{""model"": ""Mistral-Nemo"", ""temperature"": 0, ""date"": ""2025-10-05T23:07:25.224516+00:00"", ""prompt_version"": ""v1"", ""persona"": ""phd""}"
"('connectionistmodel', 'perception')",connectionist model,perception,3,0,expert,v1,v1,"{""model"": ""Mistral-Nemo"", ""temperature"": 0, ""date"": ""2025-10-05T23:07:26.577266+00:00"", ""prompt_version"": ""v1"", ""persona"": ""expert""}"
"('connectionistmodel', 'perception')",connectionist model,perception,2,0,phd,v1,v1,"{""model"": ""Mistral-Nemo"", ""temperature"": 0, ""date"": ""2025-10-05T23:07:27.942761+00:00"", ""prompt_version"": ""v1"", ""persona"": ""phd""}"
"('philosophyofcomputerscience', 'philosophyoflanguage')",philosophy of computer science,philosophy of language,2,-1,course_taker,v1,v1,"{""model"": ""Mistral-Nemo"", ""temperature"": 0, ""date"": ""2025-10-05T23:07:29.295045+00:00"", ""prompt_version"": ""v1"", ""persona"": ""course_taker""}"
"('philosophyofcomputerscience', 'philosophyoflanguage')",philosophy of computer science,philosophy of language,3,0,expert,v1,v1,"{""model"": ""Mistral-Nemo"", ""temperature"": 0, ""date"": ""2025-10-05T23:07:30.739541+00:00"", ""prompt_version"": ""v1"", ""persona"": ""expert""}"
"('atonement', 'philosophyofreligion')",atonement,philosophy of religion,3,0,expert,v1,v1,"{""model"": ""Mistral-Nemo"", ""temperature"": 0, ""date"": ""2025-10-05T23:07:32.109504+00:00"", ""prompt_version"": ""v1"", ""persona"": ""expert""}"
"('atonement', 'philosophyofreligion')",atonement,philosophy of religion,2,0,phd,v1,v1,"{""model"": ""Mistral-Nemo"", ""temperature"": 0, ""date"": ""2025-10-05T23:07:33.480344+00:00"", ""prompt_version"": ""v1"", ""persona"": ""phd""}"
"('cosmologicalargument', 'philosophyofreligion')",cosmological argument,philosophy of religion,4,0,expert,v1,v1,"{""model"": ""Mistral-Nemo"", ""temperature"": 0, ""date"": ""2025-10-05T23:07:34.834409+00:00"", ""prompt_version"": ""v1"", ""persona"": ""expert""}"
"('cosmologicalargument', 'philosophyofreligion')",cosmological argument,philosophy of religion,4,0,phd,v1,v1,"{""model"": ""Mistral-Nemo"", ""temperature"": 0, ""date"": ""2025-10-05T23:07:36.276682+00:00"", ""prompt_version"": ""v1"", ""persona"": ""phd""}"
"('epistemology', 'internalismandexternalism')",internalism and externalism,epistemology,4,0,expert,v1,v1,"{""model"": ""Mistral-Nemo"", ""temperature"": 0, ""date"": ""2025-10-05T23:07:37.684404+00:00"", ""prompt_version"": ""v1"", ""persona"": ""expert""}"
"('epistemology', 'internalismandexternalism')",internalism and externalism,epistemology,4,0,phd,v1,v1,"{""model"": ""Mistral-Nemo"", ""temperature"": 0, ""date"": ""2025-10-05T23:07:39.042040+00:00"", ""prompt_version"": ""v1"", ""persona"": ""phd""}"
"('historyoflogic', 'informallogic')",informal logic,history of logic,2,0,novice,v1,v1,"{""model"": ""Mistral-Nemo"", ""temperature"": 0, ""date"": ""2025-10-05T23:07:40.419868+00:00"", ""prompt_version"": ""v1"", ""persona"": ""novice""}"
"('historyoflogic', 'informallogic')",informal logic,history of logic,2,0,phd,v1,v1,"{""model"": ""Mistral-Nemo"", ""temperature"": 0, ""date"": ""2025-10-05T23:07:42.170516+00:00"", ""prompt_version"": ""v1"", ""persona"": ""phd""}"
"('metaphysics', 'socialphilosophyandpoliticalphilosophy')",social philosophy and political philosophy,metaphysics,2,1,expert,v1,v1,"{""model"": ""Mistral-Nemo"", ""temperature"": 0, ""date"": ""2025-10-05T23:07:43.538867+00:00"", ""prompt_version"": ""v1"", ""persona"": ""expert""}"
"('metaphysics', 'socialphilosophyandpoliticalphilosophy')",social philosophy and political philosophy,metaphysics,2,1,phd,v1,v1,"{""model"": ""Mistral-Nemo"", ""temperature"": 0, ""date"": ""2025-10-05T23:07:44.973289+00:00"", ""prompt_version"": ""v1"", ""persona"": ""phd""}"
"('medievalpoliticalphilosophy', 'socialandpoliticalphilosophy')",medieval political philosophy,social and political philosophy,4,0,expert,v1,v1,"{""model"": ""Mistral-Nemo"", ""temperature"": 0, ""date"": ""2025-10-05T23:07:46.360003+00:00"", ""prompt_version"": ""v1"", ""persona"": ""expert""}"
"('medievalpoliticalphilosophy', 'socialandpoliticalphilosophy')",medieval political philosophy,social and political philosophy,3,0,phd,v1,v1,"{""model"": ""Mistral-Nemo"", ""temperature"": 0, ""date"": ""2025-10-05T23:07:47.767959+00:00"", ""prompt_version"": ""v1"", ""persona"": ""phd""}"
"('determinatesvsdeterminables', 'historyoflogic')",determinates vs. determinables,history of logic,2,0,novice,v1,v1,"{""model"": ""Mistral-Nemo"", ""temperature"": 0, ""date"": ""2025-10-05T23:07:49.131387+00:00"", ""prompt_version"": ""v1"", ""persona"": ""novice""}"
"('determinatesvsdeterminables', 'historyoflogic')",determinates vs. determinables,history of logic,2,-1,phd,v1,v1,"{""model"": ""Mistral-Nemo"", ""temperature"": 0, ""date"": ""2025-10-05T23:07:50.476524+00:00"", ""prompt_version"": ""v1"", ""persona"": ""phd""}"
"('epistemology', 'optimism')",optimism,epistemology,2,0,expert,v1,v1,"{""model"": ""Mistral-Nemo"", ""temperature"": 0, ""date"": ""2025-10-05T23:07:51.813146+00:00"", ""prompt_version"": ""v1"", ""persona"": ""expert""}"
"('epistemology', 'optimism')",optimism,epistemology,2,0,phd,v1,v1,"{""model"": ""Mistral-Nemo"", ""temperature"": 0, ""date"": ""2025-10-05T23:07:53.551297+00:00"", ""prompt_version"": ""v1"", ""persona"": ""phd""}"
"('phenomenologyofreligion', 'philosophyofreligion')",phenomenology of religion,philosophy of religion,3,0,expert,v1,v1,"{""model"": ""Mistral-Nemo"", ""temperature"": 0, ""date"": ""2025-10-05T23:07:54.933685+00:00"", ""prompt_version"": ""v1"", ""persona"": ""expert""}"
"('phenomenologyofreligion', 'philosophyofreligion')",phenomenology of religion,philosophy of religion,3,0,phd,v1,v1,"{""model"": ""Mistral-Nemo"", ""temperature"": 0, ""date"": ""2025-10-05T23:07:56.266984+00:00"", ""prompt_version"": ""v1"", ""persona"": ""phd""}"
"('metaphysics', 'philosophyofspaceandtime')",philosophy of space and time,metaphysics,4,0,expert,v1,v1,"{""model"": ""Mistral-Nemo"", ""temperature"": 0, ""date"": ""2025-10-05T23:07:57.636782+00:00"", ""prompt_version"": ""v1"", ""persona"": ""expert""}"
"('metaphysics', 'philosophyofspaceandtime')",philosophy of space and time,metaphysics,4,0,phd,v1,v1,"{""model"": ""Mistral-Nemo"", ""temperature"": 0, ""date"": ""2025-10-05T23:07:58.993347+00:00"", ""prompt_version"": ""v1"", ""persona"": ""phd""}"
"('epistemology', 'philosophyoflogic')",philosophy of logic,epistemology,3,0,expert,v1,v1,"{""model"": ""Mistral-Nemo"", ""temperature"": 0, ""date"": ""2025-10-05T23:08:00.343494+00:00"", ""prompt_version"": ""v1"", ""persona"": ""expert""}"
"('epistemology', 'philosophyoflogic')",philosophy of logic,epistemology,2,0,phd,v1,v1,"{""model"": ""Mistral-Nemo"", ""temperature"": 0, ""date"": ""2025-10-05T23:08:01.715160+00:00"", ""prompt_version"": ""v1"", ""persona"": ""phd""}"
"('existence', 'perception')",existence,perception,2,1,expert,v1,v1,"{""model"": ""Mistral-Nemo"", ""temperature"": 0, ""date"": ""2025-10-05T23:08:03.323923+00:00"", ""prompt_version"": ""v1"", ""persona"": ""expert""}"
"('existence', 'perception')",existence,perception,2,1,phd,v1,v1,"{""model"": ""Mistral-Nemo"", ""temperature"": 0, ""date"": ""2025-10-05T23:08:04.786372+00:00"", ""prompt_version"": ""v1"", ""persona"": ""phd""}"
"('computationandrepresentation', 'perception')",computation and representation,perception,2,1,expert,v1,v1,"{""model"": ""Mistral-Nemo"", ""temperature"": 0, ""date"": ""2025-10-05T23:08:06.189434+00:00"", ""prompt_version"": ""v1"", ""persona"": ""expert""}"
"('computationandrepresentation', 'perception')",computation and representation,perception,2,1,phd,v1,v1,"{""model"": ""Mistral-Nemo"", ""temperature"": 0, ""date"": ""2025-10-05T23:08:07.615238+00:00"", ""prompt_version"": ""v1"", ""persona"": ""phd""}"
"('ancientphilosophyaristotle', 'philosophyofmind')",ancient philosophy (aristotle),philosophy of mind,2,1,expert,v1,v1,"{""model"": ""Mistral-Nemo"", ""temperature"": 0, ""date"": ""2025-10-05T23:08:08.996516+00:00"", ""prompt_version"": ""v1"", ""persona"": ""expert""}"
"('ancientphilosophyaristotle', 'philosophyofmind')",ancient philosophy (aristotle),philosophy of mind,2,1,phd,v1,v1,"{""model"": ""Mistral-Nemo"", ""temperature"": 0, ""date"": ""2025-10-05T23:08:10.340466+00:00"", ""prompt_version"": ""v1"", ""persona"": ""phd""}"
"('philosophyofmind', 'virtuesandvices')",virtues and vices,philosophy of mind,2,1,expert,v1,v1,"{""model"": ""Mistral-Nemo"", ""temperature"": 0, ""date"": ""2025-10-05T23:08:11.692733+00:00"", ""prompt_version"": ""v1"", ""persona"": ""expert""}"
"('philosophyofmind', 'virtuesandvices')",virtues and vices,philosophy of mind,2,1,phd,v1,v1,"{""model"": ""Mistral-Nemo"", ""temperature"": 0, ""date"": ""2025-10-05T23:08:13.032868+00:00"", ""prompt_version"": ""v1"", ""persona"": ""phd""}"
"('epistemology', 'ideas')",ideas,epistemology,4,1,expert,v1,v1,"{""model"": ""Mistral-Nemo"", ""temperature"": 0, ""date"": ""2025-10-05T23:08:14.428124+00:00"", ""prompt_version"": ""v1"", ""persona"": ""expert""}"
"('epistemology', 'ideas')",ideas,epistemology,3,0,phd,v1,v1,"{""model"": ""Mistral-Nemo"", ""temperature"": 0, ""date"": ""2025-10-05T23:08:15.752154+00:00"", ""prompt_version"": ""v1"", ""persona"": ""phd""}"
"('identitytheoryoftruth', 'metaphysics')",identity theory of truth,metaphysics,4,0,expert,v1,v1,"{""model"": ""Mistral-Nemo"", ""temperature"": 0, ""date"": ""2025-10-05T23:08:17.131747+00:00"", ""prompt_version"": ""v1"", ""persona"": ""expert""}"
"('identitytheoryoftruth', 'metaphysics')",identity theory of truth,metaphysics,3,0,phd,v1,v1,"{""model"": ""Mistral-Nemo"", ""temperature"": 0, ""date"": ""2025-10-05T23:08:18.503034+00:00"", ""prompt_version"": ""v1"", ""persona"": ""phd""}"
"('abstractobject', 'metaphysics')",abstract object,metaphysics,4,0,expert,v1,v1,"{""model"": ""Mistral-Nemo"", ""temperature"": 0, ""date"": ""2025-10-05T23:08:20.100860+00:00"", ""prompt_version"": ""v1"", ""persona"": ""expert""}"
"('abstractobject', 'metaphysics')",abstract object,metaphysics,4,0,phd,v1,v1,"{""model"": ""Mistral-Nemo"", ""temperature"": 0, ""date"": ""2025-10-05T23:08:21.478025+00:00"", ""prompt_version"": ""v1"", ""persona"": ""phd""}"
"('internalism', 'philosophyofmind')",internalism,philosophy of mind,4,0,expert,v1,v1,"{""model"": ""Mistral-Nemo"", ""temperature"": 0, ""date"": ""2025-10-05T23:08:22.837761+00:00"", ""prompt_version"": ""v1"", ""persona"": ""expert""}"
"('internalism', 'philosophyofmind')",internalism,philosophy of mind,3,0,phd,v1,v1,"{""model"": ""Mistral-Nemo"", ""temperature"": 0, ""date"": ""2025-10-05T23:08:24.198317+00:00"", ""prompt_version"": ""v1"", ""persona"": ""phd""}"
"('artificialintelligence', 'distributedrepresentation')",distributed representation,artificial intelligence,3,0,expert,v1,v1,"{""model"": ""Mistral-Nemo"", ""temperature"": 0, ""date"": ""2025-10-05T23:08:25.561025+00:00"", ""prompt_version"": ""v1"", ""persona"": ""expert""}"
"('artificialintelligence', 'distributedrepresentation')",distributed representation,artificial intelligence,2,0,phd,v1,v1,"{""model"": ""Mistral-Nemo"", ""temperature"": 0, ""date"": ""2025-10-05T23:08:26.919608+00:00"", ""prompt_version"": ""v1"", ""persona"": ""phd""}"
"('consciousness', 'philosophyofmind')",consciousness,philosophy of mind,4,0,expert,v1,v1,"{""model"": ""Mistral-Nemo"", ""temperature"": 0, ""date"": ""2025-10-05T23:08:28.265623+00:00"", ""prompt_version"": ""v1"", ""persona"": ""expert""}"
"('consciousness', 'philosophyofmind')",consciousness,philosophy of mind,4,0,phd,v1,v1,"{""model"": ""Mistral-Nemo"", ""temperature"": 0, ""date"": ""2025-10-05T23:08:29.605229+00:00"", ""prompt_version"": ""v1"", ""persona"": ""phd""}"
"('epistemology', 'inductivelogicanddecisiontheory')",inductive logic and decision theory,epistemology,2,0,expert,v1,v1,"{""model"": ""Mistral-Nemo"", ""temperature"": 0, ""date"": ""2025-10-05T23:08:31.010532+00:00"", ""prompt_version"": ""v1"", ""persona"": ""expert""}"
"('epistemology', 'inductivelogicanddecisiontheory')",inductive logic and decision theory,epistemology,2,0,phd,v1,v1,"{""model"": ""Mistral-Nemo"", ""temperature"": 0, ""date"": ""2025-10-05T23:08:32.393503+00:00"", ""prompt_version"": ""v1"", ""persona"": ""phd""}"
"('folkpsychology', 'inputunit')",input unit,folk psychology,2,0,expert,v1,v1,"{""model"": ""Mistral-Nemo"", ""temperature"": 0, ""date"": ""2025-10-05T23:08:33.829160+00:00"", ""prompt_version"": ""v1"", ""persona"": ""expert""}"
"('folkpsychology', 'inputunit')",input unit,folk psychology,2,0,phd,v1,v1,"{""model"": ""Mistral-Nemo"", ""temperature"": 0, ""date"": ""2025-10-05T23:08:35.186571+00:00"", ""prompt_version"": ""v1"", ""persona"": ""phd""}"
"('dualismandmetaphysicsofmind', 'philosophyofmind')",dualism and metaphysics of mind,philosophy of mind,4,0,expert,v1,v1,"{""model"": ""Mistral-Nemo"", ""temperature"": 0, ""date"": ""2025-10-05T23:08:36.519390+00:00"", ""prompt_version"": ""v1"", ""persona"": ""expert""}"
"('dualismandmetaphysicsofmind', 'philosophyofmind')",dualism and metaphysics of mind,philosophy of mind,4,0,phd,v1,v1,"{""model"": ""Mistral-Nemo"", ""temperature"": 0, ""date"": ""2025-10-05T23:08:37.865104+00:00"", ""prompt_version"": ""v1"", ""persona"": ""phd""}"
"('philosophyofphysics', 'philosophyofscienceandthesciences')",philosophy of physics,philosophy of science and the sciences,4,0,expert,v1,v1,"{""model"": ""Mistral-Nemo"", ""temperature"": 0, ""date"": ""2025-10-05T23:08:39.214669+00:00"", ""prompt_version"": ""v1"", ""persona"": ""expert""}"
"('philosophyofphysics', 'philosophyofscienceandthesciences')",philosophy of physics,philosophy of science and the sciences,4,0,phd,v1,v1,"{""model"": ""Mistral-Nemo"", ""temperature"": 0, ""date"": ""2025-10-05T23:08:40.593462+00:00"", ""prompt_version"": ""v1"", ""persona"": ""phd""}"
"('mentalimagery', 'perception')",mental imagery,perception,3,0,expert,v1,v1,"{""model"": ""Mistral-Nemo"", ""temperature"": 0, ""date"": ""2025-10-05T23:08:41.974139+00:00"", ""prompt_version"": ""v1"", ""persona"": ""expert""}"
"('mentalimagery', 'perception')",mental imagery,perception,2,0,phd,v1,v1,"{""model"": ""Mistral-Nemo"", ""temperature"": 0, ""date"": ""2025-10-05T23:08:43.325238+00:00"", ""prompt_version"": ""v1"", ""persona"": ""phd""}"
"('afterlife', 'heavenandhell')",heaven and hell,afterlife,4,0,expert,v1,v1,"{""model"": ""Mistral-Nemo"", ""temperature"": 0, ""date"": ""2025-10-05T23:08:44.672307+00:00"", ""prompt_version"": ""v1"", ""persona"": ""expert""}"
"('afterlife', 'heavenandhell')",heaven and hell,afterlife,4,0,phd,v1,v1,"{""model"": ""Mistral-Nemo"", ""temperature"": 0, ""date"": ""2025-10-05T23:08:46.057091+00:00"", ""prompt_version"": ""v1"", ""persona"": ""phd""}"
"('divinerevelation', 'philosophyofreligion')",divine revelation,philosophy of religion,3,0,expert,v1,v1,"{""model"": ""Mistral-Nemo"", ""temperature"": 0, ""date"": ""2025-10-05T23:08:47.408362+00:00"", ""prompt_version"": ""v1"", ""persona"": ""expert""}"
"('divinerevelation', 'philosophyofreligion')",divine revelation,philosophy of religion,3,0,phd,v1,v1,"{""model"": ""Mistral-Nemo"", ""temperature"": 0, ""date"": ""2025-10-05T23:08:48.758597+00:00"", ""prompt_version"": ""v1"", ""persona"": ""phd""}"
"('mind', 'philosophyofmind')",mind,philosophy of mind,4,0,expert,v1,v1,"{""model"": ""Mistral-Nemo"", ""temperature"": 0, ""date"": ""2025-10-05T23:08:50.174143+00:00"", ""prompt_version"": ""v1"", ""persona"": ""expert""}"
"('mind', 'philosophyofmind')",mind,philosophy of mind,4,0,phd,v1,v1,"{""model"": ""Mistral-Nemo"", ""temperature"": 0, ""date"": ""2025-10-05T23:08:51.575237+00:00"", ""prompt_version"": ""v1"", ""persona"": ""phd""}"
"('folkpsychology', 'simulationtheory')",simulation theory,folk psychology,2,0,expert,v1,v1,"{""model"": ""Mistral-Nemo"", ""temperature"": 0, ""date"": ""2025-10-05T23:08:52.913383+00:00"", ""prompt_version"": ""v1"", ""persona"": ""expert""}"
"('folkpsychology', 'simulationtheory')",simulation theory,folk psychology,2,0,phd,v1,v1,"{""model"": ""Mistral-Nemo"", ""temperature"": 0, ""date"": ""2025-10-05T23:08:54.255869+00:00"", ""prompt_version"": ""v1"", ""persona"": ""phd""}"
"('existence', 'existentialism')",existentialism,existence,4,0,course_taker,v1,v1,"{""model"": ""Mistral-Nemo"", ""temperature"": 0, ""date"": ""2025-10-05T23:08:55.611921+00:00"", ""prompt_version"": ""v1"", ""persona"": ""course_taker""}"
"('existence', 'existentialism')",existentialism,existence,3,0,phd,v1,v1,"{""model"": ""Mistral-Nemo"", ""temperature"": 0, ""date"": ""2025-10-05T23:08:56.987103+00:00"", ""prompt_version"": ""v1"", ""persona"": ""phd""}"
"('interpretationsofprobability', 'philosophyofscienceandthesciences')",interpretations of probability,philosophy of science and the sciences,4,0,expert,v1,v1,"{""model"": ""Mistral-Nemo"", ""temperature"": 0, ""date"": ""2025-10-05T23:08:58.351320+00:00"", ""prompt_version"": ""v1"", ""persona"": ""expert""}"
"('interpretationsofprobability', 'philosophyofscienceandthesciences')",interpretations of probability,philosophy of science and the sciences,3,0,phd,v1,v1,"{""model"": ""Mistral-Nemo"", ""temperature"": 0, ""date"": ""2025-10-05T23:08:59.683540+00:00"", ""prompt_version"": ""v1"", ""persona"": ""phd""}"
"('deontology', 'ethics')",ethics,deontology,3,1,novice,v1,v1,"{""model"": ""Mistral-Nemo"", ""temperature"": 0, ""date"": ""2025-10-05T23:09:01.033855+00:00"", ""prompt_version"": ""v1"", ""persona"": ""novice""}"
"('deontology', 'ethics')",ethics,deontology,3,1,phd,v1,v1,"{""model"": ""Mistral-Nemo"", ""temperature"": 0, ""date"": ""2025-10-05T23:09:02.411123+00:00"", ""prompt_version"": ""v1"", ""persona"": ""phd""}"
"('logic', 'logicandlanguage')",logic,logic and language,4,0,course_taker,v1,v1,"{""model"": ""Mistral-Nemo"", ""temperature"": 0, ""date"": ""2025-10-05T23:09:03.744008+00:00"", ""prompt_version"": ""v1"", ""persona"": ""course_taker""}"
"('logic', 'logicandlanguage')",logic,logic and language,4,0,phd,v1,v1,"{""model"": ""Mistral-Nemo"", ""temperature"": 0, ""date"": ""2025-10-05T23:09:05.148548+00:00"", ""prompt_version"": ""v1"", ""persona"": ""phd""}"
"('constructivemathematics', 'philosophyofscienceandthesciences')",constructive mathematics,philosophy of science and the sciences,2,-1,expert,v1,v1,"{""model"": ""Mistral-Nemo"", ""temperature"": 0, ""date"": ""2025-10-05T23:09:06.490516+00:00"", ""prompt_version"": ""v1"", ""persona"": ""expert""}"
"('constructivemathematics', 'philosophyofscienceandthesciences')",constructive mathematics,philosophy of science and the sciences,2,0,phd,v1,v1,"{""model"": ""Mistral-Nemo"", ""temperature"": 0, ""date"": ""2025-10-05T23:09:07.851993+00:00"", ""prompt_version"": ""v1"", ""persona"": ""phd""}"
"('philosophyofmind', 'unityofconsciousness')",unity of consciousness,philosophy of mind,4,0,expert,v1,v1,"{""model"": ""Mistral-Nemo"", ""temperature"": 0, ""date"": ""2025-10-05T23:09:09.210428+00:00"", ""prompt_version"": ""v1"", ""persona"": ""expert""}"
"('philosophyofmind', 'unityofconsciousness')",unity of consciousness,philosophy of mind,3,0,phd,v1,v1,"{""model"": ""Mistral-Nemo"", ""temperature"": 0, ""date"": ""2025-10-05T23:09:10.570874+00:00"", ""prompt_version"": ""v1"", ""persona"": ""phd""}"
"('otherminds', 'philosophyofmind')",other minds,philosophy of mind,4,0,expert,v1,v1,"{""model"": ""Mistral-Nemo"", ""temperature"": 0, ""date"": ""2025-10-05T23:09:11.929951+00:00"", ""prompt_version"": ""v1"", ""persona"": ""expert""}"
"('otherminds', 'philosophyofmind')",other minds,philosophy of mind,4,0,phd,v1,v1,"{""model"": ""Mistral-Nemo"", ""temperature"": 0, ""date"": ""2025-10-05T23:09:13.440042+00:00"", ""prompt_version"": ""v1"", ""persona"": ""phd""}"
"('perception', 'psychologicaltheory')",psychological theory,perception,3,0,expert,v1,v1,"{""model"": ""Mistral-Nemo"", ""temperature"": 0, ""date"": ""2025-10-05T23:09:14.780459+00:00"", ""prompt_version"": ""v1"", ""persona"": ""expert""}"
"('perception', 'psychologicaltheory')",psychological theory,perception,2,1,phd,v1,v1,"{""model"": ""Mistral-Nemo"", ""temperature"": 0, ""date"": ""2025-10-05T23:09:16.152592+00:00"", ""prompt_version"": ""v1"", ""persona"": ""phd""}"
"('knowledgeargument', 'physicalism')",knowledge argument,physicalism,2,0,expert,v1,v1,"{""model"": ""Mistral-Nemo"", ""temperature"": 0, ""date"": ""2025-10-05T23:09:17.490764+00:00"", ""prompt_version"": ""v1"", ""persona"": ""expert""}"
"('knowledgeargument', 'physicalism')",knowledge argument,physicalism,2,0,phd,v1,v1,"{""model"": ""Mistral-Nemo"", ""temperature"": 0, ""date"": ""2025-10-05T23:09:19.113840+00:00"", ""prompt_version"": ""v1"", ""persona"": ""phd""}"
"('epistemology', 'moralepistemology')",moral epistemology,epistemology,4,0,expert,v1,v1,"{""model"": ""Mistral-Nemo"", ""temperature"": 0, ""date"": ""2025-10-05T23:09:20.512481+00:00"", ""prompt_version"": ""v1"", ""persona"": ""expert""}"
"('epistemology', 'moralepistemology')",moral epistemology,epistemology,4,0,phd,v1,v1,"{""model"": ""Mistral-Nemo"", ""temperature"": 0, ""date"": ""2025-10-05T23:09:21.834786+00:00"", ""prompt_version"": ""v1"", ""persona"": ""phd""}"
"('epistemology', 'externalism')",externalism,epistemology,4,0,expert,v1,v1,"{""model"": ""Mistral-Nemo"", ""temperature"": 0, ""date"": ""2025-10-05T23:09:23.172199+00:00"", ""prompt_version"": ""v1"", ""persona"": ""expert""}"
"('epistemology', 'externalism')",externalism,epistemology,3,0,phd,v1,v1,"{""model"": ""Mistral-Nemo"", ""temperature"": 0, ""date"": ""2025-10-05T23:09:24.633109+00:00"", ""prompt_version"": ""v1"", ""persona"": ""phd""}"
"('epistemology', 'realismandantirealism')",realism and anti-realism,epistemology,4,0,expert,v1,v1,"{""model"": ""Mistral-Nemo"", ""temperature"": 0, ""date"": ""2025-10-05T23:09:25.976522+00:00"", ""prompt_version"": ""v1"", ""persona"": ""expert""}"
"('epistemology', 'realismandantirealism')",realism and anti-realism,epistemology,3,0,phd,v1,v1,"{""model"": ""Mistral-Nemo"", ""temperature"": 0, ""date"": ""2025-10-05T23:09:27.353304+00:00"", ""prompt_version"": ""v1"", ""persona"": ""phd""}"
"('object', 'perception')",object,perception,3,0,expert,v1,v1,"{""model"": ""Mistral-Nemo"", ""temperature"": 0, ""date"": ""2025-10-05T23:09:28.705029+00:00"", ""prompt_version"": ""v1"", ""persona"": ""expert""}"
"('object', 'perception')",object,perception,3,1,phd,v1,v1,"{""model"": ""Mistral-Nemo"", ""temperature"": 0, ""date"": ""2025-10-05T23:09:30.049323+00:00"", ""prompt_version"": ""v1"", ""persona"": ""phd""}"
"('artificialintelligence', 'logicandlanguage')",logic and language,artificial intelligence,2,1,expert,v1,v1,"{""model"": ""Mistral-Nemo"", ""temperature"": 0, ""date"": ""2025-10-05T23:09:31.391467+00:00"", ""prompt_version"": ""v1"", ""persona"": ""expert""}"
"('artificialintelligence', 'logicandlanguage')",logic and language,artificial intelligence,2,1,phd,v1,v1,"{""model"": ""Mistral-Nemo"", ""temperature"": 0, ""date"": ""2025-10-05T23:09:32.914696+00:00"", ""prompt_version"": ""v1"", ""persona"": ""phd""}"
"('animalcognition', 'folkpsychology')",animal cognition,folk psychology,3,0,expert,v1,v1,"{""model"": ""Mistral-Nemo"", ""temperature"": 0, ""date"": ""2025-10-05T23:09:34.282573+00:00"", ""prompt_version"": ""v1"", ""persona"": ""expert""}"
"('animalcognition', 'folkpsychology')",animal cognition,folk psychology,3,0,phd,v1,v1,"{""model"": ""Mistral-Nemo"", ""temperature"": 0, ""date"": ""2025-10-05T23:09:35.611562+00:00"", ""prompt_version"": ""v1"", ""persona"": ""phd""}"
"('metaphysics', 'sophists')",sophists,metaphysics,2,0,expert,v1,v1,"{""model"": ""Mistral-Nemo"", ""temperature"": 0, ""date"": ""2025-10-05T23:09:36.998179+00:00"", ""prompt_version"": ""v1"", ""persona"": ""expert""}"
"('metaphysics', 'sophists')",sophists,metaphysics,1,-1,phd,v1,v1,"{""model"": ""Mistral-Nemo"", ""temperature"": 0, ""date"": ""2025-10-05T23:09:38.364755+00:00"", ""prompt_version"": ""v1"", ""persona"": ""phd""}"
"('fideism', 'philosophyofreligion')",fideism,philosophy of religion,3,0,expert,v1,v1,"{""model"": ""Mistral-Nemo"", ""temperature"": 0, ""date"": ""2025-10-05T23:09:39.696954+00:00"", ""prompt_version"": ""v1"", ""persona"": ""expert""}"
"('fideism', 'philosophyofreligion')",fideism,philosophy of religion,2,0,phd,v1,v1,"{""model"": ""Mistral-Nemo"", ""temperature"": 0, ""date"": ""2025-10-05T23:09:41.012133+00:00"", ""prompt_version"": ""v1"", ""persona"": ""phd""}"
"('logicandlanguage', 'philosophyoflanguage')",logic and language,philosophy of language,4,0,expert,v1,v1,"{""model"": ""Mistral-Nemo"", ""temperature"": 0, ""date"": ""2025-10-05T23:09:42.382884+00:00"", ""prompt_version"": ""v1"", ""persona"": ""expert""}"
"('logicandlanguage', 'philosophyoflanguage')",logic and language,philosophy of language,4,0,phd,v1,v1,"{""model"": ""Mistral-Nemo"", ""temperature"": 0, ""date"": ""2025-10-05T23:09:43.731392+00:00"", ""prompt_version"": ""v1"", ""persona"": ""phd""}"
"('determinism', 'freewill')",determinism,free will,4,1,expert,v1,v1,"{""model"": ""Mistral-Nemo"", ""temperature"": 0, ""date"": ""2025-10-05T23:09:45.088892+00:00"", ""prompt_version"": ""v1"", ""persona"": ""expert""}"
"('determinism', 'freewill')",determinism,free will,4,1,phd,v1,v1,"{""model"": ""Mistral-Nemo"", ""temperature"": 0, ""date"": ""2025-10-05T23:09:46.452893+00:00"", ""prompt_version"": ""v1"", ""persona"": ""phd""}"
"('kantsphilosophyofreligion', 'metaphysics')",kant's philosophy of religion,metaphysics,3,0,expert,v1,v1,"{""model"": ""Mistral-Nemo"", ""temperature"": 0, ""date"": ""2025-10-05T23:09:47.791736+00:00"", ""prompt_version"": ""v1"", ""persona"": ""expert""}"
"('kantsphilosophyofreligion', 'metaphysics')",kant's philosophy of religion,metaphysics,3,0,phd,v1,v1,"{""model"": ""Mistral-Nemo"", ""temperature"": 0, ""date"": ""2025-10-05T23:09:49.792938+00:00"", ""prompt_version"": ""v1"", ""persona"": ""phd""}"
"('causaltheoriesofmentalcontent', 'mentalcontent')",causal theories of mental content,mental content,4,0,expert,v1,v1,"{""model"": ""Mistral-Nemo"", ""temperature"": 0, ""date"": ""2025-10-05T23:09:51.158683+00:00"", ""prompt_version"": ""v1"", ""persona"": ""expert""}"
"('causaltheoriesofmentalcontent', 'mentalcontent')",causal theories of mental content,mental content,4,0,phd,v1,v1,"{""model"": ""Mistral-Nemo"", ""temperature"": 0, ""date"": ""2025-10-05T23:09:52.720278+00:00"", ""prompt_version"": ""v1"", ""persona"": ""phd""}"
"('bioethics', 'culturalrelativism')",cultural relativism,bioethics,2,1,expert,v1,v1,"{""model"": ""Mistral-Nemo"", ""temperature"": 0, ""date"": ""2025-10-05T23:09:54.055668+00:00"", ""prompt_version"": ""v1"", ""persona"": ""expert""}"
"('bioethics', 'culturalrelativism')",cultural relativism,bioethics,2,1,phd,v1,v1,"{""model"": ""Mistral-Nemo"", ""temperature"": 0, ""date"": ""2025-10-05T23:09:55.402459+00:00"", ""prompt_version"": ""v1"", ""persona"": ""phd""}"
"('judaicphilosophy', 'judaism')",judaic philosophy,judaism,4,0,course_taker,v1,v1,"{""model"": ""Mistral-Nemo"", ""temperature"": 0, ""date"": ""2025-10-05T23:09:56.756641+00:00"", ""prompt_version"": ""v1"", ""persona"": ""course_taker""}"
"('judaicphilosophy', 'judaism')",judaic philosophy,judaism,4,0,phd,v1,v1,"{""model"": ""Mistral-Nemo"", ""temperature"": 0, ""date"": ""2025-10-05T23:09:58.109586+00:00"", ""prompt_version"": ""v1"", ""persona"": ""phd""}"
"('epistemologicalproblemsofperception', 'philosophyofmind')",epistemological problems of perception,philosophy of mind,3,0,expert,v1,v1,"{""model"": ""Mistral-Nemo"", ""temperature"": 0, ""date"": ""2025-10-05T23:09:59.442621+00:00"", ""prompt_version"": ""v1"", ""persona"": ""expert""}"
"('epistemologicalproblemsofperception', 'philosophyofmind')",epistemological problems of perception,philosophy of mind,3,0,phd,v1,v1,"{""model"": ""Mistral-Nemo"", ""temperature"": 0, ""date"": ""2025-10-05T23:10:00.751682+00:00"", ""prompt_version"": ""v1"", ""persona"": ""phd""}"
"('epistemologicalproblemsofperception', 'perception')",epistemological problems of perception,perception,4,0,expert,v1,v1,"{""model"": ""Mistral-Nemo"", ""temperature"": 0, ""date"": ""2025-10-05T23:10:02.205040+00:00"", ""prompt_version"": ""v1"", ""persona"": ""expert""}"
"('epistemologicalproblemsofperception', 'perception')",epistemological problems of perception,perception,4,0,phd,v1,v1,"{""model"": ""Mistral-Nemo"", ""temperature"": 0, ""date"": ""2025-10-05T23:10:03.531200+00:00"", ""prompt_version"": ""v1"", ""persona"": ""phd""}"
"('kantsphilosophicaldevelopment', 'metaphysics')",kant's philosophical development,metaphysics,3,0,expert,v1,v1,"{""model"": ""Mistral-Nemo"", ""temperature"": 0, ""date"": ""2025-10-05T23:10:04.877028+00:00"", ""prompt_version"": ""v1"", ""persona"": ""expert""}"
"('kantsphilosophicaldevelopment', 'metaphysics')",kant's philosophical development,metaphysics,3,0,phd,v1,v1,"{""model"": ""Mistral-Nemo"", ""temperature"": 0, ""date"": ""2025-10-05T23:10:06.292262+00:00"", ""prompt_version"": ""v1"", ""persona"": ""phd""}"
"('abstractexpressionism', 'perception')",abstract expressionism,perception,2,0,expert,v1,v1,"{""model"": ""Mistral-Nemo"", ""temperature"": 0, ""date"": ""2025-10-05T23:10:07.635404+00:00"", ""prompt_version"": ""v1"", ""persona"": ""expert""}"
"('abstractexpressionism', 'perception')",abstract expressionism,perception,2,-1,phd,v1,v1,"{""model"": ""Mistral-Nemo"", ""temperature"": 0, ""date"": ""2025-10-05T23:10:08.962728+00:00"", ""prompt_version"": ""v1"", ""persona"": ""phd""}"
"('mentalcontent', 'narrowmentalcontent')",narrow mental content,mental content,3,0,expert,v1,v1,"{""model"": ""Mistral-Nemo"", ""temperature"": 0, ""date"": ""2025-10-05T23:10:10.323012+00:00"", ""prompt_version"": ""v1"", ""persona"": ""expert""}"
"('mentalcontent', 'narrowmentalcontent')",narrow mental content,mental content,3,0,phd,v1,v1,"{""model"": ""Mistral-Nemo"", ""temperature"": 0, ""date"": ""2025-10-05T23:10:11.648681+00:00"", ""prompt_version"": ""v1"", ""persona"": ""phd""}"
"('epistemology', 'perception')",perception,epistemology,4,0,expert,v1,v1,"{""model"": ""Mistral-Nemo"", ""temperature"": 0, ""date"": ""2025-10-05T23:10:12.990654+00:00"", ""prompt_version"": ""v1"", ""persona"": ""expert""}"
"('epistemology', 'perception')",perception,epistemology,3,0,phd,v1,v1,"{""model"": ""Mistral-Nemo"", ""temperature"": 0, ""date"": ""2025-10-05T23:10:14.396666+00:00"", ""prompt_version"": ""v1"", ""persona"": ""phd""}"
"('causaltheoriesofmentalcontent', 'theoriesofmentalcontent')",theories of mental content,causal theories of mental content,4,1,course_taker,v1,v1,"{""model"": ""Mistral-Nemo"", ""temperature"": 0, ""date"": ""2025-10-05T23:10:15.748656+00:00"", ""prompt_version"": ""v1"", ""persona"": ""course_taker""}"
"('causaltheoriesofmentalcontent', 'theoriesofmentalcontent')",theories of mental content,causal theories of mental content,4,1,phd,v1,v1,"{""model"": ""Mistral-Nemo"", ""temperature"": 0, ""date"": ""2025-10-05T23:10:17.157541+00:00"", ""prompt_version"": ""v1"", ""persona"": ""phd""}"
"('philosophyofmind', 'sensedata')",sense-data,philosophy of mind,3,0,expert,v1,v1,"{""model"": ""Mistral-Nemo"", ""temperature"": 0, ""date"": ""2025-10-05T23:10:18.525416+00:00"", ""prompt_version"": ""v1"", ""persona"": ""expert""}"
"('philosophyofmind', 'sensedata')",sense-data,philosophy of mind,2,0,phd,v1,v1,"{""model"": ""Mistral-Nemo"", ""temperature"": 0, ""date"": ""2025-10-05T23:10:19.860259+00:00"", ""prompt_version"": ""v1"", ""persona"": ""phd""}"
"('belief', 'epistemology')",belief,epistemology,4,0,expert,v1,v1,"{""model"": ""Mistral-Nemo"", ""temperature"": 0, ""date"": ""2025-10-05T23:10:21.197656+00:00"", ""prompt_version"": ""v1"", ""persona"": ""expert""}"
"('belief', 'epistemology')",belief,epistemology,4,0,phd,v1,v1,"{""model"": ""Mistral-Nemo"", ""temperature"": 0, ""date"": ""2025-10-05T23:10:23.192626+00:00"", ""prompt_version"": ""v1"", ""persona"": ""phd""}"
"('feministphilosophyoflanguage', 'philosophyoflanguage')",feminist philosophy of language,philosophy of language,4,0,expert,v1,v1,"{""model"": ""Mistral-Nemo"", ""temperature"": 0, ""date"": ""2025-10-05T23:10:24.568983+00:00"", ""prompt_version"": ""v1"", ""persona"": ""expert""}"
"('feministphilosophyoflanguage', 'philosophyoflanguage')",feminist philosophy of language,philosophy of language,4,0,phd,v1,v1,"{""model"": ""Mistral-Nemo"", ""temperature"": 0, ""date"": ""2025-10-05T23:10:25.963972+00:00"", ""prompt_version"": ""v1"", ""persona"": ""phd""}"
"('divinelaw', 'philosophyofreligion')",divine law,philosophy of religion,3,0,expert,v1,v1,"{""model"": ""Mistral-Nemo"", ""temperature"": 0, ""date"": ""2025-10-05T23:10:27.340698+00:00"", ""prompt_version"": ""v1"", ""persona"": ""expert""}"
"('divinelaw', 'philosophyofreligion')",divine law,philosophy of religion,3,0,phd,v1,v1,"{""model"": ""Mistral-Nemo"", ""temperature"": 0, ""date"": ""2025-10-05T23:10:28.686520+00:00"", ""prompt_version"": ""v1"", ""persona"": ""phd""}"
"('existence', 'philosophyofmind')",existence,philosophy of mind,3,1,expert,v1,v1,"{""model"": ""Mistral-Nemo"", ""temperature"": 0, ""date"": ""2025-10-05T23:10:30.085805+00:00"", ""prompt_version"": ""v1"", ""persona"": ""expert""}"
"('existence', 'philosophyofmind')",existence,philosophy of mind,3,1,phd,v1,v1,"{""model"": ""Mistral-Nemo"", ""temperature"": 0, ""date"": ""2025-10-05T23:10:31.464507+00:00"", ""prompt_version"": ""v1"", ""persona"": ""phd""}"
"('epistemology', 'philosophyofscience')",philosophy of science,epistemology,4,0,expert,v1,v1,"{""model"": ""Mistral-Nemo"", ""temperature"": 0, ""date"": ""2025-10-05T23:10:32.845079+00:00"", ""prompt_version"": ""v1"", ""persona"": ""expert""}"
"('epistemology', 'philosophyofscience')",philosophy of science,epistemology,4,0,phd,v1,v1,"{""model"": ""Mistral-Nemo"", ""temperature"": 0, ""date"": ""2025-10-05T23:10:34.183018+00:00"", ""prompt_version"": ""v1"", ""persona"": ""phd""}"
"('lawsofnature', 'metaphysics')",laws of nature,metaphysics,2,0,expert,v1,v1,"{""model"": ""Mistral-Nemo"", ""temperature"": 0, ""date"": ""2025-10-05T23:10:35.577264+00:00"", ""prompt_version"": ""v1"", ""persona"": ""expert""}"
"('lawsofnature', 'metaphysics')",laws of nature,metaphysics,2,0,phd,v1,v1,"{""model"": ""Mistral-Nemo"", ""temperature"": 0, ""date"": ""2025-10-05T23:10:36.914704+00:00"", ""prompt_version"": ""v1"", ""persona"": ""phd""}"
"('ideas', 'perception')",ideas,perception,2,1,expert,v1,v1,"{""model"": ""Mistral-Nemo"", ""temperature"": 0, ""date"": ""2025-10-05T23:10:38.257256+00:00"", ""prompt_version"": ""v1"", ""persona"": ""expert""}"
"('ideas', 'perception')",ideas,perception,2,1,phd,v1,v1,"{""model"": ""Mistral-Nemo"", ""temperature"": 0, ""date"": ""2025-10-05T23:10:39.624843+00:00"", ""prompt_version"": ""v1"", ""persona"": ""phd""}"
